smiles,logDC50
CCCc1cc(N[C@@H]2CC[C@@H](NC(=O)c3ccc(CN4CCN(c5ccc6c(c5)CN(C5CCC(=O)NC5=O)C6=O)CC4)cc3)C2)n2nccc2n1,-0.0506099933550872
CC(C)c1c(C(=O)Nc2ccccc2)c(-c2cccc(OCCCc3cn(CCOCCOCCOCCOCCNc4cccc5c4C(=O)N(C4CCC(=O)NC4=O)C5=O)nn3)c2)c(-c2ccc(F)cc2)n1CC[C@@H](O)C[C@@H](O)CC(=O)O,2.0
Cc1nc(Nc2ncc(C(=O)Nc3c(C)cccc3Cl)s2)cc(N2CCN(CCCNC(=O)COc3cccc4c3C(=O)N(C3CCC(=O)NC3=O)C4=O)CC2)n1,1.1139433523068367
O=C1CCN(c2cc(C(=O)N3CCC(CC4CCN(c5ccc(-c6cnc7[nH]cc(-c8cnn(C9CC9)c8)c7n6)cn5)CC4)CC3)ccc2Cl)C(=O)N1,1.7185016888672742
Cc1ccc(-n2nc3c(=O)n(CCCC(=O)NCCCCCCCNc4cccc5c4C(=O)N(C4CCC(=O)NC4=O)C5=O)nc(C)c3c2C)cc1,4.146128035678238
O=C1CC[C@H](N2Cc3c(ccc4c3OC[C@H]3CN(C(=O)CCCCOc5ccc([C@@H]6c7ccc(O)cc7CC[C@@H]6c6ccccc6)cc5)CCN43)C2=O)C(=O)N1,-0.9208187539523752
Cc1ncsc1-c1ccc([C@H](C)NC(=O)[C@@H]2C[C@@H](O)CN2C(=O)[C@@H](NC(=O)CCCCCCCNC(=O)Cn2cc(-c3ccc4cc(O)c(N5CC(=O)NS5(=O)=O)c(F)c4c3)cn2)C(C)(C)C)cc1,1.8861521819707967
COc1cc2nc(C)nc(N[C@H](C)c3cc(N)cc(C(F)(F)F)c3)c2cc1OCC1(CN(C)C(=O)C2CCN(CCNc3cccc4c3C(=O)N(C3CCC(=O)NC3=O)C4=O)CC2)CC1,1.6434526764861874
CN(c1ccc(C#N)c(Cl)c1)[C@H]1CC[C@H](NC(=O)c2ccc(N3CCC(N4CCN(c5ccc6c(c5)C(=O)N(C5CCC(=O)NC5=O)C6=O)CC4)CC3)cc2)CC1,-1.0457574905606752
C[C@@H]1Cc2c([nH]c3ccccc23)[C@@H](c2c(F)cc(N3CCC4(CCN(C(=O)CN5Cc6cc7c(cc6C5)C(=O)N(C5CCC(=O)NC5=O)C7=O)CC4)CC3)cc2F)N1CC(F)F,-0.0969100130080563
O=C1CCC(N2C(=O)c3cccc(OCCCCn4cc(CCCCCN5CCC(NC(=O)c6[nH]ncc6NC(=O)c6c(Cl)cccc6Cl)CC5)nn4)c3C2=O)C(=O)N1,2.6020599913279625
CCS(=O)(=O)N1CC(CC#N)(n2cc(-c3nc(Nc4ccc(C(=O)NCCCCOc5ccc(C6CCC(=O)NC6=O)cc5)cc4)nc4[nH]ccc34)cn2)C1,1.230448921378274
CC(C)(O)c1cc2nc([C@H]3CC[C@H](CN4CC5(CC(CCNc6cccc7c6C(=O)N([C@H]6CCC(=O)NC6=O)C7=O)C5)C4)CC3)sc2cc1NC(=O)c1cccc(C(F)(F)F)n1,0.7993405494535817
Cc1cccc(NC(=O)c2cnc(-c3nn4c(c3C(N)=O)Nc3ccc(N5CCN(CCc6cc(F)c(C7CCC(=O)NC7=O)c(F)c6)CC5)cc3CC4)cc2C)n1,1.026941627959029
Cc1cc([C@H](C(=O)N2C[C@H](O)C[C@H]2C(=O)N[C@@H](CC(=O)NCCCCNC(=O)C[C@@H]2N=C(c3ccc(Cl)cc3)c3c(sc(C)c3C)-n3c(C)nnc32)c2ccc(-c3scnc3C)cc2)C(C)C)on1,2.505149978319906
CC(=O)N1CCc2c(c(-c3cccc4cc(-c5ccc(C(=O)NC6CCN(c7ccc8c(c7)CN(C7CCC(=O)NC7=O)C8=O)CC6)nc5)ncc34)nn2C2CCOCC2)C1,-1.0
CCC(C)(C)C(=O)C(=O)N1CCCC[C@H]1C(=O)O[C@H](CCc1ccc(OC)c(OC)c1)c1cccc(NC(=O)CCC(=O)NCCCCCCC(=O)N[C@@H](C)C(=O)N[C@H]2CC(=O)NC2=O)c1,1.6812412373755872
O=C1CCC(N2Cc3c(SCCCCCCN4CCN(C5CCN(c6ncc(C(=O)Nc7ccc(OC(F)(F)Cl)cc7)cc6-c6ccn[nH]6)CC5)CC4)cccc3C2=O)C(=O)N1,0.4313637641589873
COc1cc2nc(C)nc(N[C@H](C)c3cc(N)cc(C(F)(F)F)c3)c2cc1OCC1(CN(C)C(=O)CCCCCCNc2cccc3c2CN(C2CCC(=O)NC2=O)C3=O)CC1,2.1789769472931693
CCOc1cc(-c2ccc(N3CCC(CN4CCN(C(=O)C5CC(N6CCC(c7ccc8c(c7)C(=O)N(C7CCC(=O)NC7=O)C8)CC6)C5)CC4)(NC(=O)c4cc(F)ccc4F)CC3)nc2)c2c(C#N)cnn2c1,-0.0655015487564322
O=C(CCCCOc1ccc(CCNC(=O)c2cccc(C(=O)NO)c2)cc1)NCCCCCCNc1ccc2c(c1)C(=O)N(C1CCC(=O)NC1=O)C2=O,2.6444385894678386
Cc1cccc(NC(=O)c2ccc(-c3nn4c(c3C(N)=O)Nc3ccc(N5CCN(CC6CCN(c7ccc(N8CCC(=O)NC8=O)c(C)c7)CC6)CC5)cc3CC4)c(F)c2C)n1,0.608526033577194
Cc1ncsc1-c1ccc(CNC(=O)[C@@H]2C[C@@H](O)CN2C(=O)[C@@H](NC(=O)COCCCCCOCCNC(=O)C[C@@H]2N=C(c3ccc(Cl)cc3)c3c(sc(C)c3C)-n3c(C)nnc32)C(C)(C)C)cc1,2.2000292665537704
Cc1nc(Nc2ncc(C(=O)Nc3c(C)cccc3Cl)s2)cc(N2CCN(C(=O)CCCCCCCC(=O)N[C@H](C(=O)N3C[C@H](O)C[C@H]3C(=O)NCc3ccc(-c4scnc4C)cc3)C(C)(C)C)CC2)n1,1.5786392099680724
CCN(c1cc(-c2ccc(CN3CCN(C(=O)CCCCCCCC(=O)N[C@H](C(=O)N4C[C@H](O)C[C@H]4C(=O)NCc4ccc(-c5scnc5C)cc4)C(C)(C)C)CC3)cc2)cc(C(=O)NCc2c(C)cc(C)[nH]c2=O)c1C)C1CCOCC1,2.146128035678238
COc1cc(-c2cn(C)c(=O)c3cnccc23)cc(OC)c1C(=O)N1CCC2(CCC(CN3Cc4cc5c(cc4C3)C(=O)N(C3CCC(=O)NC3=O)C5=O)CC2)CC1,1.6434526764861874
CC(=O)N1CCc2c(c(N3CCCc4cc(-c5ccn(C)n5)c(C(F)F)cc43)nn2[C@H]2CC[C@@H](CN3Cc4cc5c(cc4C3)C(=O)N(C3CCC(=O)NC3=O)C5=O)CC2)C1,1.0791812460476249
CC(C)N1CC[C@H]2CC[C@@H](C(=O)N[C@@H](CCC(N)=O)C(=O)N[C@@H](Cc3ccc(F)c(F)c3)C(=O)N3CCC(CCC#Cc4cccc5c4CN(C4CCC(=O)NC4=O)C5=O)CC3)N2C(=O)[C@@H](NC(=O)c2cc3cc(C(F)(F)P(=O)(O)O)ccc3s2)C1,2.6989700043360187
Cc1cc(-c2c[nH]c3ncc(-c4ccc(C5CCN(C(=O)C6CCN(c7ccc8c(c7)C(=O)N(C7CCC(=O)NC7=O)C8=O)CC6)CC5)cc4)nc23)ccc1C(=O)N(C)C,3.2433357485598755
CN1CC[C@H]2CC[C@@H](C(=O)N[C@@H](CCC(N)=O)C(=O)N[C@H](C(=O)N3CCC(CCC#Cc4cccc5c4CN(C4CCC(=O)NC4=O)C5=O)CC3)c3ccccc3)N2C(=O)[C@@H](NC(=O)c2cc3cc(C(F)(F)P(=O)(O)O)ccc3s2)C1,2.4771212547196626
Cc1nc(Nc2ncc(C(=O)Nc3c(C)cccc3Cl)s2)cc(N2CCN(C(=O)CSc3cccc4c3C(=O)N(C3CCC(=O)NC3=O)C4=O)CC2)n1,0.7481880270062005
NC(=O)CC[C@H](NC(=O)[C@@H]1CC[C@@H]2CCN(C(=O)CCCCC#Cc3cccc4c3CN(C3CCC(=O)NC3=O)C4=O)C[C@H](NC(=O)c3cc4cc(C(F)(F)P(=O)(O)O)ccc4[nH]3)C(=O)N21)C(=O)NC(c1ccccc1)c1ccccc1,2.4149733479708178
Cc1ncsc1-c1ccc(CNC(=O)[C@@H]2C[C@@H](O)CN2C(=O)[C@@H](NC(=O)CCCCCCCCCCCC(=O)NCCCCC#Cc2cccc(-c3nn(-c4nc(C(=O)O)cs4)c(CC4CC4)c3Cc3ccc(S(N)(=O)=O)cc3)c2)C(C)(C)C)cc1,1.57978359661681
CC[C@@H]1[C@H](F)C(=O)N[C@@H]1COc1ncc(C#CCCCCCCCCCCC(=O)N[C@H](C(=O)N2C[C@H](O)C[C@H]2C(=O)NCc2ccc(-c3scnc3C)cc2)C(C)(C)C)c2cc(C(N)=O)c(OC)cc12,2.413299764081252
Cc1ncsc1-c1ccc(C(C)NC(=O)C2CC(OC(=O)OCc3ccc(B4OC(C)(C)C(C)(C)O4)cc3)CN2C(=O)[C@@H](NC(=O)COCCCOCCNC(=O)CC2N=C(c3ccc(Cl)cc3)c3c(sc(C)c3C)-n3c(C)nnc32)C(C)(C)C)cc1,2.380211241711606
CC1(C)CCc2c(C(=O)Nc3cnn([C@@H](CCN4CCN(CCC5CCN(c6ccc7c(c6)C(=O)N(C6CCC(=O)NC6=O)C7=O)CC5)CC4)c4ccccc4)c3)n[nH]c2C1,0.5563025007672873
CCOc1cc(-c2ccc(N3CCC(CN4CCN(C(=O)CCCCCCN5CCN(c6ccc7c(c6)C(=O)N(C6CCC(=O)NC6=O)C7)CC5)CC4)(NC(=O)c4cc(F)ccc4F)CC3)nc2)c2c(C#N)cnn2c1,0.7708520116421442
COc1cc2nc(C)nc(N[C@H](C)c3cccc(C(F)F)c3F)c2cc1OCC1(CN(C)C(=O)CCCCCCNc2cccc3c2C(=O)N(C2CCC(=O)NC2=O)C3=O)CC1,2.7323937598229686
CN(CCOCCOCCOCCOCCOCCNc1cccc2c1C(=O)N(C1CCC(=O)NC1=O)C2=O)Cc1ccc(-c2[nH]c3cc(F)cc4c3c2CCNC4=O)cc1,1.5526682161121932
Cc1cc(Cl)cc(NC(=O)c2ccc(-c3nn4c(c3C(N)=O)Nc3ccc(N5CCN(CC6CCN(c7ccc(N8CCC(=O)NC8=O)cc7)CC6)CC5)cc3CC4)c(F)c2C)n1,0.7551122663950712
Cc1nc(Nc2ncc(C(=O)Nc3c(C)cccc3Cl)s2)cc(N2CCN(C(=O)CCc3cccc4c3C(=O)N(C3CCC(=O)NC3=O)C4=O)CC2)n1,1.9795483747040952
Cc1cccc(NC(=O)c2ccc(-c3nn4c(c3C(N)=O)Nc3ccc(N5CCN(C[C@H]6CCN(c7ccc(N8CCC(=O)NC8=O)cc7)C6)CC5)cc3CC4)c(F)c2C)n1,0.8543060418010806
Cc1cc(Nc2ncc(Cl)c(Nc3ccccc3S(=O)(=O)C(C)C)n2)c(OC(C)C)cc1C1CCN(CC(=O)NCC(=O)NCCNc2cccc3c2C(=O)N(C2CCC(=O)NC2=O)C3=O)CC1,1.414973347970818
O=C1CCC(N2C(=O)c3cccc(OCCCCCCCn4cc(CCCCCN5CCC(NC(=O)c6[nH]ncc6NC(=O)c6c(Cl)cccc6Cl)CC5)nn4)c3C2=O)C(=O)N1,2.0
Cc1ncsc1-c1ccc(CNC(=O)[C@@H]2C[C@@H](O)CN2C(=O)[C@@H](NC(=O)COCCCOCCCOc2cc(F)c([C@@H]3c4[nH]c5ccccc5c4C[C@@H](C)N3CC(C)(C)F)c(F)c2)C(C)(C)C)cc1,-0.3979400086720376
Cc1ncsc1-c1ccc([C@H](C)NC(=O)[C@@H]2C[C@@H](O)CN2C(=O)[C@@H](NC(=O)[C@H]2CC[C@H](CN3CCC4(CCC(n5cc(-c6cc(-c7ccccc7O)nnc6N)cn5)CC4)CC3)CC2)C(C)(C)C)cc1,0.6989700043360189
NC(=O)c1c(-c2ccc(Oc3ccccc3)cc2)nn2c1NCC[C@H]2C1CCN(C(=O)CCC2CCC(N3CCN(c4ccc5c(c4)C(=O)N(C4CCC(=O)NC4=O)C5=O)CC3)CC2)CC1,1.230448921378274
O=C1CC[C@H](N2Cc3c(ccc4c3OCC43CCN(CC4CC5(CCN(c6ccc([C@@H]7c8ccc(O)cc8CC[C@@H]7c7ccccc7)cc6)CC5)C4)CC3)C2=O)C(=O)N1,-0.8309136425129773
CN[C@@H](C)C(=O)N[C@H](C(=O)N1C[C@@H](NC(=O)CCOCCOCCOCCNC(=O)CN2CCN(c3ccc(Nc4ncc5c(C)c(C(C)=O)c(=O)n(C6CCCC6)c5n4)nc3)CC2)C[C@H]1C(=O)Nc1c(F)cccc1F)C(C)(C)C,3.700011062322112
C=CC(=O)Nc1cccc(-n2c(=O)cc(C)c3cnc(Nc4ccc(N5CCN(CCCCCCCCCC(=O)N[C@H](C(=O)N6C[C@H](O)C[C@H]6C(=O)NCc6ccc(-c7scnc7C)cc6)C(C)(C)C)CC5)cc4OC)nc32)c1,2.12057393120585
NC(=O)c1c(-c2ccc(Oc3ccccc3)cc2)nn2c1Nc1ccc(NCC3CCN(c4cc5c(cc4F)C(=O)N(C4CCC(=O)NC4=O)C5=O)CC3)cc1CC2,0.9872192299080048
O=C1CC[C@H](N2Cc3c(ccc4c3OCC43CCN(CC4CCC5(CCN(c6ccc([C@@H]7c8ccc(O)cc8CC[C@@H]7c7ccccc7)cc6)CC5)O4)CC3)C2=O)C(=O)N1,-0.2183164154926492
CC(C)(C)[C@H](NC(=O)c1cc2cc(C(F)(F)P(=O)(O)O)ccc2s1)C(=O)N1C[C@@H](NC(=O)CCCCCCC#Cc2cccc3c2CN(C2CCC(=O)NC2=O)C3=O)C[C@H]1C(=O)N1CCO[C@H](c2ccccc2)C1,2.3909351071033798
CC(C)c1c(C(=O)Nc2ccccc2)c(-c2cccc(OCCCc3cn(CCCCCOCC#Cc4cccc5c4CN(C4CCC(=O)NC4=O)C5=O)nn3)c2)c(-c2ccc(F)cc2)n1CC[C@@H](O)C[C@@H](O)CC(=O)O,2.4771212547196626
NC(=O)c1c(-c2ccc(C(=O)Nc3cccc(C(F)(F)F)n3)cc2)nn2c1Nc1ccc(N3CCN(CC4CCN(c5ccc(N6CCC(=O)NC6=O)cc5)CC4)CC3)cc1CC2,0.1205739312058499
COc1cc2nc(C)nc(N[C@H](C)c3cc(N)cc(C(F)(F)F)c3)c2cc1C1CCN(C(=O)CCCCCC(=O)N[C@H](C(=O)N2C[C@H](O)C[C@H]2C(=O)N[C@@H](C)c2ccc(-c3scnc3C)cc2)C(C)(C)C)CC1,1.1958996524092338
O=C1CCN(c2cc(C(=O)N3CCC(CC4CCN(c5ccc(-c6cnc7[nH]cc(-c8cn[nH]c8)c7n6)cn5)CC4)CC3)ccc2Cl)C(=O)N1,1.5171958979499742
Cc1ncsc1-c1ccc([C@H](C)NC(=O)C2C[C@@H](O)CN2C(=O)[C@H](NC(=O)COCCOCCOCCNC(=O)C[C@@H]2N=C(c3ccc(Cl)cc3)c3c(sc(C)c3C)-n3c(C)nnc32)C(C)(C)C)cc1,1.4945719842301983
NC(=O)c1c(-c2ccc(Oc3ccccc3)cc2)nn2c1NCC[C@H]2C1CCN(C(=O)c2cn(CCOCCOCCOCCOCCOCCOCCNc3cccc4c3C(=O)N(C3CCC(=O)NC3=O)C4=O)nn2)CC1,2.0293837776852097
O=C1CC[C@H](N2Cc3c(ccc4c3OC[C@H]3CN(CC5COC6(CCN(c7ccc([C@@H]8c9ccc(O)cc9CC[C@@H]8c8ccccc8)cc7)CC6)OC5)CCN43)C2=O)C(=O)N1,0.5797835966168101
CC/C(=C(/c1ccc(O)cc1)c1ccc(OCCN(C)C(=O)CCc2cn(CCCCCC(=O)N[C@H](C(=O)N3C[C@H](O)C[C@H]3C(=O)N[C@@H](C)c3ccc(-c4scnc4C)cc3)C(C)(C)C)nn2)cc1)c1ccccc1,0.7234556720351858
C=CC(=O)Nc1cccc(-n2c(=O)cc(C)c3cnc(Nc4ccc(N5CCN(CCCCCCCCCCCC(=O)N[C@H](C(=O)N6C[C@H](O)C[C@H]6C(=O)NCc6ccc(-c7scnc7C)cc6)C(C)(C)C)CC5)cc4OC)nc32)c1,1.403120521175818
Cc1ncsc1-c1ccc([C@H](C)NC(=O)[C@@H]2C[C@@H](O)CN2C(=O)[C@@H](NC(=O)CCCCCCCNC(=O)c2ccc(C(=O)N3CCC(CCCCNC(=O)/C=C/c4cccnc4)CC3)cc2)C(C)(C)C)cc1,1.5010592622177514
C[C@H]1CC2(CCN(c3ccc(C(=O)N4CCC(CN5Cc6cc7c(cc6C5)C(=O)N(C5CCC(=O)NC5=O)C7=O)CC4)cc3)CC2)CN1c1ccc(C#N)c(Cl)c1,0.041392685158225
CCc1ccc2c(c1)c(=O)c(C(=O)Nc1ccc(Oc3ncnc4cc(OCCCCCC(=O)Nc5ccc6c(c5)CN(C5CCC(=O)NC5=O)C6=O)c(OC)cc34)c(F)c1)c(C)n2C,0.6989700043360189
NC(=O)c1cccc2cn(-c3ccc([C@@H]4CCCN(CCC5CCN(CCC6CCN(c7ccc8c(c7)C(=O)N(C7CCC(=O)NC7=O)C8=O)CC6)CC5)C4)cc3)nc12,1.4019172505175743
CCOc1cc(-c2ccc(N3CCC(CN4CCC(CN5CC(N6CCC(c7ccc8c(c7)C(=O)N(C7CCC(=O)NC7=O)C8)CC6)C5)CC4)(NC(=O)c4cc(F)ccc4F)CC3)nc2)c2c(C#N)cnn2c1,1.4099331233312946
NC(=O)c1c(-c2ccc(Oc3ccc(F)cc3F)cc2)nn([C@@H]2CCCN(C(=O)OCCOCCOCCOCCOCCOCCOCCOCCOCCNc3cccc4c3C(=O)N(C3CCC(=O)NC3=O)C4=O)C2)c1N,0.9822712330395684
Cn1c(=O)c2c(nc(S(C)(=O)=O)n2C)n(CC#Cc2cccc(NC(=O)CCCCCCNc3cccc4c3C(=O)N(C3CCC(=O)NC3=O)C4=O)c2)c1=O,1.9084850188786495
COc1cc(-c2cn(C)c(=O)c3cnccc23)cc(OC)c1C(=O)N1CC2(CCC(CN3Cc4cc5c(cc4C3)C(=O)N(C3CCC(=O)NC3=O)C5=O)CC2)C1,2.296665190261531
Cc1cccc(NC(=O)c2ccc(-c3nn4c(c3C(N)=O)Nc3ccc(N5CCN(CC6CCN(c7ccc(N8CCC(=O)NC8=O)cc7)CC6)CC5)cc3CC4)c(Cl)c2)n1,-0.2262135550188064
CC/C(=C(\c1ccc(O)cc1)c1ccc(OCCN(C)C(=O)COCCOCCOCCOCC(=O)NCCCC[C@H](NC(=O)[C@H](C)NC)C(=O)N2CCC[C@H]2C(=O)Nc2snnc2-c2ccccc2)cc1)c1ccccc1,1.5289167002776547
CC(=O)c1c(C)c2cnc(Nc3ccc(N4CCN(Cc5cn(CCOCCNc6cccc7c6C(=O)N(C6CCC(=O)NC6=O)C7=O)nn5)CC4)cn3)nc2n(C2CCCC2)c1=O,0.3222192947339193
NC(=O)CC[C@H](NC(=O)[C@@H]1CC[C@@H]2CCN(C(=O)CCCCCCNc3cccc4c3CN(C3CCC(=O)NC3=O)C4=O)C[C@H](NC(=O)c3cc4cc(C(F)(F)P(=O)(O)O)ccc4[nH]3)C(=O)N21)C(=O)NC(c1ccccc1)c1ccccc1,1.9542425094393248
CCCCn1cc(-c2ccc(O[C@H]3CCN(CC4CCN(C(=O)c5ccc(OC)c(N6CCC(=O)NC6=O)c5)CC4)C[C@@H]3F)c(OC)c2)c2ccncc2c1=O,0.0
CNc1nc(Nc2ccc(C(=O)N3CCN(C[C@H]4CC[C@H](CSC(C)(C)[C@H](NC(=O)C5(F)CC5)C(=O)N5C[C@H](O)C[C@H]5C(=O)NCc5ccc(-c6scnc6C)cc5)CC4)CC3)cc2OC)ncc1Cl,1.505149978319906
CC(C)(C)[C@H](NC(=O)c1cc2cc(C(F)(F)P(=O)(O)O)ccc2s1)C(=O)N1C[C@H](OCCCCCC#Cc2cccc3c2CN(C2CCC(=O)NC2=O)C3=O)C[C@H]1C(=O)N1CCO[C@H](c2ccccc2)C1,2.12057393120585
O=C1CC[C@H](N2Cc3c(ccc4c3OC[C@H]3CN(C(=O)CN5CCC6(CC5)CCN(c5ccc([C@@H]7c8ccc(O)cc8CC[C@@H]7c7ccccc7)cc5)CC6)CCN43)C2=O)C(=O)N1,-0.6161846340195687
COc1cc2nc(C)nc(N[C@H](C)c3cc(N)cc(C(F)(F)F)c3)c2cc1OCC1(CN(C)C(=O)CCCCCCNc2ccc(F)c3c2C(=O)N(C2CCC(=O)NC2=O)C3=O)CC1,1.7993405494535817
Cc1ccc(-n2nc3c(=O)n(CCCC(=O)NCCCCNc4cccc5c4C(=O)N(C4CCC(=O)NC4=O)C5=O)nc(C)c3c2C)cc1,4.3979400086720375
CN1CC[C@H]2CC[C@@H](C(=O)N[C@@H](CCC(N)=O)C(=O)N[C@@H](Cc3ccccc3)C(=O)N3CCC(CCC#Cc4cccc5c4CN(C4CCC(=O)NC4=O)C5=O)CC3)N2C(=O)[C@@H](NC(=O)c2cc3cc(C(F)(F)P(=O)(O)O)ccc3s2)C1,2.113943352306837
CC(C)c1c(C(=O)Nc2ccccc2)c(-c2cccc(OCCCCCc3cn(CCOCCOCCOCCNc4cccc5c4C(=O)N(C4CCC(=O)NC4=O)C5=O)nn3)c2)c(-c2ccc(F)cc2)n1CC[C@@H](O)C[C@@H](O)CC(=O)O,3.255272505103306
CCN(C)S(=O)(=O)Nc1ccc(F)c(C(=O)c2c[nH]c3ncc(-c4ccc(N5CCN(C(=O)CCCNc6cccc7c6C(=O)N(C6CCC(=O)NC6=O)C7=O)CC5)nc4)cc23)c1F,1.414973347970818
O=C1CCN(c2cc(C(=O)N3CCC(CC4CCN(c5ccc(-c6cnc7[nH]cc(-c8cnn(CC9CC9)c8)c7n6)cn5)CC4)CC3)ccc2Cl)C(=O)N1,2.8009231818132183
O=C1CC[C@H](N2Cc3c(ccc4c3OCC43CCN(CC(=O)N4CC5(CCN(c6ccc([C@@H]7c8ccc(O)cc8CC[C@@H]7c7ccccc7)cc6)CC5)C4)CC3)C2=O)C(=O)N1,-1.4672456210075022
Cc1c(C(=O)Nc2cscn2)ccc(-c2nn3c(c2C(N)=O)Nc2ccc(N4CCN(C(=O)C5CCN(c6ccc(N7CCC(=O)NC7=O)cc6)CC5)CC4)cc2CC3)c1F,0.041392685158225
Cc1ncsc1-c1ccc(CNC(=O)[C@@H]2C[C@@H](O)CN2C(=O)[C@@H](NC(=O)COCCOCCOc2cc(F)c([C@@H]3c4[nH]c5ccccc5c4C[C@@H](C)N3CC(C)(C)F)c(F)c2)C(C)(C)C)cc1,-0.0969100130080563
Cc1sc2c(c1C)C(c1ccc(Cl)cc1)=N[C@@H](CC(=O)NCCCCCCCCNC(=O)COc1cccc3c1C(=O)N(C1CC(=O)NC1=O)C3=O)c1nnc(C)n1-2,2.4099331233312946
Cc1nc(Nc2ncc(C(=O)Nc3c(C)cccc3Cl)s2)cc(N2CCN(C(=O)CCCCCC(=O)N[C@H](C(=O)N3C[C@H](O)C[C@H]3C(=O)NCc3ccc(-c4scnc4C)cc3)C(C)(C)C)CC2)n1,1.252853030979893
Cc1cc([C@H](C(=O)N2C[C@H](S(=O)(=O)F)C[C@@H]2C(=O)N[C@@H](CC(=O)N2CCC(C#Cc3ccc(C(=O)N[C@H]4C(C)(C)[C@H](Oc5ccc(C#N)c(Cl)c5)C4(C)C)cc3)CC2)c2ccc(-c3scnc3C)cc2)C(C)C)on1,2.326335860928752
COc1cc(N2CCN(CC3CCN(c4ccc5c(c4)CN([C@H]4CCC(=O)NC4=O)C5=O)CC3)CC2)ccc1Nc1ncc(Cl)c(Nc2ccccc2P(C)(C)=O)n1,1.041392685158225
CN(CCCC#Cc1cccc2c1CN(C1CCC(=O)NC1=O)C2=O)C(=O)CCN(C(=O)[C@@H]1CCCN1C(=O)[C@@H](NC(=O)c1cc2cc(C(F)(F)P(=O)(O)O)ccc2s1)C(C)(C)C)c1ccc2scnc2c1,2.5185139398778875
NC(=O)c1c(-c2ccc(Oc3ccccc3)cc2)nn2c1Nc1cc(C3CCN(CCc4ccc(C5CCC(=O)NC5=O)cc4)CC3)ccc1CC2,1.0755469613925308
O=C1CCC(N2C(=O)c3ccc(N4CCC(CN5CCC(NC(=O)c6n[nH]cc6NC(=O)c6c(Cl)cccc6Cl)CC5)C4)cc3C2=O)C(=O)N1,0.6730209071288962
N#Cc1ccc(O[C@H]2CC[C@H](NC(=O)c3ccc(N4CCN(CCCCCNc5ccc6c(c5)C(=O)N(C5CCC(=O)NC5=O)C6=O)CC4)cc3)CC2)cc1Cl,-0.0457574905606751
Cc1ncsc1-c1ccc(CNC(=O)[C@@H]2C[C@@H](O)CN2C(=O)[C@@H](NC(=O)CCCC(=O)N2CCN(c3ccc(Nc4nc(NC5CCCCC5)c5nc[nH]c5n4)cc3)CC2)C(C)(C)C)cc1,3.292920299600006
Cc1cccc(NC(=O)c2ccc(-c3nn4c(c3C(N)=O)Nc3ccc(N5CCN(C6CC(c7ccc([C@H]8CCC(=O)NC8=O)cc7)C6)CC5)cc3CC4)c(F)c2C)n1,0.2430380486862944
C[C@H](Oc1cc(-c2cnn(C3CCN(CC4CCN(c5ccc6c(c5)C(=O)N([C@H]5CCC(=O)NC5=O)C6=O)CC4)CC3)c2)cnc1N)c1c(Cl)ccc(F)c1Cl,1.3222192947339193
CCOc1cc(-c2ccc(N3CCC(CN4CCN(C(=O)CCN5CCN(c6cccc(NC7CCC(=O)NC7=O)c6)CC5)CC4)(NC(=O)c4cc(F)ccc4F)CC3)nc2)c2c(C#N)cnn2c1,-0.1249387366082999
O=C1CCC(N2C(=O)c3cccc(OCCCCCn4cc(CCCCCN5CCC(NC(=O)c6[nH]ncc6NC(=O)c6c(Cl)cccc6Cl)CC5)nn4)c3C2=O)C(=O)N1,2.977723605288848
CC(=O)c1c(C)c2cnc(Nc3ccc(N4CCN(CCOCCOCCNc5cccc6c5C(=O)N(C5CCC(=O)NC5=O)C6=O)CC4)cn3)nc2n(C2CCCC2)c1=O,0.2041199826559248
CC(=O)c1c(C)c2cnc(Nc3ccc(N4CCN(CCOCCOCCNC(=O)CNc5cccc6c5C(=O)N(C5CCC(=O)NC5=O)C6=O)CC4)cn3)nc2n(C2CCCC2)c1=O,1.6989700043360187
COc1cc2nc([C@H]3CC[C@H](CN4CC5(CC(CCNc6cccc7c6C(=O)N(C6CCC(=O)NC6=O)C7=O)C5)C4)CC3)sc2cc1NC(=O)c1cccc(C(F)(F)F)n1,1.5440680443502757
Cc1ncsc1-c1ccc(CNC(=O)[C@@H]2C[C@@H](O)CN2C(=O)[C@@H](NC(=O)COCCOCCOCCOCCOc2cc(F)c([C@@H]3c4[nH]c5ccccc5c4C[C@@H](C)N3CC(C)(C)F)c(F)c2)C(C)(C)C)cc1,0.505149978319906
Cc1cc([C@@H](C(=O)N2C[C@H](O)C[C@H]2C(=O)N[C@@H](CC(=O)NCCCCCCCCCCCCn2cc(-c3cc(-c4ccccc4O)nnc3N)cn2)c2ccc(-c3scnc3C)cc2)C(C)C)on1,1.662757831681574
Cc1sc2c(c1C)C(c1ccc(Cl)cc1)=N[C@@H](CC(=O)NCCCNc1ccc(Cc3ccc4c(c3)CN(C3CCC(=O)NC3=O)C4=O)cc1)c1nnc(C)n1-2,1.2227164711475833
NC(=O)c1c(-c2ccc(Oc3ccccc3)cc2)nn2c1NCC[C@H]2C1CCN(C(=O)c2cn(CCOCCOCC(=O)Nc3ccc4c(c3)C(=O)N(C3CCC(=O)NC3=O)C4=O)nn2)CC1,1.5314789170422551
CCS(=O)(=O)n1cc(-c2nc(Nc3ccc(N4CCN(CCCCCCCCCC(=O)Nc5cccc6c5CN(C5CCC(=O)NC5=O)C6=O)CC4)cc3)ncc2C(F)(F)F)c2ccccc21,1.8369567370595503
Cc1nc2c(F)cc(-c3nc(Nc4ccc(CN5CCN(Cc6cn(CCOCCNc7cccc8c7C(=O)N(C7CCC(=O)NC7=O)C8=O)nn6)CC5)cn4)ncc3F)cc2n1C(C)C,0.9344984512435676
Cc1ccc(NC(=O)Cn2cc(-c3ccc4c(NC(=O)c5ccc(NC(=O)CCCCC(=O)N[C@H](C(=O)N6C[C@H](O)C[C@H]6C(=O)NCc6ccc(-c7scnc7C)cc6)C(C)(C)C)cc5)n[nH]c4c3)cn2)cc1C(F)(F)F,2.5185139398778875
Cc1ncsc1-c1ccc([C@H](C)NC(=O)[C@@H]2C[C@@H](O)CN2C(=O)[C@@H](NC(=O)COCCCOCCNC(=O)C[C@@H]2N=C(c3ccc(Cl)cc3)c3c(sc(C)c3C)-n3c(C)nnc32)C(C)(C)C)cc1,2.380211241711606
Cc1ncsc1-c1ccc(CNC(=O)[C@@H]2C[C@@H](O)CN2C(=O)[C@@H](NC(=O)CCCCCCCCCCn2cc(COc3cc4ncnc(Nc5ccc(F)c(Cl)c5)c4cc3NC(=O)/C=C/CN3CCCCC3)nn2)C(C)(C)C)cc1,0.5526682161121932
Cc1ncsc1-c1ccc(CNC(=O)[C@@H]2C[C@@H](O)CN2C(=O)[C@@H](NC(=O)COCCOCCOCC(F)(F)c2cnc(-c3ccc(C(C(=O)NO)c4ccccc4F)cc3)nc2)C(C)(C)C)cc1,1.4471580313422192
Cc1ncsc1-c1ccc(CNC(=O)[C@@H]2C[C@@H](O)CN2C(=O)[C@@H](NC(=O)COCCOCC(=O)N2CCN(c3ccc(Nc4nc(Nc5ccccc5S(=O)(=O)C(C)C)c5nc[nH]c5n4)cc3)CC2)C(C)(C)C)cc1,3.7564078725489582
NC(=O)c1c(-c2ccc(Oc3ccccc3)cc2)nn2c1Nc1cc(NC(=O)C3CCN(CC4CCN(c5ccc6c(c5)C(=O)N(C5CCC(=O)NC5=O)C6=O)CC4)CC3)ccc1CC2,0.983175072037813
COc1cc(-c2cn(C)c(=O)c3cnccc23)cc(OC)c1C(=O)N1CCC(CN2Cc3cc4c(cc3C2)C(=O)N(C2CCC(=O)NC2=O)C4=O)CC1,2.0293837776852097
CCOc1cc(-c2ccc(N3CCC(CN4CCN(C(=O)CCN5CCC(c6ccc7c(c6)C(=O)N(C6CCC(=O)NC6=O)C7)CC5)CC4)(C(=O)NCC(C)C)CC3)nc2)c2c(C#N)cnn2c1,0.7323937598229685
Cc1cc([C@@H](C(=O)N2C[C@H](O)C[C@H]2C(=O)N[C@@H](CC(=O)NCCCCCCCCCn2cc(-c3cc(-c4ccccc4O)nnc3N)cn2)c2ccc(-c3scnc3C)cc2)C(C)C)on1,1.8512583487190752
CCn1nc(C)cc1C(=O)Nc1nc2cc(C(=O)NCCOCCC(=O)N[C@H](C(=O)N3C[C@H](O)C[C@H]3C(=O)NCc3ccc(-c4scnc4C)cc3)C(C)(C)C)cc(OC)c2n1C/C=C/Cn1c(NC(=O)c2cc(C)nn2CC)nc2cc(C(N)=O)cc(OCCCN3CCOCC3)c21,3.523746466811565
O=C(CNc1ncnc2[nH]cc(C(=O)c3ccc(Oc4ccccc4)cc3Cl)c12)NCCOCCOCCOCCOCCOCCNc1cccc2c1C(=O)N(C1CCC(=O)NC1=O)C2=O,0.9084850188786496
CC(C)(O)c1cc2nn([C@H]3CC[C@H](CN4CCC(O[C@H]5C[C@H](Nc6cccc7c6C(=O)N(C6CCC(=O)NC6=O)C7=O)C5)CC4)CC3)cc2cc1NC(=O)c1cccc(C(F)(F)F)n1,0.6989700043360189
N#Cc1ccc(N2CCC3(CCN(c4ccc(C(=O)N5CCC(N6Cc7cc8c(cc7C6)C(=O)N(C6CCC(=O)NC6=O)C8=O)CC5)cc4)CC3)C2)cc1Cl,0.9867717342662448
Cc1ncsc1-c1ccc([C@H](C)NC(=O)[C@@H]2C[C@@H](O)CN2C(=O)[C@@H](c2cc(OCCN3CCN(CCOc4cc(N5C6CCC5CN(c5cc(-c7ccccc7O)nnc5N)C6)ccn4)C[C@@H]3C)no2)C(C)C)cc1,-0.958607314841775
CN1C(=O)CCC(N2C(=O)c3cccc(NC(=O)CCCC(=O)NCC(=O)N4CCN(c5ccc(Nc6nc(NC7CCCCC7)c7nc[nH]c7n6)cc5)CC4)c3C2=O)C1=O,2.7781512503836434
COc1cc(F)c(F)cc1C(=O)NCc1ccc(-c2nn3c(c2C(N)=O)Nc2ccc(N4CCN(CC5CCN(c6ccc(N7CCC(=O)NC7=O)cc6)CC5)CC4)cc2CC3)cc1C,0.5921767573958667
CC/C(=C(/c1ccc(O)cc1)c1ccc(OCCN(C)C(=O)CCc2cn(CCOCCOCCOCCNc3cccc4c3C(=O)N(C3CCC(=O)NC3=O)C4=O)nn2)cc1)c1ccccc1,1.0770043267933502
COc1ccccc1C(=O)NCc1ccc(-c2nn3c(c2C(N)=O)Nc2ccc(N4CCN(CC5CCN(c6ccc(N7CCC(=O)NC7=O)cc6)CC5)CC4)cc2CC3)c(OC)c1,1.7512791039833422
CCOc1cc(-c2ccc(N3CCC(CN4CCN(C(=O)CCN5CCN(c6ccc(C7CCC(=O)NC7=O)cc6)CC5)CC4)(NC(=O)c4cc(F)ccc4F)CC3)nc2)c2c(C#N)cnn2c1,-0.431798275933005
CN[C@@H](C)C(=O)N[C@H](C(=O)N1CCC[C@H]1c1nc(C(=O)c2cccc(OCCOCCOCCOCCNC(=O)c3cccc(-c4cc(Nc5ccc(OC(F)(F)F)cc5)ncn4)c3)c2)cs1)C1CCCCC1,3.6989700043360183
Cc1sc2c(c1C)C(c1ccc(Cl)cc1)=N[C@@H](CC(=O)NCCCCCCCCC(=O)N[C@@H](CC(C)C)C(=O)N[C@H]1CC(=O)NC1=O)c1nnc(C)n1-2,0.9030899869919436
O=C1CC[C@H](N2Cc3c(ccc4c3OCC43CCN(C(=O)CN4CCC5(CCN(c6ccc([C@@H]7c8ccc(O)cc8CC[C@@H]7c7ccccc7)cc6)CC5)C4)CC3)C2=O)C(=O)N1,-1.5367043900379973
CC(=O)N1CC[C@H]2CC[C@@H](C(=O)N[C@@H](CCC(N)=O)C(=O)N[C@@H](Cc3ccc(F)c(F)c3)C(=O)N3CCC(CCC#Cc4cccc5c4CN(C4CCC(=O)NC4=O)C5=O)CC3)N2C(=O)[C@@H](NC(=O)c2cc3cc(C(F)(F)P(=O)(O)O)ccc3s2)C1,3.204119982655925
O=C1CCC(N2Cc3c(CCCCCN4CCN(CCC(=O)Nc5ccc6c(=O)n(CC7(O)CCN(C(=O)C(CCCNC(=O)c8ccc9c(Cl)c%10c(nc9c8)CCCC%10)Cc8ccccc8)CC7)cnc6c5)CC4)cccc3C2=O)C(=O)N1,0.6334684555795865
Cc1sc2c(c1C)C(c1ccc(Cl)cc1)=N[C@@H](CC(=O)NCCCCCCCCC(=O)N[C@@H](Cc1ccc(O)cc1)C(=O)N[C@H]1CCC(=O)NC1=O)c1nnc(C)n1-2,2.012837224705172
Cc1ncsc1-c1ccc([C@H](C)NC(=O)[C@@H]2C[C@@H](O)CN2C(=O)[C@@H](c2cc(N3CCC(CN4CCC(Oc5cc(N6C7CCC6CN(c6cc(-c8ccccc8O)nnc6N)C7)ccn5)CC4)CC3)no2)C(C)C)cc1,-1.275724130399211
CC(=O)N1CCc2c(c(N3CCCc4cc(-c5cnn(C)c5)c(C(F)F)cc43)nn2[C@H]2CC[C@H](CN3CCN(c4cc5c(cc4F)C(=O)N(C4CCC(=O)NC4=O)C5=O)CC3)CC2)C1,0.0791812460476248
O=C1CCC(N2Cc3c(NC(=O)CCCCCCCN4CCN(c5ccc(Nc6cc7c(N8CCC(CO)CC8)nc(Nc8ccc(F)cc8)nc7cn6)nc5)CC4)cccc3C2=O)C(=O)N1,1.655138434811382
Cc1ncsc1-c1ccc([C@H](C)NC(=O)[C@@H]2C[C@@H](O)CN2C(=O)[C@@H](NC(=O)CCCCCCCCCCC(=O)NCCNC[C@@H](C(=O)N2CCN(c3ncnc4c3[C@H](C)C[C@H]4O)CC2)c2ccc(Cl)cc2)C(C)(C)C)cc1,1.8920946026904804
CCn1nc(C)cc1C(=O)Nc1nc2cc(C(=O)NCCOCCOCCC(=O)N[C@H](C(=O)N3C[C@H](O)C[C@H]3C(=O)NCc3ccc(-c4scnc4C)cc3)C(C)(C)C)cc(OC)c2n1C/C=C/Cn1c(NC(=O)c2cc(C)nn2CC)nc2cc(C(N)=O)cc(OCCCN3CCOCC3)c21,3.0402066275747117
Cc1nn(-c2ccc(C#N)c(C(F)(F)F)c2)c(C)c1Cc1ccc(C(=O)NCCOCCOCCOCCNC(=O)[C@H](CC(C)C)NC(=O)[C@@H](O)[C@H](N)Cc2ccccc2)cc1,4.068185861746161
COc1ncccc1C(=O)NCc1ccc(-c2nn3c(c2C(N)=O)Nc2ccc(N4CCN(CC5CCN(c6ccc(N7CCC(=O)NC7=O)cc6)CC5)CC4)cc2CC3)cc1C,0.041392685158225
Cc1nc(Nc2ncc(C(=O)Nc3c(C)cccc3Cl)s2)cc(N2CCN(C(=O)CCCc3cn(CCOCCOCCOCCOCCNc4cccc5c4C(=O)N(C4CCC(=O)NC4=O)C5=O)nn3)CC2)n1,1.0
C[C@@H]1Cc2c([nH]c3ccccc23)[C@@H](c2cnc(N3CCC(OCCN4CCN(c5ccc6c(c5)CN(C5CCC(=O)NC5=O)C6=O)CC4)CC3)nc2)N1CC(C)(C)F,-0.3010299956639812
Cc1nc(Nc2ncc(C(=O)Nc3c(C)cccc3Cl)s2)cc(N2CCN(CCCC(=O)N3CCN(c4ccc(N5CCC(=O)NC5=O)cc4)CC3)CC2)n1,-0.0969100130080563
Cc1sc2c(c1C)C(c1ccc(Cl)cc1)=N[C@@H](CC(=O)NCCCCCCCCC(=O)N[C@@H](Cc1ccc(O)cc1)C(=O)N[C@H]1CC(=O)NC1=O)c1nnc(C)n1-2,2.225309281725863
Nc1nnc(-c2cc(F)ccc2O)cc1N1CC2CCC(C1)N2c1cccc(CN2CCN(C(=O)C3CCN(c4ccc5c(c4)C(=O)N(C4CCC(=O)NC4=O)C5=O)CC3)CC2)c1,0.4771212547196624
Nc1ncnc2c1c(-c1ccc(Oc3ccccc3)cc1)nn2[C@@H]1CCCN(C(=O)CCCCCCOCCOCCOCCOCCOc2cccc3c2C(=O)N(C2CCC(=O)NC2=O)C3=O)C1,0.3424226808222063
Cc1c(C(=O)Nc2cnc3ccccc3n2)ccc(-c2nn3c(c2C(N)=O)Nc2ccc(N4CCN(CC5CCN(c6ccc(N7CCC(=O)NC7=O)cc6)CC5)CC4)cc2CC3)c1F,0.2278867046136735
CCc1cccc2cc(O)cc(-c3ncc4c(N5C[C@H]6CC[C@@H](C5)N6)nc(OC[C@@H]5CCCN5CCCCCCCCC(=O)N[C@H](C(=O)N5C[C@H](O)C[C@H]5C(=O)N[C@@H](C)c5ccc(-c6scnc6C)cc5)C(C)(C)C)nc4c3F)c12,2.2174839442139063
Cc1noc(C)c1-c1ccc2c(c1)nc([C@@H]1CCCC(=O)N1c1ccc(F)c(F)c1)n2[C@H]1CC[C@H](OCC(=O)N2CCC(CCNc3ccc4c(c3)C(=O)N(C3CCC(=O)NC3=O)C4=O)CC2)CC1,1.7331972651065697
Cc1ncsc1-c1ccc(CNC(=O)[C@@H]2C[C@@H](O)CN2C(=O)[C@@H](NC(=O)CCOCCOCCOCCNC(=O)[C@]23CCC(C)(C)CC2C2=CCC4[C@@]5(C)CC[C@H](O)C(C)(C)C5CC[C@@]4(C)[C@]2(C)CC3)C(C)(C)C)cc1,3.1583624920952498
Cc1ncsc1-c1ccc(CNC(=O)[C@@H]2C[C@@H](O)CN2C(=O)[C@@H](NC(=O)CCCCCCCCCCNC(=O)c2cc3c(cc2CS(C)(=O)=O)-c2cn(C)c(=O)c4[nH]cc(c24)CN3c2ncc(F)cc2F)C(C)(C)C)c(OC2CCNCC2)c1,0.5314789170422551
C[C@H]1CCCN1Cc1nc2ccc(NC(=O)c3ccc4c(cnn4CCCCNc4cccc5c4C(=O)N(C4CCC(=O)NC4=O)C5=O)c3)cc2[nH]1,1.8573324964312683
CC(C)(C)[C@H](NC(=O)c1cc2cc(C(F)(F)P(=O)(O)O)ccc2s1)C(=O)N1CCC[C@H]1C(=O)N(CCC(=O)NCCCC#Cc1cccc2c1CN(C1CCC(=O)NC1=O)C2=O)c1ccc(Br)cc1,2.361727836017593
Cc1cccc(CN2C(=O)c3cc(-c4nc(Nc5ccnc(C#CCCNC(=O)CCCCCCCCCNc6cccc7c6C(=O)N(C6CCC(=O)NC6=O)C7=O)c5)ncc4C)cn3C[C@H]2C)n1,2.5221833176186865
O=C1CC[C@H](N2Cc3c(ccc4c3OC[C@H]3CN(CC5COC6(CCN(c7ccc([C@@H]8c9ccc(O)cc9CC[C@@H]8c8ccccc8)cc7)CC6)O5)CCN43)C2=O)C(=O)N1,-0.3010299956639812
Cc1ncsc1-c1ccc(CNC(=O)[C@@H]2C[C@@H](O)CN2C(=O)[C@@H](NC(=O)COCCOCCOCc2cn(CCNC(=O)C[C@@H]3N=C(c4ccc(Cl)cc4)c4c(sc(C)c4C)-n4c(C)nnc43)nn2)C(C)(C)C)cc1,3.3541084391474008
CC(=O)N1CCc2c(c(N3CCCc4cc(-c5cnn(C)c5)c(C(F)F)cc43)nn2C2CCN(C(=O)CN3Cc4cc5c(cc4C3)C(=O)N(C3CCC(=O)NC3=O)C5=O)CC2)C1,1.3010299956639813
Cc1ncsc1-c1ccc(CNC(=O)[C@@H]2C[C@@H](O)CN2C(=O)[C@@H](NC(=O)COCCN2CCN(CCOc3cc(F)c([C@@H]4c5[nH]c6ccccc6c5C[C@@H](C)N4CC(C)(C)F)c(F)c3)CC2)C(C)(C)C)cc1,-0.3010299956639812
CCCCCCNNC(=O)c1ccc(CNC(=O)CCCCCCCCC(=O)N[C@H](C(=O)N2C[C@H](O)C[C@H]2C(=O)NCc2ccc(-c3scnc3C)cc2)C(C)(C)C)cc1,1.7930916001765802
Cc1ncsc1-c1ccc([C@H](C)NC(=O)[C@@H]2C[C@@H](O)CN2C(=O)[C@@H](c2cc(OCC#Cc3ccc(O[C@H]4C[C@H](Oc5cc(N6C7CCC6CN(c6cc(-c8ccccc8O)nnc6N)C7)ccn5)C4)cn3)no2)C(C)C)cc1,-0.5686362358410126
O=C1CCC(N2Cc3c(NC(=O)CCCCCCCCCCNC(=O)c4cc(Cc5n[nH]c(=O)c6ccccc56)ccc4F)cccc3C2=O)C(=O)N1,3.7323937598229686
NC(=O)c1c(-c2ccc(Oc3ccccc3)cc2)nn2c1Nc1ccc(C(=O)N[C@H]3CC[C@H](CN4CCN(c5cc6c(cc5F)C(=O)N(C5CCC(=O)NC5=O)C6=O)CC4)CC3)cc1CC2,0.6608654780038692
COc1cc(-c2cn(C)c(=O)c3cnccc23)cc(OC)c1CN1CCN(CCOCCOCCOc2cc(-c3scnc3C)ccc2CNC(=O)[C@@H]2C[C@@H](O)CN2C(=O)[C@@H](NC(=O)C2(F)CC2)C(C)(C)C)CC1,2.7481880270062
CCc1ccc2c(c1)c(=O)c(C(=O)Nc1ccc(Oc3ncnc4cc(OCCCCCC(=O)Nc5ccc6c(c5)C(=O)N(C5CCC(=O)NC5=O)C6=O)c(OC)cc34)c(F)c1)c(C)n2C,1.6020599913279625
Cc1cc(Nc2ncc(Cl)c(Nc3ccccc3S(=O)(=O)C(C)C)n2)c(OC(C)C)cc1C1CCN(CCNc2cccc3c2C(=O)N([C@@H]2CCC(=O)NC2=O)C3=O)CC1,2.3521825181113627
C=CC(=O)Nc1cccc(Nc2nc(Nc3ccc(N4CCN(CC(=O)NCCNc5cccc6c5C(=O)N(C5CCC(=O)NC5=O)C6=O)CC4)cc3OC)ncc2C(F)(F)F)c1,2.551327988003846
CCN(c1ccc(C#N)c(Cl)c1)[C@H]1CC[C@H](NC(=O)c2ccc(N3CCC(N4CCN(c5ccc6c(c5)C(=O)N(C5CCC(=O)NC5=O)C6=O)CC4)CC3)cc2)CC1,-1.0
CC(C)(C)[C@H](NC(=O)c1cc2cc(C(F)(F)P(=O)(O)O)ccc2s1)C(=O)N1CCC[C@H]1C(=O)N(CCC(=O)NCCCC#Cc1cccc2c1CN(C1CCC(=O)NC1=O)C2=O)c1ccc(Cl)cc1,3.322219294733919
CC(C)c1c(C(=O)Nc2ccccc2)c(-c2cccc(OCCCCCc3cn(CCOCCNc4cccc5c4C(=O)N(C4CCC(=O)NC4=O)C5=O)nn3)c2)c(-c2ccc(F)cc2)n1CC[C@@H](O)C[C@@H](O)CC(=O)O,3.4771212547196626
Cc1ncsc1-c1ccc(CNC(=O)[C@@H]2C[C@@H](O)CN2C(=O)[C@@H](NC(=O)COCCCOCCOC(=O)C[C@@H]2N=C(c3ccc(Cl)cc3)c3c(sc(C)c3C)-n3c(C)nnc32)C(C)(C)C)cc1,1.8000293592441343
C[C@H]1CC2(CCN(c3ccc(C(=O)N4CCC(O)(CN5Cc6cc7c(cc6C5)C(=O)N(C5CCC(=O)NC5=O)C7=O)CC4)cc3)CC2)CN1c1ccc(C#N)c(Cl)c1,2.462397997898956
Cc1ncsc1-c1ccc([C@H](C)NC(=O)[C@@H]2C[C@@H](O)CN2C(=O)[C@@H](c2cc(O[C@H]3CC[C@H](CN4CCC(c5ccc6c(c5)-n5c(nc(=O)c7c(Cl)cccc75)C6(C)C)CC4)CC3)no2)C(C)C)cc1,-0.2291479883578558
Cc1ccc(NC(=O)Cn2cc(-c3ccc4c(NC(=O)c5ccc(NC(=O)CCCCCCCCCCC(=O)N[C@H](C(=O)N6C[C@H](O)C[C@H]6C(=O)NCc6ccc(-c7scnc7C)cc6)C(C)(C)C)cc5)n[nH]c4c3)cn2)cc1C(F)(F)F,2.949390006644913
CCN(C)S(=O)(=O)Nc1ccc(F)c(C(=O)c2c[nH]c3ncc(-c4ccc(N5CCN(C(=O)CCCOc6cccc7c6CN(C6CCC(=O)NC6=O)C7=O)CC5)nc4)cc23)c1F,1.0
Cc1nc(Nc2ncc(C(=O)Nc3c(C)cccc3Cl)s2)cc(N2CCN(CCCN3CCN(c4ccc(C5CCC(=O)NC5=O)cc4)CC3)CC2)n1,0.8744818176994664
COc1c(OCCOCCOCCCCCc2cn(CCCCCNc3cccc4c3C(=O)N(C3CCC(=O)NC3=O)C4=O)nn2)ccc2c1N=C(NC(=O)c1cnc(N)nc1)N1CCN=C21,0.3222192947339193
CC(C)c1c(C(=O)Nc2ccccc2)c(-c2cccc(OCCCc3cn(CCCCCCCOCCCc4cccc5c4CN(C4CCC(=O)NC4=O)C5=O)nn3)c2)c(-c2ccc(F)cc2)n1CC[C@@H](O)C[C@@H](O)CC(=O)O,2.7781512503836434
Cc1sc2c(c1C)C(c1ccc(Cl)cc1)=N[C@@H](CC(=O)NCCCCCCCCC(=O)N1CCC[C@H]1C(=O)N[C@H]1CCC(=O)NC1=O)c1nnc(C)n1-2,2.8920946026904804
COc1cc(Nc2ncc3c(n2)-c2ccc(Cl)cc2C(c2c(F)cccc2OC)=NC3)ccc1C(=O)NCCOCCOCCNC(=O)COc1cccc2c1C(=O)N(C1CCC(=O)NC1=O)C2=O,1.4471580313422192
Cc1c(NC(=O)c2ccc(C(C)(C)C)cc2)cccc1-c1cn(C)c(=O)c(Nc2ccc(C(=O)N3CCN(CCCCCCNC(=O)CNc4cccc5c4C(=O)N(C4CCC(=O)NC4=O)C5=O)CC3)cc2)n1,-0.0457574905606751
O=C1CCC(N2C(=O)c3ccc(N4CC(CN5CCN(Cc6ccc(NC(=O)c7n[nH]cc7Nc7ncnc8[nH]ccc78)cc6)CC5)C4)cc3C2=O)C(=O)N1,0.0899051114393979
CC(=O)N1CCc2c(c(-c3cccc4cc(-c5ccc(C(=O)NCCCCNc6cccc7c6C(=O)N(C6CCC(=O)NC6=O)C7=O)nc5)ncc34)nn2C2CCOCC2)C1,0.1139433523068367
Cc1ncsc1-c1ccc([C@H](C)NC(=O)[C@@H]2C[C@@H](O)CN2C(=O)[C@@H](NC(=O)CCCn2cc(-c3cc(-c4ccccc4O)nnc3N)cn2)C(C)(C)C)cc1,2.12057393120585
O=C(/C=C/c1cccnc1)NCCCCC1CCN(C(=O)c2ccc(N3CCC(N4CCN(CCCCCCC#Cc5cccc6c5CN(C5CCC(=O)NC5=O)C6=O)CC4)CC3)cc2)CC1,2.315550534421905
CC(C)(C)[C@H](NC(=O)c1cc2cc(C(F)(F)P(=O)(O)O)ccc2s1)C(=O)N1C[C@@H](NC(=O)CCCCCC#Cc2cccc3c2CN(C2CCC(=O)NC2=O)C3=O)C[C@H]1C(=O)N1CCO[C@H](c2ccccc2)C1,1.740362689494244
Cc1cc(-c2nn3c(c2C(N)=O)Nc2ccc(N4CCN(CC5CCN(c6ccc(N7CCC(=O)NC7=O)cc6)CC5)CC4)cc2CC3)ccc1CNC(=O)c1nc(C(C)(C)C)no1,0.2600713879850748
CCC[C@H](CC)Oc1ccc(C(C)(C)C)cc1NC(=O)c1nnn(-c2cc(C)c(OCCCCCCOCCOCC(=O)N[C@H](C(=O)N3C[C@H](O)C[C@H]3C(=O)NCc3ccc(-c4scnc4C)cc3)C(C)(C)C)cc2OC)c1C,2.164352855784437
Cc1nc(Nc2ncc(C(=O)Nc3c(C)cccc3Cl)s2)cc(N2CCN(C(=O)CCCc3cn(CCNc4cccc5c4C(=O)N(C4CCC(=O)NC4=O)C5=O)nn3)CC2)n1,1.7481880270062005
Cc1ccc(C(=O)Nc2ccc(CN3CCN(CCCCCCC(=O)Nc4cccc5c4C(=O)N(C4CCC(=O)NC4=O)C5=O)CC3)c(C(F)(F)F)c2)cc1C#Cc1cnc2[nH]ncc2c1,2.0362295440862948
O=C1CCC(N2C(=O)c3cccc(N4CCC(N5CCN(C(=O)CCCCOc6ccc(CCNC(=O)c7cccc(C(=O)NO)c7)cc6)CC5)CC4)c3C2=O)C(=O)N1,2.942504106168081
CC(C)Nc1cc(-n2ccc3cc(C#N)cnc32)ncc1C(=O)N[C@H]1CC[C@H](C(=O)NCCCCNC(=O)COc2cccc3c2C(=O)N(C2CCC(=O)NC2=O)C3=O)CC1,2.278753600952829
C[C@@H]1Cc2c([nH]c3ccccc23)[C@@H](c2cnc(N3CCC(CCN4CCC5(CC4)CCN(c4ccc6c(c4)CN(C4CCC(=O)NC4=O)C6=O)CC5)CC3)nc2)N1CC(C)(C)F,-0.3979400086720376
O=C1CCC(N2C(=O)c3cccc(NCCCCCCC(=O)Nc4ccc(N5Cc6ccc(O)cc6OC5=O)cc4)c3C2=O)C(=O)N1,3.1760912590556813
COc1cc(-c2cn(C)c(=O)c3cnccc23)cc(OC)c1CCN1CCC(OC2CCN(C(=O)c3ccc(Cl)c(N4CCC(=O)NC4=O)c3)CC2)CC1,0.0
Cc1c(C(=O)Nc2cccc(-c3ccccc3)n2)ccc(-c2nn3c(c2C(N)=O)Nc2ccc(N4CCN(CC5CCN(c6ccc(N7CCC(=O)NC7=O)cc6)CC5)CC4)cc2CC3)c1F,1.1760912590556811
CC(C)(O)c1cc2nc([C@H]3CC[C@H](CN4CC5(CC(CCNc6cccc7c6C(=O)N(C6CCC(=O)NC6=O)C7=O)C5)C4)CC3)sc2cc1NC(=O)c1cccc(C(F)(F)F)n1,0.7781512503836436
CCN1CCC(n2cc(-c3c[nH]c4ncc(-c5ccc(N6CCC(CN7CCN(C(=O)c8ccc(Cl)c(N9CCC(=O)NC9=O)c8)CC7)CC6)nc5)nc34)cn2)CC1,0.0791812460476248
NC(=O)c1c(-c2ccc(Oc3ccccc3)cc2)nn2c1Nc1cc(C3CCN(CCC4CCN(c5ccc(N6CCC(=O)NC6=O)cc5)CC4)CC3)ccc1CC2,0.965201701025912
Cc1sc2c(c1C)C(c1ccc(Cl)cc1)=N[C@@H](CC(=O)NCCCCCN1CCC(c3ccc4c(c3)CN(C3CCC(=O)NC3=O)C4=O)CC1)c1nnc(C)n1-2,0.255272505103306
CCc1c(F)ccc2cc(O)cc(-c3ncc4c(N5C[C@H]6CC[C@@H](C5)N6)nc(OC[C@@H]5CCCN5CCCCOCC(=O)N[C@H](C(=O)N5C[C@H](O)C[C@H]5C(=O)N[C@@H](C)c5ccc(-c6scnc6C)cc5)C(C)(C)C)nc4c3F)c12,1.5804687839510017
O=C1CCC(N2C(=O)c3cccc(N4CCN(C(=O)CCCCc5cn(Cc6ccc(S(=O)(=O)F)cc6)nn5)CC4)c3C2=O)C(=O)N1,3.5415792439465807
NC(=O)CC[C@H](NC(=O)[C@@H]1CC[C@@H]2CCN(C(=O)N3CCC(CCC#Cc4cccc5c4CN(C4CCC(=O)NC4=O)C5=O)CC3)C[C@H](NC(=O)c3cc4cc(C(F)(F)P(=O)(O)O)ccc4[nH]3)C(=O)N21)C(=O)NC(c1ccccc1)c1ccccc1,2.255272505103306
CCCN(c1ccc(C#N)c(Cl)c1)[C@H]1CC[C@H](NC(=O)c2ccc(N3CCC(N4CCN(c5ccc6c(c5)C(=O)N(C5CCC(=O)NC5=O)C6=O)CC4)CC3)cc2)CC1,0.146128035678238
CCCn1cc(-c2cc(OC)c(C(=O)N3CCC4(CCC(CN5Cc6cc7c(cc6C5)C(=O)N(C5CCC(=O)NC5=O)C7=O)CC4)CC3)c(OC)c2)c2ccncc2c1=O,2.5705429398818973
CC(=O)c1c(C)c2cnc(Nc3ccc(N4CCN(Cc5cn(CCCCCCNc6cccc7c6C(=O)N(C6CCC(=O)NC6=O)C7=O)nn5)CC4)cn3)nc2n(C2CCCC2)c1=O,1.0253058652647702
CN[C@@H](C)C(=O)N[C@H](C(=O)N1Cc2cc(OCCOCCOCCOCCOc3cc4nccc(Nc5ccc6scnc6c5)c4cc3S(=O)(=O)C(C)(C)C)ccc2C[C@H]1C(=O)N[C@@H]1CCCc2ccccc21)C(C)(C)C,-0.3979400086720376
CC(=O)N1CCc2c(c(N3CCCc4cc(-c5cnn(C)c5)c(C(F)F)cc43)nn2C2CCN(C(=O)CCNc3ccc4c(c3)C(=O)N(C3CCC(=O)NC3=O)C4=O)CC2)C1,-0.0457574905606751
O=C1CC[C@H](N2Cc3c(ccc4c3OCC43CCN(C(=O)CN4CCC5(CC4)CCN(c4ccc([C@@H]6c7ccc(O)cc7CC[C@@H]6c6ccccc6)cc4)CC5)CC3)C2=O)C(=O)N1,-1.4417715781966742
O=C1CCC(N2C(=O)c3cc4c(cc3C2=O)CN(C2CCN(CC3CN(c5ccc([C@@H]6c7ccc(O)cc7CC[C@@H]6c6ccccc6)cc5)C3)CC2)C4)C(=O)N1,2.469822015978163
CN1CC[C@H]2CC[C@@H](C(=O)N[C@@H](CCC(N)=O)C(=O)N[C@@H](Cc3ccc(F)cc3)C(=O)N3CCC(CCC#Cc4cccc5c4CN(C4CCC(=O)NC4=O)C5=O)CC3)N2C(=O)[C@@H](NC(=O)c2cc3cc(C(F)(F)P(=O)(O)O)ccc3s2)C1,1.9542425094393248
CN(CCOCCOCC(=O)Nc1ccc2c(c1)C(=O)N(C1CCC(=O)NC1=O)C2=O)CC[C@@H](c1ccccc1)n1cc(NC(=O)c2n[nH]c3c2CCC(C)(C)C3)cn1,1.4265112613645752
O=C1CC[C@H](N2Cc3c(ccc4c3OC[C@H]3CN(C(=O)CN5CC6(CCN(c7ccc([C@@H]8c9ccc(O)cc9CC[C@@H]8c8ccccc8)cc7)CC6)C5)CCN43)C2=O)C(=O)N1,-0.7144426909922262
COc1ccc(C(F)(F)F)cc1C(=O)NCc1ccc(-c2nn3c(c2C(N)=O)Nc2ccc(N4CCN(CC5CCN(c6ccc(N7CCC(=O)NC7=O)cc6)CC5)CC4)cc2CC3)c(OC)c1,-0.0195421077238999
CCOc1cc(-c2ccc(N3CCC(CN4CCC(N5CCN(c6ccc7c(c6)C(=O)N(C6CCC(=O)NC6=O)C7)CC5)CC4)(NC(=O)c4cc(F)ccc4F)CC3)nc2)c2c(C#N)cnn2c1,0.414973347970818
Cc1c(C(=O)Nc2ccc3[nH]ccc3n2)ccc(-c2nn3c(c2C(N)=O)Nc2ccc(N4CCN(CC5CCN(c6ccc(N7CCC(=O)NC7=O)cc6)CC5)CC4)cc2CC3)c1F,-0.265200170411153
O=C(/C=C/c1cccnc1)NCCCCC1CCN(C(=O)c2ccc(N3CCN(CCCCCCCOc4cccc5c4CN(C4CCC(=O)NC4=O)C5=O)CC3)cc2)CC1,0.0157787563890409
COc1cc(C2CCN(CC3CN(c4ccc5c(c4)C(=O)N(C4CCC(=O)NC4=O)C5=O)C3)CC2)c(C)cc1Nc1ncc(Cl)c(Nc2ccccc2S(=O)(=O)C(C)C)n1,0.7323937598229685
CC(=O)N1CCc2c(c(-c3cccc4cc(-c5ccc(C(=O)NCCCc6cccc7c6CN(C6CCC(=O)NC6=O)C7=O)nc5)ncc34)nn2C2CCOCC2)C1,0.5185139398778874
CCC[C@H](NC(=O)[C@@H]1[C@H]2CCC[C@H]2CN1C(=O)[C@@H](NC(=O)[C@@H](NC(=O)c1cnc(C(=O)NCCOCCOCCNc2cccc3c2C(=O)N(C2CCC(=O)NC2=O)C3=O)cn1)C1CCCCC1)C(C)(C)C)C(=O)C(=O)NC1CC1,2.6893088591236203
Cc1ccc(C(=O)Nc2ccc(CN3CCN(C(=O)CCCc4cn(CCOCCOCCNc5cccc6c5C(=O)N(C5CCC(=O)NC5=O)C6=O)nn4)CC3)c(C(F)(F)F)c2)cc1C#Cc1cnc2cccnn12,1.845098040014257
CC(C)c1c(C(=O)Nc2ccccc2)c(-c2cccc(OCCCCCc3cn(CCOCCOCCOCCOCCOCCNc4cccc5c4C(=O)N(C4CCC(=O)NC4=O)C5=O)nn3)c2)c(-c2ccc(F)cc2)n1CC[C@@H](O)C[C@@H](O)CC(=O)O,2.7781512503836434
Cc1ccnc(NC(=O)c2ccc(-c3nn4c(c3C(N)=O)Nc3ccc(N5CCN(CC6CCN(c7ccc(N8CCC(=O)NC8=O)cc7)CC6)CC5)cc3CC4)c(F)c2C)n1,0.9666109866819343
CN(CCCCCCCCCCC(=O)Nc1ccc2c(c1)C(=O)N(C1CCC(=O)NC1=O)C2=O)CC[C@@H](c1ccccc1)n1cc(NC(=O)c2n[nH]c3c2CCC(C)(C)C3)cn1,1.877371345869774
CN1CCN([C@@H]2CCCN(c3cnc(C(N)=O)c(Nc4ccc(C5CCN(CC6CCN(c7ccc8c(c7)C(=O)N([C@@H]7CCC(=O)NC7=O)C8=O)CC6)CC5)cc4)n3)C2)C1=O,-0.1249387366082999
Cc1cc(Nc2ncc(Cl)c(Nc3ccccc3S(=O)(=O)C(C)C)n2)c(OC(C)C)cc1C1CCN(C2CN(CC3CN(c4ccc5c(c4)C(=O)N([C@@H]4CCC(=O)NC4=O)C5=O)C3)C2)CC1,1.7558748556724917
O=C1CC[C@H](N2Cc3c(ccc4c3OCC43CCN(C(=O)CC4CCN(c5ccc([C@@H]6c7ccc(O)cc7CC[C@@H]6c6ccccc6)cc5)CC4)CC3)C2=O)C(=O)N1,-1.6103024517936142
Cc1ccc(C(=O)NC2CC2)cc1-c1ccc(C(=O)c2ccc(OCCOCCOC(=O)Nc3cccc4c3C(=O)N(C3CCC(=O)NC3=O)C4=O)cc2)cc1,1.968482948553935
CCCCn1cc(-c2ccc(OC3CCN(CC4CCN(C(=O)c5ccc(Cl)c(N6CCC(=O)NC6=O)c5)CC4)CC3)c(OC)c2)c2ccncc2c1=O,0.0
Cc1cc(Nc2ncc(Cl)c(Nc3ccccc3S(=O)(=O)C(C)C)n2)c(OC(C)C)cc1C1CCN(C2CN(CC3CCN(c4ccc5c(c4)C(=O)N([C@@H]4CCC(=O)NC4=O)C5=O)CC3)C2)CC1,1.8864907251724816
Cc1sc2c(c1C)C(c1ccc(Cl)cc1)=N[C@@H](CC(=O)NCCOCCNC(=O)CN1CCOc3cc(N(CCC#N)C(=O)CCl)ccc31)c1nnc(C)n1-2,2.908485018878649
Cc1sc2c(c1C)C(c1ccc(Cl)cc1)=N[C@@H](CC(=O)NCCCCNC(=O)COc1cccc3c1C(=O)N(C1CCC(=O)NC1=O)C3=O)c1nnc(C)n1-2,2.633468455579586
Cc1cccc(NC(=O)c2ccc(-c3nn4c(c3C(N)=O)Nc3ccc(N5CCN(CC6CCN(c7ccc(N8CCC(=O)NC8=O)cc7)CC6)CC5)cc3CC4)cc2Cl)n1,-0.3288271572849167
CN1CCN([C@@H]2CCCN(c3cnc(C(N)=O)c(Nc4ccc5c(c4)CCN(CC4CCN(c6ccc7c(c6)C(=O)N([C@@H]6CCC(=O)NC6=O)C7=O)CC4)C5)n3)C2)C1=O,1.146128035678238
Cc1cccc(C)c1Nc1nn(C)c2nc(Nc3ccc4c(c3)CN(CC3CCN(c5ccc6c(c5)C(=O)N(C5CCC(=O)NC5=O)C6=O)CC3)CC4)ncc12,0.6589648426644349
Cc1ncsc1-c1ccc([C@H](C)NC(=O)[C@@H]2C[C@@H](O)CN2C(=O)[C@@H](NC(=O)COCCCOCCOC(=O)C[C@@H]2N=C(c3ccc(Cl)cc3)c3c(sc(C)c3C)-n3c(C)nnc32)C(C)(C)C)cc1,0.1139433523068367
CN(CCCCCCCn1cc(COCCOCCNc2cccc3c2C(=O)N(C2CCC(=O)NC2=O)C3=O)nn1)CC[C@H](CSc1ccccc1)Nc1ccc(S(=O)(=O)NC(=O)c2ccc(N3CCN(CC4=C(c5ccc(Cl)cc5)CCC(C)(C)C4)CC3)cc2)cc1S(=O)(=O)C(F)(F)F,0.7993405494535817
COc1cc(N2CCC(N3CCN(CC4CCN(c5ccc6c(c5)CN([C@H]5CCC(=O)NC5=O)C6=O)CC4)CC3)CC2)ccc1Nc1ncc(Cl)c(Nc2ccccc2P(C)(C)=O)n1,0.5797835966168101
Cc1ncsc1-c1ccc(CNC(=O)[C@@H]2C[C@@H](O)CN2C(=O)[C@@H](NC(=O)CCCCCCCN2CCN(c3ccc(Nc4ncc5nc(Nc6ccccc6)n(C6CCCC6)c5n4)cc3)CC2)C(C)(C)C)cc1,2.179551791165188
O=C1CCC(N2C(=O)c3cccc(NCCOCCOCCn4cc(CCCCN(Cc5ccc(C(=O)NO)cc5)C(=O)Nc5ccccc5)nn4)c3C2=O)C(=O)N1,0.5797835966168101
CN1CCN([C@@H]2CCCN(c3cnc(C(N)=O)c(Nc4ccc(N5CC6(C5)CN(c5ccc7c(c5)C(=O)N([C@@H]5CCC(=O)NC5=O)C7=O)C6)cc4)n3)C2)C1=O,1.146128035678238
C[C@@H](OC(C)(C)C)[C@H](NC(=O)OCc1cccc(OCCCCCCCCOc2cccc3c2C(=O)N(C2CCC(=O)NC2=O)C3=O)c1)C(=O)N[C@@H](CC1CCCCC1)C(=O)N[C@H](C=O)C[C@@H]1CCNC1=O,2.6344772701607315
Cc1nc(Nc2ncc(C(=O)Nc3c(C)cccc3Cl)s2)cc(N2CCN(CCSc3cccc4c3CN(C3CCC(=O)NC3=O)C4=O)CC2)n1,0.4313637641589873
Cc1ncsc1-c1ccc([C@H](C)NC(=O)[C@@H]2C[C@@H](O)CN2C(=O)[C@@H](c2cc(OCCCN3CCC(c4ccc5c(c4)C(C)(C)c4nc(=O)c6c(Cl)cccc6n4-5)CC3)no2)C(C)C)cc1,0.146128035678238
O=C1CCC(N2C(=O)c3ccc(N4CCN(CC5CCN(C(=O)c6ccc(-c7ccc8ncc(C(=O)NC9CC9)c(Nc9ccccc9)c8c7)cc6)CC5)CC4)cc3C2=O)C(=O)N1,-0.0132282657337551
CN(CCOCCOCCNC(=O)CNc1cccc2c1C(=O)N(C1CCC(=O)NC1=O)C2=O)CC[C@@H](c1ccccc1)n1cc(NC(=O)c2n[nH]c3c2CCC(C)(C)C3)cn1,1.5145477526602862
CC(=O)N1CCc2c(c(N3CCCc4cc(-c5cnn(C)c5)c(C(F)F)cc43)nn2C2CCN(CC3CN(c4ccc5c(c4)C(=O)N(C4CCC(=O)NC4=O)C5=O)C3)CC2)C1,0.041392685158225
C[C@@H]1Cc2c([nH]c3ccccc23)[C@@H](c2c(F)cc(OCCCCCN3CCN(c4ccc5c(c4)CN(C4CCC(=O)NC4=O)C5=O)CC3)cc2F)N1CC(C)(C)F,-0.2218487496163563
CCN1CCN(Cc2ccc(NC(=O)c3cccc(-c4ccc5nc(NC(=O)COCCOCCOCCNC(=O)[C@H](CC(C)C)NC(=O)[C@@H](O)[C@H](N)Cc6ccccc6)sc5n4)c3)cc2C(F)(F)F)CC1,4.0
CN(c1ccc(C#N)c(Cl)c1)[C@H]1CC[C@H](NC(=O)c2ccc(N3CC(CN4CCN(c5ccc6c(c5)C(=O)N(C5CCC(=O)NC5=O)C6=O)CC4)C3)cc2)CC1,-1.0
N#Cc1ccc(O[C@H]2CC[C@H](NC(=O)c3ccc(N4CCN(C5CN(c6ccc7c(c6)C(=O)N(C6CCC(=O)NC6=O)C7=O)C5)CC4)cc3)CC2)cc1Cl,-1.0
Cc1ncsc1-c1ccc([C@H](C)NC(=O)[C@@H]2C[C@@H](O)CN2C(=O)[C@H](C(C)C)n2cc([C@H]3CC[C@H](CN4CCC(c5ccc6c(c5)C(C)(C)c5nc(=O)c7c(Cl)cccc7n5-6)CC4)CC3)nn2)cc1,-0.6575773191777937
Cc1cc(N2CCC(CN3CCN(c4ccc5c(c4)CCn4nc(-c6ccc(C(=O)Nc7cc(C(F)(F)F)ccn7)cc6)c(C(N)=O)c4N5)CC3)CC2)ccc1N1CCC(=O)NC1=O,-0.2724587429714435
Cc1ccc(NC(=O)CCc2ccc3c(c2)C(=O)N(C2CCC(=O)NC2=O)C3)cc1Cl,1.255272505103306
O=C1CCC(N2C(=O)c3ccc(N4CCN(CC5CCN(C(=O)CCCCCCCCC(=O)N6CCC(NC(=O)Nc7ccc(OC(F)(F)F)cc7)CC6)CC5)CC4)cc3C2=O)C(=O)N1,1.5314789170422551
Cc1nnc2ccc(-c3cccc(N(C)C(=O)C4CCN(c5cccc6c5C(=O)N(C5CCC(=O)NC5=O)C6=O)CC4)c3)nn12,2.4771212547196626
Cc1ncsc1-c1ccc([C@H](C)NC(=O)[C@@H]2C[C@@H](O)CN2C(=O)[C@@H](NC(=O)CCCCCCOc2ccccc2-c2csc(-c3csc(Nc4ccc(Cl)cc4)n3)n2)C(C)(C)C)cc1,-1.0
Cc1cc([C@H](C(=O)N2C[C@H](O)C[C@H]2C(=O)N[C@@H](C)c2ccc(-c3scnc3C#CCOCCOCCOCCOCCNC(=O)C[C@@H]3N=C(c4ccc(Cl)cc4)c4c(sc(C)c4C)-n4c(C)nnc43)cc2)C(C)C)on1,1.6020599913279625
N#Cc1ccc(N2CCC3(CCN(c4ccc(C(=O)N5CCC(CN6Cc7cc8c(cc7C6)C(=O)N(C6CCC(=O)NC6=O)C8=O)CC5)cc4)CC3)C2)cc1Cl,0.7558748556724915
O=C1CC[C@H](N2Cc3c(ccc4c3OC[C@H]3CN(C(=O)CC5CCN(c6ccc([C@@H]7c8ccc(O)cc8CC[C@@H]7c7ccccc7)cc6)CC5)CCN43)C2=O)C(=O)N1,-1.958607314841775
Cc1ncsc1-c1ccc(CNC(=O)[C@@H]2C[C@@H](O)CN2C(=O)[C@@H](c2cc(OCCN3CCN(CCOc4cc(N5C6CCC5CN(c5cc(-c7ccccc7O)nnc5N)C6)ccn4)CC3)no2)C(C)C)cc1,-0.4089353929735008
Cc1sc2c(c1C)C(c1ccc(Cl)cc1)=N[C@@H](CC(=O)NCCCCCCNC(=O)COc1ccc(CNC(=O)/C(C#N)=C/c3ccc4ccccc4c3)cc1)c1nnc(C)n1-2,2.484584529282843
Cc1nc(Nc2ncc(C(=O)Nc3c(C)cccc3Cl)s2)cc(N2CCN(C(=O)CNc3cccc4c3C(=O)N(C3CCC(=O)NC3=O)C4=O)CC2)n1,1.0
O=C1CCC(N2C(=O)c3cccc(NC(=O)CCCCCCC(=O)N4CCN(c5ccc(Nc6ncc7ncc(=O)n(C8CCCC8)c7n6)cc5)CC4)c3C2=O)C(=O)N1,2.6375897858387
O=C1CCC(N2C(=O)c3ccc(N4CCC(C(=O)N5CCC(NC(=O)c6n[nH]cc6NC(=O)c6c(Cl)cccc6Cl)CC5)CC4)cc3C2=O)C(=O)N1,1.9700212658283656
CCc1nc(C(N)=O)c(Nc2ccc(N3CCC(N4CCN(C(=O)CCCCCNc5cccc6c5C(=O)N(C5CCC(=O)NC5=O)C6=O)CC4)CC3)c(OC)c2)nc1NC1CCOCC1,0.3541084391474008
Cc1csc(-c2ccc(CNC(=O)[C@@H]3C[C@@H](O)CN3C(=O)[C@@H](NC(=O)CCCCCCCCSSCCCCC(=O)N[C@H](C(=O)N3C[C@H](O)C[C@H]3C(=O)NCc3ccc(-c4scnc4C)cc3)C(C)(C)C)C(C)(C)C)cc2)n1,1.5440680443502757
Cc1ccc(NC(=O)Cn2cc(-c3ccc4c(NC(=O)c5ccc(NC(=O)CCCCCCC(=O)N[C@H](C(=O)N6C[C@H](O)C[C@H]6C(=O)NCc6ccc(-c7scnc7C)cc6)C(C)(C)C)cc5)n[nH]c4c3)cn2)cc1C(F)(F)F,2.4471580313422194
Cc1sc2c(c1C)C(c1ccc(Cl)cc1)=N[C@@H](CC(=O)NCCCCCCNc1ccc(Cc3ccc4c(c3)CN(C3CCC(=O)NC3=O)C4=O)cc1)c1nnc(C)n1-2,0.3010299956639812
O=C1CCC(N2C(=O)c3ccc(NCCCCCCCCCC(=O)N4CCc5ccc(NC(=O)c6n[nH]c7ccc(-c8cccnc8F)cc67)cc5C4)cc3C2=O)C(=O)N1,1.2263420871636308
Cc1ncsc1-c1ccc([C@H](C)NC(=O)[C@@H]2C[C@@H](O)CN2C(=O)[C@@H](NC(=O)c2cccc(N3CCN(c4cc(-c5ccccc5O)nnc4N)CC3)c2)C(C)(C)C)cc1,1.99563519459755
Cc1ccnc(NC(=O)c2ccc(-c3nn4c(c3C(N)=O)Nc3ccc(N5CCN(CC6CCN(c7ccc(N8CCC(=O)NC8=O)cc7)CC6)CC5)cc3CC4)cc2)c1,0.6711728427150833
Cc1sc2c(c1C)C(c1ccc(Cl)cc1)=N[C@@H](CC(=O)NCCCCCCCCC(=O)N[C@@H](C)C(=O)N[C@H]1CC(=O)NC1=O)c1nnc(C)n1-2,1.5314789170422551
C[C@H]1CCCN1Cc1nc2ccc(NC(=O)c3ccc4c(cnn4CCCCCCNc4cccc5c4C(=O)N(C4CCC(=O)NC4=O)C5=O)c3)cc2[nH]1,1.6989700043360187
CC(C)(CNC(=O)CCC(=O)NCCCCCCCCCCCCNc1ccc2c(c1)C(=O)N(C1CCC(=O)NC1=O)C2=O)CN(C(=O)CCl)[C@@H]1CCS(=O)(=O)C1,2.2479732663618064
CCOc1cc(-c2ccc(N3CCC(CN4CCN(C(=O)CCCCN5CCC(c6ccc7c(c6)CN(C6CCC(=O)NC6=O)C7=O)CC5)CC4)(NC(=O)c4cc(F)ccc4F)CC3)nc2)c2c(C#N)cnn2c1,0.255272505103306
Cc1c(C(=O)Nc2cc(N3CCCC3)ccn2)ccc(-c2nn3c(c2C(N)=O)Nc2ccc(N4CCN(CC5CCN(c6ccc(N7CCC(=O)NC7=O)cc6)CC5)CC4)cc2CC3)c1F,0.2787536009528289
CC(C)(O)c1cc2nn([C@H]3CC[C@H](CN4CCC5(CC4)CC(Nc4cccc6c4C(=O)N(C4CCC(=O)NC4=O)C6=O)C5)CC3)cc2cc1NC(=O)c1cccc(C(F)(F)F)n1,0.4771212547196624
O=C(NCC(=O)N1CC(C(=O)NCCCCCCCCNC(=O)[C@@H]2NC3(CCCCC3)[C@@]3(C(=O)Nc4cc(Cl)ccc43)[C@H]2c2cccc(Cl)c2F)C1)Nc1ccc2cnccc2c1,3.4092566520389096
COC1(C(=O)N[C@@H](C)c2ccc(-n3cc(F)cn3)nc2)CCN(c2nc(CCCCC(=O)NCCCCCCCCNc3ccc(C4CCC(=O)NC4=O)cc3)cc(Nc3cc(C)[nH]n3)n2)CC1,1.5976951859255124
C[C@@H]1COCCN1c1cc(C2(S(C)(=O)=NC(=O)CCc3cn(CCCCCCCC(=O)Nc4cccc5c4C(=O)N(C4CCC(=O)NC4=O)C5=O)nn3)CC2)nc(-c2ccnc3[nH]ccc23)n1,2.724275869600789
Cc1cc(-c2c[nH]c3ncc(-c4ccc(C5CCN(C(=O)CCNc6cccc7c6C(=O)N(C6CCC(=O)NC6=O)C7=O)CC5)cc4)nc23)ccc1C(=O)N(C)C,2.9833330506491285
CCOc1cc(-c2ccc(N3CCC(CN4CCN(C(=O)CCCCN5CCN(c6ccc7c(c6)CN(C6CCC(=O)NC6=O)C7=O)CC5)CC4)(NC(=O)c4cc(F)ccc4F)CC3)nc2)c2c(C#N)cnn2c1,0.414973347970818
Cc1cc(Nc2ncc(Cl)c(Nc3ccccc3S(=O)(=O)C(C)C)n2)c(OC(C)C)cc1C1CCN(CCCNc2ccc3c(c2)C(=O)N([C@@H]2CCC(=O)NC2=O)C3=O)CC1,1.944482672150169
CN(CCOCCOCCOCCNc1cccc2c1C(=O)N(C1CCC(=O)NC1=O)C2=O)CC[C@H](CSc1ccccc1)Nc1ccc(S(=O)(=O)NC(=O)c2ccc(N3CCN(CC4=C(c5ccc(Cl)cc5)CCC(C)(C)C4)CC3)cc2)cc1S(=O)(=O)C(F)(F)F,0.3979400086720376
N#Cc1ccc(N2CCC(c3ccc(N4CCC(CN5CCN(c6cc7c(cc6F)C(=O)N(C6CCC(=O)NC6=O)C7=O)CC5)CC4)cc3)CC2)cc1C(F)(F)F,2.255272505103306
Cc1ncsc1-c1ccc(CNC(=O)[C@@H]2C[C@@H](O)CN2C(=O)[C@@H](NC(=O)COCCc2cc(N)cc(OCCNC(=O)c3cc4c(cc3CS(C)(=O)=O)-c3cn(C)c(=O)c5[nH]cc(c35)CN4c3ncc(F)cc3F)c2)C(C)(C)C)cc1,0.3222192947339193
COc1ccc(-c2c[nH]c3ncc(-c4ccc(N5CCN(C(=O)CCCCCNc6cccc7c6C(=O)N(C6CCC(=O)NC6=O)C7=O)CC5)cc4)cc23)cc1OC,0.414973347970818
O=C1CCC(N2C(=O)c3cccc(NCc4cn(CCCCOc5ccc(Cn6ccc7ccc(C(=O)NO)cc76)cc5)nn4)c3C2=O)C(=O)N1,2.672097857935717
COc1cc2c(Oc3ccc(NC(=O)C4(C(=O)Nc5ccc(F)cc5)CC4)cc3F)ccnc2cc1OCCCCOCCCCOc1cc(-c2scnc2C)ccc1CNC(=O)[C@@H]1C[C@@H](O)CN1C(=O)[C@H](C(C)C)N1Cc2ccccc2C1=O,2.103803720955957
Cc1ncsc1-c1ccc(CNC(=O)[C@@H]2C[C@@H](O)CN2C(=O)[C@@H](NC(=O)COCCOCCOCCOc2cc(N3C4CCC3CN(c3cc(-c5ccccc5O)nnc3N)C4)ccn2)C(C)(C)C)cc1,1.505149978319906
Cc1sc2c(c1C)C(c1ccc(Cl)cc1)=N[C@@H](CC(=O)NCCN1CC(N3CCC(c4ccc5c(c4)CN(C4CCC(=O)NC4=O)C5=O)CC3)C1)c1nnc(C)n1-2,1.0492180226701815
Cc1ncsc1-c1ccc([C@H](C)NC(=O)[C@@H]2C[C@@H](O)CN2C(=O)[C@@H](c2cc(OCC(C)CN3CCC(c4ccc5c(c4)C(C)(C)c4nc(=O)c6c(Cl)cccc6n4-5)CC3)no2)C(C)C)cc1,0.2304489213782739
CC(=O)N(CCOCCOCCNc1cccc2c1C(=O)N(C1CCC(=O)NC1=O)C2=O)O[C@H]1C[C@@]2(C)C(CC[C@@H]2O)C2CCc3cc(O)ccc3C21,1.8260748027008264
CNC(=O)c1cnc(Nc2ccc(C(=O)NCCCCCCCCCC(=O)N[C@H](C(=O)N3C[C@H](O)C[C@H]3C(=O)NCc3ccc(-c4scnc4C)cc3)C(C)(C)C)cn2)cc1Nc1cccc(C(=O)NC)c1OC,2.361727836017593
COc1cc(N2CCC(N3CCN(C(=O)CCCCCCCC(=O)N[C@H](C(=O)N4C[C@H](O)C[C@H]4C(=O)NCc4ccc(-c5scnc5C)cc4)C(C)(C)C)CC3)CC2)ccc1Nc1ncc(Cl)c(Nc2ccccc2P(C)(C)=O)n1,1.3996737214810382
CNc1nc(Nc2ccc(C(=O)N3CCN(C[C@H]4CC[C@@H](CSC(C)(C)[C@H](NC(=O)C5(F)CC5)C(=O)N5C[C@H](O)C[C@@H]5C(=O)NCc5ccc(-c6scnc6C)cc5)CC4)CC3)cc2OC)ncc1Cl,1.505149978319906
Cc1nc(Nc2ncc(C(=O)Nc3c(C)cccc3Cl)s2)cc(N2CCN(C(=O)CCCc3cn(CCOCCOCCOCCNc4cccc5c4C(=O)N(C4CCC(=O)NC4=O)C5=O)nn3)CC2)n1,1.7481880270062005
Cc1ncsc1-c1ccc(CNC(=O)[C@@H]2C[C@@H](O)CN2C(=O)[C@@H](NC(=O)CCCCCCCCCCNC(=O)c2cc3c(cc2CS(C)(=O)=O)-c2cn(C)c(=O)c4[nH]cc(c24)CN3c2ncc(F)cc2F)C(C)(C)C)cc1,-1.0222763947111522
CCN(CC)C/C=C/C(=O)Nc1cc2c(Nc3ccc(F)c(Cl)c3)ncnc2cc1OCc1cn(CCCCCCCCCCC(=O)N[C@H](C(=O)N2C[C@H](O)C[C@H]2C(=O)NCc2ccc(-c3scnc3C)cc2)C(C)(C)C)nn1,1.4575791469957626
CN(CC1CCN(C(=O)c2ccc(N3CCC(=O)NC3=O)cc2)CC1)C1CC(C(=O)N2CCC([C@@H]3CCNc4c(C(N)=O)c(-c5ccc(Oc6ccccc6)cc5)nn43)CC2)C1,0.8573324964312685
O=C1CCC(N2C(=O)c3cc4c(cc3C2=O)CN(CC(=O)N2CC3(CCN(c5ccc([C@@H]6c7ccc(O)cc7CC[C@@H]6c6ccccc6)cc5)C3)C2)C4)C(=O)N1,0.6020599913279624
Cc1cc(-c2nn3c(c2C(N)=O)Nc2ccc(N4CCN(CC5CCN(c6ccc(N7CCC(=O)NC7=O)cc6)CC5)CC4)cc2CC3)ccc1CNC(=O)c1noc(C(C)(C)C)n1,-0.104577453960592
COc1cc2c(Oc3ccc(NC(=O)C4(C(=O)Nc5ccc(F)cc5)CC4)cc3F)ccnc2cc1OCCOCCOCCOc1cc(-c2scnc2C)ccc1CNC(=O)[C@@H]1C[C@@H](O)CN1C(=O)[C@H](C(C)C)N1Cc2ccccc2C1=O,1.6618126855372612
COc1cc(-c2cn(C)c(=O)c3cnccc23)cc(OC)c1C(=O)N1CCC2(CC1)CC(CN1Cc3cc4c(cc3C1)C(=O)N(C1CCC(=O)NC1=O)C4)C2,1.0170333392987805
CC(C)c1c(C(=O)Nc2ccccc2)c(-c2cccc(OCCCc3cn(CCCCCCCOCC#Cc4cccc5c4CN(C4CCC(=O)NC4=O)C5=O)nn3)c2)c(-c2ccc(F)cc2)n1CC[C@@H](O)C[C@@H](O)CC(=O)O,2.845098040014257
NC(=O)c1c(-c2ccc(Oc3ccccc3)cc2)nn2c1Nc1cc(N3CCN(CC4CCN(c5ccc6c(c5)C(=O)N(C5CCC(=O)NC5=O)C6=O)CC4)CC3)ccc1CC2,1.4456042032735976
Cc1c(C(=O)Nc2cn(C)cn2)ccc(-c2nn3c(c2C(N)=O)Nc2ccc(N4CCN(CCc5cc(F)c(C6CCC(=O)NC6=O)c(F)c5)CC4)cc2CC3)c1F,0.2121876044039577
O=C(CCCCN1CCN(c2ccc(Nc3ncc4ncc(=O)n(C5CCCC5)c4n3)cc2)CC1)NCCNc1cccc2c1C(=O)N(C1CCC(=O)NC1=O)C2=O,1.021189299069938
Cc1ccccc1C1(C(=O)NC(Cc2cn(-c3ccc(-c4ccc(C#N)cc4)cc3)nn2)C(=O)NC2CCN(CCCCCOc3cccc4c3C(=O)N(C3CCC(=O)NC3=O)C4=O)CC2)CC1,1.255272505103306
Cc1ccc2nc(-c3ccc(NCCOCCOCCOCCNC(=O)COc4cccc5c4C(=O)N(C4CCC(=O)NC4=O)C5=O)cc3)sc2c1,3.611723308007342
O=C1CC[C@H](N2Cc3c(ccc4c3OC[C@H]3CN(CC5CCC6(CCN(c7ccc([C@@H]8c9ccc(O)cc9CC[C@@H]8c8ccccc8)cc7)CC6)OC5)CCN43)C2=O)C(=O)N1,0.7708520116421442
O=C1CC[C@H](N2Cc3c(ccc4c3OCC43CCN(CC(=O)N4CCC5(CCN(c6ccc([C@@H]7c8ccc(O)cc8CC[C@@H]7c7ccccc7)cc6)CC5)C4)CC3)C2=O)C(=O)N1,-1.3777859770337046
NC(=O)c1cccc2cn(-c3ccc([C@@H]4CCCN(C(=O)COCCOCCOCCOCCNc5ccc6c(c5)C(=O)N(C5CCC(=O)NC5=O)C6=O)C4)cc3)nc12,1.7781512503836436
CCCS(=O)(=O)Nc1ccc(F)c(-n2cc(-c3cncnc3)c3nc(N(C)C4CCN(CC(=O)NCCCOCCCCOCCCNc5cccc6c5C(=O)N(C5CCC(=O)NC5=O)C6=O)CC4)ccc32)c1F,1.3979400086720375
COc1cc(-c2cn(C)c(=O)c3cnccc23)cc(OC)c1CN1CCN(CCCCCOc2cc(-c3scnc3C)ccc2CNC(=O)[C@@H]2C[C@@H](O)CN2C(=O)[C@@H](NC(=O)C2(F)CC2)C(C)(C)C)CC1,0.2455126678141498
Cc1ncsc1-c1ccc(CNC(=O)[C@@H]2C[C@@H](O)CN2C(=O)[C@@H](NC(=O)COCCOCCOCCNC(=O)c2ccc(=O)n(CCOCCOCCOCC(=O)N[C@H](C(=O)N3C[C@H](O)C[C@H]3C(=O)NCc3ccc(-c4scnc4C)cc3)C(C)(C)C)c2)C(C)(C)C)cc1,2.342422680822206
CN1CCN([C@@H]2CCCN(c3cnc(C(N)=O)c(Nc4ccc(N5CCC6(CCN(c7ccc8c(c7)C(=O)N([C@H]7CCC(=O)NC7=O)C8=O)CC6)CC5)nc4)n3)C2)C1=O,0.6334684555795865
NC(=O)c1c(-c2ccc(Oc3ccccc3)cc2)nn2c1Nc1cc(C3CCN(CC4CCN(c5ccc(NC6CCC(=O)NC6=O)cc5)CC4)CC3)ccc1CC2,1.839729375206388
NC(=O)c1cccc2cn(-c3ccc([C@@H]4CCCN(C(=O)C5CCN(CC6CN(c7ccc8c(c7)C(=O)N(C7CCC(=O)NC7=O)C8=O)C6)CC5)C4)cc3)nc12,4.279894980011638
CC(=O)N1CCc2c(c(-c3cccc4cc(-c5ccc(C(=O)NCCNc6ccc7c(c6)CN(C6CCC(=O)NC6=O)C7=O)nc5)ncc34)nn2C2CCOCC2)C1,0.041392685158225
C[C@@H](OP(=O)(O)O)[C@@H]1NC(=O)[C@H](Cc2cncn2CCCCCCCCc2ccccc2)NC(=O)[C@@H](NC(=O)CCCCCNC(=O)[C@H](CCCNC(=N)N)NC(=O)[C@H](CCCNC(=N)N)NC(=O)[C@H](CCCNC(=N)N)NC(=O)[C@H](CCCNC(=N)N)NC(=O)[C@H](CCCNC(=N)N)NC(=O)[C@H](CCCNC(=N)N)NC(=O)[C@H](CCCNC(=N)N)NC(=O)[C@H](CCCNC(=N)N)NC(=O)[C@H](CCCNC(=N)N)NC(=O)[C@H](CCCNC(=N)N)NC(=O)[C@H](CCCNC(=N)N)NC(=O)[C@@H](N)CCCNC(=N)N)CCC(=O)NCCCC[C@@H](C(N)=O)NC1=O,3.397940008672037
Cc1ccc(-n2nc3c(=O)n(CCCC(=O)NCCOCCOCCNc4cccc5c4C(=O)N(C4CCC(=O)NC4=O)C5=O)nc(C)c3c2C)cc1,4.477121254719663
COc1ccccc1C(=O)NCc1ccc(-c2nn3c(c2C(N)=O)Nc2ccc(N4CCN(CC5CCN(c6ccc(N7CCC(=O)NC7=O)cc6)CC5)CC4)cc2CC3)cc1C,0.9633155113861112
COc1cc(/C=C/C(=O)N2CCC=CC2=O)cc(OC)c1OCCCCCCCCNC(=O)CN1CCC(C(=O)Nc2ncc(SCc3ncc(C(C)(C)C)o3)s2)CC1,2.008600171761917
CC(=O)N[C@H](C(=O)N1C[C@H](O)C[C@H]1C(=O)NCc1ccc(-c2scnc2C)cc1OCCCCCCCCCCCC(=O)Nc1ccc(C(=O)Nc2ccccc2N)cc1)C(C)(C)C,3.1398790864012365
Cc1ncsc1-c1ccc([C@H](C)NC(=O)[C@@H]2C[C@@H](O)CN2C(=O)[C@@H](NC(=O)CCOCCOCCn2cc(-c3cc(-c4ccccc4O)nnc3N)cn2)C(C)(C)C)cc1,2.4955443375464483
Cn1cc(-c2ccnc(-n3ncc4cc(C(C)(C)C)cc(F)c4c3=O)c2CO)cc(Nc2cc3n(n2)CCN(C(=O)CCOCCCc2cccc4c2CN([C@H]2CCC(=O)NC2=O)C4=O)C3)c1=O,1.6989700043360187
COc1ccccc1C(=O)NCc1cc(F)c(-c2nn3c(c2C(N)=O)Nc2ccc(N4CCN(CC5CCN(c6ccc(N7CCC(=O)NC7=O)cc6)CC5)CC4)cc2CC3)cc1C,0.9912260756924948
Cc1ncsc1-c1ccc(CNC(=O)[C@@H]2C[C@@H](O)CN2C(=O)[C@@H](NC(=O)COCCc2cc(N)cc(OCCNC(=O)C[C@@H]3N=C(c4ccc(Cl)cc4)c4c(sc(C)c4C)-n4c(C)nnc43)c2)C(C)(C)C)cc1,1.9294189257142929
COc1cc(OCCCCCCOCCCCCOCCCCCC(=O)N[C@H](C(=O)N2C[C@H](O)C[C@H]2C(=O)NCc2ccc(-c3scnc3C)cc2)C(C)(C)C)c(C)cc1-n1nnc(S(=O)(=O)c2ccc(C(C)(C)C)cc2)c1C,2.673941998634088
COc1ccc(C(F)(F)F)cc1C(=O)NCc1ccc(-c2nn3c(c2C(N)=O)Nc2ccc(N4CCN(CC5CCN(c6ccc(N7CCC(=O)NC7=O)cc6)CC5)CC4)cc2CC3)c(F)c1,0.2528530309798932
Cc1nc(Nc2ncc(C(=O)Nc3c(C)cccc3Cl)s2)cc(N2CCN(CCCC(=O)N3CCN(c4ccc5c(c4)C(=O)N(C4CCC(=O)NC4=O)C5=O)CC3)CC2)n1,-0.0969100130080563
Cc1ncc(-c2ccc3nc(NC(=O)CCOCCOCCOCCC(=O)N[C@H](C(=O)N4C[C@H](O)C[C@H]4C(=O)NCc4ccc(-c5scnc5C)cc4)C(C)(C)C)sc3c2)cc1NC(=O)OC1CCCCC1,5.041392685158225
CN1CCN([C@@H]2CCCN(c3cnc(C(N)=O)c(Nc4ccc(C5CCN(CC6CN(c7ccc8c(c7)C(=O)N([C@@H]7CCC(=O)NC7=O)C8=O)C6)CC5)cc4)n3)C2)C1=O,-0.0969100130080563
C[C@@H]1Cc2c(ccc3[nH]ncc23)[C@@H](c2ccc(N3CCC4(CCN(C(=O)CN5Cc6cc7c(cc6C5)C(=O)N(C5CCC(=O)NC5=O)C7=O)CC4)CC3)cn2)N1CC(F)(F)F,0.5797835966168101
CN1CCN([C@@H]2CCCN(c3cnc(C(N)=O)c(Nc4cnn(C5CCN(CC6CCN(c7ccc8c(c7)C(=O)N([C@@H]7CCC(=O)NC7=O)C8=O)CC6)CC5)c4)n3)C2)C1=O,-0.2006594505464183
CC(C)(C)[C@H](NC(=O)c1cc2cc(C(F)(F)P(=O)(O)O)ccc2s1)C(=O)N1C[C@@H](OCCCCCCNc2cccc3c2CN(C2CCC(=O)NC2=O)C3=O)C[C@H]1C(=O)N1CCO[C@H](c2ccccc2)C1,1.740362689494244
CC1(C)C(=O)N(c2ccc(C#N)c(C(F)(F)F)c2)C(=S)N1c1ccc(OCCOCCOCCOCCOc2cccc3c2CN([C@H]2CCC(=O)NC2=O)C3=O)cc1,1.0
COc1ccc(C(=O)O)cc1OCc1ccc(C(=O)NCCCCNc2cccc3c2C(=O)N(C2CCC(=O)NC2=O)C3=O)cc1,2.075546961392531
NC(=O)c1cccc2cn(-c3ccc(C4CCCN(c5cccc6c5C(=O)N(C5CCC(=O)NC5=O)C6=O)C4)cc3)nc12,2.40226138245468
CCC[C@H](CC)Oc1ccc(C(C)(C)C)cc1NC(=O)c1nnn(-c2cc(OC)c(OCCCCCCOCCOCC(=O)N[C@H](C(=O)N3C[C@H](O)C[C@H]3C(=O)NCc3ccc(-c4scnc4C)cc3)C(C)(C)C)cc2OC)c1C,1.9375178920173464
Cc1ncsc1-c1ccc(C(C)NC(=O)[C@@H]2C[C@@H](O)CN2C(=O)[C@@H](NC(=O)COCCCCCOc2cccc(O)c2C(=O)NC(=O)NC2CCCCC2)C(C)(C)C)cc1,1.6499187187354192
Cc1ncsc1-c1ccc([C@H](C)NC(=O)[C@@H]2C[C@@H](O)CN2C(=O)[C@@H](NC(=O)c2cccc(N3CCN(c4cc(-c5ccccc5O)nnc4N)CC3)n2)C(C)(C)C)cc1,1.977723605288848
CC(=O)c1c(C)c2cnc(Nc3ccc(N4CCN(CCCCCCC(=O)N5CCC[C@H]5C(=O)N[C@H]5CC(=O)NC5=O)CC4)cn3)nc2n(C2CCCC2)c1=O,1.0
COc1cc(-c2cn(C(C)C)c(=O)c3cnccc23)cc(OC)c1C(=O)N1CCC2(CCC(CN3Cc4cc5c(cc4C3)C(=O)N(C3CCC(=O)NC3=O)C5=O)CC2)CC1,3.401572845676446
COc1cc(F)ccc1C(=O)NCc1ccc(-c2nn3c(c2C(N)=O)Nc2ccc(N4CCN(CC5CCN(c6ccc(N7CCC(=O)NC7=O)cc6)CC5)CC4)cc2CC3)cc1C,0.72916478969277
Cc1nc(Nc2ncc(C(=O)Nc3c(C)cccc3Cl)s2)cc(N2CCN(CCSc3cccc4c3C(=O)N(C3CCC(=O)NC3=O)C4=O)CC2)n1,-0.744727494896694
Cc1ncsc1-c1ccc(CNC(=O)[C@@H]2[C@H](F)[C@@H](O)CN2C(=O)[C@@H](NC(=O)COCCOCCOCCNC(=O)C[C@@H]2N=C(c3ccc(Cl)cc3)c3c(sc(C)c3C)-n3c(C)nnc32)C(C)(C)C)cc1,3.4771212547196626
CC(=O)N1CCc2c(c(N3CCCc4cc(Br)c(C(F)F)cc43)nn2C2CCN(C(=O)CN3Cc4cc5c(cc4C3)C(=O)N(C3CCC(=O)NC3=O)C5=O)CC2)C1,1.806179973983887
Cc1cccc(NC(=O)c2ccc(-c3nn4c(c3C(N)=O)Nc3ccc(N5CCN(Cc6ccc7c(c6)oc(=O)n7C6CCC(=O)NC6=O)CC5)cc3CC4)c(F)c2C)n1,0.167317334748176
Cc1nc(Nc2ncc(C(=O)Nc3c(C)cccc3Cl)s2)cc(N2CCN(CCCNC(=O)COc3ccc(C4CCC(=O)NC4=O)cc3)CC2)n1,0.7781512503836436
NC(=O)c1cccc2cn(-c3ccc([C@@H]4CCCN(C(=O)CC5CCN(CCC6CCN(CC7CCN(c8ccc9c(c8)C(=O)N(C8CCC(=O)NC8=O)C9=O)CC7)CC6)CC5)C4)cc3)nc12,1.6020599913279625
COc1ccc(C(=O)O)cc1OCc1ccc(C(=O)NCCNc2cccc3c2C(=O)N(C2CCC(=O)NC2=O)C3=O)cc1,1.7242758696007892
COc1cc(OC)cc(N(CCNC(C)C)c2ccc3ncc(-c4cnn(CCCCCC(=O)NCCNc5cccc6c5C(=O)N(C5CCC(=O)NC5=O)C6=O)c4)nc3c2)c1,1.549003262025788
CC(C)(C)[C@H](NC(=O)c1cc2cc(C(F)(F)P(=O)(O)O)ccc2s1)C(=O)N1CCC[C@H]1C(=O)N(CCC(=O)NCCCC#Cc1cccc2c1CN(C1CCC(=O)NC1=O)C2=O)c1ccc2ccccc2c1,2.322219294733919
Cc1sc2c(c1C)C(c1ccc(Cl)cc1)=N[C@@H](CC(=O)NCCCCCCCCNC(=O)C(c1ccc(CNc3cccc4c3CN(C3CCC(=O)NC3=O)C4=O)cc1)N1CCOCC1)c1nnc(C)n1-2,0.785329835010767
O=C1CCC(N2C(=O)c3cc4c(cc3C2=O)CN(CC2CCN(CC3CN(c5ccc([C@@H]6c7ccc(O)cc7CC[C@@H]6c6ccccc6)cc5)C3)CC2)C4)C(=O)N1,1.2787536009528289
NC(=O)c1c(-c2ccc(Oc3ccccc3)cc2)nn2c1Nc1cc(C3CCN(CC4CCN(c5ccc(N6CCC(=O)NC6=O)cc5)CC4)CC3)ccc1CC2,0.8280150642239769
CN[C@@H](C)C(=O)N[C@H](C(=O)N1CCC[C@H]1c1nc(C(=O)c2ccc(F)cc2)cs1)C1CCN(CCCC(=O)N2CCC[C@@H](n3nc(-c4ccc(Oc5ccc(F)cc5F)cc4)c(C(N)=O)c3N)C2)CC1,3.6720978579357175
Cc1ncsc1-c1ccc([C@H](C)NC(=O)[C@@H]2C[C@@H](O)CN2C(=O)[C@@H](NC(=O)COCCOCCOCCOc2cc(F)c([C@@H]3c4[nH]c5ccccc5c4C[C@@H](C)N3CC(C)(C)F)c(F)c2)C(C)(C)C)cc1,-0.5228787452803376
Cc1sc2c(c1C)C(c1ccc(Cl)cc1)=N[C@@H](CC(=O)NCC1CCN(c3ccc(C(=O)NC4CCC(=O)NC4=O)c(F)c3)CC1)c1nnc(C)n1-2,0.6720978579357175
Cc1nc(Nc2ncc(C(=O)Nc3c(C)cccc3Cl)s2)cc(N2CCN(C(=O)CCCNc3cccc4c3C(=O)N(C3CCC(=O)NC3=O)C4=O)CC2)n1,0.8920946026904804
COc1ccc(OC)c(-n2nnc(C(=O)Nc3cc(OCCCCCCOCCOCC(=O)N[C@H](C(=O)N4C[C@H](O)C[C@H]4C(=O)NCc4ccc(-c5scnc5C)cc4)C(C)(C)C)cc(C(C)(C)C)c3)c2C)c1,2.9474337218870508
C[C@@H]1Cc2c([nH]c3ccccc23)[C@@H](c2cnc(N3CCC4(CC3)CC(CN3CC5(CCN(c6ccc7c(c6)CN(C6CCC(=O)NC6=O)C7=O)CC5)C3)C4)nc2)N1CC(C)(C)F,-0.3979400086720376
O=C1CCC(N2C(=O)c3cc4c(cc3C2=O)CN(C(=O)C2CCN(CC3CCN(c5ccc([C@@H]6c7ccc(O)cc7CC[C@@H]6c6ccccc6)cc5)CC3)CC2)C4)C(=O)N1,0.9867717342662448
CC(C)(C)[C@H](NC(=O)c1cc2cc(C(F)(F)P(=O)(O)O)ccc2s1)C(=O)N1CCC[C@H]1C(=O)N(CCC(=O)NCCCC#Cc1cccc2c1CN(C1CCC(=O)NC1=O)C2=O)c1ccc(I)cc1,2.724275869600789
CCOc1cc(-c2ccc(N3CCC(CN(C)C(=O)CCCCN4CCN(c5ccc6c(c5)C(=O)N(C5CCC(=O)NC5=O)C6)CC4)(NC(=O)c4cc(F)ccc4F)CC3)nc2)c2c(C#N)cnn2c1,0.1760912590556812
Cc1ccc(C(CC(=O)O)c2cc(OCCCCCCCNc3cccc4c3C(=O)N(C3CCC(=O)NC3=O)C4=O)c3c(c2)nnn3C)cc1CN1C[C@@H](C)Oc2ccccc2S1(=O)=O,1.041392685158225
O=C1CCC(N2C(=O)c3cccc(NCCOCCOCCOCCOCCOCCNC(=O)N[C@H]4CC[C@@H](Nc5ncnc6[nH]cc(C(=O)c7ccc(Oc8ccccc8)cc7Cl)c56)CC4)c3C2=O)C(=O)N1,1.6222140229662954
C[C@@H]1Cc2c(ccc3[nH]ncc23)[C@@H](c2ccc(N3CCC4(CCN(C(=O)CN5Cc6cc7c(cc6C5)C(=O)N(C5CCC(=O)NC5=O)C7=O)CC4)CC3)cn2)N1CC(F)F,1.146128035678238
CCOc1cc(-c2ccc(N3CCC(CN4CCN(C(=O)CCN5CCC(c6ccc7c(c6)C(=O)N([C@H]6CCC(=O)NC6=O)C7)CC5)CC4)(NC(=O)c4cc(F)ccc4F)CC3)nc2)c2c(C#N)cnn2c1,-0.7958800173440752
CC(=O)N1CCc2c(c(N3CCCc4cc(-c5cnn(C)c5)c(C(F)F)cc43)nn2C2CCN(C3CC4(CCN(c5ccc6c(c5)C(=O)N(C5CCC(=O)NC5=O)C6=O)CC4)C3)CC2)C1,0.041392685158225
CNC(=O)c1ccccc1Nc1cc(Nc2ccc(N3CCN(CC(=O)N[C@H](C(=O)N4C[C@H](O)C[C@H]4C(=O)N[C@@H](C)c4ccc(-c5scnc5C)cc4)C(C)(C)C)CC3)cc2OC)ncc1C(F)(F)F,0.6020599913279624
NC(=O)c1cccc2cn(-c3ccc([C@@H]4CCCN(C(=O)COCCOCCOCCOCCOCCNc5ccc6c(c5)C(=O)N(C5CCC(=O)NC5=O)C6=O)C4)cc3)nc12,4.280805928393667
C=CC(=O)Nc1cc2c(Nc3ccc(F)c(Cl)c3)ncnc2cc1OCCCN1CCN(C(=O)CCCCCNc2cccc3c2C(=O)N(C2CCC(=O)NC2=O)C3=O)CC1,2.0
CN1CCN([C@@H]2CCCN(c3cnc(C(N)=O)c(Nc4ccc(C5CCN(C[C@H]6CCN(c7ccc8c(c7)C(=O)N([C@@H]7CCC(=O)NC7=O)C8=O)C6)CC5)cc4)n3)C2)C1=O,0.1760912590556812
Cc1ncsc1-c1ccc([C@H](C)NC(=O)[C@@H]2C[C@@H](O)CN2C(=O)[C@@H](c2cc(OCCN3CCC(O[C@H]4C[C@H](Oc5cc(N6C7CCC6CN(c6cc(-c8ccccc8O)nnc6N)C7)ccn5)C4)CC3)no2)C(C)C)cc1,-1.031517051446065
O=C1CCC(N2C(=O)c3cccc(NC(=O)CCCCCn4cc(CN5CCN(c6ccc(Nc7ncc8ncc(=O)n(C9CCCC9)c8n7)cc6)CC5)nn4)c3C2=O)C(=O)N1,1.212187604403958
CC(=O)N1CCc2c(c(-c3cccc4cc(-c5ccc(C(=O)N6CC7(CC(Nc8cccc9c8C(=O)N(C8CCC(=O)NC8=O)C9=O)C7)C6)nc5)ncc34)nn2C2CCOCC2)C1,-0.5228787452803376
CC(C)(C)[C@H](NC(=O)c1cc2cc(C(F)(F)P(=O)(O)O)ccc2s1)C(=O)N1CCC[C@H]1C(=O)N(CCC(=O)N1CC(CCC#Cc2cccc3c2CN(C2CCC(=O)NC2=O)C3=O)C1)c1ccc(Br)cc1,3.6232492903979
Cc1ncsc1-c1ccc(CNC(=O)[C@@H]2C[C@@H](O)CN2C(=O)[C@@H](NC(=O)CCCCCCCCOCC(=O)Nc2ccc(C(=O)Nc3ccccc3N)cc2)C(C)(C)C)cc1,2.806179973983887
COc1cnccc1C(=O)NCc1ccc(-c2nn3c(c2C(N)=O)Nc2ccc(N4CCN(CC5CCN(c6ccc(N7CCC(=O)NC7=O)cc6)CC5)CC4)cc2CC3)cc1C,0.9009130677376692
O=C1CCC(N2C(=O)c3cccc(NCCCCCCCC(=O)Nc4ccc(N5Cc6ccc(O)cc6OC5=O)cc4)c3C2=O)C(=O)N1,2.0
Cc1cc([C@H](C(=O)N2C[C@H](O)C[C@H]2C(=O)N[C@@H](CC(=O)NCCOCCOCCOCCNC(=O)C[C@@H]2N=C(c3ccc(Cl)cc3)c3c(sc(C)c3C)-n3c(C)nnc32)c2ccc(Cl)cc2)C(C)C)on1,3.041392685158225
CCc1cccc2cc(O)cc(-c3ncc4c(N5C[C@H]6CC[C@@H](C5)N6)nc(OC[C@@H]5CCCN5CCCCCC(=O)N[C@H](C(=O)N5C[C@H](O)C[C@H]5C(=O)N[C@@H](C)c5ccc(-c6scnc6C)cc5)C(C)(C)C)nc4c3F)c12,3.0806264869218056
N#Cc1ccc(N2CCC3(CCN(c4ccc(C(=O)N5CCC(CCN6CCc7cc8c(cc7C6)C(=O)N(C6CCC(=O)NC6=O)C8=O)CC5)cc4)CC3)C2)cc1Cl,2.096910013008056
O=C1CC[C@H](N2Cc3c(ccc4c3OCC43CCN(CC(=O)N4CCC5(CC4)CCN(c4ccc([C@@H]6c7ccc(O)cc7CC[C@@H]6c6ccccc6)cc4)CC5)CC3)C2=O)C(=O)N1,-1.4391373052725351
Nc1ncnc2c1c(-c1ccc(Oc3ccccc3)cc1)nn2C1CCN(C(=O)CN2CCN(CC3CN(c4ccc5c(c4)C(=O)N(C4CCC(=O)NC4=O)C5=O)C3)CC2)CC1,1.27600198996205
Cc1ncsc1-c1ccc(CNC(=O)[C@@H]2C[C@@H](O)CN2C(=O)[C@@H](NC(=O)CCOCCCOc2ccc(Nc3ncc(C(F)(F)F)c(NCc4cccc(N(C)S(C)(=O)=O)c4)n3)cc2)C(C)(C)C)cc1,0.6020599913279624
CC(C)S(=O)(=O)c1ccccc1Nc1nc(Nc2ccc(N3CCN(C(=O)CCC(=O)Nc4cccc5c4C(=O)N(C4CCC(=O)NC4=O)C5=O)CC3)cc2)nc2[nH]cnc12,1.6232492903979006
CC(=O)c1c(C)c2cnc(Nc3ccc(N4CCN(CC(=O)NCCOCCOCCOCCNc5cccc6c5C(=O)N(C5CCC(=O)NC5=O)C6=O)CC4)cn3)nc2n(C2CCCC2)c1=O,2.100370545117563
Cc1cc(-c2c[nH]c3ncc(-c4ccc(C5CCN(C6CN(c7cccc8c7C(=O)N(C7CCC(=O)NC7=O)C8=O)C6)CC5)cc4)nc23)ccc1C(=O)N(C)C,2.1832698436828046
Nc1ncnc2c1c(-c1noc(C3CC3)c1-c1ccccn1)nn2[C@H]1C[C@H](C(=O)NCCCCCCN2CCN(c3ccc4c(c3)CN(C3CCC(=O)NC3=O)C4=O)CC2)C1,-0.2076083105017461
COC(=O)C1=CC[C@@]23CC[C@H]([C@@](C)(/C=C/C=C(\C)C(=O)NCCNc4cccc5c4C(=O)N(C4CCC(=O)NC4=O)C5=O)OC2=O)[C@@]3(OC(C)=O)CC1,3.827369273053825
CCc1nc(C(N)=O)c(Nc2ccc(N3CCC(N4CCN(C(=O)CNc5cccc6c5C(=O)N(C5CCC(=O)NC5=O)C6=O)CC4)CC3)c(OC)c2)nc1NC1CCOCC1,-0.0087739243075051
CC(=O)N1CCc2c(c(N3CCCc4cc(-c5ccn(C)n5)c(C(F)F)cc43)nn2C2CCC(N3Cc4cc5c(cc4C3)C(=O)N(C3CCC(=O)NC3=O)C5=O)CC2)C1,1.1139433523068367
Cc1ncsc1-c1ccc(CNC(=O)[C@@H]2C[C@H](O)CN2C(=O)[C@@H](NC(=O)COCCOCC(=O)N2CCN(c3ccc(Nc4nc(Nc5ccccc5S(=O)(=O)C(C)C)c5nc[nH]c5n4)cc3)CC2)C(C)(C)C)cc1,2.996949248495381
CC(=O)N1CCc2c(c(N3CCCc4cc(-c5cccs5)c(C(F)F)cc43)nn2C2CCN(C(=O)CN3Cc4cc5c(cc4C3)C(=O)N(C3CCC(=O)NC3=O)C5=O)CC2)C1,1.380211241711606
O=C1CCC(N2C(=O)c3cccc(NCCOCCOCCN4CCN(c5ccc(Nc6ncc7ncc(=O)n(C8CCCC8)c7n6)cc5)CC4)c3C2=O)C(=O)N1,2.746011107751926
O=C1CCC(N2C(=O)c3cccc(OCCCCCCCn4cc(CCCCCCCN5CCC(NC(=O)c6[nH]ncc6NC(=O)c6c(Cl)cccc6Cl)CC5)nn4)c3C2=O)C(=O)N1,1.7781512503836436
Cc1sc2c(c1C)C(c1ccc(Cl)cc1)=N[C@@H](CC(=O)Nc1ccc(OCCOCCOCCOCCNc3cccc4c3C(=O)N(C3CCC(=O)NC3=O)C4=O)cc1)c1nnc(C)n1-2,0.7781512503836436
COc1cccc(OC)c1C(=O)NCc1ccc(-c2nn3c(c2C(N)=O)Nc2ccc(N4CCN(CC5CCN(c6ccc(N7CCC(=O)NC7=O)cc6)CC5)CC4)cc2CC3)cc1,-0.4647058799572294
CCc1cccc(NC(=O)c2ccc(-c3nn4c(c3C(N)=O)Nc3ccc(N5CCN(CC6CCN(c7ccc(N8CCC(=O)NC8=O)cc7)CC6)CC5)cc3CC4)c(F)c2C)n1,0.7528164311882715
CCOc1cc(-c2ccc(N3CCC(CN4CCN(C(=O)CCN5CCC(c6ccc7c(c6)C(=O)N([C@@H]6CCC(=O)NC6=O)C7)CC5)CC4)(NC(=O)c4cc(F)ccc4F)CC3)nc2)c2c(C#N)cnn2c1,-0.2146701649892329
Cc1c(Cl)cc(NC(=O)CCc2ccc3c(c2)C(=O)N(C2CCC(=O)NC2=O)C3)cc1CN1CCN(C2COC2)CC1,2.342422680822206
Cc1ncsc1-c1ccc(CNC(=O)[C@@H]2C[C@@H](O)CN2C(=O)[C@@H](NC(=O)C2(F)CC2)C(C)(C)C)c(OCCCCCCCCCCCC(=O)Nc2ccc(C(=O)Nc3ccccc3N)cc2)c1,2.6434526764861874
Cc1nc(NC(=O)c2ccc(-c3nn4c(c3C(N)=O)Nc3ccc(N5CCN(CC6CCN(c7ccc(N8CCC(=O)NC8=O)cc7)CC6)CC5)cc3CC4)c(F)c2C)ccc1F,0.5646660642520893
CC(=O)N1CCc2c(c(N3CCCc4cc(-c5cnn(C)c5)c(C(F)F)cc43)nn2[C@H]2CC[C@H](CN3CCN(c4cccc5c4C(=O)N(C4CCC(=O)NC4=O)C5=O)CC3)CC2)C1,2.845098040014257
Cc1c(C(=O)Nc2cscn2)ccc(-c2nn3c(c2C(N)=O)Nc2ccc(N4CCN(CC5CCN(c6cccc(CN7CCC(=O)NC7=O)c6)CC5)CC4)cc2CC3)c1F,0.4345689040341987
Nc1ncnc2c1c(-c1ccc(Oc3ccccc3)cc1)nn2C1CCN(C(=O)CCOCCOCCOCCOCCOCCNc2cccc3c2C(=O)N([C@@H]2CCC(=O)NC2=O)C3=O)CC1,1.505149978319906
C[C@H](NC(=O)c1ccc2c(-c3ccc(C(F)(F)F)cc3)cccc2c1)c1cccc(NCCOCCOCCOCCNc2cccc3c2C(=O)N(C2CCC(=O)NC2=O)C3=O)n1,1.5987905067631152
COc1cc(N2CCN(CC3CN(c4ccc5c(c4)C(=O)N([C@H]4CCC(=O)NC4=O)C5=O)C3)CC2)ccc1Nc1ncc(Cl)c(Nc2ccccc2P(C)(C)=O)n1,1.0
Cc1ncsc1-c1ccc([C@H](C)NC(=O)[C@@H]2C[C@@H](O)CN2C(=O)[C@@H](NC(=O)CCCOc2ccc(/C=N/NC(=O)c3ccc(Oc4c(-c5ccc(O)cc5)sc5cc(O)ccc45)cc3)cc2)C(C)(C)C)cc1,0.7160033436347992
NS(=O)(=O)c1ccc(C(=O)NCCCOCCCCOCCCNc2cccc3c2C(=O)N(C2CCC(=O)NC2=O)C3=O)cc1,0.6989700043360189
O=C(CCC(=O)N1CCN(Cc2ccc(NC(=O)c3[nH]ncc3Nc3ncnc4[nH]ccc34)cc2)CC1)NCCNc1cccc2c1C(=O)N(C1CCC(=O)NC1=O)C2=O,1.792391689498254
COCCN(C)Cc1cc(NC(=O)CCc2ccc3c(c2)C(=O)N(C2CCC(=O)NC2=O)C3)cc(Cl)c1C,1.5440680443502757
CN1CCN([C@@H]2CCCN(c3cnc(C(N)=O)c(Nc4ccc(C5CCN(CCCNc6cccc7c6C(=O)N([C@@H]6CCC(=O)NC6=O)C7=O)CC5)cc4)n3)C2)C1=O,0.380211241711606
Cc1c(C(=O)Nc2cscn2)ccc(-c2nn3c(c2C(N)=O)Nc2ccc(N4CCN(C[C@H]5CCN(c6ccc(N7CCC(=O)NC7=O)cc6)C5)CC4)cc2CC3)c1F,0.5185139398778874
O=C(CCCO/N=C1/C(=C2/C(=O)N(Cc3cn(CCOCCNc4cccc5c4C(=O)N(C4CCC(=O)NC4=O)C5=O)nn3)c3ccccc32)Nc2ccccc21)NO,2.037027879755775
Cc1ncsc1-c1ccc([C@H](C)NC(=O)[C@@H]2C[C@@H](O)CN2C(=O)[C@@H](NC(=O)CCCCn2nc(C)c(/N=N/c3ccc(C(=O)N4CCN(S(=O)(=O)c5ccc(NC(=O)NCc6ccncc6)cc5)CC4)cc3)c2C)C(C)(C)C)cc1,2.3364597338485296
Cc1ncsc1-c1ccc([C@H](C)NC(=O)[C@@H]2C[C@@H](O)CN2C(=O)[C@@H](NC(=O)CCCCCCCCCN2CCN(S(=O)(=O)c3ccc(NC(=O)NCc4cccnc4)cc3)CC2)C(C)(C)C)cc1,0.1760912590556812
Nc1ncnc2c1c(-c1ccc(Oc3ccccc3)cc1)nn2C1CCN(CCCCOCCCCOCC(=O)Nc2ccc3c(c2)C(=O)N(C2CCC(=O)NC2=O)C3=O)CC1,1.0644579892269186
Cc1ncsc1-c1ccc(CNC(=O)[C@@H]2C[C@@H](O)CN2C(=O)[C@@H](NC(=O)COCCOc2cc(F)c([C@@H]3c4[nH]c5ccccc5c4C[C@@H](C)N3CC(C)(C)F)c(F)c2)C(C)(C)C)cc1,-0.2218487496163563
N#Cc1ccc(N[C@H]2CC[C@H](NC(=O)c3ccc(N4CCC(N5CCN(c6ccc7c(c6)C(=O)N(C6CCC(=O)NC6=O)C7=O)CC5)CC4)cc3)CC2)cc1Cl,-0.5228787452803376
N#Cc1ccc(O[C@H]2CC[C@H](NC(=O)c3ccc(N4CCN(C5CCN(c6ccc7c(c6)C(=O)N(C6CCC(=O)NC6=O)C7=O)CC5)CC4)cc3)CC2)cc1Cl,-0.5228787452803376
CNCCN1CCC(c2cc(CN(C)C(=O)c3cccc(Oc4ccc(CCC(=O)N5CCC(CN6CCC(CN7CCN(CC(=O)N[C@H](C(=O)N8C[C@H](O)C[C@H]8C(=O)N[C@@H](C)c8ccc(-c9scnc9C)cc8)C(C)(C)C)CC7)CC6)CC5)cc4)c3)ccn2)CC1,0.9444826721501688
Cc1cccc(NC(=O)c2ccc(-c3nn4c(c3C(N)=O)Nc3ccc(N5CCN(CC6CCN(c7ccc(N8CCC(=O)N(COC(=O)C(C)(C)C)C8=O)cc7)CC6)CC5)cc3CC4)c(F)c2C)n1,0.7972675408307164
Cc1ncsc1-c1ccc(CNC(=O)[C@@H]2C[C@@H](O)CN2C(=O)[C@@H](NC(=O)CCCCCCCCCC(=O)NCCN2CCN(Cc3cccc(-c4ccc(N5CCN(C)CC5)c(NC(=O)c5c[nH]c(=O)cc5C(F)(F)F)c4)c3)CC2)C(C)(C)C)cc1,2.4149733479708178
CCn1cc(-c2cc(OC)c(CN3CCC4(CCC(CN5Cc6cc7c(cc6C5)C(=O)N(C5CCC(=O)NC5=O)C7=O)CC4)CC3)c(OC)c2)c2ccncc2c1=O,2.3010299956639813
Cc1c(C(=O)Nc2cc(C(F)(F)F)ccn2)ccc(-c2nn3c(c2C(N)=O)Nc2ccc(N4CCN(CC5CCN(c6ccc(N7CCC(=O)NC7=O)cc6)CC5)CC4)cc2CC3)c1F,-0.3819519032879073
Cc1ccc(N(CCC(=O)NCCCC#Cc2cccc3c2CN(C2CCC(=O)NC2=O)C3=O)C(=O)[C@@H]2CCCN2C(=O)[C@@H](NC(=O)c2cc3cc(C(F)(F)P(=O)(O)O)ccc3s2)C(C)(C)C)cc1,2.4913616938342726
COc1cc(N2CCC(OCC(=O)N[C@H](C(=O)N3C[C@H](O)C[C@H]3C(=O)N[C@@H](C)c3ccc(-c4scnc4C)cc3)C(C)(C)C)CC2)ccc1NC(=O)c1cccc(-c2ccn[nH]2)n1,0.4771212547196624
C[C@@H]1CC2(CCN(c3ccc(C(=O)N4CCC(CN5Cc6cc7c(cc6C5)C(=O)N(C5CCC(=O)NC5=O)C7=O)CC4)cc3)CC2)CN1c1ccc(C#N)c(Cl)c1,2.5854607295085006
CC(=O)N1CCc2c(c(N3CCCc4cc(C5CC5)c(C(F)F)cc43)nn2C2CCN(C(=O)CN3Cc4cc5c(cc4C3)C(=O)N(C3CCC(=O)NC3=O)C5=O)CC2)C1,1.7160033436347992
Cn1cc(-c2c[nH]c3ncc(-c4ccc(N5CCC(CC6CCN(C(=O)c7ccc(Cl)c(N8CCC(=O)NC8=O)c7)CC6)CC5)nc4)nc23)cn1,0.9684829485539352
CN1CC[C@H]2CC[C@@H](C(=O)N[C@@H](CCC(N)=O)C(=O)N[C@H](C(=O)N3CCN(CCC#Cc4cccc5c4CN(C4CCC(=O)NC4=O)C5=O)CC3)c3ccccc3)N2C(=O)[C@@H](NC(=O)c2cc3cc(C(F)(F)P(=O)(O)O)ccc3s2)C1,3.397940008672037
Cc1cc(C)cc(COc2cc3c(cc2OCc2cc(C)cc(C)c2)[C@H]2C[C@](O)(Cc4cn(CCOCCOCCOCCNC(=O)[C@@H](CC(C)C)NC(=O)[C@@H](O)[C@H](N)Cc5ccccc5)nn4)C[C@H](C)N2CC3)c1,3.170261715394957
Cc1ncsc1-c1ccc(CNC(=O)[C@@H]2C[C@@H](O)CN2C(=O)[C@@H](NC(=O)CCCCCCCCCn2cc(CCCOC(=O)NCc3ccc(C(=O)Nc4ccccc4N)cc3)nn2)C(C)(C)C)cc1,3.453318340047037
CC(C)(O)c1cc2nc([C@H]3CC[C@H](CN4CC5(CC(CCNc6cccc7c6C(=O)N([C@@H]6CCC(=O)NC6=O)C7=O)C5)C4)CC3)sc2cc1NC(=O)c1cccc(C(F)(F)F)n1,1.2787536009528289
N#Cc1ccc(N2CCC(c3ccc(OCCCN4CCN(c5ccc6c(c5)CN(C5CCC(=O)NC5=O)C6=O)CC4)cc3)CC2)cc1C(F)(F)F,1.2041199826559248
Cc1cc(Nc2ncc(Cl)c(Nc3ccccc3S(=O)(=O)C(C)C)n2)c(OC(C)C)cc1C1CCN(CC(=O)NCC(=O)NCC(=O)NCCNc2cccc3c2C(=O)N(C2CCC(=O)NC2=O)C3=O)CC1,2.3710678622717363
O=C1CCC(N2C(=O)c3cc4c(cc3C2=O)CN(CC2CCN(C(=O)C3CCN(c5ccc([C@@H]6c7ccc(O)cc7CC[C@@H]6c6ccccc6)cc5)CC3)CC2)C4)C(=O)N1,1.1139433523068367
O=C1CCC(N2Cc3ccc(N4CCC(CCN5CCC(CC(=O)N[C@H]6CC[C@@H](Nc7ncnc8[nH]cc(C(=O)c9ccc(Oc%10ccccc%10)cc9Cl)c78)CC6)CC5)CC4)cc3C2=O)C(=O)N1,0.8692317197309762
O=C1CC[C@H](N2Cc3c(ccc4c3OC[C@H]3CN(CC(=O)N5CCN(c6ccc([C@@H]7c8ccc(O)cc8CC[C@@H]7c7ccccc7)cc6)CC5)CCN43)C2=O)C(=O)N1,-1.0
CCc1cccc2cc(O)cc(-c3ncc4c(N5C[C@H]6CC[C@@H](C5)N6)nc(OC[C@@H]5CCCN5CCC(=O)NCCC(=O)N[C@H](C(=O)N5C[C@H](O)C[C@H]5C(=O)N[C@@H](C)c5ccc(-c6scnc6C)cc5)C(C)(C)C)nc4c3F)c12,3.5812668052736707
CCCS(=O)(=O)Nc1ccc(F)c(-n2cc(-c3cncnc3)c3nc(N(C)C4CCN(C(=O)CCOCCOCCOCCOCCC(=O)N[C@H](C(=O)N5C[C@H](O)C[C@H]5C(=O)NCc5ccc(-c6scnc6C)cc5)C(C)(C)C)CC4)ccc32)c1F,2.0
Cn1c(=O)n(C2CCC(=O)NC2=O)c2cccc([C@H]3C[C@H](COC4CCN(C[C@H]5CC[C@H](n6cc(NC(=O)c7cnn8ccc(N9C[C@H]%10C[C@@H]9CO%10)nc78)c(C(F)F)n6)CC5)CC4)C3)c21,0.6989700043360189
CCOc1cc(-c2ccc(N3CCC(CN4CCN(C(=O)CCCCN5CCC(c6ccc7c(c6)C(=O)N(C6CCC(=O)NC6=O)C7)CC5)CC4)(NC(=O)c4cc(F)ccc4F)CC3)nc2)c2c(C#N)cnn2c1,0.1760912590556812
Cc1ncsc1-c1ccc(CNC(=O)[C@@H]2C[C@@H](O)CN2C(=O)[C@@H](NC(=O)C2(F)CC2)C(C)(C)C)c(OCCc2ccc(CN3CCN(c4cc(-c5ccccc5O)nnc4N)CC3)c(F)c2)c1,1.740362689494244
Cc1ccc(-n2nc3c(=O)n(CCCC(=O)NCCCCCCNc4cccc5c4C(=O)N(C4CCC(=O)NC4=O)C5=O)nc(C)c3c2C)cc1,4.176091259055681
Cc1cc(Nc2ncc(Cl)c(Nc3ccccc3S(=O)(=O)C(C)C)n2)c(OC(C)C)cc1C1CCN(C2CCN(CC3CN(c4cccc5c4C(=O)N([C@@H]4CCC(=O)NC4=O)C5=O)C3)CC2)CC1,2.1903316981702914
O=C1CC[C@H](N2Cc3c(ccc4c3OC[C@H]3CN(CC5CCC6(CC5)CCN(c5ccc([C@@H]7c8ccc(O)cc8CC[C@@H]7c7ccccc7)cc5)CC6)CCN43)C2=O)C(=O)N1,0.6720978579357175
O=C1CCC(N2C(=O)c3cc4c(cc3C2=O)CN(C2CCN(C(=O)C3CCN(c5ccc([C@@H]6c7ccc(O)cc7CC[C@@H]6c6ccccc6)cc5)CC3)CC2)C4)C(=O)N1,0.2041199826559248
O=C1CCC(N2C(=O)c3cccc(NCCOCCn4cc(CCCC(=O)N[C@@H]5CCN(c6ncc(C(=O)Nc7ccc(OC(F)(F)Cl)cc7)cc6-c6cc[nH]n6)C5)nn4)c3C2=O)C(=O)N1,2.6020599913279625
COc1cc2nc([C@H]3CC[C@H](CN4CC5(CC(CCNc6cccc7c6C(=O)N(C6CCC(=O)NC6=O)C7=O)C5)C4)CC3)oc2cc1NC(=O)c1cccc(C(F)(F)F)n1,2.278753600952829
CN1CCN([C@@H]2CCCN(c3cnc(C(N)=O)c(Nc4ccc(C5CCN(C[C@H]6CCN(c7ccc8c(c7)C(=O)N(C7CCC(=O)NC7=O)C8=O)C6)CC5)cc4)n3)C2)C1=O,-1.0
CC(=O)N1CCc2c(c(N3CCCc4cc(-c5cnn(C)c5)c(C(F)F)cc43)nn2C2CCN(C3CCN(c4ccc5c(c4)C(=O)N(C4CCC(=O)NC4=O)C5=O)CC3)CC2)C1,0.041392685158225
Cc1ccccc1C1(C(=O)NC(Cc2cn(-c3ccc(-c4ccc(C#N)cc4)cc3)nn2)C(=O)NC2CCN(CCCOc3cccc4c3C(=O)N(C3CCC(=O)NC3=O)C4=O)CC2)CC1,1.6127838567197357
CC(=O)N1CCc2c(c(N3CCCc4ccc(C(F)F)cc43)nn2C2CCN(C(=O)CN3Cc4cc5c(cc4C3)C(=O)N(C3CCC(=O)NC3=O)C5=O)CC2)C1,2.7151673578484576
NC(=O)c1c(-c2ccc(Oc3ccccc3)cc2)nn2c1Nc1ccc(NCC3CCN(c4ccc5c(c4)C(=O)N(C4CCC(=O)NC4=O)C5=O)CC3)cc1CC2,1.3138672203691537
CCOc1cc(C(C)(C)C)ccc1C1=N[C@@H](c2ccc(Cl)cc2)[C@@H](c2ccc(Cl)cc2)N1C(=O)N1CCN(CC#Cc2cccc3c2CN(C2CCC(=O)NC2=O)C3=O)CC1,1.3617278360175928
CCC[C@H](NC(=O)[C@@H]1[C@H]2CCC[C@H]2CN1C(=O)[C@@H](NC(=O)[C@@H](NC(=O)c1cnc(C(=O)NCCCCCCNc2cccc3c2CN(C2CCC(=O)NC2=O)C3=O)cn1)C1CCCCC1)C(C)(C)C)C(=O)C(=O)NC1CC1,2.8254261177678237
CCc1nc(C(N)=O)c(Nc2ccc(N3CCC(N4CCN(C(=O)COc5cccc6c5C(=O)N(C5CCC(=O)NC5=O)C6)CC4)CC3)c(OC)c2)nc1NC1CCOCC1,0.0043213737826425
Cn1c(=O)n([C@@H]2CCC(=O)NC2=O)c2cccc(C#CCOC3CCN(C[C@H]4CC[C@H](n5cc(NC(=O)c6cnn7ccc(N8C[C@H]9C[C@@H]8CO9)nc67)c(C(F)F)n5)CC4)CC3)c21,1.2041199826559248
CCc1cc2c(cc1N1CCC(N3CCN(C(=O)CNc4cccc5c4CN(C4CCC(=O)NC4=O)C5=O)CC3)CC1)C(C)(C)c1[nH]c3cc(C#N)ccc3c1C2=O,0.785329835010767
Cc1cc(-c2c[nH]c3ncc(-c4ccc(C5CCN(CC6CCN(c7ccc8c(c7)C(=O)N(C7CCC(=O)NC7=O)C8=O)CC6)CC5)cc4)nc23)ccc1C(=O)N(C)C,2.623352681537992
CN(CCCCc1cccc2c1C(=O)N(C1CCC(=O)NC1=O)C2=O)C[C@H]1CC[C@H](n2cc3cc(NC(=O)c4cccc(C(F)(F)F)n4)c(C(C)(C)O)cc3n2)CC1,1.3010299956639813
Cc1ncsc1-c1ccc([C@H](C)NC(=O)[C@@H]2C[C@@H](O)CN2C(=O)[C@@H](NC(=O)CCCCCN2CCN(c3ccc4c(C5CCN(C(=O)c6ccc(OC(F)(F)F)cc6N)CC5)ncnc4c3)CC2)C(C)(C)C)cc1,1.3222192947339193
Cc1ncsc1-c1ccc(CNC(=O)[C@@H]2C[C@@H](O)CN2C(=O)[C@@H](NC(=O)COCCCCOc2ccc(-c3ccc(N4C(=S)N(c5ccc(C#N)c(C(F)(F)F)c5)C(=O)C4(C)C)cc3)cc2)C(C)(C)C)cc1,0.6989700043360189
Cc1noc(C)c1-c1ccc2c(c1)nc([C@@H]1CCCC(=O)N1c1ccc(F)c(F)c1)n2[C@H]1CC[C@H](OCC(=O)N(C)C2CCN(c3ccc4c(c3)C(=O)N(C3CCC(=O)NC3=O)C4=O)CC2)CC1,1.424881636631067
O=C1CCC(N2C(=O)c3cccc(NCc4cn(CCCCCOc5ccc(Cn6ccc7ccc(C(=O)NO)cc76)cc5)nn4)c3C2=O)C(=O)N1,2.792391689498254
CN(CCCOCCCc1cccc2c1n(C)c(=O)n2C1CCC(=O)NC1=O)C[C@H]1CC[C@H](n2cc(NC(=O)c3cnn4ccc(N5C[C@H]6C[C@@H]5CO6)nc34)c(C(F)F)n2)CC1,0.9542425094393248
Cc1c(-c2nc(-c3ccccn3)no2)ccc(-c2nn3c(c2C(N)=O)Nc2ccc(N4CCN(CC5CCN(c6ccc(N7CCC(=O)NC7=O)cc6)CC5)CC4)cc2CC3)c1F,0.367355921026019
NC(=O)c1c(-c2ccc(Oc3ccccc3)cc2)nn2c1Nc1ccc(N3CCN(CCC4CCN(c5ccc(N6CCC(=O)NC6=O)cc5)CC4)CC3)cc1CC2,0.1172712956557642
Cc1ncsc1-c1ccc(CNC(=O)[C@@H]2C[C@@H](O)CN2C(=O)[C@@H](NC(=O)COCCCCCn2cc(COc3ccc(COC(=O)N[C@@H](CC(C)C)C(=O)N[C@@H](C[C@@H]4CCNC4=O)C(O)S(=O)(=O)[O][Na])cc3)nn2)C(C)C)cc1,3.1760912590556813
Cc1cc(-c2nn3c(c2C(N)=O)Nc2ccc(N4CCN(CC5CCN(c6ccc(N7CCC(=O)NC7=O)cc6)CC5)CC4)cc2CC3)ccc1CNC(=O)c1ccn(C(C)(C)C)n1,1.3564083270389813
Cc1cc(Cn2c(N3CC4(CNC4)C3)nc3c(N4CCN(CCCCCCCC(=O)N[C@H](C(=O)N5C[C@H](O)C[C@H]5C(=O)N[C@@H](C)c5ccc(-c6scnc6C)cc5)C(C)(C)C)CC4)cc(Cl)cc32)cc(C)c1F,2.176958980586908
Cc1nc(Nc2ncc(C(=O)Nc3c(C)cccc3Cl)s2)cc(N2CCN(CCCC(=O)N3CCC(CN4CCN(c5ccc(C6CCC(=O)NC6=O)cc5)CC4)CC3)CC2)n1,1.3996737214810382
C=C(F)C(=O)N1CCN(c2nc(OC[C@@H]3CCCN3CCC(=O)NCCC(=O)N[C@H](C(=O)N3C[C@H](O)C[C@H]3C(=O)NCc3ccc(-c4scnc4C)cc3)C(C)(C)C)nc3c2CCN(c2cccc4cccc(Cl)c24)C3)C[C@@H]1CC#N,2.806179973983887
CC(=O)c1c(C)c2cnc(Nc3ccc(N4CCN(CCOc5ccc(CN6CCC(c7ccc8c(c7)CN(C7CCC(=O)NC7=O)C8=O)CC6)cc5)CC4)cn3)nc2n(C2CCCC2)c1=O,1.0
CC(=O)N1c2ccc(-c3ccc(C(=O)NCCOCCOCCOCCOCC(=O)N[C@H](C(=O)N4C[C@H](O)C[C@H]4C(=O)NCc4ccc(-c5scnc5C)cc4)C(C)(C)C)cc3)cc2[C@H](Nc2ccc(Cl)cc2)C[C@@H]1C,1.3010299956639813
O=C1CCC(N2C(=O)c3cc4c(cc3C2=O)CN(CCCCCCC2CCN(c3ccc([C@@H]5c6ccc(O)cc6CC[C@@H]5c5ccccc5)cc3)CC2)C4)C(=O)N1,2.110589710299249
CCN(CC)C/C=C/C(=O)Nc1cc2c(Nc3ccc(F)c(Cl)c3)ncnc2cc1OCc1cn(CCCCCCCC(=O)N[C@H](C(=O)N2C[C@H](O)C[C@H]2C(=O)N[C@H](C)c2ccc(-c3scnc3C)cc2)C(C)(C)C)nn1,1.2535802895621828
CC(C)C[C@H](NC(=O)[C@H](Cc1ccccc1)NC(=O)c1ccc(NC(=O)COc2cccc3c2C(=O)N(C2CCC(=O)NC2=O)C3=O)cc1)B1OC2C[C@@H]3C[C@@H](C3(C)C)[C@]2(C)O1,2.204119982655925
NC(=O)c1c(-c2ccc(Oc3ccccc3)cc2)nn2c1Nc1ccc(CCC3CCN(c4ccc(NC5CCC(=O)NC5=O)cc4)CC3)cc1CC2,1.205204363948145
COc1cc(-c2cn(C)c(=O)c3cnccc23)cc(OC)c1CN1CC(N2Cc3cc4c(cc3C2)C(=O)N(C2CCC(=O)NC2=O)C4)C1,2.1583624920952498
COc1cc(N2CCC(N3CCN(CCC4CCN(c5ccc(N[C@H]6CCC(=O)NC6=O)cc5)CC4)CC3)CC2)ccc1Nc1ncc(Cl)c(Nc2ccccc2P(C)(C)=O)n1,1.7481880270062005
N#Cc1ccc(O[C@H]2CC[C@H](NC(=O)c3ccc(N4CCN(CC5CN(c6ccc7c(c6)C(=O)N(C6CCC(=O)NC6=O)C7=O)C5)CC4)cc3)CC2)cc1Cl,-0.5228787452803376
CC(=O)N1CCCN(c2nc(NCCc3cccs3)nc(N(C)CC(=O)NCCOCCOCCOCC(=O)N[C@H](C(=O)N3C[C@@H](O)C[C@@H]3C(=O)NCc3ccc(-c4scnc4C)cc3)C(C)(C)C)n2)CC1,0.8948696567452525
CN(CCCNc1cccc2c1C(=O)N(C1CCC(=O)NC1=O)C2=O)CC[C@H](CSc1ccccc1)Nc1ccc(S(=O)(=O)NC(=O)c2ccc(N3CCN(CC4=C(c5ccc(Cl)cc5)CCC(C)(C)C4)CC3)cc2)cc1S(=O)(=O)C(F)(F)F,1.0253058652647702
O=C1CCC(N2C(=O)c3cccc(NCCOCCOCCOCCOCCNC(=O)c4ccc(O)c5ncccc45)c3C2=O)C(=O)N1,2.237040791379191
Cc1cc([C@@H](C(=O)N2C[C@H](O)C[C@H]2C(=O)N[C@@H](CC(=O)NCCCCCCCn2cc(-c3cc(-c4ccccc4O)nnc3N)cn2)c2ccc(-c3scnc3C)cc2)C(C)C)on1,1.9822712330395684
CC(=O)N1CCc2c(c(N3CCCc4cc(-c5cnn(C)c5)c(C(F)F)cc43)nn2C2CCN(C3CN(c4ccc5c(c4)C(=O)N(C4CCC(=O)NC4=O)C5=O)C3)CC2)C1,0.1139433523068367
CCOc1cc(-c2ccc(N3CCC(CN4CCN(C(=O)CCN5CCC(c6ccc7c(c6)C(=O)N(C6CCC(=O)NC6=O)C7)CC5)CC4)(NC(=O)c4cc(F)ccc4F)CC3)nc2)c2c(C#N)cnn2c1,-0.1549019599857432
Cc1ncsc1-c1ccc(CNC(=O)[C@@H]2C[C@@H](O)CN2C(=O)[C@@H](NC(=O)CCCCOCCCCCOCCCCCCNc2cccc3c2C(=O)N(C2CCC(=O)NC2=O)C3=O)C(C)(C)C)cc1,0.1760912590556812
Cc1cccc(NC(=O)c2ncc(-c3nn4c(c3C(N)=O)Nc3ccc(N5CCN(CC6CCN(c7ccc(N8CCC(=O)NC8=O)cc7)CC6)CC5)cc3CC4)cc2C)n1,0.4031205211758178
CCn1cc(-c2cc(OC)c(C(=O)N3CCC4(CCC(CN5Cc6cc7c(cc6C5)C(=O)N(C5CCC(=O)NC5=O)C7=O)CC4)CC3)c(OC)c2)c2cc(C)ncc2c1=O,2.499687082618404
CC(C)S(=O)(=O)c1ccccc1Nc1nc(Nc2ccc(N3CCN(C(=O)CCC(=O)NCCNc4cccc5c4C(=O)N(C4CCC(=O)NC4=O)C5=O)CC3)cc2)nc2[nH]cnc12,2.670245853074124
Cc1sc2c(c1C)C(c1ccc(Cl)cc1)=N[C@@H](CC(=O)NCCN1CCC3(CCC(c4ccc5c(c4)CN(C4CCC(=O)NC4=O)C5=O)CC3)CC1)c1nnc(C)n1-2,0.2787536009528289
O=C1CCC(N2C(=O)c3ccc(N4CC(CN5CCC(NC(=O)c6n[nH]cc6NC(=O)c6c(Cl)cccc6Cl)CC5)C4)cc3C2=O)C(=O)N1,1.1132746924643504
Nc1ncnc2c1c(-c1ccc(Oc3ccccc3)cc1)nn2C1CCN(CCCOCCCOCCC(=O)Nc2cccc3c2C(=O)N(C2CCC(=O)NC2=O)C3=O)CC1,1.8344207036815323
Cc1ncsc1-c1ccc(CNC(=O)[C@@H]2C[C@@H](O)CN2C(=O)[C@@H](NC(=O)CCCCCCCCCCNC(=O)O[C@H]2C[C@@H](C)C=C3C=C[C@H](C)[C@H](CCC(O)C[C@@H](O)CC(=O)O)[C@H]32)C(C)(C)C)cc1,2.0791812460476247
Cc1cc(Nc2ncc(Cl)c(Nc3ccccc3S(=O)(=O)C(C)C)n2)c(OC(C)C)cc1C1CCN(CCOCCOCCNC(=O)CNc2cccc3c2C(=O)N(C2CCC(=O)NC2=O)C3=O)CC1,2.460897842756548
CN[C@@H](C)C(=O)N[C@H](C(=O)N1CCC[C@H]1c1nc(C(=O)c2cccc(OCCOCCOCCOCC(=O)N3CCN(c4cc(Nc5ncc(C(=O)Nc6c(C)cccc6Cl)s5)nc(C)n4)CC3)c2)cs1)C1CCCCC1,1.0
Cc1ncsc1-c1ccc([C@H](C)NC(=O)[C@@H]2C[C@@H](O)CN2C(=O)[C@@H](NC(=O)CCCCCCCC(=O)N2CCN(CC3(C)CCC(c4ccc(Cl)cc4)=C(CN4CCN(c5ccc(C(=O)NS(=O)(=O)c6ccc(N[C@H](CCN7CCOCC7)CSc7ccccc7)c(S(=O)(=O)C(F)(F)F)c6)cc5)CC4)C3)CC2)C(C)(C)C)cc1,2.49996186559619
O=C1CCC(N2C(=O)c3cc4c(cc3C2=O)CN(C2CN(CC3CCN(c5ccc([C@@H]6c7ccc(O)cc7CC[C@@H]6c6ccccc6)cc5)CC3)C2)C4)C(=O)N1,2.9951962915971797
CCCCOc1ccc(C(C)(C)C)cc1NC(=O)c1nnn(-c2cc(C)c(OCCCCCCOCCOCC(=O)N[C@H](C(=O)N3C[C@H](O)C[C@H]3C(=O)NCc3ccc(-c4scnc4C)cc3)C(C)(C)C)cc2OC)c1C,2.3654879848909
Cn1c(=O)n(C2CCC(=O)NC2=O)c2cccc(C#CCOC3(C)CCN(C[C@H]4CC[C@H](n5cc(NC(=O)c6cnn7ccc(N8C[C@H]9C[C@@H]8CO9)nc67)c(C(F)F)n5)CC4)CC3)c21,1.230448921378274
Nc1nnc(-c2ccccc2O)cc1N1CCN(c2cccc(CN3CCN(C(=O)C4CCN(c5ccc6c(c5)C(=O)N(C5CCC(=O)NC5=O)C6=O)CC4)CC3)c2)C2(CC2)C1,0.6020599913279624
Cc1ncsc1-c1ccc([C@H](C)NC(=O)[C@@H]2C[C@@H](O)CN2C(=O)[C@@H](NC(=O)COCCOCCOCCOCCOCCN2CCN(S(=O)(=O)c3ccc(NC(=O)NCc4cccnc4)cc3)CC2)C(C)(C)C)cc1,1.3424226808222062
COc1cc2c(Oc3ccc(NC(=O)C4(C(=O)Nc5ccc(F)cc5)CC4)cc3F)ccnc2cc1OCCCOCCCOCCC(=O)NCCOc1cccc2c1C(=O)N(C1CCC(=O)NC1=O)C2=O,1.4313637641589874
O=C1CC[C@H](N2Cc3c(ccc4c3OC[C@H]3CN(C(=O)CN5CCC6(CC5)CN(c5ccc([C@@H]7c8ccc(O)cc8CC[C@@H]7c7ccccc7)cc5)C6)CCN43)C2=O)C(=O)N1,-1.6777807052660807
O=C1CC[C@H](N2Cc3c(ccc4c3OC[C@H]3CN(C(=O)CN5CCC6(CCN(c7ccc([C@@H]8c9ccc(O)cc9CC[C@@H]8c8ccccc8)cc7)CC6)C5)CCN43)C2=O)C(=O)N1,-1.154901959985743
CC(C)C[C@H](NC(=O)[C@H](Cc1ccccc1)NC(=O)c1ccc(C(=O)NCCOCCNC(=O)COc2cccc3c2C(=O)N(C2CCC(=O)NC2=O)C3=O)cc1)B1OC2C[C@@H]3C[C@@H](C3(C)C)[C@]2(C)O1,2.8976270912904414
COc1cc(N2CCC(OCC(=O)N[C@H](C(=O)N3C[C@H](O)C[C@H]3C(=O)NCc3ccc(-c4scnc4C)cc3)C(C)(C)C)CC2)ccc1NC(=O)c1cccc(-c2ccn[nH]2)n1,1.2041199826559248
CN[C@@H](C)C(=O)N[C@H](C(=O)N1C[C@@H](Oc2cccc(OCCCCC(=O)N[C@H](C(=O)N3C[C@H](O)C[C@H]3C(=O)N[C@@H](C)c3ccc(-c4scnc4C)cc3)C(C)(C)C)c2)C[C@H]1C(=O)N[C@@H]1CCCc2ccccc21)C1CCCCC1,0.380211241711606
CCS(=O)(=O)n1cc(-c2nc(Nc3ccc(N4CCN(CCCCCCCCC(=O)Nc5cccc6c5CN(C5CCC(=O)NC5=O)C6=O)CC4)cc3)ncc2C(F)(F)F)c2ccccc21,1.5211380837040362
C[C@H](Oc1cc(-c2cnn(C3CCN(c4ccc5c(c4)C(=O)N([C@H]4CCC(=O)NC4=O)C5=O)CC3)c2)cnc1N)c1c(Cl)ccc(F)c1Cl,2.307496037913213
O=C1CCC(N2C(=O)c3cc4c(cc3C2=O)CN(CC2CN(CC3CCN(c5ccc([C@@H]6c7ccc(O)cc7CC[C@@H]6c6ccccc6)cc5)CC3)C2)C4)C(=O)N1,1.3222192947339193
C[C@H](Oc1cc(-c2cnn(C3CCN(CCC4CCN(c5cccc6c5C(=O)N([C@H]5CCC(=O)NC5=O)C6=O)CC4)CC3)c2)cnc1N)c1c(Cl)ccc(F)c1Cl,2.161368002234975
CC(=O)N1CCc2c(c(N3CCCc4cc(-c5ccccc5)c(C(F)F)cc43)nn2C2CCN(C(=O)CN3Cc4cc5c(cc4C3)C(=O)N(C3CCC(=O)NC3=O)C5=O)CC2)C1,1.4913616938342726
C[C@H](CC(=O)N1CCC(O)(Cn2cnc3c(-c4ccc(CNCCCCCCCCCCCNc5cccc6c5C(=O)N(C5CCC(=O)NC5=O)C6=O)cc4)n(C)nc3c2=O)CC1)c1ccccc1,1.5185139398778875
C[C@@H]1Cc2c([nH]c3ccccc23)[C@@H](c2cnc(N3CCC(CCN4CCOC5(CC4)CCN(c4ccc6c(c4)CN(C4CCC(=O)NC4=O)C6=O)CC5)CC3)nc2)N1CC(C)(C)F,-0.3010299956639812
O=C1CC[C@H](N2Cc3c(ccc4c3OCC43CCN(CCCC4CCN(c5ccc([C@@H]6c7ccc(O)cc7CC[C@@H]6c6ccccc6)cc5)CC4)CC3)C2=O)C(=O)N1,-1.4199878874705756
COc1cc(-c2cn(C)c(=O)c3cnccc23)cc(OC)c1CN1Cc2cc3c(cc2C1)C(=O)N(C1CCC(=O)NC1=O)C3,1.568201724066995
O=C1CC[C@H](N2Cc3c(ccc4c3OCC43CCN(CCCCCC4CCN(c5ccc([C@@H]6c7ccc(O)cc7CC[C@@H]6c6ccccc6)cc5)CC4)CC3)C2=O)C(=O)N1,-0.3761307316496977
Cc1cccc(NC(=O)c2ccc(-c3nn4c(c3C(N)=O)Nc3ccc(N5CCN(CCc6cc(F)c(C7CCC(=O)NC7=O)c(F)c6)CC5)cc3CC4)nc2C)n1,1.1829849670035817
O=C1CC[C@H](N2Cc3c(ccc4c3OCC43CCN(CC4COC5(CCN(c6ccc([C@@H]7c8ccc(O)cc8CC[C@@H]7c7ccccc7)cc6)CC5)OC4)CC3)C2=O)C(=O)N1,-0.775985188627136
COc1cc2nc(C)nc(N[C@H](C)c3cc(N)cc(C(F)(F)F)c3)c2cc1C1CCN(C(=O)COCCCC(=O)N[C@H](C(=O)N2C[C@H](O)C[C@H]2C(=O)N[C@@H](C)c2ccc(-c3scnc3C)cc2)C(C)(C)C)CC1,1.69284691927723
Cc1ncsc1-c1ccc(CNC(=O)[C@@H]2C[C@@H](O)CN2C(=O)[C@@H](NC(=O)CCCCCCCOc2ccc3c(-c4ccc(C(=O)O)c(C5CCCC5)c4)ncnc3c2)C(C)(C)C)cc1,2.7075701760979363
CN[C@@H](C)C(=O)N[C@H](C(=O)N1CCC[C@H]1c1nc(C(=O)c2cccc(OCCOCCOCCOCC(=O)N3CCN(Cc4ccc(C(=O)Nc5ccc(C)c(Nc6nccc(-c7cccnc7)n6)c5)cc4)CC3)c2)cs1)C1CCCCC1,4.0
CCCCn1cc(-c2cc(OC)c(C(=O)N3CCC4(CCC(CN5Cc6cc7c(cc6C5)C(=O)N(C5CCC(=O)NC5=O)C7=O)CC4)CC3)c(OC)c2)c2ccncc2c1=O,2.1522883443830563
CN(c1ccc(C#N)c(Cl)c1)[C@H]1CC[C@H](NC(=O)c2ccc(N3CCC(CN4CCN(c5ccc6c(c5)C(=O)N(C5CCC(=O)NC5=O)C6=O)CC4)CC3)cc2)CC1,-0.3010299956639812
Cc1cc(S(=O)(=O)Nc2ccc(Cl)c3c(Cl)c[nH]c23)oc1C(=O)N1CCC(C(=O)N2CCN(CC3CCN(C(=O)C[C@@H]4N=C(c5ccc(Cl)cc5)c5c(sc(C)c5C)-n5c(C)nnc54)CC3)CC2)CC1,2.656098202012832
CCN(C)S(=O)(=O)Nc1ccc(F)c(C(=O)c2c[nH]c3ncc(-c4ccc(N5CCN(C(=O)[C@H]6C[C@H](Nc7cccc8c7C(=O)N(C7CCC(=O)NC7=O)C8=O)C6)CC5)nc4)cc23)c1F,1.0
C[C@@H]1CCC2[C@@H](C)[C@@H](OCCN(CCO[C@H]3O[C@@H]4O[C@@]5(C)CCC6[C@H](C)CCC([C@H]3C)[C@]64OO5)C(=O)CCCCCCCNc3cccc4c3C(=O)N(C3CCC(=O)NC3=O)C4=O)O[C@@H]3O[C@@]4(C)CCC1[C@@]23OO4,1.7397305285647175
Cc1ncsc1-c1ccc(CNC(=O)[C@@H]2C[C@@H](O)CN2C(=O)[C@@H](NC(=O)COCc2cn(CCNC(=O)C[C@@H]3N=C(c4ccc(Cl)cc4)c4c(sc(C)c4C)-n4c(C)nnc43)nn2)C(C)(C)C)cc1,2.714329759745233
Cc1cc(Nc2ncc(Cl)c(Nc3ccccc3S(=O)(=O)C(C)C)n2)c(OC(C)C)cc1C1CCN(C2CCN(C3CCN(c4ccc5c(c4)C(=O)N([C@@H]4CCC(=O)NC4=O)C5=O)CC3)CC2)CC1,2.0791812460476247
Cc1nc(Nc2ncc(C(=O)Nc3c(C)cccc3Cl)s2)cc(N2CCN(CCCCC(=O)Nc3cccc4c3C(=O)N(C3CCC(=O)NC3=O)C4=O)CC2)n1,1.0043213737826426
O=C1CCC(N2C(=O)c3cccc(NCCCCCCCCCCCNC(=O)c4cccc(SCc5cn(-c6cccc(C(=O)NO)c6)nn5)c4)c3C2=O)C(=O)N1,2.846337112129805
Cn1c(=O)c2c(nc(S(C)(=O)=O)n2C)n(CC#Cc2cccc(NC(=O)CC3CCN(c4ccc5c(c4)C(=O)N(C4CCC(=O)NC4=O)C5=O)CC3)c2)c1=O,1.9138138523837167
Cc1sc2c(c1C)C(c1ccc(Cl)cc1)=N[C@@H](CC(=O)NCCCCCCCCC(=O)N[C@@H](CCC(=O)O)C(=O)N[C@H]1CC(=O)NC1=O)c1nnc(C)n1-2,3.257678574869185
COc1cc(CC(=O)N[C@@H](Cc2ccccc2)C(=O)N[C@@H](Cc2ccc(C(F)(F)P(=O)(O)O)cc2)C(=O)N[C@@H](CCCCNC(=O)c2ccc(C)c(Br)c2)C(=O)NCc2cccc(CC(=O)N[C@H](C(=O)N3C[C@H](O)C[C@H]3C(=O)N[C@@H](C)c3ccc(-c4scnc4C)cc3)C(C)(C)C)c2)ccc1O,0.6334684555795865
COc1cc(N2CCN(CC3CCN(c4ccc(C5CCN(c6ccc(C#N)c(C(F)(F)F)c6F)CC5)c(F)c4)CC3)CC2)cc2c1C(=O)N(C1CCC(=O)NC1=O)C2,1.0791812460476249
Cc1noc(C)c1-c1ccc2c(c1)nc([C@@H]1CCCC(=O)N1c1ccc(F)c(F)c1)n2C1CCN(C2CN(c3ccc4c(c3)C(=O)N(C3CCC(=O)NC3=O)C4=O)C2)CC1,1.968482948553935
O=C(/C=C/c1cccnc1)NCCCCC1CCN(C(=O)c2ccc(N3CCN(C(=O)CCCCCCNc4cccc5c4CN(C4CCC(=O)NC4=O)C5=O)CC3)cc2)CC1,0.7671558660821804
Cc1ncsc1-c1ccc([C@H](C)NC(=O)[C@@H]2C[C@@H](O)CN2C(=O)[C@@H](NC(=O)CCCCCC(=O)N2CCN(CC[C@H](CSc3ccccc3)Nc3ccc(S(=O)(=O)NC(=O)c4ccc(N5CCN(CC6=C(c7ccc(Cl)cc7)CCC(C)(C)C6)CC5)cc4)cc3S(=O)(=O)C(F)(F)F)CC2)C(C)(C)C)cc1,1.7242758696007892
Cc1nnc2n1-c1sc(C#Cc3cnn(CCNc4cccc5c4C(=O)N(C4CCC(=O)NC4=O)C5=O)c3)c(Cc3ccccc3)c1COC2,-0.3010299956639812
O=C1CC[C@H](N2Cc3c(ccc4c3OC[C@H]3CN(CC(=O)N5CC6(C5)CN(c5ccc([C@@H]7c8ccc(O)cc8CC[C@@H]7c7ccccc7)cc5)C6)CCN43)C2=O)C(=O)N1,-1.2218487496163564
NC(=O)CC[C@H](NC(=O)[C@@H]1CC[C@@H]2CCN(C(=O)c3cnn(CCCC#Cc4cccc5c4CN(C4CCC(=O)NC4=O)C5=O)c3)C[C@H](NC(=O)c3cc4cc(C(F)(F)P(=O)(O)O)ccc4[nH]3)C(=O)N21)C(=O)NC(c1ccccc1)c1ccccc1,2.255272505103306
CCCn1c(=O)c(-c2ccc(C(=O)NCc3cccnc3)cc2)nc2ccc(NC(=O)CCCCCCCCCCC(=O)N[C@H](C(=O)N3C[C@H](O)C[C@H]3C(=O)N[C@@H](C)c3ccc(-c4scnc4C)cc3)C(C)(C)C)cc21,0.9242792860618816
O=C1CCC(N2C(=O)c3cc4c(cc3C2=O)CN(CC(=O)N2CC3(CCN(c5ccc([C@@H]6c7ccc(O)cc7CC[C@@H]6c6ccccc6)cc5)CC3)C2)C4)C(=O)N1,0.4471580313422192
Cc1ncsc1-c1ccc(CNC(=O)[C@@H]2C[C@@H](O)CN2C(=O)[C@@H](NC(=O)CCCCCCCCCCNC(=O)CNc2cccc3c2C(=O)N(C2CCC(=O)NC2=O)C3=O)C(C)(C)C)cc1,1.4593924877592308
C=CC(=O)Nc1cccc(-n2c(=O)cc(C)c3cnc(Nc4ccc(N5CCN(CCCCCC(=O)N[C@H](C(=O)N6C[C@H](O)C[C@H]6C(=O)NCc6ccc(-c7scnc7C)cc6)C(C)(C)C)CC5)cc4OC)nc32)c1,0.7708520116421442
COc1cc(N2CCC(N3CCN(CC4CCN(c5ccc(N[C@H]6CCC(=O)NC6=O)cc5)CC4)CC3)CC2)ccc1Nc1ncc(Cl)c(Nc2ccccc2P(C)(C)=O)n1,2.161368002234975
CCCCN(Cc1ccc(C(=O)NO)cc1)C(=O)Nc1ccc(OCCCCCn2cc(CNc3cccc4c3C(=O)N(C3CCC(=O)NC3=O)C4=O)nn2)cc1,0.2148438480476978
Nc1ncnc2c1c(-c1ccc(Oc3ccccc3)cc1)nn2[C@@H]1CCCN(C(=O)/C=C/COCCOCCOCCOCCOCCOc2cccc3c2C(=O)N(C2CCC(=O)NC2=O)C3=O)C1,0.9344984512435676
COc1ccc(Cl)cc1C(=O)NCc1ccc(-c2nn3c(c2C(N)=O)Nc2ccc(N4CCN(CC5CCN(c6ccc(N7CCC(=O)NC7=O)cc6)CC5)CC4)cc2CC3)cc1C,1.0043213737826426
COc1cc(N2CCC(N3CCN(C(=O)CN4CCN(c5ccc(N[C@H]6CCC(=O)NC6=O)cc5)CC4)CC3)CC2)ccc1Nc1ncc(Cl)c(Nc2ccccc2P(C)(C)=O)n1,1.9242792860618816
O=C1CCC(N2C(=O)c3cccc(NCCCCCCNC(=O)c4csc(Nc5ccc(Cl)cc5)n4)c3C2=O)C(=O)N1,2.3873898263387296
CC(=O)c1c(C)c2cnc(Nc3ccc(N4CCN(CC(=O)NCCOCCOCCNc5cccc6c5C(=O)N(C5CCC(=O)NC5=O)C6=O)CC4)cn3)nc2n(C2CCCC2)c1=O,1.383815365980431
Nc1ncc(-c2ccc(S(=O)(=O)N3CCN(CCCCc4cn(CCOCCOCCOCCOCCOCCNc5cccc6c5C(=O)N(C5CCC(=O)NC5=O)C6=O)nn4)CC3)cc2)nc1C(=O)Nc1cccnc1,1.4517864355242902
Cc1ncsc1-c1ccc(CNC(=O)[C@@H]2C[C@@H](O)CN2C(=O)[C@@H](NC(=O)CNC(=O)c2ccc(F)c(-c3ccc(N4C[C@@H](C)N(C)[C@@H](C)C4)c(NC(=O)c4c[nH]c(=O)cc4C(F)(F)F)c3)c2)C(C)(C)C)cc1,1.9637878273455556
O=C1CCC(N2C(=O)c3ccc(OCc4cn(CCCCCC(=O)OCCc5ccc(NC(=O)c6ccc([N+](=O)[O-])o6)cc5)nn4)cc3C2=O)C(=O)N1,3.41161970596323
Cc1cc(Nc2ncc(Cl)c(Nc3ccccc3S(=O)(=O)C(C)C)n2)c(OC(C)C)cc1C1CCN(CC2CN(c3ccc4c(c3)C(=O)N(C3CCC(=O)NC3=O)C4=O)C2)CC1,1.414973347970818
CN(CCCOCCCc1cccc2c1n(C)c(=O)n2C1CCC(=O)NC1=O)C[C@H]1CC[C@H](n2cc(NC(=O)c3cnn4ccc(N5CCNCC5)nc34)c(C(F)F)n2)CC1,1.255272505103306
Cc1sc2c(c1C)C(c1ccc(Cl)cc1)=N[C@@H](CC(=O)NCCOCCOCCOCCNC(=O)C(c1ccc(CNc3cccc4c3CN(C3CCC(=O)NC3=O)C4=O)cc1)N1CCOCC1)c1nnc(C)n1-2,1.919078092376074
CN[C@@H](C)C(=O)N[C@H]1CN(C(=O)c2cnc(N3CCN(CCCOc4cc5ncnc(Nc6n[nH]c(C)c6C)c5cc4S(=O)(=O)C(C)(C)C)CC3)cn2)CC[C@H]2CC[C@@H](C(=O)N[C@@H]3CCCc4ccccc43)N2C1=O,-1.0
CC(=O)N1CCc2c(c(-c3cccc4cc(-c5ccc(C(=O)NCCCCCCCNc6cccc7c6C(=O)N(C6CCC(=O)NC6=O)C7=O)nc5)ncc34)nn2C2CCOCC2)C1,0.0791812460476248
Cc1c(C(=O)Nc2cn(C)cn2)ccc(-c2nn3c(c2C(N)=O)Nc2ccc(N4CCN(CC5CCN(c6ccc(N7CCC(=O)NC7=O)cc6)CC5)CC4)cc2CC3)c1F,-0.2284125191187446
NC(=O)c1c(-c2ccc(Oc3ccccc3)cc2)nn2c1Nc1ccc(NC(=O)C3CCN(CC4CCN(c5ccc6c(c5)C(=O)N(C5CCC(=O)NC5=O)C6=O)CC4)CC3)cc1CC2,0.1003705451175629
N#Cc1ccc(N2CCC3(CCN(c4ccc(C(=O)N5CCC(CN6CCc7cc8c(cc7C6)C(=O)N(C6CCC(=O)NC6=O)C8=O)CC5)cc4)CC3)C2)cc1Cl,1.3979400086720375
CCCCN(Cc1ccc(C(=O)NO)cc1)C(=O)Nc1ccc(OCCCCCCCCCCCCn2cc(CCCCC(=O)N[C@H](C(=O)N3C[C@H](O)C[C@H]3C(=O)NCc3ccc(-c4scnc4C)cc3)C(C)(C)C)nn2)cc1,1.041392685158225
Nc1ncnc2c1c(-c1ccc(Oc3ccccc3)cc1)nn2[C@@H]1CCCN(C(=O)/C=C/CCCCOCCOCCOCCOCCOc2cccc3c2C(=O)N(C2CCC(=O)NC2=O)C3=O)C1,0.2787536009528289
O=C1CCC(N2C(=O)c3ccc(N4CCC(CCN5CCC(NC(=O)c6n[nH]cc6NC(=O)c6c(Cl)cccc6Cl)CC5)CC4)cc3C2=O)C(=O)N1,1.4234097277330937
CCOc1cc(-c2ccc(N3CCC(CN4CCN(C(=O)CCN5CCC(c6ccc7c(c6)C(=O)N(C6CCC(=O)NC6=O)C7)CC5)CC4)(NC(=O)CC(C)C)CC3)nc2)c2c(C#N)cnn2c1,0.7558748556724915
CC(C)Nc1cc(-n2ccc3cc(C#N)cnc32)ncc1C(=O)N[C@H]1CC[C@H](C(=O)NCCOCCNC(=O)COc2cccc3c2C(=O)N(C2CCC(=O)NC2=O)C3=O)CC1,2.6074550232146687
COc1ccc(-c2c[nH]c3ncc(-c4ccc(N5CCN(C(=O)CCOCCOCCOCCOCCOc6cccc7c6C(=O)N(C6CCC(=O)NC6=O)C7=O)CC5)cc4)cc23)cc1OC,1.1038037209559568
C[C@@H](OC(C)(C)C)[C@H](NC(=O)OCc1cccc(OCCCCOc2cccc3c2C(=O)N(C2CCC(=O)NC2=O)C3=O)c1)C(=O)N[C@@H](CC1CCCCC1)C(=O)N[C@H](C=O)C[C@@H]1CCNC1=O,2.622214022966295
Cc1ncsc1-c1ccc([C@H](C)NC(=O)[C@@H]2C[C@@H](O)CN2C(=O)[C@@H](NC(=O)COCCOCCCCCOc2cc(F)c([C@@H]3c4[nH]c5ccccc5c4C[C@@H](C)N3CC(C)(C)F)c(F)c2)C(C)(C)C)cc1,-0.2218487496163563
Cc1cc(Nc2ncc(Cl)c(Nc3ccccc3S(=O)(=O)C(C)C)n2)c(OC(C)C)cc1C1CCN(C2CCN(CCNc3cccc4c3C(=O)N([C@@H]3CCC(=O)NC3=O)C4=O)CC2)CC1,2.4800069429571505
Cc1nc(Nc2ncc(C(=O)Nc3c(C)cccc3Cl)s2)cc(N2CCN(CCCC(=O)N3CCC4(CC3)CCN(c3ccc(C5CCC(=O)NC5=O)cc3)CC4)CC2)n1,1.3053513694466237
COC1(C(=O)N[C@@H](CCCNC(=O)CCCCCCNc2ccc(C3CCC(=O)NC3=O)cc2)c2ccc(-n3cc(F)cn3)nc2)CCN(c2nc(C)cc(Nc3cc(C)[nH]n3)n2)CC1,-0.2757241303992109
Cc1cccc(NC(=O)c2ccc(-c3nn4c(c3C(N)=O)Nc3ccc(N5CCN(CC6CCN(c7ccc(N8CCC(=O)NC8=O)cc7)CC6)CC5)cc3CC4)cc2)n1,-0.5466816599529624
COc1c(F)c(F)c(F)c(F)c1C(=O)NCc1ccc(-c2nn3c(c2C(N)=O)Nc2ccc(N4CCN(CC5CCN(c6ccc(N7CCC(=O)NC7=O)cc6)CC5)CC4)cc2CC3)cc1C,0.5797835966168101
COc1ccccc1C(=O)NCc1ccc(-c2nn3c(c2C(N)=O)Nc2ccc(N4CCN(CC5CCN(c6ccc(N7CCC(=O)NC7=O)cc6)CC5)CC4)cc2CC3)cc1C(F)(F)F,0.6414741105040995
CCOc1cc(-c2ccc(N3CCC(CN4CCN(C(=O)CN5CCN(c6ccc7c(c6)CN(C6CCC(=O)NC6=O)C7=O)CC5)CC4)(NC(=O)c4cc(F)ccc4F)CC3)nc2)c2c(C#N)cnn2c1,0.3617278360175928
CC(=O)N1CCc2c(c(N3CCCc4cc(-c5cnn(C)c5)c(C(F)F)cc43)nn2C2CCN(C(=O)CCCCCN3Cc4cc5c(cc4C3)C(=O)N(C3CCC(=O)NC3=O)C5=O)CC2)C1,2.558708570533166
Cc1ncsc1-c1ccc([C@H](C)NC(=O)[C@@H]2C[C@@H](O)CN2C(=O)[C@@H](NC(=O)CCCCOc2ccc(CCNC(=O)c3ccc(C(=O)c4c(-c5ccc(O)cc5)sc5cc(O)ccc45)cc3)cc2)C(C)(C)C)cc1,0.041392685158225
Cc1ncsc1-c1ccc([C@H](C)NC(=O)[C@@H]2C[C@@H](O)CN2C(=O)[C@@H](NC(=O)c2ccnc(N3CCN(c4cc(-c5ccccc5O)nnc4N)CC3)c2)C(C)(C)C)cc1,1.4471580313422192
Cn1c(=O)n(C2CCC(=O)NC2=O)c2cccc(CCCOC3CCN(C[C@H]4CC[C@H](n5cc(NC(=O)c6cnn7ccc(N8C[C@H]9C[C@@H]8CO9)nc67)c(C(F)F)n5)CC4)CC3)c21,0.8450980400142568
Cc1nc(Nc2ncc(C(=O)Nc3c(C)cccc3Cl)s2)cc(N2CCN(CCCCNc3cccc4c3C(=O)N(C3CCC(=O)NC3=O)C4=O)CC2)n1,0.4313637641589873
Cc1cc(-c2nc(Nc3cnn(C4CCN(CC5CCN(c6ccc7c(c6)C(=O)N(C6CCC(=O)NC6=O)C7=O)CC5)CC4)c3)ncc2F)ccc1CNC(=O)c1cn(C(C)(C)C)nn1,0.1105897102992489
N#Cc1ccc(N2CCC(c3ccc(N4CCC(CN5CCN(c6cc7c(cc6F)C(=O)N(C6CCC(=O)NC6=O)C7=O)CC5)CC4)cc3)CC2)c(F)c1C(F)(F)F,1.9395192526186185
Cc1ncsc1-c1ccc([C@H](C)NC(=O)[C@@H]2C[C@@H](O)CN2C(=O)[C@@H](NC(=O)CCCCC(=O)N2CCN(CC3(C)CCC(c4ccc(Cl)cc4)=C(CN4CCN(c5ccc(C(=O)NS(=O)(=O)c6ccc(N[C@H](CCN7CCOCC7)CSc7ccccc7)c(S(=O)(=O)C(F)(F)F)c6)cc5)CC4)C3)CC2)C(C)(C)C)cc1,1.6009728956867482
CCn1cc(-c2c[nH]c3ncc(-c4ccc(N5CCC(CC6CCN(C(=O)c7ccc(Cl)c(N8CCC(=O)NC8=O)c7)CC6)CC5)nc4)nc23)cn1,1.4653828514484184
CC(=O)N1CCc2c(c(-c3cccc4cc(-c5ccc(C(=O)NC6CCN(c7cccc8c7C(=O)N(C7CCC(=O)NC7=O)C8=O)CC6)nc5)ncc34)nn2C2CCOCC2)C1,-0.6989700043360187
CC(C)c1c(C(=O)Nc2ccccc2)c(-c2cccc(OCCCCCCCc3cn(CCCCCCCNc4cccc5c4C(=O)N(C4CCC(=O)NC4=O)C5=O)nn3)c2)c(-c2ccc(F)cc2)n1CC[C@@H](O)C[C@@H](O)CC(=O)O,2.6989700043360187
Cc1cc(Nc2ncc(Cl)c(Nc3ccccc3S(=O)(=O)C(C)C)n2)c(OC(C)C)cc1C1CCN(C2CCN(CC3CN(c4ccc5c(c4)C(=O)N([C@@H]4CCC(=O)NC4=O)C5=O)C3)CC2)CC1,2.767897616018091
C[C@]1(c2nc3c(C(N)=O)cccc3[nH]2)CCCN1CCOCCOCCOCCOCCOCCOCCNc1cccc2c1C(=O)N(C1CCC(=O)NC1=O)C2=O,1.797959643737196
Cc1cccc(CN2C(=O)c3cc(-c4nc(Nc5ccnc(CCNC(=O)CCCCCCCCCCC(=O)N[C@H](C(=O)N6C[C@H](O)C[C@H]6C(=O)N[C@@H](C)c6ccc(-c7scnc7C)cc6)C(C)(C)C)c5)ncc4C)cn3C[C@H]2C)n1,2.583198773968623
O=C1CCC(N2C(=O)c3cc4c(cc3C2=O)CN(CCCCCC2CCN(c3ccc([C@@H]5c6ccc(O)cc6CC[C@@H]5c5ccccc5)cc3)CC2)C4)C(=O)N1,1.4913616938342726
Cc1nc(Nc2ncc(C(=O)Nc3c(C)cccc3Cl)s2)cc(N2CCN(C(=O)CCCCCCCCC(=O)N[C@H](C(=O)N3C[C@H](O)C[C@H]3C(=O)NCc3ccc(-c4scnc4C)cc3)C(C)(C)C)CC2)n1,1.0043213737826426
COc1cc(N2CCC(N3CCN(CC4CCN(c5ccc6c(c5)C(=O)N([C@H]5CCC(=O)NC5=O)C6=O)CC4)CC3)CC2)ccc1Nc1ncc(Cl)c(Nc2ccccc2P(C)(C)=O)n1,1.1139433523068367
NC(=O)c1c(-c2ccc(Oc3ccccc3)cc2)nn2c1Nc1ccc(C(=O)NC3CCN(CC4CCN(c5cc6c(cc5F)C(=O)N(C5CCC(=O)NC5=O)C6=O)CC4)CC3)cc1CC2,0.2430380486862944
NC(=O)c1cccc2cn(-c3ccc([C@@H]4CCCN(C(=O)CC5CCN(CC6CCN(c7ccc8c(c7)C(=O)N(C7CCC(=O)NC7=O)C8=O)CC6)CC5)C4)cc3)nc12,4.19200959265367
Cc1sc2c(c1C)C(c1ccc(Cl)cc1)=N[C@@H](CC(=O)NCCOCCNC(=O)C(c1ccc(CNc3cccc4c3CN(C3CCC(=O)NC3=O)C4=O)cc1)N1CCOCC1)c1nnc(C)n1-2,1.944482672150169
CC(C)C[C@H](NC(=O)[C@H](Cc1ccccc1)NC(=O)c1ccc(C(=O)NCCCNC(=O)COc2cccc3c2C(=O)N(C2CCC(=O)NC2=O)C3=O)cc1)B1OC2C[C@@H]3C[C@@H](C3(C)C)[C@]2(C)O1,2.8260748027008264
Cc1cc([C@@H](C(=O)N2C[C@H](O)C[C@H]2C(=O)N[C@@H](CC(=O)NCCCCCCCCn2cc(-c3cc(-c4ccccc4O)nnc3N)cn2)c2ccc(-c3scnc3C)cc2)C(C)C)on1,1.8260748027008264
COc1cc(N2CCN(CCCCCCCC(=O)N[C@H](C(=O)N3C[C@H](O)C[C@H]3C(=O)N[C@@H](C)c3ccc(-c4scnc4C)cc3)C(C)(C)C)CC2)ccc1Nc1ncc2c(n1)N(C)c1ccccc1C(=O)N2C,1.561101383649056
C#Cc1c(F)ccc2cc(O)cc(-c3ncc4c(N5C[C@H]6CC[C@@H](C5)N6)nc(OC[C@@H]5CCCN5CCCCOCC(=O)N[C@H](C(=O)N5C[C@H](O)C[C@H]5C(=O)N[C@@H](C)c5ccc(-c6scnc6C)cc5)C(C)(C)C)nc4c3F)c12,2.064083435963596
Cc1cc(Nc2ncc(Cl)c(Nc3ccccc3S(=O)(=O)C(C)C)n2)c(OC(C)C)cc1C1CCN(CCNc2ccc3c(c2)C(=O)N([C@@H]2CCC(=O)NC2=O)C3=O)CC1,2.161368002234975
O=C1CCC(N2C(=O)c3cccc(N4CCN(C(=O)CCCCCCc5cn(Cc6ccc(S(=O)(=O)F)cc6)nn5)CC4)c3C2=O)C(=O)N1,2.505149978319906
CC(C)(C)S(=O)(=O)c1cc2c(Nc3ccc4scnc4c3)ccnc2cc1OCCOCCOCCOCCOCC(=O)Nc1cccc2c1CN(C1CCC(=O)NC1=O)C2=O,0.3979400086720376
O=C1CC[C@H](N2Cc3c(ccc4c3OCC43CCN(C(=O)CN4CC5(C4)CN(c4ccc([C@@H]6c7ccc(O)cc7CC[C@@H]6c6ccccc6)cc4)C5)CC3)C2=O)C(=O)N1,-1.962972120244225
Cc1ncsc1-c1ccc(CNC(=O)[C@@H]2C[C@@H](O)CN2C(=O)[C@@H](NC(=O)CCCCCCNC(=O)c2ccc(-c3ccc(N4CCN(C)CC4)c(NC(=O)c4c[nH]c(=O)cc4C(F)(F)F)c3)cc2)C(C)(C)C)cc1,2.9614210940664485
CCOc1cc(-c2ccc(N3CCC(CN4CCN(C(=O)CCCCN5CCN(c6ccc7c(c6)C(=O)N(C6CCC(=O)NC6=O)C7)CC5)CC4)(NC(=O)c4cc(F)ccc4F)CC3)nc2)c2c(C#N)cnn2c1,0.255272505103306
COc1ccc(F)cc1C(=O)NCc1ccc(-c2nn3c(c2C(N)=O)Nc2ccc(N4CCN(CC5CCN(c6ccc(N7CCC(=O)NC7=O)cc6)CC5)CC4)cc2CC3)cc1C,1.468790262099611
COc1cc(-c2cn(C)c(=O)c3ccccc23)cc(OC)c1CN1CCN(c2ccc3c(c2)C(=O)N(C2CCC(=O)NC2=O)C3=O)CC1,0.0086001717619175
Cc1cccc(NC(=O)c2ccc(-c3nn4c(c3C(N)=O)Nc3ccc(N5CCN(CC6CCN(c7ccc8c(c7)CN(C7CCC(=O)NC7=O)C8=O)CC6)CC5)cc3CC4)c(F)c2C)n1,0.6344772701607315
O=C1CCC(N2C(=O)c3ccc(N4CCN(CC5CCN(C(=O)CCCCCCCCNC(=O)c6ccc(O[C@H]7CC[C@H](NC(=O)Nc8ccc(OC(F)(F)F)cc8)CC7)cc6)CC5)CC4)cc3C2=O)C(=O)N1,-0.3010299956639812
CN1CCN([C@@H]2CCCN(c3cnc(C(N)=O)c(Nc4ccc(N5CCN(C[C@@H]6[C@H]7CN(c8ccc9c(c8)C(=O)N([C@@H]8CCC(=O)NC8=O)C9=O)C[C@@H]67)CC5)cc4)n3)C2)C1=O,-0.2218487496163563
CN(CCCCC(=O)Nc1ccc2c(c1)C(=O)N(C1CCC(=O)NC1=O)C2=O)CC[C@@H](c1ccccc1)n1cc(NC(=O)c2n[nH]c3c2CCC(C)(C)C3)cn1,0.724275869600789
O=C1CC[C@H](N2Cc3c(ccc4c3OCC43CCN(C(=O)CCC4CCN(c5ccc([C@@H]6c7ccc(O)cc7CC[C@@H]6c6ccccc6)cc5)CC4)CC3)C2=O)C(=O)N1,-0.9351677802614262
CCc1cccc2cc(O)cc(-c3ncc4c(N5C[C@H]6CC[C@@H](C5)N6)nc(OC[C@@H]5CCCN5CCCCOCC(=O)N[C@H](C(=O)N5C[C@H](O)C[C@H]5C(=O)N[C@@H](C)c5ccc(-c6scnc6C)cc5)C(C)(C)C)nc4c3F)c12,2.215901813204032
NC(=O)c1c(-c2ccc(Oc3ccccc3)cc2)nn2c1NCC[C@H]2C1CCN(C(=O)c2cn(CCOCCOCCOCCOCCNc3cccc4c3C(=O)N(C3CCC(=O)NC3=O)C4=O)nn2)CC1,1.8325089127062364
Cc1noc(C)c1-c1ccc2c(c1)nc([C@@H]1CCCC(=O)N1c1ccc(F)c(F)c1)n2[C@H]1CC[C@H](OCC(=O)N2CCN(CCNc3ccc4c(c3)C(=O)N(C3CCC(=O)NC3=O)C4=O)CC2)CC1,2.1319392952104246
COc1ccc(CN2[C@@H]3C[C@H]2CN(c2ccc(-c4cc(OCC5CCN(C(=O)CCCCCCN6CCC(c7ccc8c(c7)C(=O)N(C7CCC(=O)NC7=O)C8)CC6)CC5)cn5ncc(C#N)c45)cn2)C3)cn1,0.6901960800285137
NC(=O)c1c(-c2ccc(Oc3ccccc3)cc2)nn2c1Nc1ccc(C3CCN(CCC4CCN(c5ccc(N6CCC(=O)NC6=O)cc5)CC4)CC3)cc1CC2,0.3031960574204888
Nc1ncnc2c1c(-c1ccc(Oc3ccccc3)cc1)nn2C1CCN(C2CCN(CC#Cc3ccc4c(c3)CN(C3CCC(=O)NC3=O)C4=O)CC2)CC1,0.7664128471123994
CO[C@H]1C[C@@H]2CC[C@@H](C)[C@@](O)(O2)C(=O)C(=O)N2CCCC[C@H]2C(=O)O[C@H]([C@H](C)C[C@@H]2CC[C@@H](OCCOCc3cn(CCOCCOCCNc4cccc5c4C(=O)N(C4CCC(=O)NC4=O)C5=O)nn3)[C@H](OC)C2)CC(=O)[C@H](C)/C=C(\C)[C@@H](O)[C@@H](OC)C(=O)[C@H](C)C[C@H](C)/C=C/C=C/C=C/1C,-0.5686362358410126
CN1CCN([C@@H]2CCCN(c3cnc(C(N)=O)c(Nc4ccc(C5CCN(C[C@H]6CCN(c7ccc8c(c7)CN([C@H]7CCC(=O)NC7=O)C8=O)C6)CC5)cc4)n3)C2)C1=O,-0.6020599913279624
Cc1nc2c(F)cc(-c3nc(Nc4ccc(CN5CCN(Cc6cn(CCOCCOCCOCCOCCNc7cccc8c7C(=O)N(C7CCC(=O)NC7=O)C8=O)nn6)CC5)cn4)ncc3F)cc2n1C(C)C,2.162862993321926
COc1cc(/C=C/C(=O)N2CCC=CC2=O)cc(OC)c1OCCOCCNC(=O)CN1CCC(C(=O)Nc2ncc(SCc3ncc(C(C)(C)C)o3)s2)CC1,1.1760912590556811
Cc1ncc(-c2ccc3nc(NC(=O)CCOCCCOCCC(=O)N[C@H](C(=O)N4C[C@H](O)C[C@H]4C(=O)NCc4ccc(-c5scnc5C)cc4)C(C)(C)C)sc3c2)cc1NC(=O)OC1CCCCC1,4.6020599913279625
COc1cc(N2CCC(NC(=O)CCCCCCCCCC(=O)N[C@H](C(=O)N3C[C@H](O)C[C@H]3C(=O)NCc3ccc(-c4scnc4C)cc3)C(C)(C)C)CC2)ccc1Nc1ncc(Cl)c(Nc2ccccc2P(C)(C)=O)n1,0.8450980400142568
O=C(/C=C/c1cccnc1)NCCCCC1CCN(C(=O)c2ccc(N3CCC(N4CCN(CCCCCCC#Cc5cccc6c5CN(C5CCC(=O)NC5=O)C6=O)CC4)CC3)nn2)CC1,0.1105897102992489
COc1ccc(C(=O)O)cc1OCc1ccc(C(=O)NCCCCCCNc2cccc3c2C(=O)N(C2CCC(=O)NC2=O)C3=O)cc1,1.146128035678238
N#Cc1ccc(N2CCC3(CCN(c4ccc(C(=O)N5CCC(CN6CCc7cc8c(cc7CC6)C(=O)N(C6CCC(=O)NC6=O)C8=O)CC5)cc4)CC3)C2)cc1Cl,1.7075701760979365
CC(C)c1c(C(=O)Nc2ccccc2)c(-c2cccc(OCCCCc3cn(CCOCCOCCOCCOCCNc4cccc5c4C(=O)N(C4CCC(=O)NC4=O)C5=O)nn3)c2)c(-c2ccc(F)cc2)n1CC[C@@H](O)C[C@@H](O)CC(=O)O,2.6020599913279625
Cc1ncsc1-c1ccc([C@H](C)NC(=O)[C@@H]2C[C@@H](O)CN2C(=O)[C@@H](NC(=O)CCCCCCCCCCn2cc(-c3cc(-c4ccccc4O)nnc3N)cn2)C(C)(C)C)cc1,0.7781512503836436
Cc1ncsc1-c1ccc(CNC(=O)[C@@H]2C[C@@H](O)CN2C(=O)[C@@H](NC(=O)CCc2cc(N)cc(CCOCCOCC#Cc3ccc(C4=N[C@@H](Cc5nccs5)c5nnc(C)n5-c5sc(C)c(C)c54)cc3)c2)C(C)(C)C)cc1,1.9395192526186185
O=C1CCC(N2C(=O)c3cc4c(cc3C2=O)CN(CC(=O)N2CCC3(CC2)CCN(c2ccc([C@@H]5c6ccc(O)cc6CC[C@@H]5c5ccccc5)cc2)CC3)C4)C(=O)N1,0.7403626894942439
Cc1c(C#N)c(-c2ccc(C#N)cc2)c(C)n1Cc1ccc(C(=O)NCCOCCOCCOCCNC(=O)[C@H](CC(C)C)NC(=O)[C@@H](O)[C@H](N)Cc2ccccc2)cc1,4.334453751150931
CCOc1cc(-c2ccc(N3CCC(CN4CCN(C(=O)CCN5CCN(c6ccc(NC7CCC(=O)NC7=O)cc6)CC5)CC4)(NC(=O)c4cc(F)ccc4F)CC3)nc2)c2c(C#N)cnn2c1,-0.0809219076239261
CN(CCCNc1cccc2c1C(=O)N(C1CCC(=O)NC1=O)C2=O)C[C@H]1CC[C@H](n2cc3cc(NC(=O)c4cccc(C(F)(F)F)n4)c(C(C)(C)O)cc3n2)CC1,1.5563025007672873
CC(=O)N1CCc2c(c(-c3cccc4cc(-c5ccc(C(=O)N6CCC(Nc7cccc8c7C(=O)N(C7CCC(=O)NC7=O)C8=O)CC6)nc5)ncc34)nn2C2CCOCC2)C1,0.255272505103306
O=C1CCC(N2C(=O)c3ccc(N4CCC(CN5CCC(NC(=O)c6n[nH]cc6NC(=O)c6c(Cl)cccc6Cl)CC5)CC4)cc3C2=O)C(=O)N1,0.0681858617461616
O=C1CC[C@H](N2Cc3c(ccc4c3OC[C@H]3CN(CC5CC6(CCN(c7ccc([C@@H]8c9ccc(O)cc9CC[C@@H]8c8ccccc8)cc7)CC6)C5)CCN43)C2=O)C(=O)N1,0.0791812460476248
Cc1nc(Nc2ncc(C(=O)Nc3c(C)cccc3Cl)s2)cc(N2CCN(C(=O)CCCc3cn(CCOCCOCCNc4cccc5c4C(=O)N(C4CCC(=O)NC4=O)C5=O)nn3)CC2)n1,1.3010299956639813
NC(=O)c1c(-c2ccc(Oc3ccccc3)cc2)nn2c1NCC[C@H]2C1CCN(C(=O)CCc2ccc(N3CCN(c4ccc5c(c4)C(=O)N(C4CCC(=O)NC4=O)C5=O)CC3)cc2)CC1,1.869231719730976
Cc1ncsc1-c1ccc(CNC(=O)[C@@H]2C[C@@H](O)CN2C(=O)[C@@H](NC(=O)C2(F)CC2)C(C)(C)C)c(OCCCCCCC(=O)N2CCC3(CC2)CCN(c2cncc(Nc4ncc(Cl)c(-c5cccc(-c6ccccc6)c5)n4)c2)C3=O)c1,2.0293837776852097
Cc1ncsc1-c1ccc([C@H](C)NC(=O)[C@@H]2C[C@@H](O)CN2C(=O)[C@@H](NC(=O)CCCCCCCCCCNC(=O)c2ccc(C(=O)N3CCC(CCCCNC(=O)/C=C/c4cccnc4)CC3)cc2)C(C)(C)C)cc1,2.0461047872460387
CC(C)(C)c1ccc(Oc2ccc(-c3nn4c(c3C(N)=O)Nc3ccc(C5CCN(CCC6CCN(c7ccc(N8CCC(=O)NC8=O)cc7)CC6)CC5)cc3CC4)cc2)cc1,1.212187604403958
CCN1CCC(n2cc(-c3c[nH]c4ncc(-c5ccc(N6CCC(F)(CN7CCN(C(=O)c8ccc(Cl)c(N9CCC(=O)NC9=O)c8)CC7)CC6)cc5)nc34)cn2)CC1,2.360971883725936
NC(=O)c1c(-c2ccc(Oc3ccccc3)cc2)nn2c1Nc1cc(C(=O)N3CCC(CN4CCN(c5cc6c(cc5F)C(=O)N(C5CCC(=O)NC5=O)C6=O)CC4)CC3)ccc1CC2,1.1271047983648077
Cc1cc(Nc2ncc(Cl)c(Nc3ccccc3S(=O)(=O)C(C)C)n2)c(OC(C)C)cc1C1CCN(C2CCN(CCCNc3ccc4c(c3)C(=O)N([C@@H]3CCC(=O)NC3=O)C4=O)CC2)CC1,2.655138434811382
Cc1ncsc1-c1ccc([C@H](C)NC(=O)[C@@H]2C[C@@H](O)CN2C(=O)[C@@H](c2cc(N3CCC(CN4CCC(c5ccc6c(c5)-n5c(nc(=O)c7c(Cl)cccc75)C6(C)C)CC4)CC3)no2)C(C)C)cc1,0.2304489213782739
CC1(C)CCc2c(C(=O)Nc3cnn([C@@H](CCN4CCN(CC5CCN(c6ccc7c(c6)C(=O)N(C6CCC(=O)NC6=O)C7=O)CC5)CC4)c4ccccc4)c3)n[nH]c2C1,1.4668676203541096
CN(c1ccc(C#N)c(Cl)c1)[C@H]1CC[C@H](NC(=O)c2ccc(N3CCN(C4CN(c5ccc6c(c5)C(=O)N(C5CCC(=O)NC5=O)C6=O)C4)CC3)cc2)CC1,-1.3979400086720375
Cc1nc(Nc2ncc(C(=O)Nc3c(C)cccc3Cl)s2)cc(N2CCN(C(=O)CS(=O)(=O)c3cccc4c3C(=O)N(C3CCC(=O)NC3=O)C4=O)CC2)n1,2.389343311252078
CN(CCOCCOCCOCCN1CCN(c2ccc(Nc3ncc4nc(Nc5ccccc5)n(C5CCCC5)c4n3)cc2)CC1)CC(=O)Nc1cccc2c1CN(C1CCC(=O)NC1=O)C2=O,0.2810333672477275
O=C1CCC(N2C(=O)c3ccc(N4CCC(N5CCC(NC(=O)c6n[nH]cc6NC(=O)c6c(Cl)cccc6Cl)CC5)C4)cc3C2=O)C(=O)N1,0.8530895298518655
COc1cc2c(Oc3ccc(NC(=O)C4(C(=O)Nc5ccc(F)cc5)CC4)cc3F)ccnc2cc1OCCCOCCOCCCOc1cc(-c2scnc2C)ccc1CNC(=O)[C@@H]1C[C@@H](O)CN1C(=O)[C@H](C(C)C)N1Cc2ccccc2C1=O,2.880813592280792
Cc1ncsc1-c1ccc(CNC(=O)[C@@H]2C[C@@H](O)CN2C(=O)[C@@H](NC(=O)COCCCOCCOc2cc(F)c([C@@H]3c4[nH]c5ccccc5c4C[C@@H](C)N3CC(C)(C)F)c(F)c2)C(C)(C)C)cc1,-0.3979400086720376
Cc1ncsc1-c1ccc(CNC(=O)[C@@H]2C[C@@H](O)CN2C(=O)[C@@H](NC(=O)COCCOCCOCCOC(=O)C[C@@H]2N=C(c3ccc(Cl)cc3)c3c(sc(C)c3C)-n3c(C)nnc32)C(C)(C)C)cc1,2.100025730107862
Cc1sc2c(c1C)C(c1ccc(Cl)cc1)=N[C@@H](CC(=O)NCCCCN1CCC(c3ccc4c(c3)CN(C3CCC(=O)NC3=O)C4=O)CC1)c1nnc(C)n1-2,1.1072099696478683
COc1ccc(C(F)(F)F)cc1C(=O)NCc1ccc(-c2nn3c(c2C(N)=O)Nc2ccc(N4CCN(CC5CCN(c6ccc(N7CCC(=O)NC7=O)cc6)CC5)CC4)cc2CC3)c(F)c1F,0.2455126678141498
NC(=O)c1c(-c2ccc(Oc3ccccc3)cc2)nn2c1Nc1ccc(NC(=O)C3CCN(c4ccc5c(c4)C(=O)N(C4CCC(=O)NC4=O)C5=O)CC3)cc1CC2,0.4771212547196624
CCN(C)S(=O)(=O)Nc1ccc(F)c(C(=O)c2c[nH]c3ncc(-c4cnc(N5CCN(C(=O)CCCOc6cccc7c6CN(C6CCC(=O)NC6=O)C7=O)CC5)nc4)cc23)c1F,1.3010299956639813
CN(CCC(=O)N1CCC([C@@H]2CCNc3c(C(N)=O)c(-c4ccc(Oc5ccccc5)cc4)nn32)CC1)CC1CCN(c2ccc3c(c2)C(=O)N(C2CCC(=O)NC2=O)C3=O)CC1,1.5440680443502757
COc1cc(N2CCN(CC3CCN(c4ccc(C5CCN(c6ccc(C#N)c(C(F)(F)F)c6F)CC5)cc4)CC3)CC2)cc2c1C(=O)N(C1CCC(=O)NC1=O)C2,1.3424226808222062
Cc1ncsc1-c1ccc(CNC(=O)[C@@H]2C[C@@H](O)CN2C(=O)[C@@H](NC(=O)CCCCCOCCCCOCCCCOc2cc3ncnc(Nc4ccc(F)c(Cl)c4)c3cc2NC(=O)/C=C/CN(C)C)C(C)(C)C)cc1,2.334051440346892
CCc1ccc(C(=O)NCCCC[C@H](NC(=O)[C@H](Cc2ccc(C(F)(F)P(=O)(O)O)cc2)NC(=O)[C@H](Cc2ccccc2)NC(=O)CO[C@H]2C[C@@H](C)CC[C@@H]2C(C)C)C(=O)NCCOCCC(=O)Nc2cccc3c2CN(C2CCC(=O)NC2=O)C3=O)cc1,1.5538830266438743
Cc1cccc(NC(=O)c2ccc(-c3nn4c(c3C(N)=O)Nc3ccc(N5CCN(C6CN(c7ccc(N8CCC(=O)NC8=O)cc7)C6)CC5)cc3CC4)c(F)c2C)n1,0.6857417386022636
CNC(=O)N1CCc2c(c(N3CCCc4cc(-c5cnn(C)c5)c(C(F)F)cc43)nn2C2CCN(C(=O)CCOCCOCCOCCOCCNc3ccc4c(c3)C(=O)N(C3CCC(=O)NC3=O)C4=O)CC2)C1,-0.1249387366082999
O=C1CCC(N2C(=O)c3ccc(N4CC(CN5CCC(CCN6CCC(NC(=O)c7n[nH]cc7NC(=O)c7c(Cl)cccc7Cl)CC6)CC5)C4)cc3C2=O)C(=O)N1,1.0499928569201429
COc1ccnc(NC(=O)c2ccc(-c3nn4c(c3C(N)=O)Nc3ccc(N5CCN(CC6CCN(c7ccc(N8CCC(=O)NC8=O)cc7)CC6)CC5)cc3CC4)cc2)c1,0.7881683711411677
Cc1nc(Nc2ncc(C(=O)Nc3c(C)cccc3Cl)s2)cc(N2CCN(CCCC(=O)N3CCN(c4cccc5c4C(=O)N(C4CCC(=O)NC4=O)C5=O)CC3)CC2)n1,0.0
COc1cc2c(Oc3ccc(NC(=O)C4(C(=O)Nc5ccc(F)cc5)CC4)cc3F)ccnc2cc1OCCCOCCCOCCC(=O)N[C@H](C(=O)N1C[C@H](O)C[C@H]1C(=O)NCc1ccc(-c2scnc2C)cc1)C(C)(C)C,2.361727836017593
Cc1ncsc1-c1ccc(CNC(=O)[C@@H]2C[C@@H](O)CN2C(=O)[C@@H](NC(=O)CCCCCCCCCOc2ccc(C(c3ccc(Cl)cc3)N3CCN(C(=O)c4noc(C)c4[N+](=O)[O-])CC3)cc2)C(C)(C)C)cc1,2.130333768495006
Cc1sc2c(c1C)C(c1ccc(Cl)cc1)=N[C@@H](CC(=O)NCCCCCNc1ccc(Cc3ccc4c(c3)CN(C3CCC(=O)NC3=O)C4=O)cc1)c1nnc(C)n1-2,0.414973347970818
Cc1ncsc1-c1ccc(CNC(=O)[C@@H]2C[C@@H](O)CN2C(=O)[C@H](C(C)C)N2Cc3ccccc3C2=O)c(OCCCCOCCCCN2CCC(n3nc(-c4ccc(Oc5ccccc5)cc4)c4c(N)ncnc43)CC2)c1,2.2095150145426308
O=C1CC[C@H](N2Cc3c(ccc4c3OC[C@H]3CN(CC5CCC6(CC5)CN(c5ccc([C@@H]7c8ccc(O)cc8CC[C@@H]7c7ccccc7)cc5)C6)CCN43)C2=O)C(=O)N1,0.3424226808222063
Cc1sc2c(c1C)C(c1ccc(Cl)cc1)=N[C@@H](CC(=O)N1CCC(c3ccc4c(c3)CN(C3CCC(=O)NC3=O)C4=O)CC1)c1nnc(C)n1-2,0.9590413923210936
COc1cc(OC)c(Cl)c(NC(=O)N(C)c2cc(Nc3ccc(N4CCN(C(=O)C5CCN(c6ccc7c(c6)C(=O)N(C6CCC(=O)NC6=O)C7=O)CC5)CC4)cc3)ncn2)c1Cl,1.0718820073061257
COc1ccccc1C(=O)N[C@H](C)c1ccc(-c2nn3c(c2C(N)=O)Nc2ccc(N4CCN(CC5CCN(c6ccc(N7CCC(=O)NC7=O)cc6)CC5)CC4)cc2CC3)cc1,1.0965624383741357
Cc1ncsc1-c1ccc(CNC(=O)[C@@H]2C[C@@H](O)CN2C(=O)[C@@H](NC(=O)CCCCCCCCOc2ccc3c(-c4ccc(C(=O)O)c(C5CCCC5)c4)ncnc3c2)C(C)(C)C)cc1,2.792391689498254
CN(CCCO[C@H]1C[C@H](Nc2cccc3c2C(=O)N(C2CCC(=O)NC2=O)C3=O)C1)C[C@H]1CC[C@H](n2cc3cc(NC(=O)c4cccc(C(F)(F)F)n4)c(C(C)(C)O)cc3n2)CC1,0.6020599913279624
Cc1cc(-c2c[nH]c3ncc(-c4ccc(C5CCN(C(=O)CCOCCOCCOc6cccc7c6C(=O)N(C6CCC(=O)NC6=O)C7=O)CC5)cc4)nc23)ccc1C(=O)N(C)C,2.3899984226073334
CN1CC[C@H]2CC[C@@H](C(=O)N[C@@H](CCC(N)=O)C(=O)N[C@H](C(=O)N3CCC(CCC#Cc4cccc5c4CN(C4CCC(=O)NC4=O)C5=O)CC3)C3CCCCC3)N2C(=O)[C@@H](NC(=O)c2cc3cc(C(F)(F)P(=O)(O)O)ccc3s2)C1,2.4149733479708178
O=C1CCC(N2C(=O)c3cc4c(cc3C2=O)CN(CCCCC2CCN(c3ccc([C@@H]5c6ccc(O)cc6CC[C@@H]5c5ccccc5)cc3)CC2)C4)C(=O)N1,2.3729120029701067
NC(=O)CC[C@H](NC(=O)[C@@H]1CC[C@@H]2CCN(C(=O)CC(=O)N3CCC(C#Cc4cccc5c4CN(C4CCC(=O)NC4=O)C5=O)CC3)C[C@H](NC(=O)c3cc4cc(C(F)(F)P(=O)(O)O)ccc4[nH]3)C(=O)N21)C(=O)NC(c1ccccc1)c1ccccc1,2.57978359661681
CN1CCN([C@@H]2CCCN(c3cnc(C(N)=O)c(Nc4ccc(C5CCN(C[C@H]6CCN(c7ccc8c(c7)C(=O)N([C@@H]7CCC(=O)NC7=O)C8=O)C6)CC5)nc4)n3)C2)C1=O,0.0
COc1cc(N2CC[C@@H](OCC(=O)N[C@H](C(=O)N3C[C@H](O)C[C@H]3C(=O)N[C@@H](C)c3ccc(-c4scnc4C)cc3)C(C)(C)C)[C@H](C)C2)ccc1NC(=O)c1cccc(-c2ccn[nH]2)n1,1.3222192947339193
CC(C)c1c(C(=O)Nc2ccccc2)c(-c2cccc(OCCCc3cn(CCCCCCOCCCc4cccc5c4CN(C4CCC(=O)NC4=O)C5=O)nn3)c2)c(-c2ccc(F)cc2)n1CC[C@@H](O)C[C@@H](O)CC(=O)O,2.6989700043360187
O=C(/C=C/C(=O)Nc1ccc(NC(=O)c2ccc([N+](=O)[O-])o2)cc1)NCCCCCNc1cccc2c1C(=O)N(C1CCC(=O)NC1=O)C2=O,3.963787827345555
Cn1c(=O)c2c(nc(S(C)(=O)=O)n2C)n(CC#Cc2cccc(NC(=O)C3CCN(c4ccc5c(c4)C(=O)N(C4CCC(=O)NC4=O)C5=O)CC3)c2)c1=O,2.2833012287035497
CC(C)(C)[C@H](NC(=O)c1cc2cc(C(F)(F)P(=O)(O)O)ccc2s1)C(=O)N1C[C@@H](NC(=O)CCCC#Cc2cccc3c2CN(C2CCC(=O)NC2=O)C3=O)C[C@H]1C(=O)N1CCO[C@H](c2ccccc2)C1,2.406540180433955
Cc1ncsc1-c1ccc([C@H](C)NC(=O)[C@@H]2C[C@@H](O)CN2C(=O)[C@@H](NC(=O)COCCCCCOc2cccc(F)c2C(=O)NC(=O)NC2c3ccccc3-c3ccccc32)C(C)(C)C)cc1,1.511749711344983
Cc1cc(-c2nn3c(c2C(N)=O)Nc2ccc(N4CCN(CC5CCN(c6ccc(N7CCC(=O)NC7=O)cc6)CC5)CC4)cc2CC3)cc(C)c1C(=O)Nc1cc(C(F)(F)F)ccn1,0.7299742856995556
CC(C)(C)[C@H](NC(=O)c1cc2cc(C(F)(F)P(=O)(O)O)ccc2s1)C(=O)N1C[C@@H](OCCCCCCCC#Cc2cccc3c2CN(C2CCC(=O)NC2=O)C3=O)C[C@H]1C(=O)N1CCO[C@H](c2ccccc2)C1,1.7781512503836436
Cc1ncc(-c2ccc3nc(NC(=O)CCCCCCCCCCC(=O)N[C@H](C(=O)N4C[C@H](O)C[C@H]4C(=O)NCc4ccc(-c5scnc5C)cc4)C(C)(C)C)sc3c2)cc1NC(=O)OC1CCCCC1,4.698970004336019
COc1ccc2ccccc2c1C(=O)NCc1ccc(-c2nn3c(c2C(N)=O)Nc2ccc(N4CCN(CC5CCN(c6ccc(N7CCC(=O)NC7=O)cc6)CC5)CC4)cc2CC3)cc1F,0.5314789170422551
CC(=O)N1CCc2c(c(N3CCCc4cc(-c5cnn(C)c5)c(C(F)F)cc43)nn2C2CCN(C(=O)CCCNc3cccc4c3C(=O)N(C3CCC(=O)NC3=O)C4=O)CC2)C1,0.146128035678238
Nc1nnc(-c2ccccc2O)cc1N1CCC(C(=O)N2CCC(C(=O)N3CCN(c4ccc(C5CCC(=O)NC5=O)cc4)CC3)CC2)(c2ccccc2)CC1,0.4771212547196624
CCCCCCNNC(=O)c1ccc(CNC(=O)CCCCCCNc2cccc3c2C(=O)N(C2CCC(=O)NC2=O)C3=O)cc1,1.2227164711475833
COc1cc(-c2cn(C)c(=O)c3cnccc23)cc(OC)c1C(=O)N1CCC2(CC1)CC(CN1Cc3cc4c(cc3C1)C(=O)N(C1CCC(=O)NC1=O)C4=O)C2,1.792391689498254
Cc1ncsc1-c1ccc([C@H](C)NC(=O)[C@@H]2C[C@@H](O)CN2C(=O)[C@@H](c2cc(N3CCN(CC4CCN(C[C@H]5C[C@H](Oc6cc(N7C8CCC7CN(c7cc(-c9ccccc9O)nnc7N)C8)ccn6)C5)CC4)CC3)no2)C(C)C)cc1,-1.207608310501746
Cc1ncsc1-c1ccc([C@H](C)NC(=O)[C@@H]2C[C@@H](O)CN2C(=O)[C@@H](NC(=O)CCCCCCCCn2cc(-c3cc(-c4ccccc4O)nnc3N)cn2)C(C)(C)C)cc1,0.4771212547196624
Cc1ncsc1-c1ccc([C@H](C)NC(=O)[C@@H]2C[C@@H](O)CN2C(=O)[C@@H](NC(=O)CCCCCN2CCC(n3cc(-c4cc(-c5ccccc5O)nnc4N)cn3)CC2)C(C)(C)C)cc1,0.7781512503836436
Cc1cccc(NC(=O)c2ccc(-c3nn4c(c3C(N)=O)Nc3ccc(N5CCN(C6CN(C7CN(c8ccc(C9CCC(=O)NC9=O)cc8)C7)C6)CC5)cc3CC4)c(F)c2C)n1,0.3654879848908996
CC1=C(O)C(=O)C=C2C1=CC=C1[C@@]2(C)CC[C@@]2(C)[C@@H]3C[C@](C)(C(=O)NCCOCCNc4cccc5c4C(=O)N(C4CCC(=O)NC4=O)C5=O)CC[C@]3(C)CC[C@@]12C,2.123851640967086
Cc1sc2c(c1C)C(c1ccc(Cl)cc1)=N[C@@H](CC(=O)NCCCCCNC(=O)CN1CCOc3cc(N(CCC#N)C(=O)CCl)ccc31)c1nnc(C)n1-2,2.397940008672037
CN(CCCOc1cccc2c1CN(C1CCC(=O)NC1=O)C2=O)C[C@H]1CC[C@H](n2cc3cc(NC(=O)c4cccc(C(F)(F)F)n4)c(C(C)(C)O)cc3n2)CC1,0.6989700043360189
Cc1nc(Nc2ncc(C(=O)Nc3c(C)cccc3Cl)s2)cc(N2CCN(CCCC(=O)N3CCN(c4ccc(C5CCC(=O)NC5=O)cc4)CC3)CC2)n1,0.9030899869919436
N#Cc1ccc(N2CCC(c3ccc(OCCCCN4CCN(c5ccc6c(c5)CN(C5CCC(=O)NC5=O)C6=O)CC4)cc3)CC2)c(F)c1C(F)(F)F,0.9542425094393248
O=C1CCC(N2C(=O)c3cccc(NC(=O)CCCCCCN4CCN(c5ccc(Nc6ncc7ncc(=O)n(C8CCCC8)c7n6)cc5)CC4)c3C2=O)C(=O)N1,0.8195439355418687
Cc1ncsc1-c1ccc(CNC(=O)[C@@H]2C[C@@H](O)CN2C(=O)[C@@H](NC(=O)COCC#CC#CCNC(=O)C[C@@H]2N=C(c3ccc(Cl)cc3)c3c(sc(C)c3C)-n3c(C)nnc32)C(C)(C)C)cc1,0.8573324964312685
Cc1nnc2n1-c1ccc(-c3cnn(CCCCCCCN4CCC(c5cccc6c5CN(C5CCC(=O)NC5=O)C6=O)CC4)c3)cc1C(c1ccc(Cl)cc1)=NC21CC1,0.6989700043360189
CCOc1cc(-c2ccc(N3CCC(CN4CCC(C(=O)N5CC(N6CCC(c7ccc8c(c7)C(=O)N(C7CCC(=O)NC7=O)C8)CC6)C5)CC4)(NC(=O)c4cc(F)ccc4F)CC3)nc2)c2c(C#N)cnn2c1,0.1303337684950061
Cc1c(Cl)cc(NC(=O)CCc2ccc3c(c2)C(=O)N(C2CCC(=O)NC2=O)C3)cc1CN1CCN(C)CC1,3.3432115901797474
Cc1cc(-c2c[nH]c3ncc(-c4ccc(N5CCN(CC6CCN(c7ccc8c(c7)C(=O)N(C7CCC(=O)NC7=O)C8=O)CC6)CC5)cc4)nc23)ccc1C(=O)N(C)C,1.530199698203082
COc1cccnc1C(=O)NCc1ccc(-c2nn3c(c2C(N)=O)Nc2ccc(N4CCN(CC5CCN(c6ccc(N7CCC(=O)NC7=O)cc6)CC5)CC4)cc2CC3)cc1C,1.095169351431755
Cc1c(C(=O)Nc2cn(C)cn2)ccc(-c2nn3c(c2C(N)=O)Nc2ccc(N4CCN(CCc5cccc6c5oc(=O)n6C5CCC(=O)NC5=O)CC4)cc2CC3)c1F,-0.1511952989481962
CCOc1cc(-c2ccc(N3CCC(CN4CCN(C(=O)CCN5CCC(c6ccc7c(c6)C(=O)N(C6CCC(=O)NC6=O)C7)CC5)CC4)(NC(=O)c4ncccc4F)CC3)nc2)c2c(C#N)cnn2c1,0.3617278360175928
Cc1ncsc1-c1ccc(CNC(=O)[C@@H]2C[C@@H](O)CN2C(=O)[C@@H](NC(=O)COCCNc2ncc(C(=O)Nc3ccc(OC(F)(F)Cl)cc3)cc2-c2ccn[nH]2)C(C)(C)C)cc1,1.4771212547196624
C[C@@H]1Cc2c([nH]c3ccccc23)[C@@H](c2cnc(N3CCC4(CCN(CCC5CCN(c6ccc7c(c6)CN(C6CCC(=O)NC6=O)C7=O)CC5)CC4)CC3)nc2)N1CC(C)(C)F,-0.0969100130080563
O=C1CCC(c2ccc(NCC(=O)N3CCN(C(=O)C4CCN(c5ccc(NC(=O)c6cnc(Oc7ccccc7)nc6)cc5)CC4)CC3)cc2)C(=O)N1,-0.9829666607012196
CCN1CCN(Cc2ccc(NC(=O)c3cccc(-c4ccc5nc(NC(=O)COCCOCCOCCNC(=O)[C@@H](NC(=O)[C@@H]6CCCN6C(=O)[C@@H](NC(=O)[C@H](C)NC)C6CCCCC6)C(c6ccccc6)c6ccccc6)sc5n4)c3)cc2C(F)(F)F)CC1,3.3010299956639813
CCN1CCC(n2cc(-c3c[nH]c4ncc(-c5ccc(N6CCC(OC7CCN(C(=O)c8ccc(Cl)c(N9CCC(=O)NC9=O)c8)CC7)CC6)c(C)c5)nc34)cn2)CC1,1.4668676203541096
Cc1ncsc1-c1ccc([C@H](C)NC(=O)[C@@H]2C[C@@H](O)CN2C(=O)[C@@H](NC(=O)COCCOCCOCCOCCOCC(=O)N2CC(Nc3cc(C(=O)NC[C@H](O)CN4CCc5ccccc5C4)ncn3)C2)C(C)(C)C)cc1,3.041392685158225
COc1cc2c(Oc3ccc(NC(=O)C4(C(=O)Nc5ccc(F)cc5)CC4)cc3F)ccnc2cc1OCCOCCOCCC(=O)N[C@H](C(=O)N1C[C@H](O)C[C@H]1C(=O)NCc1ccc(-c2scnc2C)cc1)C(C)(C)C,1.6031443726201824
NC(=O)c1c(-c2ccc(Oc3ccccc3)cc2)nn2c1NCC[C@H]2C1CCN(C(=O)CCN2CCN(C(=O)CNc3ccc4c(c3)C(=O)N(C3CCC(=O)NC3=O)C4=O)CC2)CC1,0.4623979978989561
COc1cc(C2CCN(CC#Cc3ccc4c(c3)CN(C3CCC(=O)NC3=O)C4=O)CC2)c(C)cc1Nc1ncc(Cl)c(Nc2ccccc2S(=O)(=O)C(C)C)n1,0.5910646070264992
Cc1cc([C@H](C(=O)N2C[C@H](O)C[C@H]2C(=O)N[C@@H](C)c2ccc(Cl)cc2OCCOCCOCCOCCNC(=O)C[C@@H]2N=C(c3ccc(Cl)cc3)c3c(sc(C)c3C)-n3c(C)nnc32)C(C)C)on1,2.322219294733919
CC[C@@H](CO)Nc1nc(NCc2ccc(NC(=O)N3CCC(N4CCN(c5cc6c(cc5F)C(=O)N(C5CCC(=O)NC5=O)C6=O)CC4)CC3)cc2)n2ncc(C(C)C)c2n1,0.5954962218255742
Cn1c(=O)c2c(nc(S(C)(=O)=O)n2C)n(CC#Cc2cccc(NC(=O)CCCCNc3cccc4c3C(=O)N(C3CCC(=O)NC3=O)C4=O)c2)c1=O,1.462397997898956
COc1cc(N2CCN(C(=O)CCOCC#Cc3ccc4c(c3)C(=O)N(C3CCC(=O)NC3=O)C4=O)CC2)ccc1NC(=O)c1cccc(-c2ccn[nH]2)n1,1.6755950563867463
COc1cc(N2CCN(c3ccc4c(c3)CN([C@H]3CCC(=O)NC3=O)C4=O)CC2)ccc1Nc1ncc(Cl)c(Nc2ccccc2P(C)(C)=O)n1,0.9030899869919436
CC(C)c1c(C(=O)Nc2ccccc2)c(-c2cccc(OCCCCCc3cn(CCCCCCCNc4cccc5c4C(=O)N(C4CCC(=O)NC4=O)C5=O)nn3)c2)c(-c2ccc(F)cc2)n1CC[C@@H](O)C[C@@H](O)CC(=O)O,2.6020599913279625
COc1cc(N2CCN(CCC3CCN(c4ncc([C@@H]5c6[nH]c7ccccc7c6C[C@@H](C)N5CC(C)(C)F)cn4)CC3)CC2)cc2c1C(=O)N(C1CCC(=O)NC1=O)C2,-0.3979400086720376
O=C1CCC(N2C(=O)c3cc4c(cc3C2=O)CN(CC2CCN(C(=O)C3CN(c5ccc([C@@H]6c7ccc(O)cc7CC[C@@H]6c6ccccc6)cc5)C3)CC2)C4)C(=O)N1,1.505149978319906
Cc1cc([C@H](C(=O)N2C[C@H](O)C[C@H]2C(=O)N[C@@H](CC(=O)NCCOCCOCCNC(=O)C[C@@H]2N=C(c3ccc(Cl)cc3)c3c(sc(C)c3C)-n3c(C)nnc32)c2ccc(Cl)cc2)C(C)C)on1,3.1760912590556813
Cc1cc([C@H](C(=O)N2C[C@H](O)C[C@H]2C(=O)N[C@@H](CC(=O)NCCCCNC(=O)C[C@@H]2N=C(c3ccc(Cl)cc3)c3c(sc(C)c3C)-n3c(C)nnc32)c2ccc(Cl)cc2)C(C)C)on1,2.278753600952829
COc1cc(-c2cn(C)c(=O)c3cnccc23)cc(OC)c1C(=O)N1CCC2(CC1)CC(N1Cc3cc4c(cc3C1)C(=O)N(C1CCC(=O)NC1=O)C4)C2,0.4771212547196624
CC(C)(C#N)n1cc(-c2c[nH]c3ncc(-c4ccc(N5CCC(CC6CCN(C(=O)c7ccc(Cl)c(N8CCC(=O)NC8=O)c7)CC6)CC5)nc4)nc23)cn1,2.330413773349191
O=C(CCCCCCC(=O)N/N=C/c1ccc(OCCOCCOCCn2cc(CNc3cccc4c3C(=O)N(C3CCC(=O)NC3=O)C4=O)nn2)cc1)NO,1.5314789170422551
Cc1sc2c(c1C)C(c1ccc(Cl)cc1)=N[C@@H](CC(=O)NCCCCCCCCC(=O)N[C@@H](Cc1cc3ccccc3[nH]1)C(=O)N[C@H]1CC(=O)NC1=O)c1nnc(C)n1-2,1.4771212547196624
COc1cc(N2CCC(N3CCN(C(=O)C4CCN(c5ccc(N[C@H]6CCC(=O)NC6=O)cc5)CC4)CC3)CC2)ccc1Nc1ncc(Cl)c(Nc2ccccc2P(C)(C)=O)n1,1.8808135922807916
NC(=O)c1c(-c2cc(F)c(C(=O)Nc3cc(C(F)(F)F)ccn3)c(F)c2)nn2c1Nc1ccc(N3CCN(CC4CCN(c5ccc(N6CCC(=O)NC6=O)cc5)CC4)CC3)cc1CC2,0.2068258760318497
C=C(F)C(=O)N1CCN(c2nc(OC[C@@H]3CCCN3CCCCOCCC(=O)N[C@H](C(=O)N3C[C@H](O)C[C@H]3C(=O)NCc3ccc(-c4scnc4C)cc3)C(C)(C)C)nc3c2CCN(c2cccc4cccc(Cl)c24)C3)C[C@@H]1CC#N,2.9444826721501687
Cc1ncsc1-c1ccc([C@H](C)NC(=O)[C@@H]2C[C@@H](O)CN2C(=O)[C@@H](NC(=O)CCCCCC(=O)N2CCN(CC3(C)CCC(c4ccc(Cl)cc4)=C(CN4CCN(c5ccc(C(=O)NS(=O)(=O)c6ccc(N[C@H](CCN7CCOCC7)CSc7ccccc7)c(S(=O)(=O)C(F)(F)F)c6)cc5)CC4)C3)CC2)C(C)(C)C)cc1,2.2550311633455515
NC(=O)c1c(-c2ccc(Oc3ccccc3)cc2)nn2c1Nc1ccc(C3CCN(CC4CCN(c5ccc(N6CCC(=O)NC6=O)cc5)CC4)CC3)cc1CC2,0.1986570869544226
O=C1CC[C@H](N2Cc3c(ccc4c3OC[C@H]3CN(CCC5CC6(CCN(c7ccc([C@@H]8c9ccc(O)cc9CC[C@@H]8c8ccccc8)cc7)CC6)C5)CCN43)C2=O)C(=O)N1,0.041392685158225
CC(C)c1c(C(=O)Nc2ccccc2)c(-c2cccc(OCCCc3cn(CCCCCCOCC#Cc4cccc5c4CN(C4CCC(=O)NC4=O)C5=O)nn3)c2)c(-c2ccc(F)cc2)n1CC[C@@H](O)C[C@@H](O)CC(=O)O,2.3010299956639813
CN1CC[C@H]2CC[C@@H](C(=O)N[C@@H](CCC(N)=O)C(=O)N[C@@H](Cc3ccc(F)c(F)c3)C(=O)N3CCC(CCC#Cc4cccc5c4CN(C4CCC(=O)NC4=O)C5=O)CC3)N2C(=O)[C@@H](NC(=O)c2cc3cc(C(F)(F)P(=O)(O)O)ccc3s2)C1,2.342422680822206
CC(=O)N1CCc2c(c(-c3cccc4cc(-c5ccc(C(=O)NCCCCCCCCNc6cccc7c6C(=O)N(C6CCC(=O)NC6=O)C7=O)nc5)ncc34)nn2C2CCOCC2)C1,-0.6989700043360187
C[C@@H]1Cc2c([nH]c3ccccc23)[C@@H](c2cnc(N3CCC(CN4CCOC5(CC4)CCN(c4ccc6c(c4)CN(C4CCC(=O)NC4=O)C6=O)CC5)CC3)nc2)N1CC(C)(C)F,-0.3979400086720376
Nc1ncnc2c1c(-c1ccc(Oc3ccccc3)cc1)nn2C1CCN(CCOCCOCC(=O)Nc2ccc3c(c2)C(=O)N(C2CCC(=O)NC2=O)C3=O)CC1,0.7923916894982539
COc1cc(N2CCN(C(=O)OCC(=O)N[C@H](C(=O)N3C[C@H](O)C[C@H]3C(=O)N[C@@H](C)c3ccc(-c4scnc4C)cc3)C(C)(C)C)CC2)ccc1NC(=O)c1cccc(-c2ccn[nH]2)n1,0.9542425094393248
CCCS(=O)(=O)Nc1ccc(F)c(-n2cc(-c3cncnc3)c3nc(N(C)C4CCN(C(=O)CCOCCOCCOCCOCC#Cc5cccc6c5CN(C5CCC(=O)NC5=O)C6=O)CC4)ccc32)c1F,1.6989700043360187
Cc1ncsc1-c1ccc([C@H](C)NC(=O)[C@@H]2C[C@@H](O)CN2C(=O)[C@@H](NC(=O)CCCCCCCCC(=O)N2CCN(CC3(C)CCC(c4ccc(Cl)cc4)=C(CN4CCN(c5ccc(C(=O)NS(=O)(=O)c6ccc(N[C@H](CCN7CCOCC7)CSc7ccccc7)c(S(=O)(=O)C(F)(F)F)c6)cc5)CC4)C3)CC2)C(C)(C)C)cc1,2.5499836111596887
Cc1sc2c(c1C)C(c1ccc(Cl)cc1)=N[C@@H](CC(=O)N1CCN(CC(=O)NCCCOc3cccc4c3C(=O)N(C3CCC(=O)NC3=O)C4=O)CC1)c1nnc(C)n1-2,2.378397900948137
O=C1CCN(c2cc(C(=O)N3CCC(CC4CCN(c5ccc(-c6cnc7[nH]cc(-c8cnn(CCF)c8)c7n6)cn5)CC4)CC3)ccc2Cl)C(=O)N1,0.724275869600789
COc1ccc(C(=O)N2CCC3(CCN(CCc4ccc(-c5cc6c(-c7cc(F)cc(NC(=O)c8ccc(C(C)(C)O)cc8F)c7C)ncnc6[nH]5)cc4)CC3)CC2)cc1N1CCC(=O)NC1=O,-2.221848749616356
O=C1CC[C@H](N2Cc3c(ccc4c3OC[C@H]3CN(CC(=O)N5CC6(CCN(c7ccc([C@@H]8c9ccc(O)cc9CC[C@@H]8c8ccccc8)cc7)CC6)C5)CCN43)C2=O)C(=O)N1,-1.3010299956639813
O=C1CCC(N2C(=O)c3cc4c(cc3C2=O)CN(CC(=O)N2CCC3(CC2)CN(c2ccc([C@@H]5c6ccc(O)cc6CC[C@@H]5c5ccccc5)cc2)C3)C4)C(=O)N1,0.255272505103306
O=C1CC[C@H](N2Cc3c(ccc4c3OCC43CCN(CC4CC5(C4)CN(c4ccc([C@@H]6c7ccc(O)cc7CC[C@@H]6c6ccccc6)cc4)C5)CC3)C2=O)C(=O)N1,-0.8060410219808132
Cc1nc(Nc2ncc(C(=O)Nc3c(C)cccc3Cl)s2)cc(N2CCN(CCCNC(=O)COc3ccc(N4CCC(=O)NC4=O)cc3)CC2)n1,1.1760912590556811
O=C1CCC(N2C(=O)c3cccc(NCCOCCOCCOCCn4cc(COc5ccc(N(C(=O)CCl)C(C(=O)NCCc6ccccc6)c6cccs6)cc5Cl)nn4)c3C2=O)C(=O)N1,2.3010299956639813
COc1cc2nc(C)nc(N[C@H](C)c3cc(N)cc(C(F)(F)F)c3)c2cc1OCC1(CN(C)C(=O)CCCOC2CCC(Nc3cccc4c3C(=O)N(C3CCC(=O)NC3=O)C4=O)CC2)CC1,1.5440680443502757
Cc1cc(Cn2c(N3CC4(CNC4)C3)nc3c(N4CCN(CCCCCCC(=O)N[C@H](C(=O)N5C[C@H](O)C[C@H]5C(=O)N[C@@H](C)c5ccc(-c6scnc6C)cc5)C(C)(C)C)CC4)cc(Cl)cc32)cc(C)c1F,2.335257256434532
Cc1ccc(NC(=O)CCc2ccc3c(c2)CN(C2CCC(=O)NC2=O)C3=O)cc1Cl,2.155336037465062
N#Cc1ccc(N[C@H]2CC[C@H](N(C(=O)NCc3ccccc3)c3ccc(N4CCN(C5CCN(c6cc7c(cc6F)C(=O)N(C6CCC(=O)NC6=O)C7=O)CC5)CC4)cc3)CC2)nc1,1.505149978319906
O=C1CCC(N2C(=O)c3cccc(N4CCN(C(=O)CCCCCc5cn(Cc6ccc(S(=O)(=O)F)cc6)nn5)CC4)c3C2=O)C(=O)N1,2.397940008672037
C#CCN(CCCC(=O)Nc1cccc2c1CN(C1CCC(=O)NC1=O)C2=O)CCN(C)c1cc(OC)c(Nc2nccc(-c3cn(C)c4ccccc34)n2)cc1NC(=O)C=C,1.1205739312058498
COc1cc(N2CCC(CNC(=O)CN[C@H]3CC[C@@H](Nc4ncc(F)c(-c5cnn(C)c5CC5CC5)n4)CC3)CC2)ccc1C(=O)NC1CCC(=O)NC1=O,1.299725153975637
CN1CCN([C@@H]2CCCN(c3cnc(C(N)=O)c(Nc4ccc(C5CCN(C[C@@H]6CCN(c7ccc8c(c7)C(=O)N([C@@H]7CCC(=O)NC7=O)C8=O)C6)CC5)cc4)n3)C2)C1=O,0.0791812460476248
CN[C@@H](C)C(=O)N[C@H](C(=O)N1Cc2cc(OCCOCCOCCOCCOCCOC(=O)N3CCC[C@@H](n4nc(-c5ccc(Oc6ccc(F)cc6F)cc5)c(C(N)=O)c4N)C3)ccc2C[C@H]1C(=O)N[C@@H]1CCCc2ccccc21)C(C)(C)C,2.2600713879850747
Cc1cc(-c2c[nH]c3ncc(-c4ccc(C5CCN(CC6CCN(c7ccc8c(c7)C(=O)N(C7CCC(=O)NC7=O)C8=O)C6)CC5)cc4)nc23)ccc1C(=O)N(C)C,1.8965262174895556
O=C(O)/C=C/c1cc(C(=O)NCc2ccc(OCc3cn(CCOCCOCC(=O)Nc4cccc5c4CN(C4CCC(=O)NC4=O)C5=O)nn3)cc2)cc(-c2ccccc2)c1,1.7160033436347992
[2H]C([2H])([2H])n1cc(-c2c[nH]c3ncc(-c4ccc(N5CCC(CC6CCN(C(=O)c7ccc(Cl)c(N8CCC(=O)NC8=O)c7)CC6)CC5)nc4)nc23)cn1,1.1038037209559568
NC(=O)c1c(-c2ccc(Oc3ccccc3)cc2)nn2c1Nc1ccc(OCCC3CCN(c4ccc(N5CCC(=O)NC5=O)cc4)CC3)cc1CC2,0.9666109866819343
Cc1nc(Nc2ncc(C(=O)Nc3c(C)cccc3Cl)s2)cc(N2CCN(C(=O)CCCCNc3cccc4c3C(=O)N(C3CCC(=O)NC3=O)C4=O)CC2)n1,1.041392685158225
COc1cc(-c2cn(C)c(=O)c3cnc(C4CC4)cc23)cc(OC)c1C(=O)N1CCC2(CCC(CN3Cc4cc5c(cc4C3)C(=O)N(C3CCC(=O)NC3=O)C5=O)CC2)CC1,2.0681858617461617
C[C@H]1CCCN1Cc1nc2ccc(NC(=O)c3ccc4c(cnn4CCCCCCCCNc4cccc5c4C(=O)N(C4CCC(=O)NC4=O)C5=O)c3)cc2[nH]1,1.568201724066995
Cc1cc(-c2c[nH]c3ncc(-c4ccc(C5CCN(C6CN(CC7CCN(c8ccc(N9CCC(=O)NC9=O)c(C)c8)CC7)C6)CC5)cc4)nc23)ccc1C(=O)N(C)C,2.103461622094705
C=CC(=O)N1C[C@@H](n2nc(-c3ccc(Oc4ccccc4)cc3)c3c(N)ncnc32)C[C@H]1C(=O)OCCOCCOCC(=O)N[C@H](C(=O)N1C[C@H](O)C[C@H]1C(=O)NCc1ccc(-c2scnc2C)cc1)C(C)(C)C,2.133538908370217
Nc1ncnc2c1c(-c1ccc(Oc3ccccc3)cc1)nn2[C@@H]1CCCN(C(=O)CCCCCCCCNc2ccc3c(c2)C(=O)N(C2CCC(=O)NC2=O)C3=O)C1,1.568201724066995
COc1cc(N2CCC(OCC(=O)N3CCN(c4cccc5c4C(=O)N(C4CCC(=O)NC4=O)C5=O)CC3)CC2)ccc1Nc1nc(Nc2ccccc2S(=O)(=O)C(C)C)c2nc[nH]c2n1,2.450249108319361
CCCn1cc(-c2nc(Nc3ccc(C(=O)NCCCCNc4cccc5c4C(=O)N(C4CCC(=O)NC4=O)C5=O)cc3)nc3[nH]ccc23)cn1,2.672097857935717
Cc1ncsc1-c1ccc(CNC(=O)[C@@H]2C[C@@H](O)CN2C(=O)[C@@H](NC(=O)COCCNC(=O)c2cccc(-c3cc(Nc4ccc(OC(F)(F)F)cc4)ncn3)c2)C(C)(C)C)cc1,3.3010299956639813
CN(CCCC#Cc1cccc2c1CN(C1CCC(=O)NC1=O)C2=O)C(=O)CCN(C(=O)[C@@H]1CCCN1C(=O)[C@@H](NC(=O)c1cc2cc(C(F)(F)P(=O)(O)O)ccc2s1)C(C)(C)C)c1ccc2occc2c1,2.3010299956639813
Cc1nc(Nc2ncc(C(=O)Nc3c(C)cccc3Cl)s2)cc(N2CCN(C(=O)CCCCNc3cccc4c3CN(C3CCC(=O)NC3=O)C4=O)CC2)n1,1.0453229787866574
COC1(C(=O)N[C@@H](CCCNC(=O)CCCCCCN2CCN(c3ccc4c(c3)C(=O)N(C3CCC(=O)NC3=O)C4)CC2)c2ccc(-n3cc(F)cn3)nc2)CCN(c2nc(C)cc(Nc3cc(C)[nH]n3)n2)CC1,0.8450980400142568
COc1cc(N2CCN(CCCCCCCCC(=O)N[C@H](C(=O)N3C[C@H](O)C[C@H]3C(=O)N[C@@H](C)c3ccc(-c4scnc4C)cc3)C(C)(C)C)CC2)ccc1Nc1ncc2c(n1)N(C)c1ccccc1C(=O)N2C,1.7363965022766423
Nc1ncnc2c1c(-c1ccc(Oc3ccccc3)cc1)nn2C1CCN(C(=O)c2ccc(N3CCN(c4ccc5c(c4)C(=O)N(C4CCC(=O)NC4=O)C5=O)CC3)nc2)CC1,1.4292676664331685
COc1cc(-c2cn(C)c(=O)c3cnccc23)c(OC)cc1CN1CCC(OCCCCCC(=O)N2CCN(c3ccc4c(NCCN)nc(C5(c6ccc(Cl)cc6)CCCCC5)nc4c3)CC2)CC1,1.9542425094393248
O=C(CNc1cccc2c1C(=O)N(C1CCC(=O)NC1=O)C2=O)NCCCCN1CCN(c2ccc(-c3cnc(NCc4ccco4)n4cnnc34)cc2)CC1,3.230448921378274
O=C1CCC(N2C(=O)c3cccc(NCCOCCOCCn4cc(CCCC(=O)N[C@@H]5CCN(c6ncc(C(=O)Nc7ccc(OC(F)(F)Cl)cc7)cc6-c6cc[nH]n6)C5)nn4)c3C2=O)C(=O)N1,2.4771212547196626
Cn1c(=O)c(C(=O)NNCCOCCOCC(=O)Nc2cccc3c2C(=O)N(C2CCC(=O)NC2=O)C3=O)nc2ccccc21,1.5171958979499742
Cc1nc(Nc2ncc(C(=O)Nc3c(C)cccc3Cl)s2)cc(N2CCN(C(=O)CCCCCCC(=O)N[C@H](C(=O)N3C[C@H](O)C[C@H]3C(=O)NCc3ccc(-c4scnc4C)cc3)C(C)(C)C)CC2)n1,0.9294189257142929
Cc1cc(Nc2ncc(Cl)c(Nc3ccccc3S(=O)(=O)C(C)C)n2)c(OC(C)C)cc1C1CCN(CCCNc2cccc3c2C(=O)N([C@@H]2CCC(=O)NC2=O)C3=O)CC1,2.146128035678238
COc1cc(N2CCN(CC3CCN(c4ncc([C@@H]5c6[nH]c7ccccc7c6C[C@@H](C)N5CC(C)(C)F)cn4)CC3)CC2)cc2c1C(=O)N(C1CCC(=O)NC1=O)C2,-0.1549019599857432
Cc1nnc2n1-c1sc(C#Cc3cnn(CC4CN(c5cccc6c5C(=O)N(C5CCC(=O)NC5=O)C6=O)C4)c3)c(Cc3ccccc3)c1COC2,-0.5228787452803376
Cc1ncsc1-c1ccc(CNC(=O)[C@@H]2C[C@@H](O)CN2C(=O)[C@@H](NC(=O)COCCOCCOCCOc2cc(F)c([C@@H]3c4[nH]c5ccccc5c4C[C@@H](C)N3CC(C)(C)F)c(F)c2)C(C)(C)C)cc1,-0.5228787452803376
Cc1cc(C(F)(F)F)cc(NC(=O)c2ccc(-c3nn4c(c3C(N)=O)Nc3ccc(N5CCN(CC6CCN(c7ccc(N8CCC(=O)NC8=O)cc7)CC6)CC5)cc3CC4)c(F)c2C)n1,0.3873898263387294
O=C1CCC(N2C(=O)c3ccc(N4CCN(CC5CCN(C(=O)c6ccc(-c7cnc8ncc(Cc9ccc%10ncccc%10c9)n8n7)cc6F)CC5)CC4)cc3C2=O)C(=O)N1,0.7930916001765802
CC(C)C[C@H](NC(=O)[C@H](Cc1ccccc1)NC(=O)c1ccc(C(=O)NCCCCCCCNC(=O)COc2cccc3c2C(=O)N(C2CCC(=O)NC2=O)C3=O)cc1)B1OC2C[C@@H]3C[C@@H](C3(C)C)[C@]2(C)O1,2.041392685158225
CN(CCCC#Cc1cccc2c1CN(C1CCC(=O)NC1=O)C2=O)C(=O)CCN(C(=O)[C@@H]1CCCN1C(=O)[C@@H](NC(=O)c1cc2cc(C(F)(F)P(=O)(O)O)ccc2s1)C(C)(C)C)c1ccc(Br)cc1,2.278753600952829
COc1ccc(C(=O)N2CCC3(CCN(C(=O)CCCCCCCOc4cccc(Nc5[nH]nc(-c6ccc(NS(=O)(=O)C(F)F)cc6)c5C(N)=O)c4)CC3)CC2)cc1N1CCC(=O)NC1=O,3.380211241711606
Cn1c(=O)c2c(nc(S(C)(=O)=O)n2C)n(CC#Cc2cccc(NC(=O)CN3CCN(c4ccc5c(c4)C(=O)N(C4CCC(=O)NC4=O)C5=O)CC3)c2)c1=O,1.0791812460476249
O=C1CC[C@H](N2Cc3c(ccc4c3OC[C@H]3CN(CC5CC6(CCN(c7ccc([C@@H]8c9ccc(O)cc9CC[C@@H]8c8ccccc8)cc7)CC6)CO5)CCN43)C2=O)C(=O)N1,-0.0457574905606751
CN(CCCC#Cc1cccc2c1CN(C1CCC(=O)NC1=O)C2=O)C(=O)CCN(C(=O)[C@@H]1CCCN1C(=O)[C@@H](NC(=O)c1cc2cc(C(F)(F)P(=O)(O)O)ccc2s1)C(C)(C)C)c1ccc(-c2nccs2)cc1,1.9030899869919435
CNC(=O)c1cnc(Nc2ccc(C(=O)NCCCCCCCCCC(=O)N[C@H](C(=O)N3C[C@H](O)C[C@H]3C(=O)NCc3ccc(-c4scnc4C)cc3)C(C)(C)C)cn2)cc1Nc1cccc(-c2ncn(C)n2)c1OC,1.146128035678238
Cc1nc(Nc2ncc(C(=O)Nc3c(C)cccc3Cl)s2)cc(N2CCN(C(=O)CCCCC(=O)N[C@H](C(=O)N3C[C@H](O)C[C@H]3C(=O)NCc3ccc(-c4scnc4C)cc3)C(C)(C)C)CC2)n1,1.5403294747908738
Cc1ccc(-n2nc3c(=O)n(CCCC(=O)NCCCCCCCCNc4cccc5c4C(=O)N(C4CCC(=O)NC4=O)C5=O)nc(C)c3c2C)cc1,3.5563025007672877
CC(=O)c1c(C)c2cnc(Nc3ccc(N4CCN(CC(=O)NCCOCCNc5cccc6c5C(=O)N(C5CCC(=O)NC5=O)C6=O)CC4)cn3)nc2n(C2CCCC2)c1=O,0.041392685158225
Cc1ncsc1-c1ccc(CNC(=O)[C@@H]2C[C@@H](O)CN2C(=O)[C@@H](NC(=O)COCCCOc2ccc(Nc3ncc(C(F)(F)F)c(NCc4cccc(N(C)S(C)(=O)=O)c4)n3)cc2)C(C)(C)C)cc1,0.8808135922807914
CN[C@@H](C)C(=O)N[C@H](C(=O)N1CCC[C@H]1c1nc(C(=O)c2ccc(F)cc2)cs1)C1CCN(C(=O)c2cnc(N3CCN(CCOc4cc5ncnc(Nc6n[nH]c(C)c6C)c5cc4S(=O)(=O)C(C)(C)C)CC3)nc2)CC1,1.100370545117563
NC(=O)c1c(-c2ccc(Oc3ccccc3)cc2)nn2c1Nc1cc(C3CCN(CCCOc4ccc(NC5CCC(=O)NC5=O)cc4)CC3)ccc1CC2,0.7803173121401513
Cc1ncsc1-c1ccc([C@H](C)NC(=O)[C@@H]2C[C@@H](O)CN2C(=O)[C@@H](NC(=O)CCCCCn2cc(-c3cc(-c4ccccc4O)nnc3N)cn2)C(C)(C)C)cc1,1.0791812460476249
Cc1ncsc1-c1ccc([C@H](C)NC(=O)[C@@H]2C[C@@H](O)CN2C(=O)[C@@H](NC(=O)CCCCn2cc(-c3cc(-c4ccccc4O)nnc3N)cn2)C(C)(C)C)cc1,2.127104798364808
CN(CCOCCOCCOCCOCCOCCOCCNc1cccc2c1C(=O)N(C1CCC(=O)NC1=O)C2=O)Cc1ccc(-c2[nH]c3cc(F)cc4c3c2CCNC4=O)cc1,1.912753303671323
Cc1ncsc1-c1ccc(CNC(=O)[C@@H]2C[C@@H](O)CN2C(=O)[C@@H](NC(=O)COCCOCCn2cc(CCCCCOc3cc4ncnc(Nc5ccc(F)c(Cl)c5)c4cc3NC(=O)/C=C/CN3CCCCC3)nn2)C(C)(C)C)cc1,1.5624118329497274
CC(=O)N1CCc2c(c(-c3cccc4cc(-c5ccc(C(=O)N6CCC7(CC6)CC(Nc6cccc8c6C(=O)N(C6CCC(=O)NC6=O)C8=O)C7)nc5)ncc34)nn2C2CCOCC2)C1,0.2304489213782739
COc1cc(/C=C/C(=O)N2CCC=CC2=O)cc(OC)c1OCCN1CCN(C(=O)CN2CCC(C(=O)Nc3ncc(SCc4ncc(C(C)(C)C)o4)s3)CC2)CC1,0.9542425094393248
Cc1ncsc1-c1ccc(CNC(=O)[C@@H]2C[C@@H](O)CN2C(=O)[C@@H](NC(=O)CCCNC(=O)c2ccc(-c3ccc(N4CCN(C)CC4)c(NC(=O)c4c[nH]c(=O)cc4C(F)(F)F)c3)cc2)C(C)(C)C)cc1,2.0644579892269186
Cc1ncsc1-c1ccc(CNC(=O)[C@@H]2C[C@@H](O)CN2C(=O)[C@@H](NC(=O)COCCCCOCCCCCc2cccc(O)c2C(=O)NC(=O)NC2CCCCC2)C(C)(C)C)cc1,1.7623784293119642
CC[C@@H](C)[C@H](NC(=O)CCCCCCCCNC(=O)C[C@@H]1N=C(c2ccc(Cl)cc2)c2c(sc(C)c2C)-n2c(C)nnc21)C(=O)N[C@H]1CCC(=O)NC1=O,0.9030899869919436
Cc1cc([C@@H](C(=O)N2C[C@H](O)C[C@H]2C(=O)N[C@@H](CC(=O)NCCCCCCn2cc(-c3cc(-c4ccccc4O)nnc3N)cn2)c2ccc(-c3scnc3C)cc2)C(C)C)on1,1.255272505103306
CN(CCCO[C@H]1C[C@H](Nc2cccc3c2C(=O)N(C2CCC(=O)NC2=O)C3=O)C1)C[C@H]1CC[C@H](n2cc3cc(NC(=O)c4cccc(C(F)(F)F)n4)c(C(F)F)cc3n2)CC1,1.1139433523068367
COc1cc(-c2cn(CC(C)C)c(=O)c3cnccc23)cc(OC)c1C(=O)N1CCC2(CCC(CN3Cc4cc5c(cc4C3)C(=O)N(C3CCC(=O)NC3=O)C5=O)CC2)CC1,2.7671558660821804
CCOc1cc(-c2ccc(N3CCC(CN4CCN(C(=O)CCN5CCC(c6ccc7c(N8CCC(=O)NC8=O)nn(C)c7c6)CC5)CC4)(NC(=O)c4cc(F)ccc4F)CC3)nc2)c2c(C#N)cnn2c1,-1.0705810742857071
O=C1CCC(N2C(=O)c3cccc(NC(=O)COCCOCCn4nc5[nH]c6ccccc6nc-5c4=O)c3C2=O)C(=O)N1,1.6374897295125106
C=CC(=O)Nc1cccc(-n2c(=O)cc(C)c3cnc(Nc4ccc(N5CCN(C(=O)CCCCCCCCCCCNC(=O)c6ccc(NC(=O)[C@@H]7N[C@@H](CC(C)(C)C)[C@](C#N)(c8ccc(Cl)cc8F)[C@H]7c7cccc(Cl)c7F)c(OC)c6)CC5)cc4OC)nc32)c1,2.4212747912103465
CC(=O)c1c(C)c2cnc(Nc3ccc(N4CCN(Cc5cn(CCCCCNc6cccc7c6C(=O)N(C6CCC(=O)NC6=O)C7=O)nn5)CC4)cn3)nc2n(C2CCCC2)c1=O,0.724275869600789
C[C@@H]1Cc2c(ccc3[nH]ncc23)[C@@H](c2c(F)cc(N3CCC4(CCN(C(=O)CN5Cc6cc7c(cc6C5)C(=O)N(C5CCC(=O)NC5=O)C7=O)CC4)CC3)cc2F)N1CC(F)F,-0.3010299956639812
CC(C)c1c(C(=O)Nc2ccccc2)c(-c2cccc(OCCCCCCc3cn(CCCCCCCNc4cccc5c4C(=O)N(C4CCC(=O)NC4=O)C5=O)nn3)c2)c(-c2ccc(F)cc2)n1CC[C@@H](O)C[C@@H](O)CC(=O)O,2.4771212547196626
C[C@H](Oc1cc(-c2cnn(C3CCN(CC4CCN(c5cccc6c5C(=O)N([C@H]5CCC(=O)NC5=O)C6=O)CC4)CC3)c2)cnc1N)c1c(Cl)ccc(F)c1Cl,2.5658478186735176
COc1ccc(-c2c[nH]c3ncc(-c4ccc(N5CCN(C(=O)CCOCCNc6cccc7c6C(=O)N(C6CCC(=O)NC6=O)C7=O)CC5)cc4)cc23)cc1OC,0.255272505103306
CC(=O)c1c(C)c2cnc(Nc3ccc(N4CCN(CC(=O)NCCOCCOCCOCCOCCNc5cccc6c5C(=O)N(C5CCC(=O)NC5=O)C6=O)CC4)cn3)nc2n(C2CCCC2)c1=O,1.4913616938342726
NC(=O)c1c(-c2ccc(Oc3ccccc3)cc2)nn2c1Nc1ccc(C(=O)N3CCN(CC4CCN(c5ccc6c(c5)C(=O)N(C5CCC(=O)NC5=O)C6=O)CC4)CC3)cc1CC2,0.4456042032735975
Cc1c(-c2nc(C(N)=O)c3n2CCc2cc(OCCCOc4ccc(N5CCC(=O)NC5=O)cc4)ccc2N3)cccc1N1CCn2c(cc3c2CC(C)(C)C3)C1=O,0.4409090820652177
NC(=O)CC[C@H](NC(=O)[C@@H]1CC[C@@H]2CCN(C(=O)CCCn3cc(C#Cc4cccc5c4CN(C4CCC(=O)NC4=O)C5=O)cn3)C[C@H](NC(=O)c3cc4cc(C(F)(F)P(=O)(O)O)ccc4[nH]3)C(=O)N21)C(=O)NC(c1ccccc1)c1ccccc1,2.397940008672037
NC(=O)c1c(-c2ccc(Oc3ccccc3)cc2)nn2c1NCC[C@H]2C1CCN(C(=O)CCCN2CCN(C(=O)CNc3ccc4c(c3)C(=O)N(C3CCC(=O)NC3=O)C4=O)CC2)CC1,1.5440680443502757
COc1cc(C2CCN(CCCC#Cc3cccc4c3CN(C3CCC(=O)NC3=O)C4=O)CC2)c(C)cc1Nc1ncc(Cl)c(Nc2ccccc2S(=O)(=O)C(C)C)n1,0.8195439355418687
N#Cc1ccc(N2CCC3(CCN(c4ccc(C(=O)N5CCC(N6CCc7cc8c(cc7CC6)C(=O)N(C6CCC(=O)NC6=O)C8=O)CC5)cc4)CC3)C2)cc1Cl,1.255272505103306
NC(=O)c1cccc2cn(-c3ccc([C@@H]4CCCN(CCC5CCN(CCC6CCN(CC7CN(c8ccc9c(c8)C(=O)N(C8CCC(=O)NC8=O)C9=O)C7)CC6)CC5)C4)cc3)nc12,1.4771212547196624
CCOc1cc(-c2ccc(N3CCC(CN4CCN(C(=O)CCCCCCN5CCN(c6ccc7c(c6)CN(C6CCC(=O)NC6=O)C7=O)CC5)CC4)(NC(=O)c4cc(F)ccc4F)CC3)nc2)c2c(C#N)cnn2c1,0.146128035678238
CC(=O)c1c(C)c2cnc(Nc3ccc(N4CCN(CCOCCOCCOc5cc(-c6scnc6C)ccc5CNC(=O)[C@@H]5C[C@@H](O)CN5C(=O)[C@@H](NC(=O)C5(F)CC5)C(C)(C)C)CC4)cn3)nc2n(C2CCCC2)c1=O,1.3010299956639813
Cc1nnc2n1-c1sc(C#Cc3cnn(C4CCN(c5cccc6c5C(=O)N(C5CCC(=O)NC5=O)C6=O)CC4)c3)c(Cc3ccccc3)c1COC2,1.6989700043360187
Cc1c(Cl)cc(NC(=O)CCc2ccc3c(c2)C(=O)N(C2CCC(=O)NC2=O)C3)cc1CN1CC2(COC2)C1,1.934498451243568
CCCNNC(=O)c1ccc(NC(=O)CCCCCCCCC(=O)N[C@H](C(=O)N2C[C@H](O)C[C@H]2C(=O)N[C@@H](C)c2ccc(-c3scnc3C)cc2)C(C)(C)C)cc1,-0.2218487496163563
Cc1ncsc1-c1ccc([C@H](C)NC(=O)[C@@H]2C[C@@H](O)CN2C(=O)[C@@H](NC(=O)c2csc(N3CCN(c4cc(-c5ccccc5O)nnc4N)CC3)n2)C(C)(C)C)cc1,2.049218022670181
CC(C)(O)c1cc2nn(CCCCCNCCCCNc3cccc4c3C(=O)N(C3CCC(=O)NC3=O)C4=O)cc2cc1NC(=O)c1cccc(C(F)(F)F)n1,2.1072099696478683
CCc1nc(C(N)=O)c(Nc2ccc(N3CCC(N4CCN(C(=O)COc5cccc6c5C(=O)N(C5CCC(=O)NC5=O)C6=O)CC4)CC3)c(OC)c2)nc1NC1CCOCC1,0.1003705451175629
CCC(C)(C)C(=O)C(=O)N1CCCC[C@H]1C(=O)O[C@H](CCc1ccc(OC)c(OC)c1)c1cccc(NC(=O)CCC(=O)NCCCCCCC(=O)N[C@@H](C)C(=O)N[C@H]2CCC(=O)NC2=O)c1,2.767897616018091
Cc1cccc(NC(=O)c2ccc(-c3nn4c(c3C(N)=O)Nc3ccc(N5CCN(CCc6cc(F)c(C7CCC(=O)NC7=O)c(F)c6)CC5)cc3CC4)c(F)c2C)n1,0.6963563887333322
NS(=O)(=O)c1ccc(C(=O)NCCCOCCOCCOCCCNc2cccc3c2C(=O)N(C2CCC(=O)NC2=O)C3=O)cc1,2.3891660843645326
O=C1CC[C@H](N2Cc3c(ccc4c3OCC43CCN(C(=O)CN4CC5(CCN(c6ccc([C@@H]7c8ccc(O)cc8CC[C@@H]7c7ccccc7)cc6)CC5)C4)CC3)C2=O)C(=O)N1,-1.7340036295049208
CN(c1ccc(C#N)c(Cl)c1)[C@H]1CC[C@H](NC(=O)c2ccc(N3CC(N4CCN(c5ccc6c(c5)C(=O)N(C5CCC(=O)NC5=O)C6=O)CC4)C3)cc2)CC1,-0.6989700043360187
COc1cc2ncnc(Nc3ccc(F)c(Cl)c3)c2cc1OCCCN1CCN(C(=O)CCCCCCCCCCNC(=O)C[C@H](NC(=O)[C@@H]2C[C@@H](O)CN2C(=O)[C@@H](c2cc(C)no2)C(C)C)c2ccc(-c3scnc3C)cc2)CC1,0.8512583487190752
Cc1ncsc1-c1ccc([C@H](C)NC(=O)[C@@H]2C[C@@H](O)CN2C(=O)[C@@H](NC(=O)[C@H]2CC[C@H](CN3CCC(c4ccc5c(c4)-n4c(nc(=O)c6c(Br)cccc64)C5(C)C)CC3)CC2)C(C)(C)C)cc1,0.8061799739838872
CC(=O)N1CCc2c(c(N3CCCc4cc(-c5cnn(C)c5)c(C(F)F)cc43)nn2C2CCN(C(=O)CCCCCNc3cccc4c3C(=O)N(C3CCC(=O)NC3=O)C4=O)CC2)C1,-0.3979400086720376
NC(=O)c1c(-c2ccc(Oc3ccccc3)cc2)nn2c1NCC[C@H]2C1CCN(C(=O)c2cn(CCOCCOCCOCCOCCOCCNc3cccc4c3C(=O)N(C3CCC(=O)NC3=O)C4=O)nn2)CC1,1.8920946026904804
O=C1CCC(N2Cc3cc(N4CCN(CC5CCN(C(=O)CCCCCCCCNC(=O)c6ccc(O[C@H]7CC[C@H](NC(=O)Nc8ccc(OC(F)(F)F)cc8)CC7)cc6)CC5)CC4)ccc3C2=O)C(=O)N1,1.2787536009528289
Cc1ncsc1-c1ccc(CNC(=O)[C@@H]2C[C@@H](O)CN2C(=O)[C@@H](NC(=O)COCCCCCn2cc(COc3ccc(COC(=O)N[C@@H](CC(C)C)C(=O)N[C@H](C=O)C[C@@H]4CCNC4=O)cc3)nn2)C(C)C)cc1,3.431363764158988
CCCN(CCCCOCCOCCOCC(=O)N[C@H](C(=O)N1C[C@H](O)C[C@H]1C(=O)NCc1ccc(-c2scnc2C)cc1)C(C)(C)C)C[C@@H](C)NC(=O)c1ccc(-c2noc(C(F)(F)F)n2)cc1,0.4771212547196624
Cc1ccc(C(=O)Nc2ccc(CN3CCN(C(=O)CCCc4cn(CCOCCOCCOCCNc5cccc6c5C(=O)N(C5CCC(=O)NC5=O)C6=O)nn4)CC3)c(C(F)(F)F)c2)cc1C#Cc1cnc2cccnn12,1.3010299956639813
CC(C)Nc1cc(-n2ccc3cc(C#N)cnc32)ncc1C(=O)N[C@H]1CC[C@H](C(=O)NCCCNC(=O)COc2cccc3c2C(=O)N(C2CCC(=O)NC2=O)C3=O)CC1,2.6857417386022635
CCCS(=O)(=O)Nc1ccc(F)c(-n2cc(-c3cncnc3)c3nc(N(C)C4CCN(C(=O)CCOCCOCCOCCOCCOCCOCCOCCOCCNc5cccc6c5C(=O)N(C5CCC(=O)NC5=O)C6=O)CC4)ccc32)c1F,1.6532125137753435
O=C1CCC(N2C(=O)c3ccc(N4CC(N5CCC(NC(=O)c6n[nH]cc6NC(=O)c6c(Cl)cccc6Cl)CC5)C4)cc3C2=O)C(=O)N1,1.416640507338281
COc1cc(OCCCCCCOCCOCC(=O)N[C@H](C(=O)N2C[C@H](O)C[C@H]2C(=O)NCc2ccc(-c3scnc3C)cc2)C(C)(C)C)c(C)cc1-n1nnc(S(=O)(=O)c2ccc(C(C)(C)C)cc2)c1C,2.740362689494244
CC(C)c1c(C(=O)Nc2ccccc2)c(-c2cccc(OCCCCc3cn(CCCCCCCNc4cccc5c4C(=O)N(C4CCC(=O)NC4=O)C5=O)nn3)c2)c(-c2ccc(F)cc2)n1CC[C@@H](O)C[C@@H](O)CC(=O)O,2.4771212547196626
COc1cc(/C=C/C(=O)N2CCC=CC2=O)cc(OC)c1OCCOCCOCCOCCNC(=O)CN1CCC(C(=O)Nc2ncc(SCc3ncc(C(C)(C)C)o3)s2)CC1,1.0
N#Cc1ccc(N2CCC3(CCN(c4ccc(C(=O)N5CCC(CCN6Cc7cc8c(cc7C6)C(=O)N(C6CCC(=O)NC6=O)C8=O)CC5)cc4)CC3)C2)cc1Cl,1.9637878273455556
Cc1ncsc1-c1ccc([C@H](C)NC(=O)[C@@H]2C[C@@H](O)CN2C(=O)[C@@H](c2cc(OCCN3CCN(CCOc4cc(N5C6CCC5CN(c5cc(-c7ccccc7O)nnc5N)C6)ccn4)[C@H](C)C3)no2)C(C)C)cc1,-1.259637310505756
COc1ccccc1C(=O)NC(C)c1ccc(-c2nn3c(c2C(N)=O)Nc2ccc(N4CCN(CC5CCN(c6ccc(N7CCC(=O)NC7=O)cc6)CC5)CC4)cc2CC3)cc1,1.741151598851785
Cc1ncsc1-c1ccc([C@H](C)NC(=O)[C@@H]2C[C@@H](O)CN2C(=O)[C@@H](NC(=O)CCCCCCCCCn2cc(-c3cc(-c4ccccc4O)nnc3N)cn2)C(C)(C)C)cc1,0.3010299956639812
Cc1c(Cl)cc(NC(=O)CCc2ccc3c(c2)C(=O)N(C2CCC(=O)NC2=O)C3)cc1CN1CC(N2CCOCC2)C1,2.318063334962761
Cc1nc(Nc2ncc(C(=O)Nc3c(C)cccc3Cl)s2)cc(N2CCN(C(=O)CCOCCOCCOCCOCCNc3cccc4c3C(=O)N(C3CCC(=O)NC3=O)C4=O)CC2)n1,1.416640507338281
Cc1ccc(C(=O)NCCc2cn(CCCC(=O)NCCCCCC(=O)N[C@H](C(=O)N3C[C@H](O)C[C@H]3C(=O)N[C@@H](C)c3ccc(-c4scnc4C)cc3)C(C)(C)C)nn2)cc1-n1c(C)cc(OCc2ccc(F)cc2F)c(Br)c1=O,1.0625819842281632
CC(=O)N1CCc2c(c(-c3cccc4cc(-c5ccc(C(=O)N6CCC(C7CN(c8cccc9c8C(=O)N(C8CCC(=O)NC8=O)C9=O)C7)CC6)nc5)ncc34)nn2C2CCOCC2)C1,0.568201724066995
Cc1c(C(=O)Nc2cscn2)ccc(-c2nn3c(c2C(N)=O)Nc2ccc(N4CCN(CC5CN(c6ccc(N7CCC(=O)NC7=O)cc6)C5)CC4)cc2CC3)c1F,0.3242824552976926
Cc1ncsc1-c1ccc([C@H](C)NC(=O)[C@@H]2C[C@@H](O)CN2C(=O)[C@@H](NC(=O)CCCCCNC(=O)Cn2cc(-c3ccc4cc(O)c(N5CC(=O)NS5(=O)=O)c(F)c4c3)cn2)C(C)(C)C)cc1,2.336759833698248
CN(CCCOCCCc1cccc2c1n(C)c(=O)n2C1CCC(=O)NC1=O)C[C@H]1CC[C@H](n2cc(NC(=O)c3cnn4ccc(N5C[C@@H]6C[C@H]5CO6)nc34)c(C(F)F)n2)CC1,1.3010299956639813
[C-]#[N+]Cc1ccc(Nc2nc(Nc3cc(C4CC4)[nH]n3)cc(C(=O)NCc3cn(CCOCCOCCNC(=O)COc4cccc5c4C(=O)N(C4CCC(=O)NC4=O)C5=O)nn3)n2)cc1,3.123851640967086
CN1CCN([C@@H]2CCCN(c3cnc(C(N)=O)c(Nc4ccc(C5CCN(C6CN(c7ccc8c(c7)C(=O)N([C@H]7CCC(=O)NC7=O)C8=O)C6)CC5)cc4)n3)C2)C1=O,1.505149978319906
O=C(CNc1ncnc2[nH]cc(C(=O)c3ccc(Oc4ccccc4)cc3Cl)c12)NCCOCCOCCOCCOCCOCCOCCNc1cccc2c1C(=O)N(C1CCC(=O)NC1=O)C2=O,0.919078092376074
CC(=O)c1c(C)c2cnc(Nc3ccc(N4CCN(Cc5cn(CCCCC#Cc6cccc7c6C(=O)N(C6CCC(=O)NC6=O)C7=O)nn5)CC4)cn3)nc2n(C2CCCC2)c1=O,1.911690158753861
Cc1ccc(NC(=O)CCc2cccc3c2CN(C2CCC(=O)NC2=O)C3=O)cc1Cl,3.4861469968065726
CC(C)S(=O)(=O)c1ccccc1Nc1nc(Nc2ccc(N3CCN(C(=O)CNC(=O)CCCC(=O)Nc4cccc5c4C(=O)N(C4CCC(=O)NC4=O)C5=O)CC3)cc2)nc2[nH]cnc12,2.44870631990508
COc1cc(-c2cn(C)c(=O)c3ccccc23)cc(OC)c1CN1CCC(CN2CCC(c3ccc4c5c(cccc35)C(=O)N4C3CCC(=O)NC3=O)CC2)CC1,-1.7958800173440752
NC(=O)CC[C@H](NC(=O)[C@@H]1CC[C@@H]2CCNC[C@H](NC(=O)c3cc4cc(C(F)(F)P(=O)(O)O)ccc4s3)C(=O)N21)C(=O)N[C@@H](Cc1ccc(F)c(F)c1)C(=O)N1CCC(CCC#Cc2cccc3c2CN(C2CCC(=O)NC2=O)C3=O)CC1,3.0791812460476247
CC(=O)N1CCc2c(c(N3CCCc4cc(C)c(C(F)F)cc43)nn2C2CCN(C(=O)CN3Cc4cc5c(cc4C3)C(=O)N(C3CCC(=O)NC3=O)C5=O)CC2)C1,1.740362689494244
Cc1cccc(NC(=O)c2ccc(-c3nn4c(c3C(N)=O)Nc3ccc(N5CCN(CCc6cc(F)c([C@H]7CCC(=O)NC7=O)c(F)c6)CC5)cc3CC4)c(F)c2C)n1,0.0374264979406236
O=C1CCC(N2C(=O)c3cc(F)c(N4CCC(CCN5CCC(CC(=O)N[C@H]6CC[C@@H](Nc7ncnc8[nH]cc(C(=O)c9ccc(Oc%10ccccc%10)cc9Cl)c78)CC6)CC5)CC4)cc3C2=O)C(=O)N1,0.9684829485539352
COc1cc(N2CCC(CNC(=O)C[C@@H]3N=C(c4ccc(Cl)cc4)c4c(sc(C)c4C)-n4c(C)nnc43)CC2)ccc1C(=O)NC1CCC(=O)NC1=O,-0.2291479883578558
Cc1sc2c(c1C)C(c1ccc(Cl)cc1)=N[C@@H](CC(=O)NCCCCCCCCC(=O)NCC(=O)N[C@H]1CC(=O)NC1=O)c1nnc(C)n1-2,1.9138138523837167
Cc1nc(Nc2ncc(C(=O)Nc3c(C)cccc3Cl)s2)cc(N2CCN(CCCN3CCC(c4ccc(C5CCC(=O)NC5=O)cc4)CC3)CC2)n1,0.3909351071033791
CCS(=O)(=O)N1CC(CC#N)(n2cc(-c3nc(Nc4ccc(C(=O)NCCCN5CCN(c6ccc(C7CCC(=O)NC7=O)cc6)CC5)cc4)nc4[nH]ccc34)cn2)C1,1.041392685158225
Cc1cc(Nc2ncc(Cl)c(Nc3ccccc3S(=O)(=O)C(C)C)n2)c(OC(C)C)cc1C1CCN(C2CCN(CCCNc3cccc4c3C(=O)N([C@@H]3CCC(=O)NC3=O)C4=O)CC2)CC1,2.865103974641128
N#Cc1ccc(N2CCC(c3ccc(N4CCC(CN5CCN(c6ccc7c(c6)CN(C6CCC(=O)NC6=O)C7=O)CC5)CC4)cc3)CC2)c(F)c1C(F)(F)F,1.3617278360175928
Cn1cccc1C(=O)N1CCN(C(=O)Nc2ccc(N3CCC(C(=O)N4CCN(c5cccc6c5C(=O)N(C5CCC(=O)NC5=O)C6=O)CC4)CC3)cc2)CC1,-1.1463017882238256
O=C1CCC(N2C(=O)c3cccc(N4CCN(C(=O)CCCc5cn(Cc6ccc(S(=O)(=O)F)cc6)nn5)CC4)c3C2=O)C(=O)N1,2.0
Cc1cc(Nc2ncc(Cl)c(Nc3ccccc3S(=O)(=O)C(C)C)n2)c(OC(C)C)cc1C1CCN(C2CCN(C3CN(c4cccc5c4C(=O)N([C@@H]4CCC(=O)NC4=O)C5=O)C3)CC2)CC1,2.2764618041732443
CCn1nc(C)cc1C(=O)Nc1nc2cc(C(=O)NCCOCCOCCOCCOCCC(=O)N[C@H](C(=O)N3C[C@H](O)C[C@H]3C(=O)NCc3ccc(-c4scnc4C)cc3)C(C)(C)C)cc(OC)c2n1C/C=C/Cn1c(NC(=O)c2cc(C)nn2CC)nc2cc(C(N)=O)cc(OCCCN3CCOCC3)c21,2.9656719712201065
Cc1c(C(=O)Nc2nccs2)ccc(-c2nn3c(c2C(N)=O)Nc2ccc(N4CCN(CC5CCN(c6ccc(N7CCC(=O)NC7=O)cc6)CC5)CC4)cc2CC3)c1F,0.4623979978989561
Cc1nc2c(F)cc(-c3nc(Nc4ccc(CN5CCN(Cc6cn(CCOCCOCCOCCNc7cccc8c7C(=O)N(C7CCC(=O)NC7=O)C8=O)nn6)CC5)cn4)ncc3F)cc2n1C(C)C,2.4344092075875
COc1cc(-c2cn(C)c(=O)c(C)c2C)cc(OC)c1CCN1CCC(OC2CCN(C(=O)c3ccc(Cl)c(N4CCC(=O)NC4=O)c3)CC2)CC1,0.0
CCCS(=O)(=O)Nc1ccc(F)c(-n2cc(-c3cncnc3)c3nc(N(C)C4CCN(C(=O)CCOCCOCCOCCNc5cccc6c5C(=O)N(C5CCC(=O)NC5=O)C6=O)CC4)ccc32)c1F,2.0
CCN1CC[C@H]2CC[C@@H](C(=O)N[C@@H](CCC(N)=O)C(=O)N[C@@H](Cc3ccc(F)c(F)c3)C(=O)N3CCC(CCC#Cc4cccc5c4CN(C4CCC(=O)NC4=O)C5=O)CC3)N2C(=O)[C@@H](NC(=O)c2cc3cc(C(F)(F)P(=O)(O)O)ccc3s2)C1,2.3010299956639813
O=C1CC[C@H](N2Cc3c(ccc4c3OC[C@H]3CN(CC(=O)N5CCC6(CCN(c7ccc([C@@H]8c9ccc(O)cc9CC[C@@H]8c8ccccc8)cc7)CC6)C5)CCN43)C2=O)C(=O)N1,-0.3979400086720376
Cc1ncsc1-c1ccc(CNC(=O)[C@@H]2C[C@@H](O)CN2C(=O)[C@@H](NC(=O)CCCCCCCCNc2cccc3c2C(=O)N(C2CCC(=O)NC2=O)C3=O)C(C)(C)C)cc1,1.6483600109809315
Cc1ncsc1-c1ccc([C@H](C)NC(=O)[C@@H]2C[C@@H](O)CN2C(=O)[C@@H](NC(=O)CCCCCCC(=O)N2CCN(C[C@]3(C)CCC(c4ccc(Cl)cc4)=C(CN4CCN(c5ccc(C(=O)NS(=O)(=O)c6ccc(N[C@H](CCN7CCOCC7)CSc7ccccc7)c(S(=O)(=O)C(F)(F)F)c6)cc5)CC4)C3)CC2)C(C)(C)C)cc1,1.6812412373755872
COc1cc(F)c(F)cc1C(=O)NCc1ccc(-c2nn3c(c2C(N)=O)Nc2ccc(N4CCN(CC5CCN(c6ccc(N7CCC(=O)NC7=O)cc6)CC5)CC4)cc2CC3)cc1,-0.2139587897574457
Cc1c(C(=O)Nc2cn(C)cn2)ccc(-c2nn3c(c2C(N)=O)Nc2ccc(N4CCN(C[C@H]5CCN(c6ccc(N7CCC(=O)NC7=O)cc6)C5)CC4)cc2CC3)c1F,0.2695129442179163
Cc1sc2c(c1C)C(c1ccc(Cl)cc1)=N[C@@H](CC(=O)NCCCCCCN1CCC(c3ccc4c(c3)CN(C3CCC(=O)NC3=O)C4=O)CC1)c1nnc(C)n1-2,-0.1549019599857432
O=C1CCC(N2C(=O)c3ccc(N4CCN(CC5CCN(C(=O)CN6CCN(c7ccc(Nc8ncc9ncc(=O)n(C%10CCCC%10)c9n8)cc7)CC6)CC5)CC4)cc3C2=O)C(=O)N1,2.139249217571607
N#Cc1ccc(O[C@H]2CC[C@H](NC(=O)c3ccc(NCCCCNc4ccc5c(c4)C(=O)N(C4CCC(=O)NC4=O)C5=O)cc3)CC2)cc1Cl,0.041392685158225
C[C@H](Oc1cc(-c2cnn(C3CCN(c4cccc5c4C(=O)N([C@H]4CCC(=O)NC4=O)C5=O)CC3)c2)cnc1N)c1c(Cl)ccc(F)c1Cl,2.4913616938342726
Cc1nc(Nc2ncc(C(=O)Nc3c(C)cccc3Cl)s2)cc(N2CCN(C(=O)CCOCCOCCOCCOCCOCCNc3cccc4c3C(=O)N(C3CCC(=O)NC3=O)C4=O)CC2)n1,1.0334237554869496
COc1ccc(C(F)(F)F)cc1C(=O)NCc1ccc(-c2nn3c(c2C(N)=O)Nc2ccc(N4CCN(CC5CCN(c6ccc(N7CCC(=O)NC7=O)cc6)CC5)CC4)cc2CC3)cc1F,-0.0716041477432861
Cc1sc2c(c1C)C(c1ccc(Cl)cc1)=N[C@@H](CC(=O)NCCCCCCCCC(=O)N[C@@H](C)C(=O)N[C@H]1CCC(=O)NC1=O)c1nnc(C)n1-2,1.6127838567197357
CC/C(=C(\c1ccc(O)cc1)c1ccc(OCCN(C)C(=O)COCCOCCOCCOCC(=O)N2CCC([C@H](NC(=O)[C@H](C)NC)C(=O)N3CCC[C@H]3c3nc4c(-c5ccccc5)nccc4s3)CC2)cc1)c1ccccc1,1.5670263661590604
O=C1CCC(N2Cc3c(NC(=O)CCCCCCCCCCCNC(=O)c4cc(Cc5n[nH]c(=O)c6ccccc56)ccc4F)cccc3C2=O)C(=O)N1,3.792391689498254
Cc1cc(Nc2ncc(Cl)c(Nc3ccccc3S(=O)(=O)C(C)C)n2)c(OC(C)C)cc1C1CCN(C2CCN(CC3CCN(c4ccc5c(c4)C(=O)N([C@@H]4CCC(=O)NC4=O)C5=O)CC3)CC2)CC1,2.1903316981702914
CC(C)(C)[C@H](NC(=O)c1cc2cc(C(F)(F)P(=O)(O)O)ccc2s1)C(=O)N1CCC[C@H]1C(=O)N(CCC(=O)NCCCC#Cc1cccc2c1CN(C1CCC(=O)NC1=O)C2=O)c1ccc2occc2c1,2.5185139398778875
COc1cc(N2CCC(N3CCN(CC4CCN(c5ccc(C(=O)N[C@H]6CCC(=O)NC6=O)cc5)CC4)CC3)CC2)ccc1Nc1ncc(Cl)c(Nc2ccccc2P(C)(C)=O)n1,2.089905111439398
COc1cc(-c2cn(C)c(=O)c3cn(C)nc23)cc(OC)c1C(=O)N1CCC2(CCC(CN3Cc4cc5c(cc4C3)C(=O)N(C3CCC(=O)NC3=O)C5=O)CC2)CC1,2.225309281725863
CCC(Nc1cc(C(F)(F)F)ccn1)c1ccc(-c2nn3c(c2C(N)=O)Nc2ccc(N4CCN(CC5CCN(c6ccc(N7CCC(=O)NC7=O)cc6)CC5)CC4)cc2CC3)cc1,1.163757523981956
NC(=O)c1c(-c2ccc(Oc3ccccc3)cc2)nn2c1Nc1ccc(C(=O)NC3CCN(c4ccc5c(c4)C(=O)N(C4CCC(=O)NC4=O)C5=O)CC3)cc1CC2,0.3541084391474008
C=CC(=O)Nc1cccc(-n2c(=O)cc(C)c3cnc(Nc4ccc(N5CCN(C(=O)CCCCCCC(=O)N[C@H](C(=O)N6C[C@H](O)C[C@H]6C(=O)NCc6ccc(-c7scnc7C)cc6)C(C)(C)C)CC5)cc4OC)nc32)c1,2.3710678622717363
Nc1nccc(-c2sc(C3CCN(C(=O)CCOCCOCCOCCNc4cccc5c4C(=O)N(C4CCC(=O)NC4=O)C5=O)CC3)nc2-c2cccc(NS(=O)(=O)c3c(F)cccc3F)c2F)n1,2.6989700043360187
Cc1sc2c(c1C)C(c1ccc(Cl)cc1)=N[C@@H](CC(=O)NCCCCCCCCC(=O)N[C@@H](CO)C(=O)N[C@H]1CCC(=O)NC1=O)c1nnc(C)n1-2,2.6434526764861874
Cc1ccc(-n2nc3c(=O)n(CCCC(=O)NCCCNc4cccc5c4C(=O)N(C4CCC(=O)NC4=O)C5=O)nc(C)c3c2C)cc1,4.477121254719663
CCS(=O)(=O)n1cc(-c2nc(Nc3ccc(N4CCN(CCCC(=O)Nc5cccc6c5CN(C5CCC(=O)NC5=O)C6=O)CC4)cc3)ncc2C(F)(F)F)c2ccccc21,1.6963563887333322
O=C1CCN(c2cc(C(=O)N3CCC(CC4CCN(c5ccc(-c6cnc7[nH]cc(-c8cnn([C@@H]9CCOC9)c8)c7n6)cn5)CC4)CC3)ccc2Cl)C(=O)N1,1.919078092376074
O=C1CCC(N2C(=O)c3cc(F)c(N4CCN(C(=O)C5CCN(c6ccc(NC(=O)c7cnc(Oc8ccccc8)nc7)cc6)CC5)CC4)cc3C2=O)C(=O)N1,-0.832682665251824
Cc1ncsc1-c1ccc(CNC(=O)[C@@H]2[C@@H](F)[C@@H](O)CN2C(=O)[C@@H](NC(=O)COCCOCCOCCNC(=O)C[C@@H]2N=C(c3ccc(Cl)cc3)c3c(sc(C)c3C)-n3c(C)nnc32)C(C)(C)C)cc1,1.0
Cc1ncsc1-c1ccc([C@H](C)NC(=O)[C@@H]2C[C@@H](O)CN2C(=O)[C@@H](NC(=O)CCCCCCN(C)CC[C@H](CSc2ccccc2)Nc2ccc(S(=O)(=O)NC(=O)c3ccc(N4CCN(CC5=C(c6ccc(Cl)cc6)CCC(C)(C)C5)CC4)cc3)cc2S(=O)(=O)C(F)(F)F)C(C)(C)C)cc1,1.8512583487190752
NC(=O)c1ncc(-c2nccs2)nc1Nc1ccc(C2CCN(C[C@H]3CCN(c4ccc5c(c4)C(=O)N([C@H]4CCC(=O)NC4=O)C5=O)C3)CC2)cc1,0.2304489213782739
C[C@@H]1Cc2c([nH]c3ccccc23)[C@@H](c2c(F)cc(N3CCC4(CCN(C(=O)CN5Cc6cc7c(cc6C5)C(=O)N(C5CCC(=O)NC5=O)C7=O)CC4)CC3)cc2F)N1CC(C)(C)F,-0.0969100130080563
COc1cc2nn([C@H]3CC[C@H](CN(C)CCCO[C@H]4C[C@H](Nc5cccc6c5C(=O)N(C5CCC(=O)NC5=O)C6=O)C4)CC3)cc2cc1NC(=O)c1cccc(C(F)(F)F)n1,1.462397997898956
CC[C@@H](CO)Nc1cc(NCc2ccc(NC(=O)N3CCC(N4CCN(c5ccc6c(c5)C(=O)N(C5CCC(=O)NC5=O)C6=O)CC4)CC3)cc2)n2ncc(C(C)C)c2n1,0.4996870826184038
O=C1CCC(N2C(=O)c3cc4c(cc3C2=O)CN(CC2CN(C(=O)C3CCN(c5ccc([C@@H]6c7ccc(O)cc7CC[C@@H]6c6ccccc6)cc5)CC3)C2)C4)C(=O)N1,0.7781512503836436
Cc1nc(Nc2ncc(C(=O)Nc3c(C)cccc3Cl)s2)cc(N2CCN(C(=O)CCOCCOCCNc3cccc4c3C(=O)N(C3CCC(=O)NC3=O)C4=O)CC2)n1,1.2430380486862944
Cc1ncsc1-c1ccc([C@H](C)NC(=O)[C@@H]2C[C@@H](O)CN2C(=O)[C@@H](c2cc(OCCN3CCN(CCOc4cc(N5C6CCC5CN(c5cc(-c7ccccc7O)nnc5N)C6)ccn4)CC3)no2)C(C)C)cc1,-1.1674910872937636
Cc1sc2c(c1C)C(c1ccc(Cl)cc1)=N[C@@H](CC(=O)NCC(=O)NCCCCCOc1cccc3c1C(=O)N(C1CCC(=O)NC1=O)C3=O)c1nnc(C)n1-2,2.2648178230095364
Nc1nnc(-c2ccccc2O)cc1N1CC2CCC(C1)N2c1cccc(OCCN2CCN(CC3CCN(c4ccc5c(c4)C(=O)N(C4CCC(=O)NC4=O)C5=O)CC3)CC2)c1,0.3010299956639812
COc1cc(N2CCC(N3CCN(C4CN(c5ccc6c(c5)C(=O)N([C@H]5CCC(=O)NC5=O)C6=O)C4)CC3)CC2)ccc1Nc1ncc(Cl)c(Nc2ccccc2P(C)(C)=O)n1,1.8750612633917
CC(=O)N1CCc2c(c(N3CCCc4cc(-c5cnn(C)c5)c(C(F)F)cc43)nn2C2CCN(C(=O)CCCN3Cc4cc5c(cc4C3)C(=O)N(C3CCC(=O)NC3=O)C5=O)CC2)C1,2.5658478186735176
Cc1c(C(=O)Nc2nc(C(F)(F)F)n[nH]2)ccc(-c2nn3c(c2C(N)=O)Nc2ccc(N4CCN(CC5CCN(c6ccc(N7CCC(=O)NC7=O)cc6)CC5)CC4)cc2CC3)c1F,0.271841606536499
NS(=O)(=O)c1ccc(C(=O)NCCCCCCCCCCCCNc2cccc3c2C(=O)N(C2CCC(=O)NC2=O)C3=O)cc1,-0.3010299956639812
NC(=O)c1c(-c2ccc(Oc3ccccc3)cc2F)nn2c1Nc1ccc(N3CCN(CC4CCN(c5ccc(N6CCC(=O)NC6=O)cc5)CC4)CC3)cc1CC2,0.6730209071288962
Cc1cccc(NC(=O)c2cnc(-c3nn4c(c3C(N)=O)Nc3ccc(N5CCN(CC6CCN(c7ccc(N8CCC(=O)NC8=O)cc7)CC6)CC5)cc3CC4)cc2C)n1,1.761927838420529
Cc1cc(Nc2ncc(Cl)c(Nc3ccccc3S(=O)(=O)C(C)C)n2)c(OC(C)C)cc1C1CCN(C2CN(C3CCN(c4ccc5c(c4)C(=O)N(C4CCC(=O)NC4=O)C5=O)CC3)C2)CC1,2.076749640624
N#Cc1ccc(N2CCC3(CCN(c4ccc(C(=O)N5CCC(N6CCc7cc8c(cc7C6)C(=O)N(C6CCC(=O)NC6=O)C8=O)CC5)cc4)CC3)C2)cc1Cl,1.863322860120456
CCCS(=O)(=O)Nc1ccc(F)c(-n2cc(-c3cncnc3)c3nc(N(C)C4CCN(C(=O)CCOCCOCCOCCOCCOCCOCCNc5cccc6c5C(=O)N(C5CCC(=O)NC5=O)C6=O)CC4)ccc32)c1F,1.9542425094393248
CCc1cccc2cc(O)cc(-c3ncc4c(N5C[C@H]6CC[C@@H](C5)N6)nc(OC[C@@H]5CCCN5CCCOCCC(=O)N[C@H](C(=O)N5C[C@H](O)C[C@H]5C(=O)N[C@@H](C)c5ccc(-c6scnc6C)cc5)C(C)(C)C)nc4c3F)c12,2.1192558892779365
NC(=O)c1c(-c2ccc(Oc3ccccc3)cc2)nn2c1Nc1ccc(N3CCN(CC4CCN(c5ccc(N6CCC(=O)NC6=O)cc5)CC4)CC3)cc1CC2,0.1789769472931694
CCN1CCC(n2cc(-c3c[nH]c4ncc(-c5ccc(N6CCC(CC7CCN(C(=O)c8ccc(C)c(N9CCC(=O)NC9=O)c8)CC7)CC6)cc5)nc34)cn2)CC1,2.7897216939809217
Cc1sc2c(c1C)C(c1ccc(Cl)cc1)=N[C@@H](CC(=O)NCCN1CC3(CCC(c4ccc5c(c4)CN(C4CCC(=O)NC4=O)C5=O)CC3)C1)c1nnc(C)n1-2,1.0492180226701815
COc1cc(N2CCC3(CCN(C(=O)CN4Cc5cc6c(cc5C4)C(=O)N(C4CCC(=O)NC4=O)C6=O)CC3)CC2)ccc1[C@@H]1c2ccc3[nH]ncc3c2C[C@@H](C)N1CC(F)F,0.146128035678238
CCS(=O)(=O)n1cc(-c2nc(Nc3ccc(N4CCN(CCOCCOCC(=O)Nc5cccc6c5CN(C5CCC(=O)NC5=O)C6=O)CC4)cc3)ncc2C(F)(F)F)c2ccccc21,1.403120521175818
Cc1ncsc1-c1ccc(CNC(=O)[C@@H]2C[C@@H](O)CN2C(=O)[C@@H](NC(=O)CCCCCC(=O)Nc2cccc3c2C(=O)N(C2CCC(=O)NC2=O)C3=O)C(C)(C)C)cc1,3.405875456896316
CN[C@@H](C)C(=O)N[C@H](C(=O)N1C[C@@H](NC(=O)CCCCCCCN2CCN(c3ccc(Nc4ncc5c(C)c(C(C)=O)c(=O)n(C6CCCC6)c5n4)nc3)CC2)C[C@H]1C(=O)Nc1c(F)cccc1F)C(C)(C)C,1.3010299956639813
Cn1c(=O)n(C2CCC(=O)NC2=O)c2cccc(C#CCOC3CCN(C[C@H]4CC[C@H](n5cc(NC(=O)c6cnn7ccc(N8C[C@H]9C[C@@H]8CO9)nc67)c(C(F)F)n5)CC4)CC3)c21,0.3010299956639812
Cc1cc2c(NC(=O)c3cc(NC(=O)CCCCCCCCCCNc4cccc5c4C(=O)N(C4CCC(=O)NC4=O)C5=O)cc(-c4ccn(C)n4)c3)cccc2nn1,1.6020599913279625
COc1cc(-c2cn(C)c(=O)c3cnccc23)cc(OC)c1CN1CCC(N2Cc3cc4c(cc3C2)C(=O)N(C2CCC(=O)NC2=O)C4)CC1,1.6901960800285136
Cc1c(C(=O)Nc2ncnn2C)ccc(-c2nn3c(c2C(N)=O)Nc2ccc(N4CCN(CC5CCN(c6ccc(N7CCC(=O)NC7=O)cc6)CC5)CC4)cc2CC3)c1F,0.5763413502057928
NC(=O)CC[C@H](NC(=O)[C@@H]1CC[C@@H]2CCN(C(=O)CCCCCCCc3cccc4c3CN(C3CCC(=O)NC3=O)C4=O)C[C@H](NC(=O)c3cc4cc(C(F)(F)P(=O)(O)O)ccc4[nH]3)C(=O)N21)C(=O)NC(c1ccccc1)c1ccccc1,2.204119982655925
CNC(=O)c1ccccc1Nc1cc(Nc2ccc(N3CCN(CCOCC(=O)N[C@H](C(=O)N4C[C@H](O)C[C@H]4C(=O)N[C@@H](C)c4ccc(-c5scnc5C)cc4)C(C)(C)C)CC3)cc2OC)ncc1C(F)(F)F,1.499687082618404
COc1cc(N2CCC(N3CCN(C(=O)CC4CCN(c5ccc(N[C@H]6CCC(=O)NC6=O)cc5)CC4)CC3)CC2)ccc1Nc1ncc(Cl)c(Nc2ccccc2P(C)(C)=O)n1,2.004321373782642
COc1ccccc1C(=O)NCc1ccc(-c2nn3c(c2C(N)=O)Nc2ccc(N4CCN(CC5CCN(c6ccc(N7CCC(=O)NC7=O)cc6)CC5)CC4)cc2CC3)cc1F,0.5263392773898441
CC(C)Nc1cc(-n2ccc3cc(C#N)cnc32)ncc1C(=O)N[C@H]1CC[C@H](C(=O)NCCCCCNC(=O)COc2cccc3c2C(=O)N(C2CCC(=O)NC2=O)C3=O)CC1,2.4668676203541096
COc1ccc2c(c1)c(CC(=O)NCCN1CCN(C(=O)CCC(=O)N[C@H](C(=O)N3C[C@H](O)C[C@H]3C(=O)N[C@@H](C)c3ccc(-c4scnc4C)cc3)C(C)(C)C)CC1)c(C)n2C(=O)c1ccc(Cl)cc1,4.2576785748691846
CCc1cc2c(cc1N1CCN(CC3CN(c4ccc5c(c4)C(=O)N(C4CCC(=O)NC4=O)C5=O)C3)CC1)C(C)(C)c1[nH]c3cc(C#N)ccc3c1C2=O,1.0791812460476249
O=C1CCC(N2C(=O)c3cc4c(cc3C2=O)CN(CC(=O)N2CCCC3(CCN(c5ccc([C@@H]6c7ccc(O)cc7CC[C@@H]6c6ccccc6)cc5)CC3)C2)C4)C(=O)N1,2.5943925503754266
O=C1CCC(N2C(=O)c3cccc(NCCOCCOCCOCCOCCNC(=O)N[C@H]4CC[C@@H](Nc5ncnc6[nH]cc(C(=O)c7ccc(Oc8ccccc8)cc7Cl)c56)CC4)c3C2=O)C(=O)N1,1.08278537031645
Cc1ncsc1-c1ccc(CNC(=O)[C@@H]2C[C@@H](O)CN2C(=O)[C@@H](NC(=O)C2(F)CC2)C(C)(C)C)c(OCCOc2ccc(CN3CCN(c4cc(-c5ccccc5O)nnc4N)CC3)cc2)c1,1.041392685158225
COCCn1cc(-c2c[nH]c3ncc(-c4ccc(N5CCC(CC6CCN(C(=O)c7ccc(Cl)c(N8CCC(=O)NC8=O)c7)CC6)CC5)nc4)nc23)cn1,1.48572142648158
O=C1CCC(N2C(=O)c3cccc(NC(=O)CCCCCN4CCN(c5ccc(Nc6ncc7ncc(=O)n(C8CCCC8)c7n6)cc5)CC4)c3C2=O)C(=O)N1,1.173186268412274
CC(=O)N1CCc2c(c(N3CCCc4cc(-c5cnn(C)c5)c(C(F)F)cc43)nn2C2CCN(C(=O)CCCCN3Cc4cc5c(cc4C3)C(=O)N(C3CCC(=O)NC3=O)C5=O)CC2)C1,2.225309281725863
CC(C)(C)[C@H](NC(=O)c1cc2cc(C(F)(F)P(=O)(O)O)ccc2s1)C(=O)N1C[C@@H](OCCCCCCC#Cc2cccc3c2CN(C2CCC(=O)NC2=O)C3=O)C[C@H]1C(=O)N1CCO[C@H](c2ccccc2)C1,1.3010299956639813
CC[C@@H](CO)Nc1cc(NCc2ccc(NC(=O)N3CCN(C4CCN(c5cc6c(cc5F)C(=O)N(C5CCC(=O)NC5=O)C6=O)CC4)CC3)cc2)n2ncc(C(C)C)c2n1,0.9726655922661108
Cc1cccc(NC(=O)c2ncc(-c3nn4c(c3C(N)=O)Nc3ccc(N5CCN(C6CC(c7ccc([C@H]8CCC(=O)NC8=O)cc7)C6)CC5)cc3CC4)cc2C)n1,0.9474337218870508
COc1nc(OCc2cccc(-c3ccccc3)c2C)ccc1CNCCNC(=O)CCCCCCCCNC(=O)COc1ccc(C2CCC(=O)NC2=O)cc1,2.784617292632875
Cc1ncsc1-c1ccc(CNC(=O)[C@@H]2C[C@@H](O)CN2C(=O)[C@@H](NC(=O)COCCOCCOCCOCCOCC(F)(F)c2cnc(-c3ccc(C(C(=O)NO)c4ccccc4F)cc3)nc2)C(C)(C)C)cc1,1.568201724066995
CN1CCN([C@@H]2CCCN(c3cnc(C(N)=O)c(Nc4ccc(C5CCN(C[C@H]6CC[C@H](Nc7cccc8c7C(=O)N([C@@H]7CCC(=O)NC7=O)C8=O)CC6)CC5)cc4)n3)C2)C1=O,0.2041199826559248
CCCNNC(=O)c1ccc(-c2ccc(NC(=O)CCCCCCC(=O)N[C@H](C(=O)N3C[C@H](O)C[C@H]3C(=O)N[C@@H](C)c3ccc(-c4scnc4C)cc3)C(C)(C)C)cc2)cc1,1.6232492903979006
CCS(=O)(=O)n1cc(-c2nc(Nc3ccc(N4CCN(CCCCCCCC(=O)Nc5cccc6c5CN(C5CCC(=O)NC5=O)C6=O)CC4)cc3)ncc2C(F)(F)F)c2ccccc21,1.230448921378274
Cc1nc(Nc2ncc(C(=O)Nc3c(C)cccc3Cl)s2)cc(N2CCN(CCCN3CCC4(CC3)CCN(c3ccc(C5CCC(=O)NC5=O)cc3)CC4)CC2)n1,0.9590413923210936
Cc1ncsc1-c1ccc(CNC(=O)[C@@H]2C[C@@H](O)CN2C(=O)[C@H](NC(=O)CCC(=O)NCCNC(=O)CCC(=O)N2CCN(c3ccc(Nc4nc(NC5CCCCC5)c5nc[nH]c5n4)cc3)CC2)C(C)(C)C)cc1,3.277150613963797
COc1cc(Oc2ccccc2)ccc1-c1nn2c(c1C(N)=O)Nc1ccc(N3CCN(CC4CCN(c5ccc(N6CCC(=O)NC6=O)cc5)CC4)CC3)cc1CC2,0.5563025007672873
CC(=O)N1CCc2c(c(N3CCCc4cc(C(C)C)c(C(F)F)cc43)nn2C2CCN(C(=O)CN3Cc4cc5c(cc4C3)C(=O)N(C3CCC(=O)NC3=O)C5=O)CC2)C1,1.7558748556724917
O=C1CC[C@H](N2Cc3c(ccc4c3OCC43CCN(C(=O)CN4CCCC5(CCN(c6ccc([C@@H]7c8ccc(O)cc8CC[C@@H]7c7ccccc7)cc6)CC5)C4)CC3)C2=O)C(=O)N1,-0.6935749724493127
CCN1CCC(n2cc(-c3c[nH]c4ncc(-c5ccc(N6CCC(C)(CN7CCN(C(=O)c8ccc(Cl)c(N9CCC(=O)NC9=O)c8)CC7)CC6)cc5)nc34)cn2)CC1,1.7193312869837265
N#Cc1ccc(O[C@H]2CC[C@H](NC(=O)c3ccc(NCCCCCCCNc4ccc5c(c4)C(=O)N(C4CCC(=O)NC4=O)C5=O)cc3)CC2)cc1Cl,-0.1549019599857432
COc1cc(-c2cn(C)c(=O)c3cnc(C(C)C)cc23)cc(OC)c1C(=O)N1CCC2(CCC(CN3Cc4cc5c(cc4C3)C(=O)N(C3CCC(=O)NC3=O)C5=O)CC2)CC1,2.3404441148401185
CCCCN(Cc1ccc(C(=O)NO)cc1)C(=O)Nc1ccc(OCCn2cc(CCCNc3cccc4c3C(=O)N(C3CCC(=O)NC3=O)C4=O)nn2)cc1,0.404833716619938
COCCOCCOCCOCCOCCOCCOCCOCCOCCOCCOCCOCCOCCOCCOCCOCCOCCOCCOCCOCCOCCOCCOCCOCCOCCOCCOCCOCCOCCOCCOCCOCCOCCOCCOCCOCCOCCOCCOCCOCCOCCOCCOCCOCCOCCOCCOCCOCCOCCOCCOCCOCCOCCOCCOCCOCCOCCOCCOCCOCCOCCOCCOCCOCCOCCOCCOCCOCCOCCOCCOCCOCCOCCOCCOCCOCCOCCOCCOCCOCCOCCOCCOCCOCCOCCOCCOCCOCCOCCOCCOCCOCCOCCOCCOCCOCCOCCOCCOCCOCCOCCOCCOCCOCCOCCOCCOCCOCCOCCOCCOCCOCCOCCOCCOC(=O)C(C)C(=O)C(C)C(=O)C(C)C(=O)C(C)C(=O)C(C)C(=O)C(C)C(=O)C(C)C(=O)C(C)C(=O)C(C)C(=O)C(C)C(=O)C(C)C(=O)C(C)C(=O)C(C)C(=O)C(C)C(=O)C(C)C(=O)C(C)C(=O)C(C)C(=O)C(C)C(=O)C(C)C(=O)C(C)C(=O)C(C)C(=O)C(C)C(=O)C(C)C(=O)C(C)C(=O)C(C)C(=O)C(C)C(=O)C(C)C(=O)C(C)C(=O)C(C)C(=O)C(C)C(=O)C(C)C(=O)C(C)C(=O)C(C)C(=O)C(C)C(=O)C(C)C(=O)C(C)C(=O)C(C)C(=O)C(C)C(=O)C(C)C(=O)C(C)C(=O)C(C)C(=O)C(C)C(=O)C(C)C(=O)C(C)OC(=O)CC(=O)CC(=O)CC(=O)CC(=O)CC(=O)CC(=O)CC(=O)CC(=O)CC(=O)CC(=O)CC(=O)CC(=O)CC(=O)CC(=O)CC(=O)CC(=O)CC(=O)CC(=O)CC(=O)CC(=O)CC(=O)CC(=O)CC(=O)CC(=O)CC(=O)CC(=O)CC(=O)CC(=O)CC(=O)CC(=O)CC(=O)CC(=O)CC(=O)CC(=O)CC(=O)CC(=O)CC(=O)CC(=O)CC(=O)CC(=O)CC(=O)CC(=O)CC(=O)COC(=O)CCCSSCCCC(=O)O[C@@H]1CC(C(=O)N[C@@H](C)c2ccc(-c3scnc3C)cc2)N(C(=O)[C@@H](NC(=O)COCCCOCCNC(=O)C[C@@H]2N=C(c3ccc(Cl)cc3)c3c(sc(C)c3C)-n3c(C)nnc32)C(C)(C)C)C1,2.361727836017593
CC(=O)c1c(C)c2cnc(Nc3ccc(N4CCN(Cc5cn(CCCCCCc6cccc7c6CN(C6CCC(=O)NC6=O)C7=O)nn5)CC4)cn3)nc2n(C2CCCC2)c1=O,0.2304489213782739
Cc1ncsc1-c1ccc([C@H](C)NC(=O)[C@@H]2C[C@@H](O)CN2C(=O)[C@@H](NC(=O)C2CCC(N3CCC4(CCC(n5cc(-c6cc(-c7ccccc7O)nnc6N)cn5)CC4)CC3)CC2)C(C)(C)C)cc1,1.5314789170422551
Cc1ncsc1-c1ccc([C@H](C)NC(=O)[C@@H]2C[C@@H](O)CN2C(=O)[C@@H](NC(=O)COCCOCCOCCN2CCN(S(=O)(=O)c3ccc(NC(=O)NCc4cccnc4)cc3)CC2)C(C)(C)C)cc1,1.968482948553935
CCS(=O)(=O)N1CC(CC#N)(n2cc(-c3nc(Nc4ccc(C(=O)NCCN5CCN(c6ccc7c(c6)C(=O)N(C6CCC(=O)NC6=O)C7=O)CC5)cc4)nc4[nH]ccc34)cn2)C1,3.060697840353612
Cc1ncsc1-c1ccc([C@H](C)NC(=O)[C@@H]2C[C@@H](O)CN2C(=O)[C@@H](NC(=O)CCCCCCCCCCNC(=O)Cn2cc(-c3ccc4cc(O)c(N5CC(=O)NS5(=O)=O)c(F)c4c3)cn2)C(C)(C)C)cc1,2.7569022317166274
O=C1CC[C@H](N2Cc3c(ccc4c3OCC43CCN(CCCCC4CCN(c5ccc([C@@H]6c7ccc(O)cc7CC[C@@H]6c6ccccc6)cc5)CC4)CC3)C2=O)C(=O)N1,-1.515273195701338
CC(=O)c1c(C)c2cnc(Nc3ccc(N4CCN(Cc5cn(CCCCCC(=O)Nc6cccc7c6C(=O)N(C6CCC(=O)NC6=O)C7=O)nn5)CC4)cn3)nc2n(C2CCCC2)c1=O,1.110589710299249
Cc1ncsc1-c1ccc([C@H](C)NC(=O)[C@@H]2C[C@@H](O)CN2C(=O)[C@@H](c2cc(N3CCC(CN4CCC(c5cccc6c5C(C)(C)c5nc(=O)c7c(Cl)cccc7n5-6)CC4)CC3)no2)C(C)C)cc1,0.6434526764861874
O=C1CCC(N2C(=O)c3ccc(N4CCC(CN5CCN(Cc6ccc(NC(=O)c7n[nH]cc7Nc7ncnc8[nH]ccc78)cc6)CC5)C4)cc3C2=O)C(=O)N1,0.2121876044039577
CN[C@@H](C)C(=O)N[C@H](C(=O)N1C[C@@H](NC(=O)c2cnc(N3CCN(CCCOc4cc5ncnc(Nc6n[nH]c(C)c6C)c5cc4S(=O)(=O)C(C)(C)C)CC3)cn2)C[C@H]1C(=O)Nc1c(F)cccc1F)C(C)(C)C,-0.1023729087095585
CC(C)(/C=C(/C#N)C(=O)N1CCC[C@@H](n2nc(-c3ccc(Oc4ccccc4)cc3)c3c(N)ncnc32)C1)CCCOCCOCCOCCOCCOc1cccc2c1C(=O)N(C1CCC(=O)NC1=O)C2=O,0.7781512503836436
Cc1ncsc1-c1ccc([C@H](C)NC(=O)[C@@H]2C[C@@H](O)CN2C(=O)[C@@H](NC(=O)C2CCC(N3CC4(CCC(n5cc(-c6cc(-c7ccccc7O)nnc6N)cn5)CC4)C3)CC2)C(C)(C)C)cc1,1.3979400086720375
COc1cc2nc(N3CCN(C(=O)c4cn(CCOCC(=O)Nc5cccc6c5C(=O)N(C5CCC(=O)NC5=O)C6=O)nn4)CC3)nc(N)c2cc1OC,3.635483746814912
Cc1ncsc1-c1ccc([C@H](C)NC(=O)[C@@H]2C[C@@H](O)CN2C(=O)[C@@H](NC(=O)CCOCCC(=O)N2CCC3(CC2)CCN(c2cncc(Nc4ncc(Cl)c(-c5cccc(-c6ccccc6)c5)n4)c2)C3=O)C(C)(C)C)cc1,2.0211892990699383
Cc1ncsc1-c1ccc([C@H](C)NC(=O)[C@@H]2C[C@@H](O)CN2C(=O)[C@@H](NC(=O)CCC(=O)NCCCCC(=O)Nc2cccc(Cc3c(C)c4ccc(Oc5ncccn5)cc4oc3=O)c2F)C(C)(C)C)cc1,2.3010299956639813
COc1cc(/C=C2\SC(=O)N(CCOCCC(=O)N[C@H](C(=O)N3C[C@H](O)C[C@H]3C(=O)NCc3ccc(-c4scnc4C)cc3)C(C)(C)C)C2=O)ccc1Oc1ccc(C#N)cc1C(F)(F)F,2.0
Cc1nc(Nc2ncc(C(=O)Nc3c(C)cccc3Cl)s2)cc(N2CCN(CCCN3CCN(Cc4ccc(C5CCC(=O)NC5=O)cc4)CC3)CC2)n1,0.651278013998144
COc1cc(N2CC[C@@H](OCC(=O)N[C@H](C(=O)N3C[C@H](O)C[C@H]3C(=O)N[C@@H](C)c3ccc(-c4scnc4C)cc3)C(C)(C)C)C[C@@H]2C)ccc1NC(=O)c1cccc(-c2ccn[nH]2)n1,1.1139433523068367
CNC(=O)c1ccccc1Nc1cc(Nc2ccc(N3CCN(CCOCCOCC(=O)N[C@H](C(=O)N4C[C@H](O)C[C@H]4C(=O)N[C@@H](C)c4ccc(-c5scnc5C)cc4)C(C)(C)C)CC3)cc2OC)ncc1C(F)(F)F,2.2000292665537704
C[C@H](NC(=O)c1ccc2c(-c3ccc(C(F)(F)F)cc3)cccc2c1)c1cccc(NCCOCCOCCNc2ccc3c(c2)C(=O)N(C2CCC(=O)NC2=O)C3=O)n1,1.7331972651065697
CN(c1ccc(C#N)c(Cl)c1)[C@H]1CC[C@H](NC(=O)c2ccc(N3CCN(C4CCN(c5ccc6c(c5)C(=O)N(C5CCC(=O)NC5=O)C6=O)CC4)CC3)cc2)CC1,-1.0
Cc1sc2c(c1C)C(c1ccc(Cl)cc1)=N[C@@H](CC(=O)NCCCCCNC(=O)COc1ccc(C3CCC(=O)NC3=O)cc1)c1nnc(C)n1-2,1.380211241711606
O=C1CCC(N2C(=O)c3cc4c(cc3C2=O)CN(CCCC2CCN(c3ccc([C@@H]5c6ccc(O)cc6CC[C@@H]5c5ccccc5)cc3)CC2)C4)C(=O)N1,2.2329961103921536
CNC(=O)c1cc(Oc2ccc(-n3cc(-c4cccc(NC(=O)C5CCCN(c6cccc7c6C(=O)N(C6CCC(=O)NC6=O)C7=O)C5)c4)nn3)cc2)ccn1,0.7108786176851729
O=C1CCN(c2cc(C(=O)N3CCC(CC4CCN(c5ccc(-c6cnc7[nH]cc(-c8cnn(CC(F)F)c8)c7n6)cn5)CC4)CC3)ccc2Cl)C(=O)N1,1.271841606536499
COc1c(C)cnc(Cn2cc(C#CCCNc3cccc4c3C(=O)N(C3CCC(=O)NC3=O)C4=O)c3c(Cl)nc(N)nc32)c1C,2.9956351945975497
CC(C)c1c(C(=O)Nc2ccccc2)c(-c2cccc(OCCCCCc3cn(CCOCCOCCOCCOCCNc4cccc5c4C(=O)N(C4CCC(=O)NC4=O)C5=O)nn3)c2)c(-c2ccc(F)cc2)n1CC[C@@H](O)C[C@@H](O)CC(=O)O,2.6989700043360187
O=C(/C=C/C(=O)Nc1ccc(NC(=O)c2ccc([N+](=O)[O-])o2)cc1)NCCCCCCNc1cccc2c1C(=O)N(C1CCC(=O)NC1=O)C2=O,3.505149978319906
CC(C)c1c(C(=O)Nc2ccccc2)c(-c2cccc(OCCCc3cn(CCOCCOCCOCCOCCNc4ccc5c(c4)C(=O)N(C4CCC(=O)NC4=O)C5=O)nn3)c2)c(-c2ccc(F)cc2)n1CC[C@@H](O)C[C@@H](O)CC(=O)O,2.4771212547196626
O=C1CCC(N2C(=O)c3cc4c(cc3C2=O)CN(CC(=O)N2CC3(C2)CN(c2ccc([C@@H]5c6ccc(O)cc6CC[C@@H]5c5ccccc5)cc2)C3)C4)C(=O)N1,1.041392685158225
Cc1cc(-c2c[nH]c3ncc(-c4ccc(C5CCN(C6CN(C7CN(c8ccc9c(c8)C(=O)N(C8CCC(=O)NC8=O)C9=O)C7)C6)CC5)cc4)nc23)ccc1C(=O)N(C)C,2.4699692094999595
Cc1ncsc1-c1ccc(CNC(=O)[C@@H]2C[C@@H](O)CN2C(=O)[C@@H](NC(=O)CCCC(=O)N2CCN(c3ccc(Nc4nc(Nc5ccccc5S(=O)(=O)C(C)C)c5nc[nH]c5n4)cc3)CC2)C(C)(C)C)cc1,3.231214647962601
COc1ccnc(NC(=O)c2ccc(-c3nn4c(c3C(N)=O)Nc3ccc(N5CCN(CC6CCN(c7ccc(N8CCC(=O)NC8=O)cc7)CC6)CC5)cc3CC4)c(F)c2C)c1,0.6232492903979004
CCCS(=O)(=O)Nc1ccc(F)c(-n2cc(-c3cncnc3)c3nc(N(C)C4CCN(C(=O)CCOCCOCCOCCOCCNc5cccc6c5C(=O)N(C5CCC(=O)NC5=O)C6=O)CC4)ccc32)c1F,1.1760912590556811
Cc1ncsc1-c1ccc(CNC(=O)[C@@H]2C[C@@H](O)CN2C(=O)[C@@H](NC(=O)COCCOCCOCCOCCNC(=O)C[C@@H]2N=C(c3ccc(Cl)cc3)c3c(sc(C)c3C)-n3c(C)nnc32)C(C)(C)C)cc1,2.3010299956639813
CCN(C)S(=O)(=O)Nc1ccc(F)c(C(=O)c2c[nH]c3ncc(-c4ccc(N5CCN(C(=O)[C@H]6C[C@H](Nc7cccc8c7C(=O)N(C7CCC(=O)NC7=O)C8=O)C6)CC5)cc4)cc23)c1F,1.3617278360175928
COc1cc(OC)c(Cl)c(NC(=O)N(C)c2cc(Nc3ccc(N4CCN(CC(=O)N[C@H](C(=O)N5C[C@H](O)C[C@H]5C(=O)N[C@@H](C)c5ccc(-c6scnc6C)cc5)C(C)(C)C)CC4)cc3)ncn2)c1Cl,0.6384892569546373
O=C1CC[C@H](N2Cc3c(ccc4c3OCC43CCN(CC4CCC5(CC4)CN(c4ccc([C@@H]6c7ccc(O)cc7CC[C@@H]6c6ccccc6)cc4)C5)CC3)C2=O)C(=O)N1,-0.9574244875598096
Cc1cc([C@H](C(=O)N2C[C@H](O)C[C@H]2C(=O)N[C@@H](CC(=O)NCCOCCOCCNC(=O)C[C@@H]2N=C(c3ccc(Cl)cc3)c3c(sc(C)c3C)-n3c(C)nnc32)c2ccc(-c3scnc3C)cc2)C(C)C)on1,2.7558748556724915
CN1CC[C@H]2CC[C@@H](C(=O)N[C@@H](CCC(=O)NN)C(=O)N[C@H](C(=O)N3CCC(CCC#Cc4cccc5c4CN(C4CCC(=O)NC4=O)C5=O)CC3)C(C)(C)C)N2C(=O)[C@@H](NC(=O)c2cc3cc(C(F)(F)P(=O)(O)O)ccc3s2)C1,3.004321373782642
CC(=O)N1CCc2c(c(N3CCCc4cc(-c5ccn(C)n5)c(C(F)F)cc43)nn2[C@H]2CC[C@H](CN3Cc4cc5c(cc4C3)C(=O)N(C3CCC(=O)NC3=O)C5=O)CC2)C1,-0.3010299956639812
CC(=O)N1CCc2c(c(-c3cccc4cc(-c5ccc(C(=O)N6CCC(C7CCN(c8cccc9c8C(=O)N(C8CCC(=O)NC8=O)C9=O)CC7)CC6)nc5)ncc34)nn2C2CCOCC2)C1,1.6020599913279625
CC(=O)N1CCc2c(c(-c3cccc4cc(-c5ccc(C(=O)NCCCCc6cccc7c6CN(C6CCC(=O)NC6=O)C7=O)nc5)ncc34)nn2C2CCOCC2)C1,-0.6989700043360187
CN(c1ccc(C#N)c(Cl)c1)[C@H]1CC[C@H](NC(=O)c2ccc(N3CCN(CC4CCN(c5ccc6c(c5)C(=O)N(C5CCC(=O)NC5=O)C6=O)CC4)CC3)cc2)CC1,0.146128035678238
O=C(COc1ccc2c(c1)CCCN2C(=O)CCl)NCCCCCCCCC(=O)N1CCN(C(=O)c2cc(Cc3n[nH]c(=O)c4ccccc34)ccc2F)CC1,3.3010299956639813
O=C(CCc1cc(C(=O)c2ccc(OC3CCCC3)cc2O)ccc1OCc1ccc2c(O)noc2c1)NCCOCCOCCOCCOCCOCCOCCNc1cccc2c1C(=O)N(C1CCC(=O)NC1=O)C2=O,3.690196080028514
CCc1cccc2cc(O)cc(-c3ncc4c(N5C[C@H]6CC[C@@H](C5)N6)nc(OC[C@@H]5CCCN5CCCCC(=O)N[C@H](C(=O)N5C[C@H](O)C[C@H]5C(=O)N[C@@H](C)c5ccc(-c6scnc6C)cc5)C(C)(C)C)nc4c3F)c12,3.0060379549973173
CCS(=O)(=O)n1cc(-c2nc(Nc3ccc(N4CCN(C(=O)CCCCCC(=O)Nc5cccc6c5CN(C5CCC(=O)NC5=O)C6=O)CC4)cc3)ncc2C(F)(F)F)c2ccccc21,2.208978517276253
CN1CCN([C@@H]2CCCN(c3cnc(C(N)=O)c(Nc4ccc(C5CCN(C(=O)CCOCCNc6cccc7c6C(=O)N([C@H]6CCC(=O)NC6=O)C7=O)CC5)cc4)n3)C2)C1=O,0.7993405494535817
COc1cc(N2CCN(CC3CCN(c4cc(F)c(C5CCN(c6ccc(C#N)c(C(F)(F)F)c6F)CC5)c(F)c4)CC3)CC2)cc2c1C(=O)N(C1CCC(=O)NC1=O)C2,1.255272505103306
Cc1cc(Nc2ncc(Cl)c(Nc3ccccc3S(=O)(=O)C(C)C)n2)c(OC(C)C)cc1C1CCN(C2CCN(c3cccc4c3C(=O)N([C@@H]3CCC(=O)NC3=O)C4=O)CC2)CC1,2.155336037465062
Cc1nc(NC(=O)c2ccc(-c3nn4c(c3C(N)=O)Nc3ccc(N5CCN(CC6CCN(c7ccc(N8CCC(=O)NC8=O)cc7)CC6)CC5)cc3CC4)c(F)c2C)ccc1Cl,0.3344537511509309
Cc1ncsc1-c1ccc(CNC(=O)[C@@H]2C[C@@H](O)CN2C(=O)[C@@H](NC(=O)CCCCCCCCCCNc2cccc3c2C(=O)N(C2CCC(=O)NC2=O)C3=O)C(C)(C)C)cc1,1.3096301674258988
C[C@@H]1Cc2c([nH]c3ccccc23)[C@@H](c2cnc(N3CCC(CCN4CCN(c5ccc6c(c5)CN(C5CCC(=O)NC5=O)C6=O)CC4)CC3)nc2)N1CC(C)(C)F,-0.3010299956639812
CN1CC[C@H]2CC[C@@H](C(=O)N[C@@H](CCC(N)=O)C(=O)N[C@H](C(=O)NCCCCCCCC#Cc3cccc4c3CN(C3CCC(=O)NC3=O)C4=O)c3ccccc3)N2C(=O)[C@@H](NC(=O)c2cc3cc(C(F)(F)P(=O)(O)O)ccc3s2)C1,3.1760912590556813
Cc1ncsc1-c1ccc([C@H](C)NC(=O)[C@@H]2C[C@@H](O)CN2C(=O)[C@@H](NC(=O)COCCOCCOCCn2cc(-c3cc(-c4ccccc4O)nnc3N)cn2)C(C)(C)C)cc1,2.6580113966571126
COc1ccc(C2(SC[C@H](N)C(=O)NCCCCCCCCNC(=O)COc3cccc4c3C(=O)N(C3CCC(=O)NC3=O)C4=O)c3ccccc3C=Cc3ccccc32)cc1,2.059941888061955
CCc1cc2c(-c3cc(OC)c(C(=O)N4CCC5(CCC(CN6Cc7cc8c(cc7C6)C(=O)N(C6CCC(=O)NC6=O)C8=O)CC5)CC4)c(OC)c3)cn(C)c(=O)c2cn1,1.9731278535996983
Cc1cc([C@H](C(=O)N2C[C@H](O)C[C@H]2C(=O)N[C@@H](C)c2ccc(-c3scnc3C)cc2OCCOCCOCCOCCNC(=O)C[C@@H]2N=C(c3ccc(Cl)cc3)c3c(sc(C)c3C)-n3c(C)nnc32)C(C)C)on1,1.2041199826559248
Cc1nn(-c2ccc(C#N)c(Cl)c2)c(C)c1CCc1ccc(C(=O)NCCOCCOCCOCCNC(=O)[C@H](CC(C)C)NC(=O)[C@@H](O)[C@H](N)Cc2ccccc2)cc1,4.311753861055754
COc1c(F)cccc1C(=O)NCc1ccc(-c2nn3c(c2C(N)=O)Nc2ccc(N4CCN(CC5CCN(c6ccc(N7CCC(=O)NC7=O)cc6)CC5)CC4)cc2CC3)cc1C,0.9885589568786156
COc1ccc(C(=O)NCc2ccc(-c3nn4c(c3C(N)=O)Nc3ccc(N5CCN(CC6CCN(c7ccc(N8CCC(=O)NC8=O)cc7)CC6)CC5)cc3CC4)cc2)c(OC)c1,-0.153044674980176
Cc1noc(C)c1-c1ccc2c(c1)nc([C@@H]1CCCC(=O)N1c1ccc(F)c(F)c1)n2[C@H]1CC[C@H](OCC(=O)Nc2ccc(CN3CCN(c4ccc5c(c4)C(=O)N(C4CCC(=O)NC4=O)C5=O)CC3)cc2)CC1,1.374748346010104
Cc1sc2c(c1C)C(c1ccc(Cl)cc1)=N[C@@H](CC(=O)N1CCN(CC(=O)NCCCCOc3cccc4c3C(=O)N(C3CCC(=O)NC3=O)C4=O)CC1)c1nnc(C)n1-2,1.9537596917332287
Cc1ccc(-n2nc3c(=O)n(CCCC(=O)NCCCCCCCCNc4ccc5c(c4)C(=O)N(C4CCC(=O)NC4=O)C5=O)nc(C)c3c2C)cc1,3.6989700043360183
Cc1cc(-c2c[nH]c3ncc(-c4ccc(N5CCN(CC6CCN(c7ccc8c(c7)C(=O)N(C7CCC(=O)NC7=O)C8=O)C6)CC5)cc4)nc23)ccc1C(=O)N(C)C,2.3900514964589874
N#Cc1ccc(O[C@H]2CC[C@H](NC(=O)c3ccc(N4CCC(CN5CCN(c6cc7c(cc6F)C(=O)N(C6CCC(=O)NC6=O)C7=O)CC5)CC4)nn3)CC2)cc1Cl,0.0
Cc1cc([C@@H](C(=O)N2C[C@H](O)C[C@H]2C(=O)N[C@@H](CC(=O)NCCCCCCCCCCn2cc(-c3cc(-c4ccccc4O)nnc3N)cn2)c2ccc(-c3scnc3C)cc2)C(C)C)on1,1.568201724066995
C=CC(=O)Nc1cccc(-n2c(=O)cc(C)c3cnc(Nc4ccc(N5CCN(C(=O)CCCCCCCCC(=O)N[C@H](C(=O)N6C[C@H](O)C[C@H]6C(=O)NCc6ccc(-c7scnc7C)cc6)C(C)(C)C)CC5)cc4OC)nc32)c1,1.8388490907372552
COc1cc(C2CCN(CC3CN(c4ccc5c(c4)CN(C4CCC(=O)NC4=O)C5=O)C3)CC2)c(C)cc1Nc1ncc(Cl)c(Nc2ccccc2S(=O)(=O)C(C)C)n1,0.4623979978989561
O=C1CCC(N2C(=O)c3ccc(N4CCC(CCN5CCC(CC(=O)N[C@H]6CC[C@@H](Nc7ncnc8[nH]cc(C(=O)c9ccc(Oc%10ccccc%10)cc9Cl)c78)CC6)CC5)CC4)cc3C2=O)C(=O)N1,0.9444826721501688
CC(=O)c1c(C)c2cnc(Nc3ccc(N4CCN(CCCCNC(=O)CNc5cccc6c5C(=O)N(C5CCC(=O)NC5=O)C6=O)CC4)cn3)nc2n(C2CCCC2)c1=O,1.0
C[C@@H](OC(C)(C)C)[C@H](NC(=O)OCc1cccc(OCCCCCCOc2cccc3c2C(=O)N(C2CCC(=O)NC2=O)C3=O)c1)C(=O)N[C@@H](CC1CCCCC1)C(=O)N[C@H](C=O)C[C@@H]1CCNC1=O,2.4712917110589387
Cc1ccccc1C1(C(=O)NC(Cc2cn(-c3ccc(-c4ccc(C#N)cc4)cc3)nn2)C(=O)NCCCOc2cccc3c2C(=O)N(C2CCC(=O)NC2=O)C3=O)CC1,1.3010299956639813
Nc1ncnc2c1c(-c1ccc(Oc3ccccc3)cc1)nn2C1CCN(CCCCOCCCCOCC(=O)Nc2cccc3c2C(=O)N(C2CCC(=O)NC2=O)C3=O)CC1,1.9547247909790628
COc1cc2ncnc(Nc3ccc(F)c(Cl)c3)c2cc1OCCCN1CCN(C(=O)CCCCCCCCCC(=O)N[C@H](C(=O)N2C[C@H](O)C[C@H]2C(=O)NCc2ccc(-c3scnc3C)cc2)C(C)(C)C)CC1,0.5185139398778874
NC(=O)c1cccc2cn(-c3ccc([C@@H]4CCCN(C(=O)CCCCCCCCNc5ccc6c(c5)C(=O)N(C5CCC(=O)NC5=O)C6=O)C4)cc3)nc12,3.3443922736851106
NC(=O)c1cccc2cn(-c3ccc([C@@H]4CCCN(C(=O)CC5CCN(C(=O)CC6CCN(CC7CN(c8ccc9c(c8)C(=O)N(C8CCC(=O)NC8=O)C9=O)C7)CC6)CC5)C4)cc3)nc12,4.213252052196396
CN(CCCOCCCNc1cccc2c1C(=O)N(C1CCC(=O)NC1=O)C2=O)C[C@H]1CC[C@H](n2cc3cc(NC(=O)c4cccc(C(F)(F)F)n4)c(C(C)(C)O)cc3n2)CC1,1.0791812460476249
Cc1ncsc1-c1ccc([C@H](C)NC(=O)[C@@H]2C[C@@H](O)CN2C(=O)[C@@H](NC(=O)CCCCCCCCCCNC(=O)CCc2cccc(-c3ccc4nc(-c5cccnc5N)n(-c5ccc(C6(N)CCC6)cc5)c4n3)c2)C(C)(C)C)cc1,1.3617278360175928
Cc1c(CC(=O)N2CCC(c3ccc(NC4CCC(=O)NC4=O)cc3)CC2)c(=O)oc2c(C=O)c(O)ccc12,3.113943352306837
Cc1ncsc1-c1ccc([C@H](C)NC(=O)[C@@H]2C[C@@H](O)CN2C(=O)[C@@H](NC(=O)[C@H]2CC[C@H](CN3CCC(c4ccc5c(c4)-n4c(nc(=O)c6c(Cl)cccc64)C5(C)C)CC3)CC2)C(C)(C)C)cc1,1.0
Cc1ncsc1-c1ccc(CNC(=O)[C@@H]2C[C@@H](O)CN2C(=O)[C@@H](NC(=O)CCCCCCCCCOc2ccc3c(-c4ccc(C(=O)O)c(C5CCCC5)c4)ncnc3c2)C(C)(C)C)cc1,2.462397997898956
N#Cc1ccc(N2CCC(c3ccc(OCCCCN4CCN(c5ccc6c(c5)CN(C5CCC(=O)NC5=O)C6=O)CC4)cc3)CC2)cc1C(F)(F)F,0.8450980400142568
CC(C)(C)[C@H](NC(=O)c1cc2cc(C(F)(F)P(=O)(O)O)ccc2s1)C(=O)N1CCC[C@H]1C(=O)N(CCC(=O)NCCCC#Cc1cccc2c1CN(C1CCC(=O)NC1=O)C2=O)c1ccc2scnc2c1,2.6532125137753435
CC(C)c1cnn2c(NCc3ccc(NC(=O)N4CCN(CCCCCc5cccc6c5CN(C5CCC(=O)NC5=O)C6=O)CC4)cc3)nc(OC3CCN(C)CC3)nc12,1.9084850188786495
O=C1CCC(N2C(=O)c3cccc(OCCCCn4cc(CCCCN5CCC(NC(=O)c6[nH]ncc6NC(=O)c6c(Cl)cccc6Cl)CC5)nn4)c3C2=O)C(=O)N1,1.845098040014257
CC(=O)N1CCc2c(c(-c3cccc4cc(-c5ccc(C(=O)NCCNc6cccc7c6CN(C6CCC(=O)NC6=O)C7=O)nc5)ncc34)nn2C2CCOCC2)C1,-0.2218487496163563
O=C1CCC(N2C(=O)c3cccc(OCCCCn4cc(CCCCCCCCCCN5CCC(NC(=O)c6[nH]ncc6NC(=O)c6c(Cl)cccc6Cl)CC5)nn4)c3C2=O)C(=O)N1,1.6020599913279625
Cc1c(N2CCC(c3ccc(N4CCC(CN5CCN(c6ccc7c(c6)CN(C6CCC(=O)NC6=O)C7=O)CC5)CC4)cc3)CC2)ccc(C#N)c1C(F)(F)F,2.1818435879447726
Cc1nc(Nc2ncc(C(=O)Nc3c(C)cccc3Cl)s2)cc(N2CCN(C(=O)CSc3cccc4c3CN(C3CCC(=O)NC3=O)C4=O)CC2)n1,0.9493900066449128
CC(=O)c1c(C)c2cnc(Nc3ccc(N4CCN(CCCCCCCC(=O)N[C@H](C(=O)N5C[C@H](O)C[C@H]5C(=O)N[C@@H](C)c5ccc(-c6scnc6C)cc5)C(C)(C)C)CC4)cn3)nc2n(C2CCCC2)c1=O,1.3979400086720375
N#Cc1ccc(O[C@H]2CC[C@H](NC(=O)c3ccc(NCCCCCCNc4ccc5c(c4)C(=O)N(C4CCC(=O)NC4=O)C5=O)cc3)CC2)cc1Cl,-0.2218487496163563
CCS(=O)(=O)n1cc(-c2nc(Nc3ccc(N4CCN(CC(=O)Nc5cccc6c5CN(C5CCC(=O)NC5=O)C6=O)CC4)cc3)ncc2C(F)(F)F)c2ccccc21,1.4785664955938431
O=C1CCC(N2C(=O)c3cccc(NCCCCN(C(=O)CCl)C(C(=O)NCc4ccccc4)c4cccs4)c3C2=O)C(=O)N1,2.113943352306837
CCS(=O)(=O)N1CC(CC#N)(n2cc(-c3nc(Nc4ccc(C(=O)NC5CCN(c6ccc7c(c6)C(=O)N(C6CCC(=O)NC6=O)C7=O)CC5)cc4)nc4[nH]ccc34)cn2)C1,1.3222192947339193
N[C@@H](Cc1ccc(O)c(O)c1)C(=O)NCCCCCNc1cccc2c1C(=O)N(C1CCC(=O)NC1=O)C2=O,4.698970004336019
COc1cc2nc(N3CCN(C(=O)c4cn(CCOCCOCCOCC(=O)Nc5cccc6c5C(=O)N(C5CCC(=O)NC5=O)C6=O)nn4)CC3)nc(N)c2cc1OC,3.456366033129043
Cc1sc2c(c1C)C(c1ccc(Cl)cc1)=N[C@@H](CC(=O)NCCN1CCC(c3ccc4c(c3)CN(C3CCC(=O)NC3=O)C4=O)CC1)c1nnc(C)n1-2,1.3242824552976926
NC(=O)CC[C@H](NC(=O)[C@@H]1CC[C@@H]2CCN(C(=O)CCN3CCC(C#Cc4cccc5c4CN(C4CCC(=O)NC4=O)C5=O)CC3)C[C@H](NC(=O)c3cc4cc(C(F)(F)P(=O)(O)O)ccc4[nH]3)C(=O)N21)C(=O)NC(c1ccccc1)c1ccccc1,3.392696953259666
Cc1ncsc1-c1ccc([C@H](C)NC(=O)[C@@H]2C[C@@H](O)CN2C(=O)[C@@H](NC(=O)CN2CCN(c3cc(-c4ccccc4O)nnc3N)CC2)C(C)(C)C)cc1,1.9294189257142929
CCc1nc(C(N)=O)c(Nc2ccc(N3CCC(N4CCN(C(=O)COc5cccc6c5CN(C5CCC(=O)NC5=O)C6=O)CC4)CC3)c(OC)c2)nc1NC1CCOCC1,-0.1938200260161128
CC(C)(C)[C@H](NC(=O)c1cc2cc(C(F)(F)P(=O)(O)O)ccc2s1)C(=O)N1CCC[C@H]1C(=O)N(CCC(=O)NCCCC#Cc1cccc2c1CN(C1CCC(=O)NC1=O)C2=O)c1ccc(C(F)(F)F)cc1,3.3010299956639813
CCS(=O)(=O)n1cc(-c2nc(Nc3ccc(N4CCN(C(=O)CCCCCCC(=O)Nc5cccc6c5CN(C5CCC(=O)NC5=O)C6=O)CC4)cc3)ncc2C(F)(F)F)c2ccccc21,2.202215775801132
O=C1CCC(N2C(=O)c3ccc(OCCOCCOCCNC(=O)c4cccc(-c5cc(Nc6ccc(OC(F)(F)F)cc6)ncn5)c4)cc3C2=O)C(=O)N1,2.9190780923760737
N#Cc1ccc(N2CCC3(CCN(c4ccc(C(=O)N5CCC(CCN6CCc7cc8c(cc7CC6)C(=O)N(C6CCC(=O)NC6=O)C8=O)CC5)cc4)CC3)C2)cc1Cl,3.4771212547196626
O=C1CCC(N2C(=O)c3cccc(NCCOCCOCCOCCn4cc(CCCC(=O)N[C@@H]5CCN(c6ncc(C(=O)Nc7ccc(OC(F)(F)Cl)cc7)cc6-c6cc[nH]n6)C5)nn4)c3C2=O)C(=O)N1,2.3010299956639813
Cc1ncsc1-c1ccc(CNC(=O)[C@@H]2C[C@@H](O)CN2C(=O)[C@@H](NC(=O)CCCCCCN2CCN(c3ccc(Nc4ncc5nc(Nc6ccccc6)n(C6CCCC6)c5n4)cc3)CC2)C(C)(C)C)cc1,2.101059354908116
C[C@@H]1OCC2(CCN(c3cnc(Sc4cccc(NC(=O)CCC(=O)NCCCOCCOCCOCCCNc5cccc6c5C(=O)N(C5CCC(=O)NC5=O)C6=O)c4Cl)c(N)n3)CC2)[C@@H]1N,0.7795964912578245
COc1cc2c(Oc3ccc(NC(=O)C4(C(=O)Nc5ccc(F)cc5)CC4)cc3F)ccnc2cc1OCCCOCCCOCCCOc1cc(-c2scnc2C)ccc1CNC(=O)[C@@H]1C[C@@H](O)CN1C(=O)[C@H](C(C)C)N1Cc2ccccc2C1=O,2.482873583608754
Cc1ncsc1-c1ccc([C@H](C)NC(=O)[C@@H]2C[C@@H](O)CN2C(=O)[C@H](C(C)C)n2cc([C@H]3CC[C@H](CN4CCC(c5ccc6c(c5)-n5c(nc(=O)c7c(Cl)cccc75)C6(C)C)CC4)CC3)nn2)cc1,-0.5528419686577808
Cc1nc(Nc2ncc(C(=O)Nc3c(C)cccc3Cl)s2)cc(N2CCN(C(=O)CCCc3cn(CCOCCNc4cccc5c4C(=O)N(C4CCC(=O)NC4=O)C5=O)nn3)CC2)n1,1.7481880270062005
Cc1c(C(=O)Nc2cn(C)cn2)ccc(-c2nn3c(c2C(N)=O)Nc2ccc(N4CCN(C(=O)C5CCN(c6ccc(N7CCC(=O)NC7=O)cc6)CC5)CC4)cc2CC3)c1F,0.1335389083702175
Cc1ncsc1-c1ccc([C@H](C)NC(=O)[C@@H]2C[C@@H](O)CN2C(=O)[C@@H](NC(=O)CCCCNC(=O)COc2c(-c3csc(N4CCOCC4)n3)ccc(F)c2F)C(C)(C)C)cc1,3.3010299956639813
COc1cc(-c2cc(-c3ccccc3)nc3c2CC(=O)Nc2ccccc2-3)ccc1OCCOCC(=O)N[C@H](C(=O)N1C[C@H](O)C[C@H]1C(=O)N[C@@H](C)c1ccc(-c2scnc2C)cc1)C(C)(C)C,4.173186268412274
Cc1ncsc1-c1ccc(CNC(=O)[C@@H]2C[C@@H](O)CN2C(=O)[C@@H](NC(=O)C2(F)CC2)C(C)(C)C)c(OCCCc2ccc(CN3CCN(c4cc(-c5ccccc5O)nnc4N)CC3)cc2)c1,1.7634279935629371
CC(C)C[C@H](NC(=O)[C@H](Cc1ccccc1)NC(=O)c1ccc(C(=O)NCCOCCOCCOCCOCCNC(=O)COc2cccc3c2C(=O)N(C2CCC(=O)NC2=O)C3=O)cc1)B1OC2C[C@@H]3C[C@@H](C3(C)C)[C@]2(C)O1,3.041392685158225
CCn1nc(C)cc1C(=O)Nc1nc2cc(C(=O)NCCCCC(=O)N[C@H](C(=O)N3C[C@H](O)C[C@H]3C(=O)NCc3ccc(-c4scnc4C)cc3)C(C)(C)C)cc(OC)c2n1C/C=C/Cn1c(NC(=O)c2cc(C)nn2CC)nc2cc(C(N)=O)cc(OCCCN3CCOCC3)c21,3.4795753101749884
CCC(C)(C)C(=O)C(=O)N1CCCC[C@H]1C(=O)O[C@H](CCc1ccc(OC)c(OC)c1)c1cccc(NC(=O)CCC(=O)NCCCCCCC(=O)N2CCC[C@H]2C(=O)N[C@@H]2CCC(=O)NC2=O)c1,2.631443769013172
O=C(CCCCCCNC(=O)c1ccc(NC(=O)CCCCCCCNC(=O)COc2cccc3c2C(=O)N(C2CCC(=O)NC2=O)C3=O)cc1)NO,0.5390760987927766
CC1=C(O)C(=O)C=C2C1=CC=C1[C@@]2(C)CC[C@@]2(C)[C@@H]3C[C@](C)(C(=O)OCCCOC(=O)CNc4cccc5c4C(=O)N(C4CCC(=O)NC4=O)C5=O)CC[C@]3(C)CC[C@]12C,2.991226075692495
N#Cc1ccc(O[C@H]2CC[C@H](NC(=O)c3ccc(N4CCN(CCCCNc5ccc6c(c5)C(=O)N(C5CCC(=O)NC5=O)C6=O)CC4)cc3)CC2)cc1Cl,1.209515014542631
CN1CC[C@H]2CC[C@@H](C(=O)N[C@@H](CCC(N)=O)C(=O)N[C@H](C(=O)NCCCCCCCCCC#Cc3cccc4c3CN(C3CCC(=O)NC3=O)C4=O)c3ccccc3)N2C(=O)[C@@H](NC(=O)c2cc3cc(C(F)(F)P(=O)(O)O)ccc3s2)C1,2.4771212547196626
Cc1ccc(C(C)C)cc1Oc1nccc(-c2c(-c3ccc(C(F)(F)F)cc3)ncn2C2CCN(CCOCCOCCNC(=O)COc3cccc4c3C(=O)N(C3CCC(=O)NC3=O)C4=O)CC2)n1,2.4471580313422194
COc1cc(N2CCC(N3CCN(CC4CN(c5ccc6c(c5)CN([C@H]5CCC(=O)NC5=O)C6=O)C4)CC3)CC2)ccc1Nc1ncc(Cl)c(Nc2ccccc2P(C)(C)=O)n1,1.3010299956639813
COCC(COC)n1c(-c2cc(C)c(=O)n(C)c2)nc2cc(C3CCN(C(=O)COCCOCCOCCNC(=O)C[C@H](NC(=O)[C@H]4C[C@@H](S(=O)(=O)F)CN4C(=O)[C@@H](c4cc(C)no4)C(C)C)c4ccc(-c5scnc5C)cc4)CC3)ccc21,4.230448921378274
Cc1sc2c(c1C)C(c1ccc(Cl)cc1)=N[C@@H](CC(=O)NCC(=O)NCCCCOc1cccc3c1C(=O)N(C1CCC(=O)NC1=O)C3=O)c1nnc(C)n1-2,2.127104798364808
COc1ccc(-c2c[nH]c3ncc(-c4ccc(N5CCN(C(=O)CCOCCOCCNc6cccc7c6C(=O)N(C6CCC(=O)NC6=O)C7=O)CC5)cc4)cc23)cc1OC,1.3222192947339193
Nc1ncc(-c2ccc(S(=O)(=O)N3CCN(CCCCc4cn(CCOCCOCCOCCOCCNc5cccc6c5C(=O)N(C5CCC(=O)NC5=O)C6=O)nn4)CC3)cc2)nc1C(=O)Nc1cccnc1,2.041787318971752
COc1cc(-c2cn(C)c(=O)c3cnccc23)cc(OC)c1C(=O)N1CCC(CN2Cc3cc4c(cc3C2)C(=O)N(C2CCC(=O)NC2=O)C4)CC1,0.6434526764861874
CCS(=O)(=O)n1cc(-c2nc(Nc3ccc(N4CCN(CCCCC(=O)Nc5cccc6c5CN(C5CCC(=O)NC5=O)C6=O)CC4)cc3)ncc2C(F)(F)F)c2ccccc21,1.916453948549925
Cc1cc(-c2c[nH]c3ncc(-c4ccc(C5CCN(C6CCN(c7ccc8c(c7)C(=O)N(C7CCC(=O)NC7=O)C8=O)C6)CC5)cc4)nc23)ccc1C(=O)N(C)C,1.9731278535996983
CC(C)c1ccn2ncnc(N[C@H]3CC[C@@H](N4CCN(C(=O)CCC(=O)N5CCC(CN6CCN(c7ccc8c(c7)C(=O)N(C7CCC(=O)NC7=O)C8=O)CC6)CC5)CC4)CC3)c12,1.7160033436347992
COc1cc(N2CCC(C3CCN(CC4CCN(c5ccc6c(c5)C(=O)N([C@H]5CCC(=O)NC5=O)C6=O)CC4)CC3)CC2)ccc1Nc1ncc(Cl)c(Nc2ccccc2P(C)(C)=O)n1,1.041392685158225
O=C1CCC(N2Cc3c(ccc4c3OCC43CCN(CC4COC5(CCN(c6ccc([C@@H]7c8ccc(O)cc8CC[C@@H]7c7ccccc7)cc6)CC5)C4)CC3)C2=O)C(=O)N1,-1.391260080931212
CN(CCCO[C@H]1C[C@H](Nc2cccc3c2C(=O)N(C2CCC(=O)NC2=O)C3=O)C1)C[C@H]1CC[C@H](n2cc3cc(NC(=O)c4cccc(C(F)(F)F)n4)ccc3n2)CC1,1.5185139398778875
Cc1ncsc1-c1ccc([C@H](C)NC(=O)[C@@H]2C[C@@H](O)CN2C(=O)[C@@H](NC(=O)CCCCCCCn2cc(-c3cc(-c4ccccc4O)nnc3N)cn2)C(C)(C)C)cc1,0.4771212547196624
O=C1CC[C@H](N2Cc3c(ccc4c3OCC43CCN(C[C@H]4CCC5(CCN(c6ccc([C@@H]7c8ccc(O)cc8CC[C@@H]7c7ccccc7)cc6)CC5)OC4)CC3)C2=O)C(=O)N1,-0.8471004036062526
COc1cc(N2CCC(OCC(=O)N[C@H](C(=O)N3C[C@H](O)C[C@H]3C(=O)NCc3ccc(-c4scnc4C)cc3F)C(C)(C)C)CC2)ccc1NC(=O)c1cccc(-c2ccn[nH]2)n1,1.1139433523068367
Cn1c(=O)n(C2CCC(=O)NC2=O)c2cccc(CCCCC3CCN(C[C@H]4CC[C@H](n5cc(NC(=O)c6cnn7ccc(N8C[C@H]9C[C@@H]8CO9)nc67)c(C(F)F)n5)CC4)CC3)c21,1.591064607026499
Cc1cccc(NC(=O)c2ccc(-c3nn4c(c3C(N)=O)Nc3ccc(N5CCN(C(=O)C6CCN(c7ccc(N8CCC(=O)NC8=O)cc7)CC6)CC5)cc3CC4)c(F)c2C)n1,0.3384564936046049
Cc1ncsc1-c1ccc(CNC(=O)[C@@H]2C[C@@H](O)CN2C(=O)[C@@H](NC(=O)CCc2cc(N)cc(CCOCCOCC#Cc3ccc(C4=N[C@@H](CC(=O)NCCS(=O)(=O)O)c5nnc(C)n5-c5sc(C)c(C)c54)cc3)c2)C(C)(C)C)cc1,3.812913356642856
Cc1c(C(=O)Nc2cscn2)ccc(-c2nn3c(c2C(N)=O)Nc2ccc(N4CCN(C5CC(c6ccc(N[C@H]7CCC(=O)NC7=O)cc6)C5)CC4)cc2CC3)c1F,0.3838153659804312
Cc1ncsc1-c1ccc(CNC(=O)[C@@H]2C[C@@H](O)CN2C(=O)[C@@H](NC(=O)CCCCCCCCCCNC(=O)COc2cccc3c2C(=O)N(C2CCC(=O)NC2=O)C3=O)C(C)(C)C)cc1,2.5654936298688624
NC(=O)c1c(-c2ccc(Oc3ccccc3)cc2)nn2c1Nc1cc(C(=O)NC3CCN(CC4CCN(c5cc6c(cc5F)C(=O)N(C5CCC(=O)NC5=O)C6=O)CC4)CC3)ccc1CC2,1.1583624920952498
CCc1cc2c(cc1N1CCC(N3CCN(CCCC#Cc4cccc5c4CN(C4CCC(=O)NC4=O)C5=O)CC3)CC1)C(C)(C)c1[nH]c3cc(C#N)ccc3c1C2=O,0.5910646070264992
Cc1ccc(NC(=O)CCc2ccc3c(c2)C(=O)N(C2CCC(=O)NC2=O)C3=O)cc1Cl,2.6503075231319366
Cc1nc(Nc2ncc(C(=O)Nc3c(C)cccc3Cl)s2)cc(N2CCN(CCOc3ccc(/N=N/c4ccc(C(=O)Nc5cccc6c5CN(C5CCC(=O)NC5=O)C6=O)cc4)cc3)CC2)n1,2.5921767573958667
Cc1ncsc1-c1ccc(CNC(=O)[C@@H]2C[C@@H](O)CN2C(=O)[C@@H](NC(=O)CCNC(=O)c2ccc(-c3ccc(N4CCN(C)CC4)c(NC(=O)c4c[nH]c(=O)cc4C(F)(F)F)c3)cc2)C(C)(C)C)cc1,2.7958800173440754
NC(=O)CC[C@H](NC(=O)[C@@H]1CC[C@@H]2CCN(C(=O)CCCCCC#Cc3ccc4c(c3)C(=O)N(C3CCC(=O)NC3=O)C4)C[C@H](NC(=O)c3cc4cc(C(F)(F)P(=O)(O)O)ccc4[nH]3)C(=O)N21)C(=O)NC(c1ccccc1)c1ccccc1,2.5563025007672877
O=C1CC[C@H](N2Cc3c(ccc4c3OC[C@H]3CN(CC5CCC6(CCN(c7ccc([C@@H]8c9ccc(O)cc9CC[C@@H]8c8ccccc8)cc7)CC6)C5)CCN43)C2=O)C(=O)N1,0.6901960800285137
COc1cc2nn([C@H]3CC[C@H](CN4CC5(CC(CCNc6cccc7c6C(=O)N(C6CCC(=O)NC6=O)C7=O)C5)C4)CC3)cc2cc1NC(=O)c1cccc(C(F)(F)F)n1,0.9030899869919436
COc1ccccc1C(=O)NCc1ccc(-c2nn3c(c2C(N)=O)Nc2ccc(N4CCN(CC5CCN(c6ccc(N7CCC(=O)NC7=O)cc6)CC5)CC4)cc2CC3)c(F)c1C,0.6665179805548809
Cc1nc(Nc2ncc(C(=O)Nc3c(C)cccc3Cl)s2)cc(N2CCN(CCCCOc3ccc(/N=N/c4ccc(C(=O)Nc5cccc6c5CN(C5CCC(=O)NC5=O)C6=O)cc4)cc3)CC2)n1,1.792391689498254
O=C1CC[C@H](N2Cc3c(ccc4c3OCC43CCN(CC4CC5(CCN(c6ccc([C@@H]7c8ccc(O)cc8CC[C@@H]7c7ccccc7)cc6)CC5)CO4)CC3)C2=O)C(=O)N1,-0.5179844235492883
O=C1CCN(c2cc(C(=O)N3CCC(CC4CCN(c5ccc(-c6cnc7[nH]cc(-c8cnn(CCO)c8)c7n6)cn5)CC4)CC3)ccc2Cl)C(=O)N1,1.462397997898956
Cc1nc(Nc2ncc(C(=O)Nc3c(C)cccc3Cl)s2)cc(N2CCN(CCN3CCN(c4ccc(C5CCC(=O)NC5=O)cc4)CC3)CC2)n1,1.7242758696007892
NC(=O)c1c(-c2ccc(Oc3ccccc3)cc2)nn2c1Nc1ccc(NC3CCN(c4ccc5c(c4)C(=O)N(C4CCC(=O)NC4=O)C5=O)CC3)cc1CC2,0.4727564493172124
Cc1sc2c(c1C)C(c1ccc(Cl)cc1)=N[C@@H](CC(=O)NCCCCCCCCC(=O)N[C@@H](CCCCN)C(=O)N[C@H]1CCC(=O)NC1=O)c1nnc(C)n1-2,2.255272505103306
Cc1sc2c(c1C)C(c1ccc(Cl)cc1)=N[C@@H](CC(=O)NC1CCN(C(=O)COc3cccc(N4CCC(=O)NC4=O)c3C)CC1)c1nnc(C)n1-2,-1.6575773191777938
CC(C)(C)c1ccc(Oc2ccc(-c3nn4c(c3C(N)=O)Nc3ccc(C5CCN(CC6CCN(c7ccc(N8CCC(=O)NC8=O)cc7)CC6)CC5)cc3CC4)cc2)cc1,1.0737183503461227
CCOc1ccnc(NC(=O)c2ccc(-c3nn4c(c3C(N)=O)Nc3ccc(N5CCN(CC6CCN(c7ccc(N8CCC(=O)NC8=O)cc7)CC6)CC5)cc3CC4)c(F)c2C)c1,1.130333768495006
N#C/C(=C/COCCOCCOCCOCCOCCOc1cccc2c1C(=O)N(C1CCC(=O)NC1=O)C2=O)C(=O)N1CCC[C@@H](n2nc(-c3ccc(Oc4ccccc4)cc3)c3c(N)ncnc32)C1,1.0
Cc1ncsc1-c1ccc(CNC(=O)[C@@H]2C[C@@H](O)CN2C(=O)[C@@H](NC(=O)COCCOCCOCCOCC(F)(F)c2cnc(-c3ccc(C(C(=O)NO)c4ccccc4F)cc3)nc2)C(C)(C)C)cc1,1.6812412373755872
Cc1ncsc1-c1ccc([C@H](C)NC(=O)[C@@H]2C[C@@H](O)CN2C(=O)[C@@H](NC(=O)CCCCn2nc(C)c(/N=N/c3ccc(C(=O)N4CCN(S(=O)(=O)c5ccc(NC(=O)NCc6cccnc6)cc5)CC4)cc3)c2C)C(C)(C)C)cc1,0.4771212547196624
N#Cc1ccc(O[C@H]2CC[C@H](NC(=O)c3ccc(NCCCCCNc4ccc5c(c4)C(=O)N(C4CCC(=O)NC4=O)C5=O)cc3)CC2)cc1Cl,-0.6989700043360187
Cc1cc(-c2c[nH]c3ncc(-c4ccc(C5CCN(C6CN(c7cc8c(cc7F)C(=O)N(C7CCC(=O)NC7=O)C8=O)C6)CC5)cc4)nc23)ccc1C(=O)N(C)C,1.8965262174895556
Cc1ccc(C(=O)Nc2ccc(CN3CCN(C(=O)CCCc4cn(CCOCCOCCOCCOCCNc5cccc6c5C(=O)N(C5CCC(=O)NC5=O)C6=O)nn4)CC3)c(C(F)(F)F)c2)cc1C#Cc1cnc2cccnn12,1.845098040014257
C=CC(=O)Nc1cccc(-n2c(=O)cc(C)c3cnc(Nc4ccc(N5CCN(C(=O)CCCCCCCCCNC(=O)c6ccc(NC(=O)[C@@H]7N[C@@H](CC(C)(C)C)[C@](C#N)(c8ccc(Cl)cc8F)[C@H]7c7cccc(Cl)c7F)c(OC)c6)CC5)cc4OC)nc32)c1,1.8864907251724816
COc1cc2nc([C@H]3CC[C@H](CN4CC5(CC(CCNc6cccc7c6C(=O)N(C6CCC(=O)NC6=O)C7=O)C5)C4)CC3)n(C)c2cc1NC(=O)c1cccc(C(F)(F)F)n1,1.5185139398778875
Cc1ncsc1-c1ccc([C@H](C)NC(=O)[C@@H]2C[C@@H](O)CN2C(=O)[C@@H](NC(=O)CCCCCCNC(=O)c2ccc(C(=O)N3CCC(CCCCNC(=O)/C=C/c4cccnc4)CC3)cc2)C(C)(C)C)cc1,1.7481880270062005
Cc1sc2c(c1C)C(c1ccc(Cl)cc1)=N[C@@H](CC(=O)N1CCN(CC(=O)NCCCCCOc3cccc4c3C(=O)N(C3CCC(=O)NC3=O)C4=O)CC1)c1nnc(C)n1-2,1.7781512503836436
Cc1ncsc1-c1ccc(CNC(=O)[C@@H]2C[C@@H](O)CN2C(=O)[C@@H](NC(=O)CCCCCNC(=O)c2ccc(-c3ccc(N4CCN(C)CC4)c(NC(=O)c4c[nH]c(=O)cc4C(F)(F)F)c3)cc2)C(C)(C)C)cc1,2.963787827345555
Cc1cccc(C[C@@H](NC(=O)c2ccc3[nH]ncc3c2)C(=O)N2Cc3[nH]c4ccccc4c3C[C@@H]2C(=O)NCCOCCOCCOCCOCCOCCOCCOCCNc2cccc3c2C(=O)N([C@@H]2CCC(=O)NC2=O)C3=O)c1,3.46014581749175
Cc1cccc(NC(=O)c2ccc(-c3nn4c(c3C(N)=O)Nc3ccc(N5CCN(C6CC(c7ccc([C@@H]8CCC(=O)NC8=O)cc7)C6)CC5)cc3CC4)c(F)c2C)n1,0.1303337684950061
Cc1ncsc1-c1ccc(CNC(=O)[C@@H]2C[C@@H](O)CN2C(=O)[C@@H](NC(=O)COCCCOCCCCCOc2ccc(N3C(=S)N(c4ccc(C#N)c(C(F)(F)F)c4)C(=O)C3(C)C)cc2)C(C)(C)C)cc1,1.1760912590556811
NC(=O)c1cccc2cn(-c3ccc([C@@H]4CCCN(C(=O)CC5CCN(CCC6CCN(CC7CN(c8ccc9c(c8)C(=O)N(C8CCC(=O)NC8=O)C9=O)C7)CC6)CC5)C4)cc3)nc12,2.6989700043360187
COc1cc2nc(C)nc(N[C@H](C)c3cc(N)cc(C(F)(F)F)c3)c2cc1OCC1(CN(C)C(=O)CCCCCCNc2cccc3c2C(=O)N(C2CCC(=O)NC2=O)C3=O)CC1,1.1139433523068367
COc1cc2nc([C@H]3CC[C@H](CN4CC5(CC(CCNc6cccc7c6C(=O)N(C6CCC(=O)NC6=O)C7=O)C5)C4)CC3)cn2cc1NC(=O)c1cccc(C(F)(F)F)n1,1.57978359661681
CN[C@@H](C)C(=O)N[C@H](C(=O)N1C[C@@H](NC(=O)COCCOCCOCCN2CCN(c3ccc(Nc4ncc5c(C)c(C(C)=O)c(=O)n(C6CCCC6)c5n4)nc3)CC2)C[C@H]1C(=O)Nc1c(F)cccc1F)C(C)(C)C,1.8976270912904412
CC(C)(C)[C@H](NC(=O)c1cc2cc(C(F)(F)P(=O)(O)O)ccc2s1)C(=O)N1CCC[C@H]1C(=O)N(CCC(=O)NCCCCCC#Cc1cccc2c1CN(C1CCC(=O)NC1=O)C2=O)c1ccc(Br)cc1,3.041392685158225
Cc1nc2ccc(-c3ccnc(N)c3)nc2n1-c1ccc(N2CCN(CC#Cc3ccc(N4CCC(C(=O)N5CCC(n6cc(CNc7cccc8c7C(=O)N(C7CCC(=O)NC7=O)C8=O)cn6)CC5)CC4)nc3)CC2)c(F)c1,1.089905111439398
Cc1ncsc1-c1ccc(CNC(=O)[C@@H]2C[C@@H](O)CN2C(=O)[C@@H](NC(=O)CCCCCCCNc2cc(N3CCC4(CC3)CN(c3cc(F)c(CN5CCC(C)(C)CC5)cc3F)CC(=O)N4)ncn2)C(C)(C)C)cc1,2.342422680822206
C[C@@H](Oc1cc(-c2cnn(C3CCN(C(=O)CCCCCCCOc4cccc5c4C(=O)N(C4CCC(=O)NC4=O)C5=O)CC3)c2)cnc1N)c1c(Cl)ccc(F)c1Cl,2.307496037913213
Cc1ncsc1-c1ccc(CNC(=O)[C@@H]2C[C@@H](O)CN2C(=O)[C@@H](NC(=O)COCCOc2ccc(Nc3ncc(C(F)(F)F)c(NCc4cccc(N(C)S(C)(=O)=O)c4)n3)cc2)C(C)(C)C)cc1,1.3654879848908996
CC(C)C[C@H](NC(=O)[C@@H](O)[C@H](N)Cc1ccccc1)C(=O)NCCOCCOCCOCCNC(=O)c1cccc(-c2cc(Nc3ccc(OC(F)(F)F)cc3)ncn2)c1,4.301029995663981
COc1cc2nc(C)nc(N[C@H](C)c3cc(N)cc(C(F)F)c3)c2cc1OCC1(CN(C)C(=O)CCCCCCNc2cccc3c2C(=O)N(C2CCC(=O)NC2=O)C3=O)CC1,1.6532125137753435
Cc1cccc(NC(=O)c2ccc(-c3nn4c(c3C(N)=O)Nc3ccc(N5CCN(CC6CCN(c7ccc(N8CCC(=O)NC8=O)cc7)CC6)CC5)cc3CC4)nc2C)n1,1.6743098889414771
Cc1ncsc1-c1ccc(CNC(=O)[C@@H]2C[C@@H](O)CN2C(=O)[C@@H](NC(=O)CCCCNC(=O)c2ccc(-c3ccc(N4CCN(C)CC4)c(NC(=O)c4c[nH]c(=O)cc4C(F)(F)F)c3)cc2)C(C)(C)C)cc1,1.7242758696007892
N#Cc1ccc(O[C@H]2CC[C@H](NC(=O)c3ccc(N4CCN(CCCNc5ccc6c(c5)C(=O)N(C5CCC(=O)NC5=O)C6=O)CC4)cc3)CC2)cc1Cl,0.4313637641589873
Cc1n[nH]c(Nc2ncnc3cc(OCCCN4CCN(C(=O)c5cnc(N6CCN(C[C@H]7CN[C@H](C)CN7CC(=O)N7CC(C)(C)c8ncc(Cc9ccc(F)cc9)cc87)[C@H](C)C6)nc5)CC4)c(S(=O)(=O)C(C)(C)C)cc23)c1C,-0.7958800173440752
Cc1cc(-c2nc(Nc3ccn(C4CCN(CC5CCN(c6ccc7c(c6)C(=O)N(C6CCC(=O)NC6=O)C7=O)CC5)CC4)n3)ncc2F)ccc1CNC(=O)c1noc(C(C)(C)C)n1,1.0141003215196205
Cc1ncsc1-c1ccc(CNC(=O)[C@@H]2C[C@@H](O)CN2C(=O)[C@@H](NC(=O)C2(F)CC2)C(C)(C)C)c(OCCc2ccc(CN3CCN(c4cc(-c5ccccc5O)nnc4N)CC3)cc2)c1,2.3443922736851106
COc1cc(C(N)=O)ccc1NC(=O)[C@H]1[C@H](c2cccc(Cl)c2F)[C@]2(C(=O)Nc3cc(Cl)ccc32)[C@H](CC(C)(C)C)N1C(=O)OCCOCCOCCOCCOC(=O)N1[C@@H](CC(C)(C)C)[C@@]2(C(=O)Nc3cc(Cl)ccc32)[C@@H](c2cccc(Cl)c2F)[C@@H]1C(=O)Nc1ccc(C(N)=O)cc1OC,3.6989700043360183
O=C1CCC(N2Cc3cc(N4CCC(CCN5CCC(CC(=O)N[C@H]6CC[C@@H](Nc7ncnc8[nH]cc(C(=O)c9ccc(Oc%10ccccc%10)cc9Cl)c78)CC6)CC5)CC4)c(F)cc3C2=O)C(=O)N1,0.8450980400142568
Cc1cc(-c2c[nH]c3ncc(-c4ccc(N5CCN(CC6CN(c7ccc8c(c7)C(=O)N(C7CCC(=O)NC7=O)C8=O)C6)CC5)cc4)nc23)ccc1C(=O)N(C)C,2.126780577012009
CCn1nc(C)cc1C(=O)Nc1nc2cc(C(=O)NCCOCCOCCOCC(=O)N[C@H](C(=O)N3C[C@H](O)C[C@H]3C(=O)NCc3ccc(-c4scnc4C)cc3)C(C)(C)C)cc(OC)c2n1C/C=C/Cn1c(NC(=O)c2cc(C)nn2CC)nc2cc(C(N)=O)cc(OCCCN3CCOCC3)c21,3.392696953259666
COc1cc(N2CCN(CC3CN(c4ccc5c(c4)CN([C@H]4CCC(=O)NC4=O)C5=O)C3)CC2)ccc1Nc1ncc(Cl)c(Nc2ccccc2P(C)(C)=O)n1,0.9542425094393248
COc1cc(OC)c(Cl)c(NC(=O)N(C)c2cc(Nc3ccc(N4CCN(CC(=O)NCCCCCNc5cccc6c5C(=O)N(C5CCC(=O)NC5=O)C6=O)CC4)cc3)ncn2)c1Cl,1.6180480967120927
Cc1cccc(NC(=O)c2cc(F)c(-c3nn4c(c3C(N)=O)Nc3ccc(N5CCN(CC6CCN(c7ccc(N8CCC(=O)NC8=O)cc7)CC6)CC5)cc3CC4)cc2C)n1,1.0625819842281632
O=C(CCCCOc1ccc(CCNC(=O)c2cccc(C(=O)NO)c2)cc1)NCCCCCCNc1cccc2c1C(=O)N(C1CCC(=O)NC1=O)C2=O,2.167317334748176
CN1CC[C@H]2CC[C@@H](C(=O)N[C@@H](CCC(N)=O)C(=O)N[C@H](C(=O)NCCCCCCCCC#Cc3cccc4c3CN(C3CCC(=O)NC3=O)C4=O)c3ccccc3)N2C(=O)[C@@H](NC(=O)c2cc3cc(C(F)(F)P(=O)(O)O)ccc3s2)C1,2.903089986991944
Cn1c(=O)n(C2CCC(=O)NC2=O)c2ccc(C3CCN(CC(=O)Nc4cccc(CS(=O)(=O)N5CC[C@H](Nc6cccc(-c7sc(C(=O)O)c(OCC(=O)O)c7Cl)c6)CC5(C)C)c4)CC3)cc21,1.041392685158225
CN1CCC(n2cc(-c3c[nH]c4ncc(-c5ccc(N6CCC(CC7CCN(C(=O)c8ccc(Cl)c(N9CCC(=O)NC9=O)c8)CC7)CC6)nc5)nc34)cn2)CC1,1.3304137733491908
CCc1ccc2c(c1)c(=O)c(C(=O)Nc1ccc(Oc3ncnc4cc(OCCCCCCCC(=O)Nc5ccc6c(c5)C(=O)N(C5CCC(=O)NC5=O)C6=O)c(OC)cc34)c(F)c1)c(C)n2C,2.03342375548695
Cc1cccc(NC(=O)c2ccc(-c3nn4c(c3C(N)=O)Nc3ccc(N5CCN(CC6CCN(c7cc8c(cc7F)CN(C7CCC(=O)NC7=O)C8=O)CC6)CC5)cc3CC4)c(F)c2C)n1,0.5740312677277188
CN(CCOCCOCC(=O)Nc1cccc2c1C(=O)N(C1CCC(=O)NC1=O)C2=O)CC[C@@H](c1ccccc1)n1cc(NC(=O)c2n[nH]c3c2CCC(C)(C)C3)cn1,2.3434085938038574
COc1cc(CCNCCCCCC#Cc2cccc3c2CN(C2CCC(=O)NC2=O)C3=O)c(C)cc1Nc1ncc(Cl)c(Nc2ccccc2S(=O)(=O)C(C)C)n1,2.093421685162235
Cc1cc(-c2c[nH]c3ncc(-c4ccc(C5CCN(CCC6CCN(c7ccc8c(c7)C(=O)N(C7CCC(=O)NC7=O)C8=O)CC6)CC5)cc4)nc23)ccc1C(=O)N(C)C,3.026655813877043
Cc1ncsc1-c1ccc(CNC(=O)[C@@H]2C[C@@H](O)CN2C(=O)[C@@H](NC(=O)COCCNC(=O)C/C=N/OCC(=O)NCCOCCOCC(=O)N[C@H](C(=O)N2C[C@H](O)C[C@H]2C(=O)NCc2ccc(-c3scnc3C)cc2)C(C)(C)C)C(C)(C)C)cc1,2.9867717342662448
O=C(CCNc1cccc2c1C(=O)N(C1CCC(=O)NC1=O)C2=O)NCCCCN1CCN(c2ccc(-c3cnc(NCc4ccco4)n4cnnc34)cc2)CC1,4.02530586526477
Cc1cccc(NC(=O)c2ccc(-c3nn4c(c3C(N)=O)Nc3ccc(N5CCN(C(=O)Cc6cccc(N7CCC(=O)NC7=O)c6)CC5)cc3CC4)c(F)c2C)n1,1.477988976250889
Cc1ncsc1-c1ccc(CNC(=O)[C@@H]2C[C@@H](O)CN2C(=O)[C@@H](NC(=O)CCOCCOc2ccc(Nc3ncc(C(F)(F)F)c(NCc4cccc(N(C)S(C)(=O)=O)c4)n3)cc2)C(C)(C)C)cc1,0.4771212547196624
CC(C)(O)c1cc2c(cnn2CCCCCCCCCNc2cccc3c2C(=O)N(C2CCC(=O)NC2=O)C3=O)cc1NC(=O)c1cccc(C(F)(F)F)n1,1.7481880270062005
O=C(CNc1cccc2c1C(=O)N(C1CCC(=O)NC1=O)C2=O)NCCCOc1ccc(NC(=O)c2ccc(CN(C(=O)c3ccc4c(c3)OCC(=O)N4)C3CC3)cc2)nc1,3.716003343634799
CN(CCCN(C)c1cccc2c1C(=O)N(C1CCC(=O)NC1=O)C2=O)C[C@H]1CC[C@H](n2cc3cc(NC(=O)c4cccc(C(F)(F)F)n4)c(C(C)(C)O)cc3n2)CC1,1.146128035678238
NC(=O)c1c(-c2ccc(C(=O)Nc3ccccn3)cc2)nn2c1Nc1ccc(N3CCN(CC4CCN(c5ccc(N6CCC(=O)NC6=O)cc5)CC4)CC3)cc1CC2,-0.1524273408578878
CCN1CCC(n2cc(-c3c[nH]c4ncc(-c5ccc(N6CCC(CC7CCCN(C(=O)c8ccc(Cl)c(N9CCC(=O)NC9=O)c8)CC7)CC6)nc5)nc34)cn2)CC1,2.5854607295085006
COc1cc(C(=O)Nc2cccc(C)n2)ccc1-c1nn2c(c1C(N)=O)Nc1ccc(N3CCN(CC4CCN(c5ccc(N6CCC(=O)NC6=O)cc5)CC4)CC3)cc1CC2,-0.4710832997223452
COc1cc(-c2cn(C)c(=O)c3cnn(C)c23)cc(OC)c1C(=O)N1CCC2(CCC(CN3Cc4cc5c(cc4C3)C(=O)N(C3CCC(=O)NC3=O)C5=O)CC2)CC1,2.523746466811565
Cc1ncsc1-c1ccc(CNC(=O)[C@@H]2C[C@@H](O)CN2C(=O)[C@@H](NC(=O)[C@H]2C[C@@H](NC(=O)c3ccc(-c4cnc(NCc5ccco5)n5cnnc45)cc3)C2)C(C)(C)C)cc1,2.0453229787866576
Cc1c(C(=O)Nc2cscn2)ccc(-c2nn3c(c2C(N)=O)Nc2ccc(N4CCN(C5CC(c6ccc(N[C@@H]7CCC(=O)NC7=O)cc6)C5)CC4)cc2CC3)c1F,0.3304137733491908
Cc1ccc(NC(=O)Cn2cc(-c3ccc4c(NC(=O)c5ccc(NC(=O)CCCCC(=O)N6CCN(CCCCC(=O)N[C@H](C(=O)N7C[C@H](O)C[C@H]7C(=O)NCc7ccc(-c8scnc8C)cc7)C(C)(C)C)CC6)cc5)n[nH]c4c3)cn2)cc1C(F)(F)F,2.806179973983887
Cc1ncsc1-c1ccc(CNC(=O)[C@@H]2C[C@@H](O)CN2C(=O)[C@@H](NC(=O)C2(F)CC2)C(C)(C)C)c(OCCOCCOCCN2CCN(c3cc(-c4ccccc4O)nnc3N)CC2)c1,2.4771212547196626
Cc1n[nH]c(Nc2ncnc3cc(OCCCN4CCN(C(=O)c5cnc(N6CCN(C[C@H]7CN[C@H](C)CN7CC(=O)N7CC(C)(C)c8c7cc(Cc7ccc(F)cc7)c(=O)n8C)[C@H](C)C6)nc5)CC4)c(S(=O)(=O)C(C)(C)C)cc23)c1C,-1.3010299956639813
COc1ccc(C)cc1C(=O)NCc1ccc(-c2nn3c(c2C(N)=O)Nc2ccc(N4CCN(CC5CCN(c6ccc(N7CCC(=O)NC7=O)cc6)CC5)CC4)cc2CC3)cc1C,1.021189299069938
NC(=O)c1c(-c2ccc(Oc3ccccc3)cc2)nn2c1Nc1cc(OCCC3CCN(c4ccc(N5CCC(=O)NC5=O)cc4)CC3)ccc1CC2,1.3961993470957363
O=C1CCC(N2C(=O)c3cccc(NCC4CC5(CCN(C[C@H]6CC[C@H](n7cc8cc(NC(=O)c9cccc(C(F)(F)F)n9)c(C(F)F)cc8n7)CC6)CC5)C4)c3C2=O)C(=O)N1,1.7481880270062005
CC(=O)N1CCc2c(c(N3CCCc4cc(-c5cnn(C)c5)c(C(F)F)cc43)nn2C2CCN(C(=O)CCCCNc3ccc4c(c3)C(=O)N(C3CCC(=O)NC3=O)C4=O)CC2)C1,-0.3979400086720376
Cc1ccc(C(=O)Nc2ccc(CN3CCN(C(=O)CCCc4cn(CCOCCNc5cccc6c5C(=O)N(C5CCC(=O)NC5=O)C6=O)nn4)CC3)c(C(F)(F)F)c2)cc1C#Cc1cnc2cccnn12,1.845098040014257
Cc1ncsc1-c1ccc(CNC(=O)[C@@H]2C[C@@H](O)CN2C(=O)[C@@H](NC(=O)COCCOCCOCCNc2cccc3c2C(=O)N(C2CCC(=O)NC2=O)C3=O)C(C)(C)C)cc1,2.5656117249020585
CCC(C)(C)C(=O)C(=O)N1CCCC[C@H]1C(=O)O[C@H](CCc1ccc(OC)c(OC)c1)c1cccc(NC(=O)CCC(=O)NCCCCNC(=O)COc2cccc3c2C(=O)N(C2CCC(=O)NC2=O)C3=O)c1,1.505149978319906
Cc1ncsc1-c1ccc(CNC(=O)[C@@H]2C[C@@H](O)CN2C(=O)[C@@H](NC(=O)C2(F)CC2)C(C)(C)C)c(OCCCOc2ccc(CN3CCN(c4cc(-c5ccccc5O)nnc4N)CC3)cc2)c1,1.414973347970818
O=C1CCC(N2C(=O)c3cccc(NC(=O)CCCC(=O)N4CCN(c5ccc(Nc6nc(NC7CCCCC7)c7nc[nH]c7n6)cc5)CC4)c3C2=O)C(=O)N1,0.4771212547196624
CCCN(CCCCOCCOCCOCCOCCOCC(=O)N[C@H](C(=O)N1C[C@H](O)C[C@H]1C(=O)NCc1ccc(-c2scnc2C)cc1)C(C)(C)C)C[C@@H](C)NC(=O)c1ccc(-c2noc(C(F)(F)F)n2)cc1,0.6020599913279624
N#Cc1ccc(O[C@H]2CC[C@H](NC(=O)c3ccc(N4CCN(CCNc5ccc6c(c5)C(=O)N(C5CCC(=O)NC5=O)C6=O)CC4)cc3)CC2)cc1Cl,-0.0969100130080563
COC(=O)[C@H](CC(C)C)NC(=O)[C@@H](O)[C@@H](Cc1ccccc1)NC(=O)CCCCCCCn1cc(CNC(=O)c2ccc([C@H]3c4[nH]c5ccccc5c4C[C@H](C(=O)OC)N3C(=O)CCl)cc2)nn1,3.225309281725863
Cc1ncsc1-c1ccc(CNC(=O)[C@@H]2C[C@@H](O)CN2C(=O)[C@@H](NC(=O)CCCNC(=O)c2ccc(-c3cnc(NCc4ccco4)n4cnnc34)cc2)C(C)(C)C)cc1,2.785329835010767
COc1ccc2ccccc2c1C(=O)N[C@H](C)c1ccc(-c2nn3c(c2C(N)=O)Nc2ccc(N4CCN(CC5CCN(c6ccc(N7CCC(=O)NC7=O)cc6)CC5)CC4)cc2CC3)cc1,0.5820633629117087
NC(=O)c1c(-c2ccc(Oc3ccccc3)cc2)nn2c1Nc1ccc(NC(=O)C3CCN(c4cccc5c4C(=O)N(C4CCC(=O)NC4=O)C5=O)CC3)cc1CC2,0.756636108245848
Cc1ncsc1-c1ccc(CNC(=O)[C@@H]2C[C@@H](O)CN2C(=O)[C@@H](NC(=O)COCCOc2ccc(-c3cc(Nc4ccc(OC(F)(F)F)cc4)ncn3)cc2)C(C)(C)C)cc1,2.531478917042255
CCS(=O)(=O)n1cc(-c2nc(Nc3ccc(N4CCN(C(=O)CCCC(=O)Nc5cccc6c5CN(C5CCC(=O)NC5=O)C6=O)CC4)cc3)ncc2C(F)(F)F)c2ccccc21,2.183554533618861
Cc1ncsc1-c1ccc([C@H](C)NC(=O)[C@@H]2C[C@@H](O)CN2C(=O)[C@@H](NC(=O)CCN2CCN(CCCn3cc(-c4cc(-c5ccccc5O)nnc4N)cn3)CC2)C(C)(C)C)cc1,2.833784374656479
C[C@H](NC(=O)c1ccc2c(-c3ccc(C(F)(F)F)cc3)cccc2c1)c1cccc(NC2CCN(C(=O)COc3cccc4c3C(=O)N(C3CCC(=O)NC3=O)C4=O)CC2)n1,0.3010299956639812
O=C1CC[C@H](N2Cc3c(ccc4c3OCC43CCN(C(=O)CN4CCC5(CC4)CN(c4ccc([C@@H]6c7ccc(O)cc7CC[C@@H]6c6ccccc6)cc4)C5)CC3)C2=O)C(=O)N1,-1.4650858955701331
Cc1ncsc1-c1ccc([C@H](C)NC(=O)[C@@H]2C[C@@H](O)CN2C(=O)[C@@H](NC(=O)CCCCCNC(=O)c2ccc(C(=O)N3CCC(CCCCNC(=O)/C=C/c4cccnc4)CC3)cc2)C(C)(C)C)cc1,2.467608105583633
O=C(Cn1cc(C2=C(c3ccc(Cl)cc3Cl)C(=O)NC2=O)c2ccccc21)NCCCOCCCCOCCCNc1cccc2c1C(=O)N(C1CCC(=O)NC1=O)C2=O,3.7937903846908183
Cc1ccc(-n2nc3c(=O)n(CCCC(=O)NCCCOCCOCCOCCCNc4cccc5c4C(=O)N(C4CCC(=O)NC4=O)C5=O)nc(C)c3c2C)cc1,4.0
Cc1c(C(=O)Nc2cscn2)ccc(-c2nn3c(c2C(N)=O)Nc2ccc(N4CCN(CC5CCN(c6ccc(CN7CCC(=O)NC7=O)cc6)CC5)CC4)cc2CC3)c1F,0.041392685158225
CC[C@@H](CO)Nc1nc(NCc2ccc(NC(=O)N3CCN(C4CCN(c5cc6c(cc5F)C(=O)N(C5CCC(=O)NC5=O)C6=O)CC4)CC3)cc2)n2ncc(C(C)C)c2n1,0.9731278535996988
CC(=O)c1c(C)c2cnc(Nc3ccc(N4CCN(CC(=O)NCCCCCCNC(=O)COc5ccc6c(c5)CCCN6C(=O)CCl)CC4)cn3)nc2n(C2CCCC2)c1=O,3.812913356642856
CCN1CCC(n2cc(-c3c[nH]c4ncc(-c5ccc(N6CCC(OC7CCN(C(=O)c8ccc(Cl)c(N9CCC(=O)NC9=O)c8)CC7)CC6)cc5)nc34)cn2)CC1,2.5861370252307934
CN1CCN([C@@H]2CCCN(c3cnc(C(N)=O)c(Nc4ccc(C5CCN(Cc6ccc7c(c6)C(=O)N([C@@H]6CCC(=O)NC6=O)C7=O)CC5)cc4)n3)C2)C1=O,1.230448921378274
COc1cc(N2CCC(N3CCN(C4CN(c5cccc6c5C(=O)N(C5CCC(=O)NC5=O)C6=O)C4)CC3)CC2)ccc1Nc1ncc(Cl)c(Nc2ccccc2P(C)(C)=O)n1,2.03342375548695
Cc1sc2c(c1C)C(c1ccc(Cl)cc1)=N[C@@H](CC(=O)NCCCCCCCCC(=O)NCC(=O)N[C@H]1CCC(=O)NC1=O)c1nnc(C)n1-2,2.357934847000454
O=C1CCC(N2C(=O)c3cccc(NCCOCCOCCOCCOCCn4cc(CCCC(=O)N[C@@H]5CCN(c6ncc(C(=O)Nc7ccc(OC(F)(F)Cl)cc7)cc6-c6cc[nH]n6)C5)nn4)c3C2=O)C(=O)N1,2.6989700043360187
NC(=O)c1cccc2cn(-c3ccc([C@@H]4CCCN(C(=O)CC5CCN(C(=O)CC6CCN(CC7CCN(c8ccc9c(c8)C(=O)N(C8CCC(=O)NC8=O)C9=O)C7)CC6)CC5)C4)cc3)nc12,4.303196057420489
COc1cc(N2CCC(N3CCN(C(=O)CCCCCCCCC(=O)N[C@H](C(=O)N4C[C@H](O)C[C@H]4C(=O)NCc4ccc(-c5scnc5C)cc4)C(C)(C)C)CC3)CC2)ccc1Nc1ncc(Cl)c(Nc2ccccc2P(C)(C)=O)n1,0.8750612633917001
C=CC(=O)N1CCC[C@H](n2c(Nc3ccccc3)nc3cnc(Nc4ccc(N5CCN(CCCCCCCC(=O)N[C@H](C(=O)N6C[C@H](O)C[C@H]6C(=O)N[C@@H](C)c6ccc(-c7scnc7C)cc6)C(C)(C)C)CC5)cc4)nc32)C1,0.1931245983544616
CN(CCCC#Cc1cccc2c1CN(C1CCC(=O)NC1=O)C2=O)C(=O)CCN(C(=O)[C@@H]1CCCN1C(=O)[C@@H](NC(=O)c1cc2cc(C(F)(F)P(=O)(O)O)ccc2s1)C(C)(C)C)c1ccc2sccc2c1,2.113943352306837
CN1CCN([C@@H]2CCCN(c3cnc(C(N)=O)c(Nc4ccc(C5(C)CCN(C[C@H]6CCN(c7ccc8c(c7)C(=O)N([C@@H]7CCC(=O)NC7=O)C8=O)C6)CC5)cc4)n3)C2)C1=O,-0.2218487496163563
COc1cc2nc(C)nc(N[C@H](C)c3cc(N)cc(C(F)(F)F)c3)c2cc1OCC1(CN(C)C(=O)C2CCN(C3CCC(Nc4cccc5c4C(=O)N(C4CCC(=O)NC4=O)C5=O)CC3)CC2)CC1,1.740362689494244
Nc1ncnc2c1c(-c1ccc(Oc3ccccc3)cc1)nn2C1CCN(Cc2ccc(C#CC3CCN(c4cccc5c4C(=O)N(C4CCC(=O)NC4=O)C5=O)CC3)nc2)CC1,1.6637009253896482
O=C(/C=C/c1cccnc1)NCCCCC1CCN(C(=O)c2ccc(N3CCC(N4CCN(CCCCCCC#Cc5cccc6c5CN(C5CCC(=O)NC5=O)C6=O)CC4)CC3)nc2)CC1,0.1818435879447725
NC(=O)c1c(-c2ccc(Oc3ccccc3)cc2)nn2c1NCC[C@H]2C1CCN(C(=O)c2cn(CCOCCOCCOCCOCCOCCNc3ccc4c(c3)C(=O)N(C3CCC(=O)NC3=O)C4=O)nn2)CC1,1.8920946026904804
COc1cc2c(Oc3ccc(NC(=O)C4(C(=O)Nc5ccc(F)cc5)CC4)cc3F)ccnc2cc1OCCCCOCCCCOCC(=O)N[C@H](C(=O)N1C[C@H](O)C[C@H]1C(=O)NCc1ccc(-c2scnc2C)cc1)C(C)(C)C,0.9777236052888476
COc1cc(-c2cn(C)c(=O)c3cnc(N4CCC4)cc23)cc(OC)c1C(=O)N1CCC2(CCC(CN3Cc4cc5c(cc4C3)C(=O)N(C3CCC(=O)NC3=O)C5=O)CC2)CC1,1.845098040014257
Cc1ncsc1-c1ccc(CNC(=O)[C@@H]2C[C@@H](O)CN2C(=O)[C@@H](NC(=O)COCCOCCNC(=O)C[C@@H]2N=C(c3ccc(Cl)cc3)c3c(sc(C)c3C)-n3c(C)nnc32)C(C)(C)C)cc1,2.8000293592441343
Cc1ncsc1-c1ccc([C@H](C)NC(=O)[C@@H]2C[C@@H](O)CN2C(=O)[C@@H](NC(=O)Cc2ccnc(N3CCN(c4cc(-c5ccccc5O)nnc4N)CC3)c2)C(C)(C)C)cc1,2.929418925714293
N#Cc1ccc(N2CCC(c3ccc(N4CCC(CN5CCN(c6ccc7c(c6)CN(C6CCC(=O)NC6=O)C7=O)CC5)CC4)cc3)CC2)cc1C(F)(F)F,1.255272505103306
COc1ccccc1C(=O)NCc1ccc(-c2nn3c(c2C(N)=O)Nc2ccc(N4CCN(CC5CCN(c6ccc(N7CCC(=O)NC7=O)cc6)CC5)CC4)cc2CC3)cc1,-0.0710923097560473
NC(=O)c1ncc(N2CCCCC2)nc1Nc1ccc(C2CCN(C[C@H]3CCN(c4ccc5c(c4)C(=O)N([C@H]4CCC(=O)NC4=O)C5=O)C3)CC2)cc1,0.6532125137753437
NC(=O)c1c(-c2ccc(OCc3ccccc3)cc2)nn2c1Nc1ccc(N3CCN(CC4CCN(c5ccc(N6CCC(=O)NC6=O)cc5)CC4)CC3)cc1CC2,0.0492180226701816
Cc1onc(C(=O)N2CCN(C(c3ccc(Cl)cc3)c3ccc(OCC(=O)N4CCN(CCCCCCCCCNc5cccc6c5CN(C5CCC(=O)NC5=O)C6=O)CC4)cc3)CC2)c1[N+](=O)[O-],2.6020599913279625
CCN1CCC(n2cc(-c3c[nH]c4ncc(-c5ccc(N6CCC(CC7CCN(C(=O)c8ccc(Cl)c(N9CCC(=O)NC9=O)c8)CC7C)CC6)cc5)nc34)cn2)CC1,1.371806458507416
CC(C)c1c(C(=O)Nc2ccccc2)c(-c2cccc(OCCCc3cn(CCCCCCCNc4cccc5c4C(=O)N(C4CCC(=O)NC4=O)C5=O)nn3)c2)c(-c2ccc(F)cc2)n1CC[C@@H](O)C[C@@H](O)CC(=O)O,2.3010299956639813
N#CCNC(=O)c1ccc(-c2ccnc(Nc3ccc(N4CCC(C(=O)NCCCCC#Cc5cccc6c5C(=O)N(C5CCC(=O)NC5=O)C6=O)CC4)cc3)n2)cc1,2.330413773349191
N#C/C(=C/CCCCOCCOCCOCCOCCOc1cccc2c1C(=O)N(C1CCC(=O)NC1=O)C2=O)C(=O)N1CCC[C@@H](n2nc(-c3ccc(Oc4ccccc4)cc3)c3c(N)ncnc32)C1,1.5440680443502757
CCOc1cc(-c2ccc(N3CCC(COCC(=O)N4CCC(CN5CCN(c6ccc7c(c6)CN(C6CCC(=O)NC6=O)C7=O)CC5)CC4)(NC(=O)c4cc(F)ccc4F)CC3)nc2)c2c(C#N)cnn2c1,0.785329835010767
O=C1CCC(N2C(=O)c3ccc(N4CCC(N5CCC(NC(=O)c6n[nH]cc6NC(=O)c6c(Cl)cccc6Cl)CC5)CC4)cc3C2=O)C(=O)N1,0.4471580313422192
Cc1nc(Nc2ncc(C(=O)Nc3c(C)cccc3Cl)s2)cc(N2CCN(C(=O)CCCCCCNc3cccc4c3C(=O)N(C3CCC(=O)NC3=O)C4=O)CC2)n1,0.9542425094393248
COc1cc2ncnc(Nc3ccc(F)c(Cl)c3)c2cc1OCCCN1CCN(C(=O)CCOCCOCCOCCOCCOCCNc2ccc3c(c2)C(=O)N(C2CCC(=O)NC2=O)C3=O)CC1,1.9138138523837167
C[C@@H]1Cc2c([nH]c3ccccc23)[C@@H](c2cnc(N3CCC(CN4CCN(CC5CCN(c6ccc7c(c6)CN(C6CCC(=O)NC6=O)C7=O)CC5)CC4)CC3)nc2)N1CC(C)(C)F,-0.2218487496163563
O=C1CCC(N2C(=O)c3cccc(NCc4cn(CCOCCOc5ccc(Cn6ccc7ccc(C(=O)NO)cc76)cc5)nn4)c3C2=O)C(=O)N1,2.7634279935629373
CC(=O)c1c(C)c2cnc(Nc3ccc(N4CCN(CC(=O)NCCOCCOCCOCCC(=O)N[C@H](C(=O)N5C[C@H](O)C[C@H]5C(=O)N[C@@H](C)c5ccc(-c6scnc6C)cc5)C(C)(C)C)CC4)cn3)nc2n(C2CCCC2)c1=O,3.4000196350651586
CCN(c1cc(-c2ccc(CN3CCN(CCC(=O)NCCCCCCCCCCC(=O)N[C@H](C(=O)N4C[C@H](O)C[C@H]4C(=O)NCc4ccc(-c5scnc5C)cc4)C(C)(C)C)CC3)cc2)cc(C(=O)NCc2c(C)cc(C)[nH]c2=O)c1C)C1CCOCC1,1.5365584425715302
Cc1sc2c(c1C)C(c1ccc(Cl)cc1)=N[C@@H](CC(=O)NCCOCCOCCOCCOCCNC(=O)CN1CCOc3cc(N(CCC#N)C(=O)CCl)ccc31)c1nnc(C)n1-2,3.204119982655925
COc1cc(C(=O)Nc2cc(C(F)(F)F)ccn2)ccc1-c1nn2c(c1C(N)=O)Nc1ccc(N3CCN(CC4CCN(c5ccc(N6CCC(=O)NC6=O)cc5)CC4)CC3)cc1CC2,-0.0710923097560473
COc1cc(N2CCN(C(=O)CCCCCCCC(=O)N[C@H](C(=O)N3C[C@H](O)C[C@H]3C(=O)NCc3ccc(-c4scnc4C)cc3)C(C)(C)C)CC2)ccc1Nc1ncc(Cl)c(Nc2ccccc2P(C)(C)=O)n1,1.1760912590556811
CCS(=O)(=O)n1cc(-c2nc(Nc3ccc(N4CCN(CCCCCC(=O)Nc5cccc6c5CN(C5CCC(=O)NC5=O)C6=O)CC4)cc3)ncc2C(F)(F)F)c2ccccc21,1.7737864449811935
Nc1nnc(-c2ccccc2O)cc1N1CC2CCC(C1)N2c1cccc(OCCN2CCN(CCCC3CCN(c4ccc5c(c4)C(=O)N(C4CCC(=O)NC4=O)C5=O)CC3)CC2)c1,0.3010299956639812
CC(OC(=O)CC(=O)CC(=O)CC(=O)CC(=O)CC(=O)CC(=O)CC(=O)CC(=O)CC(=O)CC(=O)CC(=O)CC(=O)CC(=O)CC(=O)CC(=O)CC(=O)CC(=O)CC(=O)CC(=O)CC(=O)CC(=O)CC(=O)CC(=O)CC(=O)CC(=O)CC(=O)CC(=O)CC(=O)CC(=O)CC(=O)CC(=O)CC(=O)CC(=O)CC(=O)CC(=O)CC(=O)CC(=O)CC(=O)CC(=O)CC(=O)CC(=O)CC(=O)CC(=O)COC(=O)CCCSSCCCC(=O)OCN1C(=O)CCC(N2Cc3c(CCCCCN4CCN(C(=O)Nc5ccc(CNc6nc(OC7CCN(C)CC7)nc7c(C(C)C)cnn67)cc5)CC4)cccc3C2=O)C1=O)C(=O)C(C)C(=O)C(C)C(=O)C(C)C(=O)C(C)C(=O)C(C)C(=O)C(C)C(=O)C(C)C(=O)C(C)C(=O)C(C)C(=O)C(C)C(=O)C(C)C(=O)C(C)C(=O)C(C)C(=O)C(C)C(=O)C(C)C(=O)C(C)C(=O)C(C)C(=O)C(C)C(=O)C(C)C(=O)C(C)C(=O)C(C)C(=O)C(C)C(=O)C(C)C(=O)C(C)C(=O)C(C)C(=O)C(C)C(=O)C(C)C(=O)C(C)C(=O)C(C)C(=O)C(C)C(=O)C(C)C(=O)C(C)C(=O)C(C)C(=O)C(C)C(=O)C(C)C(=O)C(C)C(=O)C(C)C(=O)C(C)C(=O)C(C)C(=O)C(C)C(=O)C(C)C(=O)C(C)C(=O)C(C)C(=O)OCCOCCOCCOCCOCCOCCOCCOCCOCCOCCOCCOCCOCCOCCOCCOCCOCCOCCOCCOCCOCCOCCOCCOCCOCCOCCOCCOCCOCCOCCOCCOCCOCCOCCOCCOCCOCCOCCOCCOCCOCCOCCOCCOCCOCCOCCOCCOCCOCCOCCOCCOCCOCCOCCOCCOCCOCCOCCOCCOCCOCCOCCOCCOCCOCCOCCOCCOCCOCCOCCOCCOCCOCCOCCOCCOCCOCCOCCOCCOCCOCCOCCOCCOCCOCCOCCOCCOCCOCCOCCOCCOCCOCCOCCOCCOCCOCCOCCOCCOCCOCCOCCOCCOCCOCCOCCOCCOCCOCCOCCOCCOCCOCCOCCNC(=O)CCN1C(=O)CC(SC[C@H](N)C(=O)N[C@@H](CCCNC(=N)N)C(=O)NCC(=O)N[C@@H](CC(=O)O)C(=O)N[C@@H](CCCCN)C(=O)O)C1=O,1.8976270912904412
Cc1ncsc1-c1ccc([C@@H](C)NC(=O)[C@@H]2C[C@@H](O)CN2C(=O)[C@@H](c2cc(N3CCN(Cc4ccc(-c5c6ncn(CC7(O)CCN(C(=O)C[C@H](C)c8ccccc8)CC7)c(=O)c6nn5C)cc4)CC3)no2)C(C)C)cc1,-0.1307682802690238
C[C@H]1CN(C(=O)CCOCCCc2cccc3c2CN([C@@H]2CCC(=O)NC2=O)C3=O)CCN1c1ccc(Nc2cc(-c3ccnc(N4CCn5c(cc6c5CC(C)(C)C6)C4=O)c3CO)cn(C)c2=O)nc1,0.8573324964312685
CC(=O)N1CCc2c(c(N3CCCc4cc(-c5cnn(C)c5)c(C(F)F)cc43)nn2C2CCN(C(=O)CNc3ccc4c(c3)C(=O)N(C3CCC(=O)NC3=O)C4=O)CC2)C1,-0.1549019599857432
Cc1sc2c(c1C)C(c1ccc(Cl)cc1)=N[C@@H](CC(=O)NCCNc1cccc3c1C(=O)N(C1CCC(=O)NC1=O)C3=O)c1nnc(C)n1-2,2.6989700043360187
CC(C)(C)[C@H](NC(=O)c1cc2cc(C(F)(F)P(=O)(O)O)ccc2s1)C(=O)N1CCC[C@H]1C(=O)N(CCC(=O)NCCCC#Cc1cccc2c1CN(C1CCC(=O)NC1=O)C2=O)c1ccc2sccc2c1,2.255272505103306
N#Cc1ccc(O[C@H]2CC[C@H](NC(=O)c3ccc(N4CCN(CC5CCN(c6ccc7c(c6)C(=O)N(C6CCC(=O)NC6=O)C7=O)CC5)CC4)cc3)CC2)cc1Cl,-0.6989700043360187
C[C@@H]1Cc2c([nH]c3ccccc23)[C@@H](c2cnc(OC3CCC4(CC3)CCN(CC3CCN(c5ccc6c(c5)CN(C5CCC(=O)NC5=O)C6=O)CC3)CC4)nc2)N1CC(C)(C)F,-0.3979400086720376
CC(=O)N1CCc2c(c(N3CCCc4cc(C5CCCCC5)c(C(F)F)cc43)nn2C2CCN(C(=O)CN3Cc4cc5c(cc4C3)C(=O)N(C3CCC(=O)NC3=O)C5=O)CC2)C1,1.568201724066995
O=C1CCC(N2C(=O)c3cccc(NCCOCCN4CCN(c5ccc(Nc6ncc7ncc(=O)n(C8CCCC8)c7n6)cc5)CC4)c3C2=O)C(=O)N1,2.2092468487533736
Cc1ncsc1-c1ccc(CNC(=O)[C@@H]2C[C@@H](O)CN2C(=O)[C@@H](NC(=O)CCOCCOCCOCCOCCOc2ccc(Nc3ncc(C(F)(F)F)c(NCc4cccc(N(C)S(C)(=O)=O)c4)n3)cc2)C(C)(C)C)cc1,1.6821450763738317
Cc1cc(C)nc(NC(=O)c2ccc(-c3nn4c(c3C(N)=O)Nc3ccc(N5CCN(CC6CCN(c7ccc(N8CCC(=O)NC8=O)cc7)CC6)CC5)cc3CC4)cc2C)c1,-0.2262135550188064
Cc1ncsc1-c1ccc(CNC(=O)[C@@H]2C[C@@H](O)CN2C(=O)[C@@H](NC(=O)CCCCCCCCCCCOc2ccc3c(-c4ccc(C(=O)O)c(C5CCCC5)c4)ncnc3c2)C(C)(C)C)cc1,3.653212513775344
NC(=O)c1c(-c2ccc(C(=O)Nc3cc(C(F)(F)F)ccn3)c(Cl)c2)nn2c1Nc1ccc(N3CCN(CC4CCN(c5ccc(N6CCC(=O)NC6=O)cc5)CC4)CC3)cc1CC2,0.1789769472931694
CN(CCCNC(=O)CNc1cccc2c1C(=O)N(C1CCC(=O)NC1=O)C2=O)C(C)(C)/C=C(\C#N)C(=O)N1CCC[C@@H](n2nc(-c3ccc(Oc4ccccc4)cc3)c3c(N)ncnc32)C1,0.8195439355418687
CC(C)Nc1cc(-n2ccc3cc(C#N)cnc32)ncc1C(=O)N[C@H]1CC[C@H](C(=O)NCCOCCOCCNC(=O)COc2cccc3c2C(=O)N(C2CCC(=O)NC2=O)C3=O)CC1,3.870403905279027
Cc1nc(Nc2ncc(C(=O)Nc3c(C)cccc3Cl)s2)cc(N2CCN(CC(=O)N3CCN(c4cccc5c4C(=O)N(C4CCC(=O)NC4=O)C5=O)CC3)CC2)n1,0.4771212547196624
Cc1c(C(=O)Nc2cc(C)n(C)n2)ccc(-c2nn3c(c2C(N)=O)Nc2ccc(N4CCN(CC5CCN(c6ccc(N7CCC(=O)NC7=O)cc6)CC5)CC4)cc2CC3)c1F,0.6404814369704218
O=C(CCCNc1cccc2c1C(=O)N(C1CCC(=O)NC1=O)C2=O)NCCCCN1CCN(c2ccc(-c3cnc(NCc4ccco4)n4cnnc34)cc2)CC1,3.57978359661681
Cc1ccccc1C1(C(=O)NC(Cc2cn(-c3ccc(-c4ccc(C#N)cc4)cc3)nn2)C(=O)NCCCCOc2cccc3c2C(=O)N(C2CCC(=O)NC2=O)C3=O)CC1,1.845098040014257
O=C1CCC(N2C(=O)c3cccc(OCCOCCOCCNC(=O)c4ccc(Nc5nccc(Nc6ccc(OC(F)(F)F)cc6)n5)c(OC(F)(F)F)c4)c3C2=O)C(=O)N1,1.6843066460716316
Cc1ncsc1-c1ccc([C@H](C)NC(=O)[C@@H]2C[C@@H](O)CN2C(=O)[C@@H](n2cc([C@H]3CC[C@H](CN4CCC(c5ccc6c(c5)-n5c(nc(=O)c7c(Cl)cccc75)C6(C)C)CC4)CC3)nn2)C(C)(C)C)cc1,0.1139433523068367
Cc1cc(-c2nc(Nc3cnn(C4CN(CC5CCN(c6ccc7c(c6)C(=O)N(C6CCC(=O)NC6=O)C7=O)CC5)C4)c3)ncc2F)ccc1CNC(=O)c1cn(C(C)(C)C)nn1,0.3961993470957363
Cc1sc2c(c1C)C(c1ccc(Cl)cc1)=N[C@@H](CC(=O)NCCOCCOCCOCCNC(=O)CN1CCOc3cc(N(CCC#N)C(=O)CCl)ccc31)c1nnc(C)n1-2,3.5563025007672877
Cc1nc(Nc2ncc(C(=O)Nc3c(C)cccc3Cl)s2)cc(N2CCN(CC(=O)N3CCN(c4ccc5c(c4)C(=O)N(C4CCC(=O)NC4=O)C5=O)CC3)CC2)n1,0.6989700043360189
O=C1CCN(c2cc(C(=O)N3CCC(CC4CCN(c5ccc(-c6cnc7[nH]cc(-c8cnn(CC(F)(F)F)c8)c7n6)cn5)CC4)CC3)ccc2Cl)C(=O)N1,0.9444826721501688
CN(CCOCCOCCOCCOCC(=O)Nc1ccc2c(c1)C(=O)N(C1CCC(=O)NC1=O)C2=O)CC[C@@H](c1ccccc1)n1cc(NC(=O)c2n[nH]c3c2CCC(C)(C)C3)cn1,2.024895960107485
Cc1ncsc1-c1ccc([C@H](C)NC(=O)[C@@H]2C[C@@H](O)CN2C(=O)[C@@H](NC(=O)CCCCOc2ccc(-c3csc(N4CCOCC4)n3)cc2)C(C)(C)C)cc1,2.505149978319906
O=C(CNc1ncnc2[nH]cc(C(=O)c3ccc(Oc4ccccc4)cc3Cl)c12)NCCOCCOCCOCCOCCNc1cccc2c1C(=O)N(C1CCC(=O)NC1=O)C2=O,0.9731278535996988
O=C1CCC(N2C(=O)c3cccc(NCCOCCOCCOCCOCCNC(=O)c4ccc(CN(CC5CCNCC5)S(=O)(=O)c5ccc(S(=O)(=O)N(Cc6ccc(Cl)cc6)C6CCCC6)cc5)cc4)c3C2=O)C(=O)N1,1.6812412373755872
Cc1cccc(NC(=O)c2ccc(-c3nn4c(c3C(N)=O)Nc3ccc(N5CCN(CC6CCN(c7ccc(CN8CCC(=O)NC8=O)cc7)CC6)CC5)cc3CC4)c(F)c2C)n1,-0.2062096153091812
CC(=O)N1CCc2c(c(N3CCCc4cc(-c5ccn(C)n5)c(C(F)F)cc43)nn2CC2CCC(N3Cc4cc5c(cc4C3)C(=O)N(C3CCC(=O)NC3=O)C5=O)CC2)C1,1.662757831681574
COc1cc(O)c2c(=O)cc(-c3ccc(N4CCN(CC5CCN(c6ccc7c(c6)C(=O)N(C6CCC(=O)NC6=O)C7=O)CC5)CC4)cc3)oc2c1C1=CCN(C)CC1,1.6334684555795866
COc1ccncc1C(=O)N[C@H](C)c1ccc(-c2nn3c(c2C(N)=O)Nc2ccc(N4CCN(CC5CCN(c6ccc(N7CCC(=O)NC7=O)cc6)CC5)CC4)cc2CC3)cc1,1.7788744720027396
O=C1CC[C@H](N2Cc3c(ccc4c3OCC43CCN(CC(=O)N4CCC5(CC4)CN(c4ccc([C@@H]6c7ccc(O)cc7CC[C@@H]6c6ccccc6)cc4)C5)CC3)C2=O)C(=O)N1,-1.5934598195660448
CN(c1cccc(CNc2nc(Nc3ccc(OCCCOCCC(=O)NCCOc4cccc5c4C(=O)N(C4CCC(=O)NC4=O)C5=O)cc3)ncc2C(F)(F)F)c1)S(C)(=O)=O,0.9138138523837168
Cc1cc([C@H](C(=O)N2C[C@H](S(=O)(=O)F)C[C@@H]2C(=O)N[C@@H](CC(=O)N2CCC(C#Cc3ccc(C(=O)N[C@H]4C(C)(C)[C@H](Oc5ccc(C#N)c(C(F)(F)F)c5)C4(C)C)cc3)CC2)c2ccc(-c3scnc3C)cc2)C(C)C)on1,2.7218106152125467
Cc1ncsc1-c1ccc(CNC(=O)[C@@H]2C[C@@H](O)CN2C(=O)[C@@H](NC(=O)COCCOCCN2CCC(n3nc(-c4ccc(Oc5ccccc5)cc4)c4c(N)ncnc43)CC2)C(C)(C)C)cc1,2.5728716022004803
COc1ccc2ccccc2c1C(=O)NCc1ccc(-c2nn3c(c2C(N)=O)Nc2ccc(N4CCN(CC5CCN(c6ccc(N7CCC(=O)NC7=O)cc6)CC5)CC4)cc2CC3)cc1C,1.1925674533365456
Cc1cc([C@H](C(=O)N2C[C@H](O)C[C@H]2C(=O)N[C@@H](CC(=O)NCCOCCOCCOCCNC(=O)C[C@@H]2N=C(c3ccc(Cl)cc3)c3c(sc(C)c3C)-n3c(C)nnc32)c2ccc(-c3scnc3C)cc2)C(C)C)on1,2.7481880270062
CCCNNC(=O)c1ccc(N2CCN(CCCCCCCC(=O)N[C@H](C(=O)N3C[C@H](O)C[C@H]3C(=O)N[C@@H](C)c3ccc(-c4scnc4C)cc3)C(C)(C)C)CC2)cc1,0.2304489213782739
Cc1ncsc1-c1ccc(CNC(=O)[C@@H]2C[C@@H](O)CN2C(=O)[C@@H](NC(=O)COCCOCc2cn(CCNC(=O)C[C@@H]3N=C(c4ccc(Cl)cc4)c4c(sc(C)c4C)-n4c(C)nnc43)nn2)C(C)(C)C)cc1,2.8609366207000937
CC(=O)N1CCc2c(c(-c3cccc4cc(-c5ccc(C(=O)NCCCCCNc6cccc7c6C(=O)N(C6CCC(=O)NC6=O)C7=O)nc5)ncc34)nn2C2CCOCC2)C1,0.0
CCCS(=O)(=O)Nc1ccc(F)c(-n2cc(-c3cncnc3)c3nc(N(C)C4CCN(C(=O)CCC(=O)NCCCOCCOCCOCCCNc5cccc6c5C(=O)N(C5CCC(=O)NC5=O)C6=O)CC4)ccc32)c1F,2.0
Cc1sc2c(c1C)C(c1ccc(Cl)cc1)=N[C@@H](CC(=O)NCCCN1CCC(c3ccc4c(c3)CN(C3CCC(=O)NC3=O)C4=O)CC1)c1nnc(C)n1-2,0.3617278360175928
Cc1cccc(NC(=O)c2ccc(-c3nn4c(c3C(N)=O)Nc3ccc(N5CCN(C6CC(c7ccc(N[C@H]8CCC(=O)NC8=O)cc7)C6)CC5)cc3CC4)c(F)c2C)n1,0.7944880466591696
Cc1ncsc1-c1ccc(CNC(=O)[C@@H]2C[C@@H](O)CN2C(=O)[C@@H](NC(=O)COCCOCCOCCNC(=O)C[C@@H]2N=C(c3ccc(Cl)cc3)c3c(sc(C)c3C)-n3c(C)nnc32)C(C)(C)C)cc1,1.6020599913279625
CC(C)(C)[C@H](NC(=O)c1cc2cc(C(F)(F)P(=O)(O)O)ccc2s1)C(=O)N1CCC[C@H]1C(=O)N(CCC(=O)NCCCC#Cc1cccc2c1CN(C1CCC(=O)NC1=O)C2=O)c1ccc(-c2nccs2)cc1,2.113943352306837
CCS(=O)(=O)n1cc(-c2nc(Nc3ccc(N4CCN(CCCCCCCCCCC(=O)Nc5cccc6c5CN(C5CCC(=O)NC5=O)C6=O)CC4)cc3)ncc2C(F)(F)F)c2ccccc21,2.449324093098727
CCCN(CCCCOCCOCCOCCOCC(=O)N[C@H](C(=O)N1C[C@H](O)C[C@H]1C(=O)NCc1ccc(-c2scnc2C)cc1)C(C)(C)C)C[C@@H](C)NC(=O)c1ccc(-c2noc(C(F)(F)F)n2)cc1,0.6020599913279624
Cc1ncsc1-c1ccc(CNC(=O)[C@@H]2C[C@@H](O)CN2C(=O)[C@@H](NC(=O)COCCCCOCCCOc2ccc(NC(=O)C[C@@H]3N=C(c4ccc(Cl)cc4)c4c(sc(C)c4C)-n4c(C)nnc43)cc2)C(C)(C)C)cc1,1.3636119798921444
CCOc1cc(-c2ccc(N3CCC(CC)(CN4CCN(C(=O)CCN5CCC(c6ccc7c(c6)C(=O)N(C6CCC(=O)NC6=O)C7)CC5)CC4)CC3)nc2)c2c(C#N)cnn2c1,2.03382569395331
CCOc1cc(-c2ccc(N3CCC(CN4CCN(C(=O)C5CC6(C5)CC(N5CCN(c7ccc8c(c7)CN(C7CCC(=O)NC7=O)C8=O)CC5)C6)CC4)(NC(=O)c4cc(F)ccc4F)CC3)nc2)c2c(C#N)cnn2c1,0.0
O=C(CCCCC(=O)NCCN1C(=O)c2cccc3c(Sc4ccc(Br)cc4)ccc(c23)C1=O)NCCOCCOCCNc1cccc2c1C(=O)N(C1CCC(=O)NC1=O)C2=O,3.4771212547196626
O=C1CCC(N2Cc3cc(N4CCC(CCN5CCC(CC(=O)N[C@H]6CC[C@@H](Nc7ncnc8[nH]cc(C(=O)c9ccc(Oc%10ccccc%10)cc9Cl)c78)CC6)CC5)CC4)ccc3C2=O)C(=O)N1,1.0043213737826426
Cc1ncsc1-c1ccc(CNC(=O)[C@@H]2C[C@@H](O)CN2C(=O)[C@@H](NC(=O)CCCCCCCCNC(=O)CN2CCN(C(=O)c3ccc(Nc4nc(C5CC5)cn5c(-c6cn[nH]c6)cnc45)c(F)c3)CC2)C(C)(C)C)cc1,1.3222192947339193
Nc1ncnc2c1c(-c1ccc(Oc3ccccc3)cc1)nn2C1CCN(CCOCCOCCOc2ccc3c(c2)C(=O)N(C2CCC(=O)NC2=O)C3=O)CC1,0.919078092376074
Cc1onc(C(=O)N2CCN(C(c3ccc(Cl)cc3)c3ccc(OCC(=O)N4CCC(CN5CCN(CCCNc6cccc7c6C(=O)N(C6CCC(=O)NC6=O)C7=O)CC5)CC4)cc3)CC2)c1[N+](=O)[O-],1.4771212547196624
NC(=O)c1c(-c2ccc(Oc3ccccc3)cc2)nn2c1Nc1ccc(C(=O)N3CCC(CN4CCN(c5cc6c(cc5F)C(=O)N(C5CCC(=O)NC5=O)C6=O)CC4)CC3)cc1CC2,0.5078558716958309
N#Cc1ccc(O[C@H]2CC[C@H](NC(=O)c3ccc(N4CCC(N5CCN(c6ccc7c(c6)C(=O)N(C6CCC(=O)NC6=O)C7=O)CC5)CC4)cc3)CC2)cc1Cl,-0.6989700043360187
CCCS(=O)(=O)Nc1ccc(F)c(-n2cc(-c3cncnc3)c3nc(N(C)C4CCN(C(=O)CCOCCOCCOCCOCCOCCNc5cccc6c5C(=O)N(C5CCC(=O)NC5=O)C6=O)CC4)ccc32)c1F,1.845098040014257
CC(C)c1ccn2ncnc(N[C@H]3CC[C@@H](N4CCN(C(=O)CCC(=O)N5CCC(CCN6CCN(c7ccc8c(c7)C(=O)N(C7CCC(=O)NC7=O)C8=O)CC6)CC5)CC4)CC3)c12,0.3010299956639812
N#Cc1ccc(N2CCC(c3ccc(N4CCC(CN5CCN(c6ccc7c(c6)CN(C6CCC(=O)NC6=O)C7=O)CC5)CC4)cc3)CC2)c(Cl)c1C(F)(F)F,1.6812412373755872
O=C(CCc1cc(C(=O)c2ccc(OC3CCCC3)cc2O)ccc1OCc1ccc2c(O)noc2c1)NCCOCCOCCOCCOCCOCCOCCOCCNc1cccc2c1C(=O)N(C1CCC(=O)NC1=O)C2=O,3.361727836017593
O=C1CCC(N2C(=O)c3ccc(N4CCC(CCN5CCC(CN[C@H]6CC[C@@H](Nc7ncnc8[nH]cc(C(=O)c9ccc(Oc%10ccccc%10)cc9Cl)c78)CC6)CC5)CC4)cc3C2=O)C(=O)N1,2.0017337128090005
Cc1c(C(=O)Nc2ncn(C)n2)ccc(-c2nn3c(c2C(N)=O)Nc2ccc(N4CCN(CC5CCN(c6ccc(N7CCC(=O)NC7=O)cc6)CC5)CC4)cc2CC3)c1F,0.3654879848908996
Cc1ccc(C(=O)Nc2ccc(CN3CCN(C(=O)CCCc4cn(CCNc5cccc6c5C(=O)N(C5CCC(=O)NC5=O)C6=O)nn4)CC3)c(C(F)(F)F)c2)cc1C#Cc1cnc2cccnn12,2.7958800173440754
CC(=O)N1CCc2c(c(N3CCCc4cc(-c5cnn(C)c5)c(C(F)F)cc43)nn2C2CCN(C3CC4(C3)CN(c3ccc5c(c3)C(=O)N(C3CCC(=O)NC3=O)C5=O)C4)CC2)C1,-0.3010299956639812
Cc1noc(C)c1-c1ccc2c(c1)nc([C@@H]1CCCC(=O)N1c1ccc(F)c(F)c1)n2[C@H]1CC[C@H](OCC(=O)Nc2ccc(N3CCN(c4ccc5c(c4)C(=O)N(C4CCC(=O)NC4=O)C5=O)CC3)nc2)CC1,0.5314789170422551
Cc1ncsc1-c1ccc([C@H](C)NC(=O)[C@@H]2C[C@@H](O)CN2C(=O)[C@@H](c2cc(N3CCC(CN4CCC(c5ccc6c(c5)C(C)(C)c5nc(=O)c7c(Cl)cccc7n5-6)CC4)CC3)no2)C(C)C)cc1,-0.2146701649892329
Cc1ncsc1-c1ccc([C@H](C)NC(=O)[C@@H]2C[C@@H](O)CN2C(=O)[C@@H](NC(=O)CCCCCCCCCN2CCN(C(=O)CCCCCC3(CN)CCN(c4cnc(Sc5cccc(Cl)c5Cl)c(N)n4)CC3)CC2)C(C)(C)C)cc1,1.546542663478131
CN(CCOCCOCCOCC(=O)Nc1ccc2c(c1)C(=O)N(C1CCC(=O)NC1=O)C2=O)CC[C@@H](c1ccccc1)n1cc(NC(=O)c2n[nH]c3c2CCC(C)(C)C3)cn1,1.973589623427257
COc1cc(N2CCC(N3CCN(CCCC#Cc4cccc5c4CN(C4CCC(=O)NC4=O)C5=O)CC3)CC2)ccc1Nc1ncc(Cl)c(Nc2ccccc2P(C)(C)=O)n1,2.1888160305023527
CN(CCOCCNC(=O)CNc1cccc2c1C(=O)N(C1CCC(=O)NC1=O)C2=O)CC[C@@H](c1ccccc1)n1cc(NC(=O)c2n[nH]c3c2CCC(C)(C)C3)cn1,1.5145477526602862
Cc1ncsc1-c1ccc(CNC(=O)[C@@H]2C[C@H](O)CN2C(=O)[C@@H](NC(=O)COCCCOCCCOc2cc(F)c([C@@H]3c4[nH]c5ccccc5c4C[C@@H](C)N3CC(C)(C)F)c(F)c2)C(C)(C)C)cc1,0.4913616938342727
Cc1sc2c(c1C)C(c1ccc(Cl)cc1)=N[C@@H](CC(=O)NCCCCCCCCNC(=O)COc1cccc3c1C(=O)N(C1CCC(=O)NC1=O)C3=O)c1nnc(C)n1-2,0.7781512503836436
Cc1ncsc1-c1ccc([C@H](C)NC(=O)[C@@H]2C[C@@H](O)CN2C(=O)[C@@H](c2cc(OCC3(CN4CCC(c5ccc6c(c5)C(C)(C)c5nc(=O)c7c(Cl)cccc7n5-6)CC4)CC3)no2)C(C)C)cc1,1.1139433523068367
Cc1ncsc1-c1ccc([C@H](C)NC(=O)[C@@H]2C[C@@H](O)CN2C(=O)[C@@H](NC(=O)CCCCCCNC(=O)Cn2cc(-c3ccc4cc(O)c(N5CC(=O)NS5(=O)=O)c(F)c4c3)cn2)C(C)(C)C)cc1,1.9734973087320635
Cc1cc(-c2c[nH]c3ncc(-c4ccc(C5CCN(C6CN(c7ccc8c(c7)C(=O)N(C7CCC(=O)NC7=O)C8=O)C6)CC5)cc4)nc23)ccc1C(=O)N(C)C,0.6532125137753437
O=C1CC[C@H](N2Cc3c(ccc4c3OC[C@H]3CN(CC5CCC6(CCN(c7ccc([C@@H]8c9ccc(O)cc9CC[C@@H]8c8ccccc8)cc7)CC6)O5)CCN43)C2=O)C(=O)N1,0.3010299956639812
Cc1ncsc1-c1ccc([C@H](C)NC(=O)[C@@H]2C[C@@H](O)CN2C(=O)[C@@H](NC(=O)COCCOCCOCCOCCN2CCN(S(=O)(=O)c3ccc(NC(=O)NCc4cccnc4)cc3)CC2)C(C)(C)C)cc1,1.2787536009528289
Cc1cncc(NC(=O)c2ccc(-c3nn4c(c3C(N)=O)Nc3ccc(N5CCN(CC6CCN(c7ccc(N8CCC(=O)NC8=O)cc7)CC6)CC5)cc3CC4)c(F)c2C)n1,0.6893088591236203
O=C(CCCC(=O)Nc1cccc2c1C(=O)N(C1CCC(=O)NC1=O)C2=O)NCC(=O)N1CCN(c2ccc(Nc3nc(NC4CCCCC4)c4nc[nH]c4n3)cc2)CC1,1.247236549506764
CCCS(=O)(=O)Nc1ccc(F)c(C(=O)c2c[nH]c3ncc(-c4ccc(N5CCN(CC(=O)N[C@H](C(=O)N6C[C@H](O)C[C@H]6C(=O)NCc6ccc(-c7scnc7C)cc6)C(C)(C)C)CC5)cc4)cc23)c1F,1.1760912590556811
Cc1cc(Nc2ncc(Cl)c(Nc3ccccc3S(=O)(=O)C(C)C)n2)c(OC(C)C)cc1C1CCN(C2CN(C3CN(c4ccc5c(c4)C(=O)N([C@@H]4CCC(=O)NC4=O)C5=O)C3)C2)CC1,2.0863598306747484
O=C1CCC(N2C(=O)c3cccc(N4CCN(CC5CCN(Cc6ccc(S(=O)(=O)F)cc6)CC5)CC4)c3C2=O)C(=O)N1,3.0
Cc1ncsc1-c1ccc(CNC(=O)[C@@H]2C[C@@H](O)CN2C(=O)[C@@H](NC(=O)COC[C@@H]2CNC[C@H](COCCNC(=O)C[C@@H]3N=C(c4ccc(Cl)cc4)c4c(sc(C)c4C)-n4c(C)nnc43)C2)C(C)(C)C)cc1,2.4471580313422194
CCn1nc(C)cc1C(=O)Nc1nc2cc(C(=O)NCCCOCCC(=O)N[C@H](C(=O)N3C[C@H](O)C[C@H]3C(=O)NCc3ccc(-c4scnc4C)cc3)C(C)(C)C)cc(OC)c2n1C/C=C/Cn1c(NC(=O)c2cc(C)nn2CC)nc2cc(C(N)=O)cc(OCCCN3CCOCC3)c21,3.409595019396816
O=C1CCC(N2C(=O)c3cccc(OCCCCCCCCn4cc(CCN5CCC(NC(=O)c6[nH]ncc6NC(=O)c6c(Cl)cccc6Cl)CC5)nn4)c3C2=O)C(=O)N1,1.7781512503836436
NC(=O)c1c(-c2ccc(C(=O)Nc3cc(C(F)F)ccn3)cc2)nn2c1Nc1ccc(N3CCN(CC4CCN(c5ccc(N6CCC(=O)NC6=O)cc5)CC4)CC3)cc1CC2,-0.4225082001627747
CCn1cc(-c2cc(OC)c(C(=O)N3CCC4(CCC(CN5Cc6cc7c(cc6C5)C(=O)N(C5CCC(=O)NC5=O)C7=O)CC4)CC3)c(OC)c2)c2ccncc2c1=O,1.9637878273455556
CCOc1cc(C(C)(C)C)ccc1C1=NC(c2ccc(Cl)cc2)C(c2ccc(Cl)cc2)N1C(=O)N1CCN(CC(=O)NCCOCCOCCOCCNC(=O)CN2CCN(C(=O)N3C(c4ccc(C(C)(C)C)cc4OCC)=NC(c4ccc(Cl)cc4)C3c3ccc(Cl)cc3)CC2=O)C(=O)C1,3.004321373782642
Cc1sc2c(c1C)C(c1ccc(Cl)cc1)=N[C@@H](CC(=O)OCC(=O)NCCCCOc1cccc3c1C(=O)N(C1CCC(=O)NC1=O)C3=O)c1nnc(C)n1-2,1.792391689498254
Cc1ncsc1-c1ccc([C@H](C)NC(=O)[C@@H]2C[C@@H](O)CN2C(=O)[C@@H](NC(=O)CCCCCCC(=O)N2CCN(CC3(C)CCC(c4ccc(Cl)cc4)=C(CN4CCN(c5ccc(C(=O)NS(=O)(=O)c6ccc(N[C@H](CCN7CCOCC7)CSc7ccccc7)c(S(=O)(=O)C(F)(F)F)c6)cc5)CC4)C3)CC2)C(C)(C)C)cc1,1.7323937598229686
CC(=O)N1CCc2c(c(-c3cccc4cc(-c5ccc(C(=O)NCCCNc6cccc7c6CN(C6CCC(=O)NC6=O)C7=O)nc5)ncc34)nn2C2CCOCC2)C1,-0.6989700043360187
Cn1ncc(Cl)c1-c1cc(C(=O)N[C@@H]2CN[C@H](CC(=O)Nc3ccc(OCCOCCOCCNc4cccc5c4C(=O)N(C4CCC(=O)NC4=O)C5=O)cc3)C[C@H]2c2cccc(F)c2)oc1Cl,1.4471580313422192
C#CCN(CCC(=O)Nc1cccc2c1CN(C1CCC(=O)NC1=O)C2=O)CCN(C)c1cc(OC)c(Nc2nccc(-c3cn(C)c4ccccc34)n2)cc1NC(=O)C=C,1.550228353055094
COc1cc(CCNCCCCCC#Cc2cccc3c2C(=O)N(C2CCC(=O)NC2=O)C3=O)c(C)cc1Nc1ncc(Cl)c(Nc2ccccc2S(=O)(=O)C(C)C)n1,2.0644579892269186
CC(C)(O)c1cc2nn([C@H]3CC[C@H](CN4CCC5(CC4)CC(CNc4cccc6c4C(=O)N(C4CCC(=O)NC4=O)C6=O)C5)CC3)cc2cc1NC(=O)c1cccc(C(F)(F)F)n1,0.7781512503836436
Cc1cc(Nc2ncc(Cl)c(Nc3ccccc3S(=O)(=O)C(C)C)n2)c(OC(C)C)cc1C1CCN(C2CCN(C3CN(c4ccc5c(c4)C(=O)N([C@@H]4CCC(=O)NC4=O)C5=O)C3)CC2)CC1,1.5440680443502757
Cc1ncsc1-c1ccc(CNC(=O)[C@@H]2C[C@@H](O)CN2C(=O)[C@@H](NC(=O)CCOCCOCCOCCOCCOCCOCC#Cc2ccc(OCCCc3sc(N4CCc5cccc(C(=O)Nc6nc7ccccc7s6)c5C4)nc3C(=O)O)cc2)C(C)(C)C)cc1,0.6812412373755872
Cc1c(C(=O)Nc2cscn2)ccc(-c2nn3c(c2C(N)=O)Nc2ccc(N4CCN(CCc5cccc6c5oc(=O)n6C5CCC(=O)NC5=O)CC4)cc2CC3)c1F,-0.2321023839819093
Cc1ncsc1-c1ccc([C@H](C)NC(=O)[C@@H]2C[C@@H](O)CN2C(=O)[C@@H](NC(=O)CCc2ccnc(N3CCN(c4cc(-c5ccccc5O)nnc4N)CC3)c2)C(C)(C)C)cc1,2.578639209968072
Cc1sc2c(c1C)C(c1ccc(Cl)cc1)=N[C@@H](CC(=O)NCC(=O)NCCCOc1cccc3c1C(=O)N(C1CCC(=O)NC1=O)C3=O)c1nnc(C)n1-2,1.9872192299080047
NC(=O)c1c(-c2ccc(C(=O)Nc3cc(C(F)(F)F)ccn3)c(F)c2)nn2c1Nc1ccc(N3CCN(CC4CCN(c5ccc(N6CCC(=O)NC6=O)cc5)CC4)CC3)cc1CC2,0.2600713879850748
CN[C@@H](C)C(=O)N[C@H](C(=O)N1CCC[C@H]1C(=O)N[C@H](C(=O)NCCOCCOCCOCCNC(=O)c1cccc(-c2cc(Nc3ccc(OC(F)(F)F)cc3)ncn2)c1)C(c1ccccc1)c1ccccc1)C1CCCCC1,3.6989700043360183
Cc1ccc(OCC(=O)NCCCOCCOCCOCCCNC(=O)C[C@@H]2N=C(c3ccc(Cl)cc3)c3c(sc(C)c3C)-n3c(C)nnc32)c(/C=C2\C(=O)Nc3cc(C(F)(F)F)ccc32)c1,0.8668778143374989
C[C@@H]1Cc2c([nH]c3ccccc23)[C@@H](c2c(F)cc(N3CCC4(CCN(C(=O)CN5Cc6cc7c(cc6C5)C(=O)N(C5CCC(=O)NC5=O)C7=O)CC4)CC3)cc2F)N1CC(F)(F)CO,-1.0
N#Cc1ccc(O[C@H]2CC[C@H](NC(=O)c3ccc(NCCCCCCCCCNc4ccc5c(c4)C(=O)N(C4CCC(=O)NC4=O)C5=O)cc3)CC2)cc1Cl,0.505149978319906
O=C(/C=C/c1cccnc1)NCCCCC1CCN(C(=O)c2ccc(N3CCN(CCCCCCC#Cc4cccc5c4C(=O)N(C4CCC(=O)NC4=O)C5=O)CC3)cc2)CC1,0.1218879851036811
O=C1CC[C@H](N2Cc3c(ccc4c3OC[C@H]3CN(C(=O)CN5CC6(C5)CN(c5ccc([C@@H]7c8ccc(O)cc8CC[C@@H]7c7ccccc7)cc5)C6)CCN43)C2=O)C(=O)N1,-1.958607314841775
O=C1CCC(N2C(=O)c3cccc(N4CCN(C(=O)CCCCc5cn(CC(=O)N6CCN(C(=O)c7ccco7)CC6)nn5)CC4)c3C2=O)C(=O)N1,3.6989700043360183
CC(C)(C)[C@H](NC(=O)c1cc2cc(C(F)(F)P(=O)(O)O)ccc2s1)C(=O)N1C[C@@H](NC(=O)CCCCCC#Cc2ccc3c(c2)CN(C2CCC(=O)NC2=O)C3=O)C[C@H]1C(=O)N1CCO[C@H](c2ccccc2)C1,2.3010299956639813
C[C@H](Oc1cc(-c2cnn(C3CCN(CC4CCN(CC5CCN(c6ccc7c(c6)C(=O)N([C@H]6CCC(=O)NC6=O)C7=O)CC5)CC4)CC3)c2)cnc1N)c1c(Cl)ccc(F)c1Cl,2.5289167002776547
CC(C)c1c(C(=O)Nc2ccccc2)c(-c2cccc(OCCCc3cn(CCCCCCNc4cccc5c4C(=O)N(C4CCC(=O)NC4=O)C5=O)nn3)c2)c(-c2ccc(F)cc2)n1CC[C@@H](O)C[C@@H](O)CC(=O)O,2.6020599913279625
COc1cc(/C=C/C(=O)N2CCC=CC2=O)cc(OC)c1OCCOCCOCCOCC(=O)N1CCC(C(=O)Nc2ncc(SCc3ncc(C(C)(C)C)o3)s2)CC1,1.1760912590556811
O=C1CCC(N2C(=O)c3cccc(N4CCN(C(=O)CCNC(=O)c5ccc(-c6cn(Cc7ccc(S(=O)(=O)F)cc7)nn6)cc5)CC4)c3C2=O)C(=O)N1,3.0
CCOc1cc(-c2ccc(N3CCC(CN4CCN(C(=O)CCCCCCN5CCC(c6ccc7c(c6)C(=O)N(C6CCC(=O)NC6=O)C7)CC5)CC4)(NC(=O)c4cc(F)ccc4F)CC3)nc2)c2c(C#N)cnn2c1,0.7403626894942439
N#Cc1ccc(O[C@H]2CC[C@H](NC(=O)c3ccc(NCCCCCCCCNc4ccc5c(c4)C(=O)N(C4CCC(=O)NC4=O)C5=O)cc3)CC2)cc1Cl,0.1760912590556812
Cc1ncsc1-c1ccc(CNC(=O)[C@@H]2C[C@@H](O)CN2C(=O)[C@@H](NC(=O)CCCCCCOc2ccc3c(-c4ccc(C(=O)O)c(C5CCCC5)c4)ncnc3c2)C(C)(C)C)cc1,3.3010299956639813
O=C1CCC(N2C(=O)c3cccc(NCCOCCOCCOCCN(C(=O)CCl)C(C(=O)NCc4ccccc4)c4cccs4)c3C2=O)C(=O)N1,2.322219294733919
Nc1ncnc2c1c(-c1ccc(Oc3ccccc3)cc1)nn2C1CCN(Cc2ccc(C#CC3CCN(c4ccc5c(c4)C(=O)N(C4CCC(=O)NC4=O)C5=O)CC3)nc2)CC1,1.7084209001347128
O=C1CC[C@H](N2Cc3c(ccc4c3OCC43CCN(C(=O)C4CCN(c5ccc([C@@H]6c7ccc(O)cc7CC[C@@H]6c6ccccc6)cc5)CC4)CC3)C2=O)C(=O)N1,-1.5575202309355514
COc1cc(/C=C/C(=O)N2CCC=CC2=O)cc(OC)c1OCCOCCOCCNC(=O)CN1CCC(C(=O)Nc2ncc(SCc3ncc(C(C)(C)C)o3)s2)CC1,1.0791812460476249
Cc1cc(C(=O)Nc2cc(C(F)(F)F)ccn2)ccc1-c1nn2c(c1C(N)=O)Nc1ccc(N3CCN(CC4CCN(c5ccc(N6CCC(=O)NC6=O)cc5)CC4)CC3)cc1CC2,0.3463529744506387
CCC(C)N1c2ccccc2C(=O)N(C)c2cnc(Nc3ccc(C(=O)N4CCN(CCCCCC(=O)N[C@H](C(=O)N5C[C@H](O)C[C@H]5C(=O)N[C@@H](C)c5ccc(-c6scnc6C)cc5)C(C)(C)C)CC4)cc3)nc21,2.44870631990508
Cn1c(=O)n([C@H]2CCC(=O)NC2=O)c2cccc(C#CCOC3CCN(C[C@H]4CC[C@H](n5cc(NC(=O)c6cnn7ccc(N8C[C@H]9C[C@@H]8CO9)nc67)c(C(F)F)n5)CC4)CC3)c21,0.6989700043360189
CN(c1cccc(CNc2nc(Nc3ccc(OCCOCCOCCC(=O)NCCOc4cccc5c4C(=O)N(C4CCC(=O)NC4=O)C5=O)cc3)ncc2C(F)(F)F)c1)S(C)(=O)=O,1.4265112613645752
O=C1CC[C@H](N2Cc3c(ccc4c3OCC43CCN(CC(=O)N4CC5(C4)CN(c4ccc([C@@H]6c7ccc(O)cc7CC[C@@H]6c6ccccc6)cc4)C5)CC3)C2=O)C(=O)N1,-1.8458804744841533
CN(CCOCCOCCOCCNC(=O)CNc1cccc2c1C(=O)N(C1CCC(=O)NC1=O)C2=O)CC[C@@H](c1ccccc1)n1cc(NC(=O)c2n[nH]c3c2CCC(C)(C)C3)cn1,1.7937903846908188
Cc1ncsc1-c1ccc([C@H](C)NC(=O)[C@@H]2C[C@@H](O)CN2C(=O)[C@@H](c2cc(N3CCC(CN4CCC(O[C@H]5C[C@H](Oc6cc(N7C8CCC7CN(c7cc(-c9ccccc9O)nnc7N)C8)ccn6)C5)CC4)CC3)no2)C(C)C)cc1,-1.408935392973501
CC(=O)N1CCc2c(c(-c3cccc4cc(-c5ccc(C(=O)NCCCCCCNc6cccc7c6C(=O)N(C6CCC(=O)NC6=O)C7=O)nc5)ncc34)nn2C2CCOCC2)C1,-0.2218487496163563
CC(=O)N1CCc2c(c(N3CCCc4cc(-c5cnn(C)c5)c(C(F)F)cc43)nn2C2CCN(C(=O)CCCCNc3cccc4c3C(=O)N(C3CCC(=O)NC3=O)C4=O)CC2)C1,-0.3979400086720376
CN(CCCO[C@H]1C[C@@H](Nc2cccc3c2C(=O)N(C2CCC(=O)NC2=O)C3=O)C1)C[C@H]1CC[C@H](n2cc3cc(NC(=O)c4cccc(C(F)(F)F)n4)c(C(C)(C)O)cc3n2)CC1,1.6334684555795866
CC(C)(C)[C@H](NC(=O)c1cc2cc(C(F)(F)P(=O)(O)O)ccc2s1)C(=O)N1C[C@@H](NC(=O)CCCCC#Cc2cccc3c2CN(C2CCC(=O)NC2=O)C3=O)C[C@H]1C(=O)N1CCO[C@H](c2ccccc2)C1,2.060697840353612
Cc1ncsc1-c1ccc([C@H](C)NC(=O)[C@@H]2C[C@@H](O)CN2C(=O)[C@@H](c2cc(OCCN3CCC(c4ccc5c(c4)C(C)(C)c4nc(=O)c6c(Cl)cccc6n4-5)CC3)no2)C(C)C)cc1,0.3222192947339193
Cc1nc(Nc2ncc(C(=O)Nc3c(C)cccc3Cl)s2)cc(N2CCN(C(=O)CCCC(=O)Nc3cccc4c3CN(C3CCC(=O)NC3=O)C4=O)CC2)n1,2.096910013008056
CCC(C)(C)C(=O)C(=O)N1CCCC[C@H]1C(=O)O[C@H](CCc1ccc(OC)c(OC)c1)c1cccc(NC(=O)CCC(=O)NCCCCCCC(=O)N2CCC[C@H]2C(=O)N[C@H]2CC(=O)NC2=O)c1,1.9731278535996983
Cc1cccc(NC(=O)c2ccc(-c3nn4c(c3C(N)=O)Nc3ccc(N5CCN(CC6CN(c7ccc(N8CCC(=O)NC8=O)cc7)C6)CC5)cc3CC4)c(F)c2C)n1,-0.2790142558462609
CC(=O)N1CCc2c(c(N3CCCc4cc(-c5cnn(C)c5)c(C(F)F)cc43)nn2C2CCN(C(=O)CCNc3cccc4c3C(=O)N(C3CCC(=O)NC3=O)C4=O)CC2)C1,0.9030899869919436
Cc1ccc(NC(=O)c2ccc(CN3CCN(C(=O)COCCOCCOCCNC(=O)[C@H](CC(C)C)NC(=O)[C@@H](O)[C@H](N)Cc4ccccc4)CC3)cc2)cc1Nc1nccc(-c2cccnc2)n1,5.0
Cc1cccc(NC(=O)c2ccc(-c3nn4c(c3C(N)=O)Nc3ccc(N5CCN(Cc6ccc7c(c6)C(C)(C)C(=O)N7C6CCC(=O)NC6=O)CC5)cc3CC4)c(F)c2C)n1,0.3031960574204888
O=C1CC[C@H](N2Cc3c(ccc4c3OCC43CCN(CC4CCC5(CCN(c6ccc([C@@H]7c8ccc(O)cc8CC[C@@H]7c7ccccc7)cc6)CC5)C4)CC3)C2=O)C(=O)N1,-0.8972233851165586
Cc1cccc(/C=N/Nc2cc(N3CCOCC3)nc(OCCc3ccc(NC(=O)CCCCC(=O)N[C@H](C(=O)N4C[C@H](O)C[C@H]4C(=O)NCc4ccc(-c5scnc5C)cc4)C(C)(C)C)cc3)n2)c1,0.1702617153949573
CC(C)(C)c1cc(NC(=O)Nc2ccc(-c3cn(CCCCc4cn(CCCCC(=O)Nc5cccc6c5CN(C5CCC(=O)NC5=O)C6=O)nn4)c4ncnc(N)c34)cc2)no1,1.884795363948981
COc1cc(N2CCN(C(=O)CNC(=O)CCCC(=O)Nc3cccc4c3C(=O)N(C3CCC(=O)NC3=O)C4=O)CC2)ccc1Nc1nc(Nc2ccccc2S(=O)(=O)C(C)C)c2nc[nH]c2n1,1.414973347970818
Cc1cc([C@H](C(=O)N2C[C@H](O)C[C@H]2C(=O)N[C@@H](C)c2ccc(-c3scnc3C#CCOCCOCCOCCNC(=O)C[C@@H]3N=C(c4ccc(Cl)cc4)c4c(sc(C)c4C)-n4c(C)nnc43)cc2)C(C)C)on1,1.2041199826559248
O=C1CC[C@H](N2Cc3c(ccc4c3OC[C@H]3CN(C(=O)CCCOc5ccc([C@@H]6c7ccc(O)cc7CC[C@@H]6c6ccccc6)cc5)CCN43)C2=O)C(=O)N1,-1.0
CC1(C)CCc2c(C(=O)Nc3cnn([C@@H](CCN4CCN(CCC5CN(c6ccc7c(c6)C(=O)N(C6CCC(=O)NC6=O)C7=O)C5)CC4)c4ccccc4)c3)n[nH]c2C1,2.1522883443830563
Cc1ncsc1-c1ccc(CNC(=O)[C@@H]2C[C@@H](O)CN2C(=O)[C@@H](NC(=O)CCCCCCCCCCOc2ccc3c(-c4ccc(C(=O)O)c(C5CCCC5)c4)ncnc3c2)C(C)(C)C)cc1,2.724275869600789
O=C1CCC(N2C(=O)c3ccc(N4CCN(C(=O)CN5CCN(c6ccc(Nc7ncc8ncc(=O)n(C9CCCC9)c8n7)cc6)CC5)CC4)cc3C2=O)C(=O)N1,0.9912260756924948
CC(=O)N1c2ccc(-c3ccc(C(=O)NCCOCCOCC(=O)N[C@H](C(=O)N4C[C@H](O)C[C@H]4C(=O)NCc4ccc(-c5scnc5C)cc4)C(C)(C)C)cc3)cc2[C@H](Nc2ccc(Cl)cc2)C[C@@H]1C,2.198657086954422
CNC(=O)c1ccccc1Nc1cc(Nc2ccc(N3CCN(CCC(=O)N[C@H](C(=O)N4C[C@H](O)C[C@H]4C(=O)N[C@@H](C)c4ccc(-c5scnc5C)cc4)C(C)(C)C)CC3)cc2OC)ncc1C(F)(F)F,1.599883072073688
CC1(C)CCc2c(C(=O)Nc3cnn([C@@H](CCN4CCN(CC5CN(c6ccc7c(c6)C(=O)N(C6CCC(=O)NC6=O)C7=O)C5)CC4)c4ccccc4)c3)n[nH]c2C1,1.0
CCOc1cc(-c2ccc(N3CCC(CN4CCN(C(=O)CCCN5CCN(c6ccc7c(c6)CN(C6CCC(=O)NC6=O)C7=O)CC5)CC4)(NC(=O)c4cc(F)ccc4F)CC3)nc2)c2c(C#N)cnn2c1,0.3424226808222063
Cc1nc(Nc2ncc(C(=O)Nc3c(C)cccc3Cl)s2)cc(N2CCN(CCCOc3ccc(/N=N/c4ccc(C(=O)Nc5cccc6c5CN(C5CCC(=O)NC5=O)C6=O)cc4)cc3)CC2)n1,2.0569048513364727
Cc1ncsc1-c1ccc(CNC(=O)[C@@H]2C[C@@H](O)CN2C(=O)[C@@H](NC(=O)COCCOCCC(F)(F)CCOc2cc(F)c([C@@H]3c4[nH]c5ccccc5c4C[C@@H](C)N3CC(C)(C)F)c(F)c2)C(C)(C)C)cc1,-0.0969100130080563
COc1cc(/C=C/C(=O)N2CCC=CC2=O)cc(OC)c1OCCOCCOCC(=O)N1CCC(C(=O)Nc2ncc(SCc3ncc(C(C)(C)C)o3)s2)CC1,1.4471580313422192
Cc1ncsc1-c1ccc(CNC(=O)[C@@H]2C[C@@H](O)CN2C(=O)[C@@H](NC(=O)CCOCCOCCOc2ccc(-c3cn4c(n3)CCC4)cc2CNC(=O)Cc2ccc(Cl)c(Cl)c2)C(C)(C)C)cc1,3.093421685162235
CC(C)C[C@H](NC(=O)[C@H](Cc1ccccc1)NC(=O)c1ccc(C(=O)NCCCCCNC(=O)COc2cccc3c2C(=O)N(C2CCC(=O)NC2=O)C3=O)cc1)B1OC2C[C@@H]3C[C@@H](C3(C)C)[C@]2(C)O1,3.767897616018091
Cc1ncsc1-c1ccc([C@H](C)NC(=O)[C@@H]2C[C@@H](O)CN2C(=O)[C@@H](c2cc(N3CCC(O[C@H]4C[C@H](Oc5cc(N6C7CCC6CN(c6cc(-c8ccccc8O)nnc6N)C7)ccn5)C4)CC3)no2)C(C)C)cc1,-0.8538719643217619
C[C@@H]1C[C@@H](O)c2ncnc(N3CCN(C(=O)[C@H](CNCCC(=O)NCCCCCCCCNc4cccc5c4C(=O)N(C4CCC(=O)NC4=O)C5=O)c4ccc(Cl)cc4)CC3)c21,1.505149978319906
COc1cc2c(Oc3ccc(NC(=O)C4(C(=O)Nc5ccc(F)cc5)CC4)cc3F)ccnc2cc1OCCCOCCOCCC(=O)N[C@H](C(=O)N1C[C@H](O)C[C@H]1C(=O)NCc1ccc(-c2scnc2C)cc1)C(C)(C)C,1.2741578492636798
CN[C@@H](C)C(=O)N[C@H](C(=O)N1CCC[C@H]1C(=O)N[C@H](C(=O)NCCOCCOCCOCC(=O)N1CCN(c2cc(Nc3ncc(C(=O)Nc4c(C)cccc4Cl)s3)nc(C)n2)CC1)C(c1ccccc1)c1ccccc1)C1CCCCC1,2.4771212547196626
O=C1CC[C@H](N2Cc3c(ccc4c3OC[C@H]3CN(CC(=O)N5CCC6(CC5)CN(c5ccc([C@@H]7c8ccc(O)cc8CC[C@@H]7c7ccccc7)cc5)C6)CCN43)C2=O)C(=O)N1,-1.0
Cc1cc(-c2nn3c(c2C(N)=O)Nc2ccc(N4CCN(CC5CCN(c6ccc(N7CCC(=O)NC7=O)cc6)CC5)CC4)cc2CC3)ccc1C(=O)Nc1cc(C(F)(F)F)ccn1,0.1643528557844371
COc1cc(N2CCN(CC3CCN(c4ccc5c(c4)C(=O)N([C@H]4CCC(=O)NC4=O)C5=O)CC3)CC2)ccc1Nc1ncc(Cl)c(Nc2ccccc2P(C)(C)=O)n1,1.3424226808222062
O=C(CCOCCOCCNc1cccc2c1C(=O)N(C1CCC(=O)NC1=O)C2=O)NCCCCN1CCN(c2ccc(-c3cnc(NCc4ccco4)n4cnnc34)cc2)CC1,3.6232492903979
O=C1CCC(N2C(=O)c3cc4c(cc3C2=O)CN(C2CCN(CC3CCN(c5ccc([C@@H]6c7ccc(O)cc7CC[C@@H]6c6ccccc6)cc5)CC3)CC2)C4)C(=O)N1,0.3617278360175928
C=CC(=O)Nc1cccc(-n2c(=O)cc(C)c3cnc(Nc4ccc(N5CCN(C(=O)CCCCCCCCCCC(=O)N[C@H](C(=O)N6C[C@H](O)C[C@H]6C(=O)NCc6ccc(-c7scnc7C)cc6)C(C)(C)C)CC5)cc4OC)nc32)c1,2.495405563146193
CCCCn1cc(-c2cc(F)c(O[C@H]3CCN(CC4CCN(C(=O)c5ccc(OC)c(N6CCC(=O)NC6=O)c5)CC4)C[C@@H]3F)c(F)c2)c2ccncc2c1=O,0.0
Cc1c(C(=O)Nc2cscn2)ccc(-c2nn3c(c2C(N)=O)Nc2ccc(N4CCN(CC5CCN(c6ccc(N7CCC(=O)NC7=O)cc6)CC5)CC4)cc2CC3)c1F,-0.4225082001627747
O=C1CCC(N2C(=O)c3ccc(N4CCC(CN5CCN(Cc6ccc(NC(=O)c7n[nH]cc7Nc7ncnc8[nH]ccc78)cc6)CC5)CC4)cc3C2=O)C(=O)N1,1.1034616220947049
Cc1ncsc1-c1ccc([C@H](C)NC(=O)C2C[C@@H](OC(=O)CCCSSCCCC(=O)OCC(=O)CC(=O)CC(=O)CC(=O)CC(=O)CC(=O)CC(=O)CC(=O)CC(=O)CC(=O)CC(=O)CC(=O)CC(=O)CC(=O)CC(=O)CC(=O)CC(=O)CC(=O)CC(=O)CC(=O)CC(=O)CC(=O)CC(=O)CC(=O)CC(=O)CC(=O)CC(=O)CC(=O)CC(=O)CC(=O)CC(=O)CC(=O)CC(=O)CC(=O)CC(=O)CC(=O)CC(=O)CC(=O)CC(=O)CC(=O)CC(=O)CC(=O)CC(=O)CC(=O)OC(C)C(=O)C(C)C(=O)C(C)C(=O)C(C)C(=O)C(C)C(=O)C(C)C(=O)C(C)C(=O)C(C)C(=O)C(C)C(=O)C(C)C(=O)C(C)C(=O)C(C)C(=O)C(C)C(=O)C(C)C(=O)C(C)C(=O)C(C)C(=O)C(C)C(=O)C(C)C(=O)C(C)C(=O)C(C)C(=O)C(C)C(=O)C(C)C(=O)C(C)C(=O)C(C)C(=O)C(C)C(=O)C(C)C(=O)C(C)C(=O)C(C)C(=O)C(C)C(=O)C(C)C(=O)C(C)C(=O)C(C)C(=O)C(C)C(=O)C(C)C(=O)C(C)C(=O)C(C)C(=O)C(C)C(=O)C(C)C(=O)C(C)C(=O)C(C)C(=O)C(C)C(=O)C(C)C(=O)C(C)C(=O)C(C)C(=O)OCCOCCOCCOCCOCCOCCOCCOCCOCCOCCOCCOCCOCCOCCOCCOCCOCCOCCOCCOCCOCCOCCOCCOCCOCCOCCOCCOCCOCCOCCOCCOCCOCCOCCOCCOCCOCCOCCOCCOCCOCCOCCOCCOCCOCCOCCOCCOCCOCCOCCOCCOCCOCCOCCOCCOCCOCCOCCOCCOCCOCCOCCOCCOCCOCCOCCOCCOCCOCCOCCOCCOCCOCCOCCOCCOCCOCCOCCOCCOCCOCCOCCOCCOCCOCCOCCOCCOCCOCCOCCOCCOCCOCCOCCOCCOCCOCCOCCOCCOCCOCCOCCOCCOCCOCCOCCOCCOCCOCCOCCOCCOCCOCCOCCNC(=O)CCN3C(=O)CC(SC[C@H](N)C(=O)N[C@@H](CCCNC(=N)N)C(=O)NCC(=O)N[C@@H](CC(=O)O)C(=O)N[C@@H](CCCCN)C(=O)O)C3=O)CN2C(=O)[C@@H](NC(=O)COCCCOCCNC(=O)C[C@@H]2N=C(c3ccc(Cl)cc3)c3c(sc(C)c3C)-n3c(C)nnc32)C(C)(C)C)cc1,2.146128035678238
CC/C(=C(\c1ccc(O)cc1)c1ccc(OCCN(C)C(=O)COCCOCCOCCOc2cccc(C(=O)c3csc([C@@H]4CCCN4C(=O)[C@@H](NC(=O)[C@H](C)NC)C4CCCCC4)n3)c2)cc1)c1ccccc1,0.4771212547196624
COc1cc(N2CCN(CCCCCCCC(=O)N[C@H](C(=O)N3C[C@H](O)C[C@H]3C(=O)N[C@@H](C)c3ccc(-c4scnc4C)cc3)C(C)(C)C)CC2)ccc1Nc1ncc(Cl)c(Nc2ccccc2P(C)(C)=O)n1,0.9030899869919436
Cc1sc2c(c1C)C(c1ccc(Cl)cc1)=N[C@@H](CC(=O)NCCCCCCCCC(=O)N[C@@H](CCCCN)C(=O)N[C@H]1CC(=O)NC1=O)c1nnc(C)n1-2,3.161368002234975
Cc1sc2c(c1C)C(c1ccc(Cl)cc1)=N[C@@H](CC(=O)NCCCCCCCCC(=O)N[C@@H](Cc1ccccc1)C(=O)N[C@H]1CCC(=O)NC1=O)c1nnc(C)n1-2,0.6989700043360189
CC(=O)N1CCc2c(c(-c3cccc4cc(-c5ccc(C(=O)NCCCCCc6cccc7c6CN(C6CCC(=O)NC6=O)C7=O)nc5)ncc34)nn2C2CCOCC2)C1,-0.6989700043360187
Cc1nc(Nc2ncc(C(=O)Nc3c(C)cccc3Cl)s2)cc(N2CCN(C(=O)COc3cccc4c3C(=O)N(C3CCC(=O)NC3=O)C4=O)CC2)n1,1.0453229787866574
CN(C)C(=O)c1cc2cnc(Nc3ccc(N4CCN(Cc5cn(CCCCCC(=O)Nc6cccc7c6C(=O)N(C6CCC(=O)NC6=O)C7=O)nn5)CC4)cn3)nc2n1C1CCCC1,1.9867717342662448
CNC(=O)c1cccc(Nc2cc(Nc3ccc(C(=O)NCCCCCCCCCC(=O)N[C@H](C(=O)N4C[C@H](O)C[C@H]4C(=O)NCc4ccc(-c5scnc5C)cc4)C(C)(C)C)cn3)ncc2C(N)=O)c1OC,1.3617278360175928
COc1cc(N2CCC(N3CCN(CC4CN(c5cccc6c5C(=O)N(C5CCC(=O)NC5=O)C6=O)C4)CC3)CC2)ccc1Nc1ncc(Cl)c(Nc2ccccc2P(C)(C)=O)n1,1.7481880270062005
Cc1sc2c(c1C)C(c1ccc(Cl)cc1)=N[C@@H](CC(=O)NCCCCCCCCC(=O)N[C@@H](CO)C(=O)N[C@H]1CC(=O)NC1=O)c1nnc(C)n1-2,1.9590413923210936
COc1cc(C2CCN(CCCCCC#Cc3cccc4c3CN(C3CCC(=O)NC3=O)C4=O)CC2)c(C)cc1Nc1ncc(Cl)c(Nc2ccccc2S(=O)(=O)C(C)C)n1,0.8573324964312685
Cc1cccc(CN2C(=O)c3cc(-c4nc(Nc5ccnc(CCNC(=O)CCCCCCCCCCCCC(=O)N[C@H](C(=O)N6C[C@H](O)C[C@H]6C(=O)N[C@@H](C)c6ccc(-c7scnc7C)cc6)C(C)(C)C)c5)ncc4C)cn3C[C@H]2C)n1,2.4869968884318228
Cc1sc2c(c1C)C(c1ccc(Cl)cc1)=N[C@@H](CC(=O)NCCOCCOCCNC(=O)COc1ccc(CNC(=O)/C(C#N)=C/c3ccc4ccccc4c3)cc1)c1nnc(C)n1-2,2.598133645813238
CCS(=O)(=O)n1cc(-c2nc(Nc3ccc(N4CCN(CCCCCCC(=O)Nc5cccc6c5CN(C5CCC(=O)NC5=O)C6=O)CC4)cc3)ncc2C(F)(F)F)c2ccccc21,1.0086001717619175
Cc1ncsc1-c1ccc(CNC(=O)[C@@H]2C[C@@H](O)CN2C(=O)[C@@H](NC(=O)COCCc2cc(O)cc(OCCNC(=O)c3cc4c(cc3CS(C)(=O)=O)-c3cn(C)c(=O)c5[nH]cc(c35)CN4c3ncc(F)cc3F)c2)C(C)(C)C)cc1,0.146128035678238
O=C1CCC(N2C(=O)c3cc4c(cc3C2=O)CN(CC(=O)N2CCC3(CC2)CCN(c2ccc([C@@H]5c6ccc(O)cc6CC[C@@H]5c5ccccc5)cc2)C3)C4)C(=O)N1,1.255272505103306
O=C1CCC(N2C(=O)c3cccc(OCCCCCn4cc(CCCCN5CCC(NC(=O)c6[nH]ncc6NC(=O)c6c(Cl)cccc6Cl)CC5)nn4)c3C2=O)C(=O)N1,2.113943352306837
Cc1ncsc1-c1ccc(CNC(=O)[C@@H]2C[C@@H](O)CN2C(=O)[C@@H](NC(=O)COCCOCCOCCNC(=O)c2cc3c(cc2CS(C)(=O)=O)-c2cn(C)c(=O)c4[nH]cc(c24)CN3c2ncc(F)cc2F)C(C)(C)C)cc1,0.8750612633917001
Cc1noc(C)c1-c1ccc2c(c1)nc([C@@H]1CCCC(=O)N1c1ccc(F)c(F)c1)n2[C@H]1CC[C@H](OCC(=O)NC2CCN(c3ccc4c(c3)C(=O)N(C3CCC(=O)NC3=O)C4=O)CC2)CC1,1.9095560292411755
Cc1cc(-c2c[nH]c3ncc(-c4ccc(N5CCN(C6CN(c7ccc8c(c7)C(=O)N(C7CCC(=O)NC7=O)C8=O)C6)CC5)cc4)nc23)ccc1C(=O)N(C)C,1.4502491083193612
Cc1c(C(=O)Nc2ccn(C)n2)ccc(-c2nn3c(c2C(N)=O)Nc2ccc(N4CCN(CC5CCN(c6ccc(N7CCC(=O)NC7=O)cc6)CC5)CC4)cc2CC3)c1F,0.6127838567197355
COc1cc(N2CCN(C(=O)OCC(=O)N[C@H](C(=O)N3C[C@H](O)C[C@H]3C(=O)NCc3ccc(-c4scnc4C)cc3)C(C)(C)C)CC2)ccc1NC(=O)c1cccc(-c2ccn[nH]2)n1,1.2041199826559248
COc1cc(-c2cn(C)c(=O)c3cnc(C)cc23)cc(OC)c1C(=O)N1CCC2(CCC(CN3Cc4cc5c(cc4C3)C(=O)N(C3CCC(=O)NC3=O)C5=O)CC2)CC1,1.9242792860618816
COC(=O)C[C@@H]1N=C(c2ccc(Cl)cc2)c2c(sc(C(=O)NCCCCCNc3cccc4c3C(=O)N(C3CCC(=O)NC3=O)C4=O)c2C)-n2c(C)nnc21,0.6989700043360189
O=C1CCC(N2C(=O)c3cccc(OCCOCCOCCOCCNC(=O)[C@]4(Cc5cccc(Nc6nccs6)n5)CC[C@@H](Oc5cccc(Cl)c5F)CC4)c3C2=O)C(=O)N1,0.5910646070264992
C[C@@H]1Cc2c(ccc3[nH]ncc23)[C@@H](c2c(F)cc(N3CCC4(CCN(C(=O)CN5Cc6cc7c(cc6C5)C(=O)N(C5CCC(=O)NC5=O)C7=O)CC4)CC3)cc2F)N1CC(F)(F)F,0.3010299956639812
CC(C)S(=O)(=O)c1ccccc1Nc1nc(Nc2ccc(N3CCN(CC(=O)Nc4cccc5c4C(=O)N(C4CCC(=O)NC4=O)C5=O)CC3)cc2)nc2[nH]cnc12,2.311753861055754
Cc1sc2c(c1C)C(c1ccc(Cl)cc1)=N[C@@H](CC(=O)NCCCCCCCCC(=O)N[C@@H](Cc1ccccc1)C(=O)N[C@H]1CC(=O)NC1=O)c1nnc(C)n1-2,0.8450980400142568
