smiles,logDC50,dmax
COc1cc(-c2cn(C)c(=O)c3cnccc23)cc(OC)c1CN1CCN(CCOCCOCCOc2cc(-c3scnc3C)ccc2CNC(=O)[C@@H]2C[C@@H](O)CN2C(=O)[C@@H](NC(=O)C2(F)CC2)C(C)(C)C)CC1,2.7481880270062002,80.0
COc1cc(-c2cn(C)c(=O)c3cnccc23)cc(OC)c1CN1CCN(CCCCCOc2cc(-c3scnc3C)ccc2CNC(=O)[C@@H]2C[C@@H](O)CN2C(=O)[C@@H](NC(=O)C2(F)CC2)C(C)(C)C)CC1,0.24551266781414982,95.0
COc1cc(-c2cn(C)c(=O)c3cnccc23)cc(OC)c1CN1CCN(CCCCCOc2cc(-c3scnc3C)ccc2CNC(=O)[C@@H]2C[C@@H](O)CN2C(=O)[C@@H](NC(=O)C2(F)CC2)C(C)(C)C)CC1,0.6532125137753437,95.0
Cc1ncsc1-c1ccc(CNC(=O)[C@@H]2C[C@@H](O)CN2C(=O)[C@@H](NC(=O)COCc2cn(CCNC(=O)C[C@@H]3N=C(c4ccc(Cl)cc4)c4c(sc(C)c4C)-n4c(C)nnc43)nn2)C(C)(C)C)cc1,2.714329759745233,91.0
Cc1ncsc1-c1ccc(CNC(=O)[C@@H]2C[C@@H](O)CN2C(=O)[C@@H](NC(=O)COCCOCc2cn(CCNC(=O)C[C@@H]3N=C(c4ccc(Cl)cc4)c4c(sc(C)c4C)-n4c(C)nnc43)nn2)C(C)(C)C)cc1,2.8609366207000937,78.0
Cc1ncsc1-c1ccc(CNC(=O)[C@@H]2C[C@@H](O)CN2C(=O)[C@@H](NC(=O)COCCOCCOCc2cn(CCNC(=O)C[C@@H]3N=C(c4ccc(Cl)cc4)c4c(sc(C)c4C)-n4c(C)nnc43)nn2)C(C)(C)C)cc1,3.3541084391474008,69.0
Cc1nnc2n1-c1sc(C#Cc3cnn(CCNc4cccc5c4C(=O)N(C4CCC(=O)NC4=O)C5=O)c3)c(Cc3ccccc3)c1COC2,-0.3010299956639812,99.0
Cc1nnc2n1-c1sc(C#Cc3cnn(CCNc4cccc5c4C(=O)N(C4CCC(=O)NC4=O)C5=O)c3)c(Cc3ccccc3)c1COC2,-0.3010299956639812,98.0
Cc1nnc2n1-c1sc(C#Cc3cnn(CCNc4cccc5c4C(=O)N(C4CCC(=O)NC4=O)C5=O)c3)c(Cc3ccccc3)c1COC2,-0.6989700043360187,98.0
Cc1ncsc1-c1ccc(CNC(=O)[C@@H]2C[C@@H](O)CN2C(=O)[C@@H](NC(=O)COCCOCCOCCNc2cccc3c2C(=O)N(C2CCC(=O)NC2=O)C3=O)C(C)(C)C)cc1,2.5656117249020585,85.1
COc1cc2c(Oc3ccc(NC(=O)C4(C(=O)Nc5ccc(F)cc5)CC4)cc3F)ccnc2cc1OCCOCCOCCC(=O)N[C@H](C(=O)N1C[C@H](O)C[C@H]1C(=O)NCc1ccc(-c2scnc2C)cc1)C(C)(C)C,1.6031443726201824,92.6
COc1cc2c(Oc3ccc(NC(=O)C4(C(=O)Nc5ccc(F)cc5)CC4)cc3F)ccnc2cc1OCCOCCOCCC(=O)N[C@H](C(=O)N1C[C@H](O)C[C@H]1C(=O)NCc1ccc(-c2scnc2C)cc1)C(C)(C)C,1.7109631189952756,81.8
COc1cc2c(Oc3ccc(NC(=O)C4(C(=O)Nc5ccc(F)cc5)CC4)cc3F)ccnc2cc1OCCCOCCOCCC(=O)N[C@H](C(=O)N1C[C@H](O)C[C@H]1C(=O)NCc1ccc(-c2scnc2C)cc1)C(C)(C)C,1.2741578492636798,99.4
COc1cc2c(Oc3ccc(NC(=O)C4(C(=O)Nc5ccc(F)cc5)CC4)cc3F)ccnc2cc1OCCCOCCOCCC(=O)N[C@H](C(=O)N1C[C@H](O)C[C@H]1C(=O)NCc1ccc(-c2scnc2C)cc1)C(C)(C)C,1.9623693356700211,96.7
COc1cc2c(Oc3ccc(NC(=O)C4(C(=O)Nc5ccc(F)cc5)CC4)cc3F)ccnc2cc1OCCCOCCCOCCC(=O)N[C@H](C(=O)N1C[C@H](O)C[C@H]1C(=O)NCc1ccc(-c2scnc2C)cc1)C(C)(C)C,2.361727836017593,90.1
COc1cc2c(Oc3ccc(NC(=O)C4(C(=O)Nc5ccc(F)cc5)CC4)cc3F)ccnc2cc1OCCCOCCCOCCC(=O)N[C@H](C(=O)N1C[C@H](O)C[C@H]1C(=O)NCc1ccc(-c2scnc2C)cc1)C(C)(C)C,2.322219294733919,91.0
COc1cc2c(Oc3ccc(NC(=O)C4(C(=O)Nc5ccc(F)cc5)CC4)cc3F)ccnc2cc1OCCCOCCCOCCC(=O)N[C@H](C(=O)N1C[C@H](O)C[C@H]1C(=O)NCc1ccc(-c2scnc2C)cc1)C(C)(C)C,2.6589648426644352,54.3
COc1cc2c(Oc3ccc(NC(=O)C4(C(=O)Nc5ccc(F)cc5)CC4)cc3F)ccnc2cc1OCCCCOCCCCOCC(=O)N[C@H](C(=O)N1C[C@H](O)C[C@H]1C(=O)NCc1ccc(-c2scnc2C)cc1)C(C)(C)C,0.9777236052888477,99.6
COc1cc2c(Oc3ccc(NC(=O)C4(C(=O)Nc5ccc(F)cc5)CC4)cc3F)ccnc2cc1OCCCCOCCCCOCC(=O)N[C@H](C(=O)N1C[C@H](O)C[C@H]1C(=O)NCc1ccc(-c2scnc2C)cc1)C(C)(C)C,3.0644579892269186,25.1
COc1cc2c(Oc3ccc(NC(=O)C4(C(=O)Nc5ccc(F)cc5)CC4)cc3F)ccnc2cc1OCCOCCOCCOc1cc(-c2scnc2C)ccc1CNC(=O)[C@@H]1C[C@@H](O)CN1C(=O)[C@H](C(C)C)N1Cc2ccccc2C1=O,1.6618126855372612,34.5
COc1cc2c(Oc3ccc(NC(=O)C4(C(=O)Nc5ccc(F)cc5)CC4)cc3F)ccnc2cc1OCCOCCOCCOc1cc(-c2scnc2C)ccc1CNC(=O)[C@@H]1C[C@@H](O)CN1C(=O)[C@H](C(C)C)N1Cc2ccccc2C1=O,1.8987251815894934,98.4
COc1cc2c(Oc3ccc(NC(=O)C4(C(=O)Nc5ccc(F)cc5)CC4)cc3F)ccnc2cc1OCCCCOCCCCOc1cc(-c2scnc2C)ccc1CNC(=O)[C@@H]1C[C@@H](O)CN1C(=O)[C@H](C(C)C)N1Cc2ccccc2C1=O,2.103803720955957,25.3
COc1cc2c(Oc3ccc(NC(=O)C4(C(=O)Nc5ccc(F)cc5)CC4)cc3F)ccnc2cc1OCCCCOCCCCOc1cc(-c2scnc2C)ccc1CNC(=O)[C@@H]1C[C@@H](O)CN1C(=O)[C@H](C(C)C)N1Cc2ccccc2C1=O,2.0253058652647704,43.5
COc1cc2c(Oc3ccc(NC(=O)C4(C(=O)Nc5ccc(F)cc5)CC4)cc3F)ccnc2cc1OCCCOCCOCCCOc1cc(-c2scnc2C)ccc1CNC(=O)[C@@H]1C[C@@H](O)CN1C(=O)[C@H](C(C)C)N1Cc2ccccc2C1=O,2.8808135922807914,16.8
COc1cc2c(Oc3ccc(NC(=O)C4(C(=O)Nc5ccc(F)cc5)CC4)cc3F)ccnc2cc1OCCCOCCOCCCOc1cc(-c2scnc2C)ccc1CNC(=O)[C@@H]1C[C@@H](O)CN1C(=O)[C@H](C(C)C)N1Cc2ccccc2C1=O,3.2764618041732443,78.7
COc1cc2c(Oc3ccc(NC(=O)C4(C(=O)Nc5ccc(F)cc5)CC4)cc3F)ccnc2cc1OCCCOCCCOCCCOc1cc(-c2scnc2C)ccc1CNC(=O)[C@@H]1C[C@@H](O)CN1C(=O)[C@H](C(C)C)N1Cc2ccccc2C1=O,2.482873583608754,19.9
COc1cc2c(Oc3ccc(NC(=O)C4(C(=O)Nc5ccc(F)cc5)CC4)cc3F)ccnc2cc1OCCCOCCCOCCCOc1cc(-c2scnc2C)ccc1CNC(=O)[C@@H]1C[C@@H](O)CN1C(=O)[C@H](C(C)C)N1Cc2ccccc2C1=O,3.0569048513364727,33.5
Cc1ncsc1-c1ccc(CNC(=O)[C@@H]2C[C@@H](O)CN2C(=O)[C@@H](NC(=O)COCCCCOCCCOc2ccc(NC(=O)C[C@@H]3N=C(c4ccc(Cl)cc4)c4c(sc(C)c4C)-n4c(C)nnc43)cc2)C(C)(C)C)cc1,1.3636119798921444,89.0
O=C(CCCCCCC(=O)N/N=C/c1ccc(OCCOCCOCCn2cc(CNc3cccc4c3C(=O)N(C3CCC(=O)NC3=O)C4=O)nn2)cc1)NO,1.5314789170422551,70.5
O=C(CCCCCCC(=O)N/N=C/c1ccc(OCCOCCOCCn2cc(CNc3cccc4c3C(=O)N(C3CCC(=O)NC3=O)C4=O)nn2)cc1)NO,0.9599948383284161,84.07
Cc1ncsc1-c1ccc(CNC(=O)[C@@H]2C[C@@H](O)CN2C(=O)[C@@H](NC(=O)COCCCOCCCCCOc2ccc(N3C(=S)N(c4ccc(C#N)c(C(F)(F)F)c4)C(=O)C3(C)C)cc2)C(C)(C)C)cc1,1.1760912590556813,76.0
Cc1ncsc1-c1ccc(CNC(=O)[C@@H]2C[C@@H](O)CN2C(=O)[C@@H](NC(=O)COCCCCOc2ccc(-c3ccc(N4C(=S)N(c5ccc(C#N)c(C(F)(F)F)c5)C(=O)C4(C)C)cc3)cc2)C(C)(C)C)cc1,0.6989700043360189,98.0
Cc1ncsc1-c1ccc(CNC(=O)[C@@H]2C[C@@H](O)CN2C(=O)[C@@H](NC(=O)COCCOc2ccc(Nc3ncc(C(F)(F)F)c(NCc4cccc(N(C)S(C)(=O)=O)c4)n3)cc2)C(C)(C)C)cc1,1.3654879848908996,99.0
Cc1ncsc1-c1ccc(CNC(=O)[C@@H]2C[C@@H](O)CN2C(=O)[C@@H](NC(=O)COCCCOc2ccc(Nc3ncc(C(F)(F)F)c(NCc4cccc(N(C)S(C)(=O)=O)c4)n3)cc2)C(C)(C)C)cc1,0.8808135922807914,99.0
Cc1ncsc1-c1ccc(CNC(=O)[C@@H]2C[C@@H](O)CN2C(=O)[C@@H](NC(=O)CCOCCOc2ccc(Nc3ncc(C(F)(F)F)c(NCc4cccc(N(C)S(C)(=O)=O)c4)n3)cc2)C(C)(C)C)cc1,0.47712125471966244,99.0
Cc1ncsc1-c1ccc(CNC(=O)[C@@H]2C[C@@H](O)CN2C(=O)[C@@H](NC(=O)CCOCCCOc2ccc(Nc3ncc(C(F)(F)F)c(NCc4cccc(N(C)S(C)(=O)=O)c4)n3)cc2)C(C)(C)C)cc1,0.6020599913279624,99.0
Cc1ncsc1-c1ccc(CNC(=O)[C@@H]2C[C@@H](O)CN2C(=O)[C@@H](NC(=O)CCOCCOCCOCCOCCOc2ccc(Nc3ncc(C(F)(F)F)c(NCc4cccc(N(C)S(C)(=O)=O)c4)n3)cc2)C(C)(C)C)cc1,1.6821450763738317,91.0
CN(c1cccc(CNc2nc(Nc3ccc(OCCCOCCC(=O)NCCOc4cccc5c4C(=O)N(C4CCC(=O)NC4=O)C5=O)cc3)ncc2C(F)(F)F)c1)S(C)(=O)=O,0.9138138523837167,98.0
CN(c1cccc(CNc2nc(Nc3ccc(OCCOCCOCCC(=O)NCCOc4cccc5c4C(=O)N(C4CCC(=O)NC4=O)C5=O)cc3)ncc2C(F)(F)F)c1)S(C)(=O)=O,1.4265112613645752,99.0
Cc1ncsc1-c1ccc(CNC(=O)[C@@H]2C[C@@H](O)CN2C(=O)[C@@H](NC(=O)CCCCCOCCCCOCCCCOc2cc3ncnc(Nc4ccc(F)c(Cl)c4)c3cc2NC(=O)/C=C/CN(C)C)C(C)(C)C)cc1,2.334051440346892,79.1
Nc1ncnc2c1c(-c1ccc(Oc3ccccc3)cc1)nn2C1CCN(CCCCOCCCCOCC(=O)Nc2cccc3c2C(=O)N(C2CCC(=O)NC2=O)C3=O)CC1,1.9547247909790628,93.0
Nc1ncnc2c1c(-c1ccc(Oc3ccccc3)cc1)nn2C1CCN(CCCOCCCOCCC(=O)Nc2cccc3c2C(=O)N(C2CCC(=O)NC2=O)C3=O)CC1,1.8344207036815325,95.0
Nc1ncnc2c1c(-c1ccc(Oc3ccccc3)cc1)nn2C1CCN(CCOCCOCC(=O)Nc2ccc3c(c2)C(=O)N(C2CCC(=O)NC2=O)C3=O)CC1,0.7923916894982539,99.0
COc1cc2c(Oc3ccc(NC(=O)C4(C(=O)Nc5ccc(F)cc5)CC4)cc3F)ccnc2cc1OCCCOCCCOCCC(=O)NCCOc1cccc2c1C(=O)N(C1CCC(=O)NC1=O)C2=O,1.4313637641589874,91.0
Cc1sc2c(c1C)C(c1ccc(Cl)cc1)=N[C@@H](CC(=O)Nc1ccc(OCCOCCOCCOCCNc3cccc4c3C(=O)N(C3CCC(=O)NC3=O)C4=O)cc1)c1nnc(C)n1-2,0.7781512503836436,83.0
Cc1sc2c(c1C)C(c1ccc(Cl)cc1)=N[C@@H](CC(=O)Nc1ccc(OCCOCCOCCOCCNc3cccc4c3C(=O)N(C3CCC(=O)NC3=O)C4=O)cc1)c1nnc(C)n1-2,-0.09691001300805639,98.0
COc1cc(/C=C2\SC(=O)N(CCOCCC(=O)N[C@H](C(=O)N3C[C@H](O)C[C@H]3C(=O)NCc3ccc(-c4scnc4C)cc3)C(C)(C)C)C2=O)ccc1Oc1ccc(C#N)cc1C(F)(F)F,2.0,86.0
Cc1ncsc1-c1ccc(CNC(=O)[C@@H]2C[C@@H](O)CN2C(=O)[C@@H](NC(=O)COCCOCCOCCNC(=O)C[C@@H]2N=C(c3ccc(Cl)cc3)c3c(sc(C)c3C)-n3c(C)nnc32)C(C)(C)C)cc1,1.6020599913279625,98.0
Cc1ncsc1-c1ccc(CNC(=O)[C@@H]2C[C@@H](O)CN2C(=O)[C@@H](NC(=O)COCCOCCOCCNC(=O)C[C@@H]2N=C(c3ccc(Cl)cc3)c3c(sc(C)c3C)-n3c(C)nnc32)C(C)(C)C)cc1,2.0,100.0
Cc1ncsc1-c1ccc(CNC(=O)[C@@H]2C[C@@H](O)CN2C(=O)[C@@H](NC(=O)COCCOCCOCCNC(=O)C[C@@H]2N=C(c3ccc(Cl)cc3)c3c(sc(C)c3C)-n3c(C)nnc32)C(C)(C)C)cc1,1.6020599913279625,98.0
Cc1ncsc1-c1ccc(CNC(=O)[C@@H]2C[C@@H](O)CN2C(=O)[C@@H](NC(=O)COCCOCCOCCNC(=O)C[C@@H]2N=C(c3ccc(Cl)cc3)c3c(sc(C)c3C)-n3c(C)nnc32)C(C)(C)C)cc1,2.3979400086720375,100.0
Cc1ncsc1-c1ccc(CNC(=O)[C@@H]2C[C@@H](O)CN2C(=O)[C@@H](NC(=O)COCCOCCOCCOCCNC(=O)C[C@@H]2N=C(c3ccc(Cl)cc3)c3c(sc(C)c3C)-n3c(C)nnc32)C(C)(C)C)cc1,2.3010299956639813,97.0
Cc1ncsc1-c1ccc(CNC(=O)[C@@H]2C[C@@H](O)CN2C(=O)[C@@H](NC(=O)COCCOCCOCCOCCNC(=O)C[C@@H]2N=C(c3ccc(Cl)cc3)c3c(sc(C)c3C)-n3c(C)nnc32)C(C)(C)C)cc1,2.499687082618404,99.0
Cc1sc2c(c1C)C(c1ccc(Cl)cc1)=N[C@@H](CC(=O)NCCCCCCCCNC(=O)COc1cccc3c1C(=O)N(C1CCC(=O)NC1=O)C3=O)c1nnc(C)n1-2,0.7781512503836436,97.0
Cc1sc2c(c1C)C(c1ccc(Cl)cc1)=N[C@@H](CC(=O)NCCCCCCCCNC(=O)COc1cccc3c1C(=O)N(C1CCC(=O)NC1=O)C3=O)c1nnc(C)n1-2,1.1760912590556813,90.0
Cc1sc2c(c1C)C(c1ccc(Cl)cc1)=N[C@@H](CC(=O)NCCCCCCCCNC(=O)COc1cccc3c1C(=O)N(C1CCC(=O)NC1=O)C3=O)c1nnc(C)n1-2,1.146128035678238,91.0
Cc1cc(Nc2ncc(Cl)c(Nc3ccccc3S(=O)(=O)C(C)C)n2)c(OC(C)C)cc1C1CCN(CCOCCOCCNC(=O)CNc2cccc3c2C(=O)N(C2CCC(=O)NC2=O)C3=O)CC1,2.4608978427565478,87.0
CCOc1cc(C(C)(C)C)ccc1C1=N[C@@H](c2ccc(Cl)cc2)[C@@H](c2ccc(Cl)cc2)N1C(=O)N1CCN(CC#Cc2cccc3c2CN(C2CCC(=O)NC2=O)C3=O)CC1,1.3617278360175928,90.0
O=C1CCC(N2Cc3c(NC(=O)CCCCCCCN4CCN(c5ccc(Nc6cc7c(N8CCC(CO)CC8)nc(Nc8ccc(F)cc8)nc7cn6)nc5)CC4)cccc3C2=O)C(=O)N1,1.655138434811382,87.0
O=C1CCC(N2C(=O)c3cccc(NCCOCCOCCOCCOCCNC(=O)c4ccc(CN(CC5CCNCC5)S(=O)(=O)c5ccc(S(=O)(=O)N(Cc6ccc(Cl)cc6)C6CCCC6)cc5)cc4)c3C2=O)C(=O)N1,1.6812412373755872,83.4
CC(=O)c1c(C)c2cnc(Nc3ccc(N4CCN(CCOCCOCCNC(=O)CNc5cccc6c5C(=O)N(C5CCC(=O)NC5=O)C6=O)CC4)cn3)nc2n(C2CCCC2)c1=O,1.3010299956639813,72.0
CC(=O)c1c(C)c2cnc(Nc3ccc(N4CCN(CCOCCOCCNC(=O)CNc5cccc6c5C(=O)N(C5CCC(=O)NC5=O)C6=O)CC4)cn3)nc2n(C2CCCC2)c1=O,0.6020599913279624,95.0
Cc1ncsc1-c1ccc(CNC(=O)[C@@H]2C[C@@H](O)CN2C(=O)[C@@H](NC(=O)COCCOCCN2CCC(n3nc(-c4ccc(Oc5ccccc5)cc4)c4c(N)ncnc43)CC2)C(C)(C)C)cc1,2.5728716022004803,49.0
Cc1ncsc1-c1ccc(CNC(=O)[C@@H]2C[C@@H](O)CN2C(=O)[C@H](C(C)C)N2Cc3ccccc3C2=O)c(OCCCCOCCCCN2CCC(n3nc(-c4ccc(Oc5ccccc5)cc4)c4c(N)ncnc43)CC2)c1,2.2095150145426308,50.0
Nc1ncnc2c1c(-c1ccc(Oc3ccccc3)cc1)nn2C1CCN(CCOCCOCCOc2ccc3c(c2)C(=O)N(C2CCC(=O)NC2=O)C3=O)CC1,0.919078092376074,91.0
Cc1ncsc1-c1ccc(CNC(=O)[C@@H]2C[C@@H](O)CN2C(=O)[C@@H](NC(=O)C2(F)CC2)C(C)(C)C)c(OCCOCCOCCN2CCN(c3cc(-c4ccccc4O)nnc3N)CC2)c1,2.4771212547196626,65.0
Cc1ncsc1-c1ccc(CNC(=O)[C@@H]2C[C@@H](O)CN2C(=O)[C@@H](NC(=O)C2(F)CC2)C(C)(C)C)c(OCCOCCOCCN2CCN(c3cc(-c4ccccc4O)nnc3N)CC2)c1,2.3979400086720375,70.0
Cc1ncsc1-c1ccc(CNC(=O)[C@@H]2C[C@@H](O)CN2C(=O)[C@@H](NC(=O)C2(F)CC2)C(C)(C)C)c(OCCc2ccc(CN3CCN(c4cc(-c5ccccc5O)nnc4N)CC3)cc2)c1,2.3443922736851106,53.0
Cc1ncsc1-c1ccc([C@H](C)NC(=O)[C@@H]2C[C@@H](O)CN2C(=O)[C@@H](NC(=O)CCCOc2ccc(/C=N/NC(=O)c3ccc(Oc4c(-c5ccc(O)cc5)sc5cc(O)ccc45)cc3)cc2)C(C)(C)C)cc1,0.7160033436347992,75.0
Cc1ncsc1-c1ccc([C@H](C)NC(=O)[C@@H]2C[C@@H](O)CN2C(=O)[C@@H](NC(=O)CCCCOc2ccc(CCNC(=O)c3ccc(C(=O)c4c(-c5ccc(O)cc5)sc5cc(O)ccc45)cc3)cc2)C(C)(C)C)cc1,0.04139268515822507,98.0
Cc1ncsc1-c1ccc(CNC(=O)[C@@H]2C[C@@H](O)CN2C(=O)[C@@H](NC(=O)CCCNC(=O)c2ccc(-c3cnc(NCc4ccco4)n4cnnc34)cc2)C(C)(C)C)cc1,2.785329835010767,94.0
Cc1ncsc1-c1ccc(CNC(=O)[C@@H]2C[C@@H](O)CN2C(=O)[C@@H](NC(=O)CCCNC(=O)c2ccc(-c3cnc(NCc4ccco4)n4cnnc34)cc2)C(C)(C)C)cc1,2.8260748027008264,96.0
Cc1ncsc1-c1ccc(CNC(=O)[C@@H]2C[C@@H](O)CN2C(=O)[C@@H](NC(=O)COCCNC(=O)c2cccc(-c3cc(Nc4ccc(OC(F)(F)F)cc4)ncn3)c2)C(C)(C)C)cc1,3.3010299956639813,85.0
Cc1ncsc1-c1ccc(CNC(=O)[C@@H]2C[C@@H](O)CN2C(=O)[C@@H](NC(=O)COCCOc2ccc(-c3cc(Nc4ccc(OC(F)(F)F)cc4)ncn3)cc2)C(C)(C)C)cc1,2.531478917042255,95.0
CN[C@@H](C)C(=O)N[C@H](C(=O)N1CCC[C@H]1c1nc(C(=O)c2ccc(F)cc2)cs1)C1CCN(C(=O)c2cnc(N3CCN(CCOc4cc5ncnc(Nc6n[nH]c(C)c6C)c5cc4S(=O)(=O)C(C)(C)C)CC3)nc2)CC1,1.100370545117563,69.2
CN[C@@H](C)C(=O)N[C@H](C(=O)N1C[C@@H](NC(=O)c2cnc(N3CCN(CCCOc4cc5ncnc(Nc6n[nH]c(C)c6C)c5cc4S(=O)(=O)C(C)(C)C)CC3)cn2)C[C@H]1C(=O)Nc1c(F)cccc1F)C(C)(C)C,-0.3979400086720376,94.3
Cc1ncsc1-c1ccc(CNC(=O)[C@@H]2C[C@@H](O)CN2C(=O)[C@@H](NC(=O)CCCCCCCCNc2cccc3c2C(=O)N(C2CCC(=O)NC2=O)C3=O)C(C)(C)C)cc1,1.6483600109809315,97.1
Cc1ncsc1-c1ccc(CNC(=O)[C@@H]2C[C@@H](O)CN2C(=O)[C@@H](NC(=O)CCCCCCCCCCNc2cccc3c2C(=O)N(C2CCC(=O)NC2=O)C3=O)C(C)(C)C)cc1,1.3096301674258988,99.6
Cc1ncsc1-c1ccc(CNC(=O)[C@@H]2C[C@@H](O)CN2C(=O)[C@@H](NC(=O)CCCCCCCCCCNC(=O)CNc2cccc3c2C(=O)N(C2CCC(=O)NC2=O)C3=O)C(C)(C)C)cc1,1.4593924877592308,98.4
Cc1ncsc1-c1ccc(CNC(=O)[C@@H]2C[C@@H](O)CN2C(=O)[C@@H](NC(=O)CCCCCCCCCCNC(=O)COc2cccc3c2C(=O)N(C2CCC(=O)NC2=O)C3=O)C(C)(C)C)cc1,2.5654936298688624,82.0
Cc1ncsc1-c1ccc(CNC(=O)[C@@H]2C[C@@H](O)CN2C(=O)[C@@H](NC(=O)CCCCCC(=O)Nc2cccc3c2C(=O)N(C2CCC(=O)NC2=O)C3=O)C(C)(C)C)cc1,3.405875456896316,77.9
CCCS(=O)(=O)Nc1ccc(F)c(-n2cc(-c3cncnc3)c3nc(N(C)C4CCN(C(=O)CCOCCOCCOCCNc5cccc6c5C(=O)N(C5CCC(=O)NC5=O)C6=O)CC4)ccc32)c1F,2.0,65.0
CCCS(=O)(=O)Nc1ccc(F)c(-n2cc(-c3cncnc3)c3nc(N(C)C4CCN(C(=O)CCOCCOCCOCCOCCNc5cccc6c5C(=O)N(C5CCC(=O)NC5=O)C6=O)CC4)ccc32)c1F,1.1760912590556813,82.0
CCCS(=O)(=O)Nc1ccc(F)c(-n2cc(-c3cncnc3)c3nc(N(C)C4CCN(C(=O)CCOCCOCCOCCOCCOCCNc5cccc6c5C(=O)N(C5CCC(=O)NC5=O)C6=O)CC4)ccc32)c1F,1.845098040014257,82.0
CCCS(=O)(=O)Nc1ccc(F)c(-n2cc(-c3cncnc3)c3nc(N(C)C4CCN(C(=O)CCOCCOCCOCCOCCC(=O)N[C@H](C(=O)N5C[C@H](O)C[C@H]5C(=O)NCc5ccc(-c6scnc6C)cc5)C(C)(C)C)CC4)ccc32)c1F,2.0,40.0
CCCCN(Cc1ccc(C(=O)NO)cc1)C(=O)Nc1ccc(OCCCCCn2cc(CNc3cccc4c3C(=O)N(C3CCC(=O)NC3=O)C4=O)nn2)cc1,0.21484384804769785,86.26
CCCCN(Cc1ccc(C(=O)NO)cc1)C(=O)Nc1ccc(OCCn2cc(CCCNc3cccc4c3C(=O)N(C3CCC(=O)NC3=O)C4=O)nn2)cc1,0.40483371661993806,86.3
CCCCN(Cc1ccc(C(=O)NO)cc1)C(=O)Nc1ccc(OCCCCCCCCCCCCn2cc(CCCCC(=O)N[C@H](C(=O)N3C[C@H](O)C[C@H]3C(=O)NCc3ccc(-c4scnc4C)cc3)C(C)(C)C)nn2)cc1,1.041392685158225,89.0
Cc1c(NC(=O)c2ccc(C(C)(C)C)cc2)cccc1-c1cn(C)c(=O)c(Nc2ccc(C(=O)N3CCN(CCCCCCNC(=O)CNc4cccc5c4C(=O)N(C4CCC(=O)NC4=O)C5=O)CC3)cc2)n1,-0.045757490560675115,99.0
CN(CCOCCOCCOCCOCCOCCNc1cccc2c1C(=O)N(C1CCC(=O)NC1=O)C2=O)Cc1ccc(-c2[nH]c3cc(F)cc4c3c2CCNC4=O)cc1,1.5526682161121932,90.0
CN(CCOCCOCCOCCOCCOCCOCCNc1cccc2c1C(=O)N(C1CCC(=O)NC1=O)C2=O)Cc1ccc(-c2[nH]c3cc(F)cc4c3c2CCNC4=O)cc1,1.912753303671323,92.0
C=CC(=O)N1C[C@@H](n2nc(-c3ccc(Oc4ccccc4)cc3)c3c(N)ncnc32)C[C@H]1C(=O)OCCOCCOCC(=O)N[C@H](C(=O)N1C[C@H](O)C[C@H]1C(=O)NCc1ccc(-c2scnc2C)cc1)C(C)(C)C,2.1335389083702174,88.0
C=CC(=O)N1C[C@@H](n2nc(-c3ccc(Oc4ccccc4)cc3)c3c(N)ncnc32)C[C@H]1C(=O)OCCOCCOCC(=O)N[C@H](C(=O)N1C[C@H](O)C[C@H]1C(=O)NCc1ccc(-c2scnc2C)cc1)C(C)(C)C,2.342422680822206,75.0
Nc1ncnc2c1c(-c1ccc(Oc3ccccc3)cc1)nn2[C@@H]1CCCN(C(=O)CCCCCCOCCOCCOCCOCCOc2cccc3c2C(=O)N(C2CCC(=O)NC2=O)C3=O)C1,0.3424226808222063,97.0
Nc1ncnc2c1c(-c1ccc(Oc3ccccc3)cc1)nn2[C@@H]1CCCN(C(=O)/C=C/COCCOCCOCCOCCOCCOc2cccc3c2C(=O)N(C2CCC(=O)NC2=O)C3=O)C1,0.9344984512435677,91.0
Nc1ncnc2c1c(-c1ccc(Oc3ccccc3)cc1)nn2[C@@H]1CCCN(C(=O)/C=C/CCCCOCCOCCOCCOCCOc2cccc3c2C(=O)N(C2CCC(=O)NC2=O)C3=O)C1,0.2787536009528289,88.0
N#C/C(=C/COCCOCCOCCOCCOCCOc1cccc2c1C(=O)N(C1CCC(=O)NC1=O)C2=O)C(=O)N1CCC[C@@H](n2nc(-c3ccc(Oc4ccccc4)cc3)c3c(N)ncnc32)C1,1.0,68.0
N#C/C(=C/CCCCOCCOCCOCCOCCOc1cccc2c1C(=O)N(C1CCC(=O)NC1=O)C2=O)C(=O)N1CCC[C@@H](n2nc(-c3ccc(Oc4ccccc4)cc3)c3c(N)ncnc32)C1,1.5440680443502757,66.0
CC(C)(/C=C(/C#N)C(=O)N1CCC[C@@H](n2nc(-c3ccc(Oc4ccccc4)cc3)c3c(N)ncnc32)C1)CCCOCCOCCOCCOCCOc1cccc2c1C(=O)N(C1CCC(=O)NC1=O)C2=O,0.7781512503836436,85.0
Cc1ncsc1-c1ccc(CNC(=O)[C@@H]2C[C@@H](O)CN2C(=O)[C@@H](NC(=O)COCCOCCOCCOc2cc(F)c([C@@H]3c4[nH]c5ccccc5c4C[C@@H](C)N3CC(C)(C)F)c(F)c2)C(C)(C)C)cc1,-0.5228787452803376,99.0
Cc1ncsc1-c1ccc(CNC(=O)[C@@H]2C[C@@H](O)CN2C(=O)[C@@H](NC(=O)COCCCOCCCOc2cc(F)c([C@@H]3c4[nH]c5ccccc5c4C[C@@H](C)N3CC(C)(C)F)c(F)c2)C(C)(C)C)cc1,-0.3979400086720376,100.0
CC1(C)C(=O)N(c2ccc(C#N)c(C(F)(F)F)c2)C(=S)N1c1ccc(OCCOCCOCCOCCOc2cccc3c2CN([C@H]2CCC(=O)NC2=O)C3=O)cc1,1.0,33.0
Cc1ncsc1-c1ccc(CNC(=O)[C@@H]2C[C@@H](O)CN2C(=O)[C@@H](NC(=O)CCOCCOCCOCCOCCOCCOCC#Cc2ccc(OCCCc3sc(N4CCc5cccc(C(=O)Nc6nc7ccccc7s6)c5C4)nc3C(=O)O)cc2)C(C)(C)C)cc1,0.6812412373755872,76.0
CC(=O)N1c2ccc(-c3ccc(C(=O)NCCOCCOCC(=O)N[C@H](C(=O)N4C[C@H](O)C[C@H]4C(=O)NCc4ccc(-c5scnc5C)cc4)C(C)(C)C)cc3)cc2[C@H](Nc2ccc(Cl)cc2)C[C@@H]1C,2.1986570869544226,74.0
CC(=O)N1c2ccc(-c3ccc(C(=O)NCCOCCOCCOCCOCC(=O)N[C@H](C(=O)N4C[C@H](O)C[C@H]4C(=O)NCc4ccc(-c5scnc5C)cc4)C(C)(C)C)cc3)cc2[C@H](Nc2ccc(Cl)cc2)C[C@@H]1C,1.3010299956639813,92.0
Cc1ncsc1-c1ccc(CNC(=O)[C@@H]2C[C@@H](O)CN2C(=O)[C@@H](NC(=O)COCCOCCNC(=O)C[C@@H]2N=C(c3ccc(Cl)cc3)c3c(sc(C)c3C)-n3c(C)nnc32)C(C)(C)C)cc1,2.8000293592441343,93.0
Cc1ncsc1-c1ccc(CNC(=O)[C@@H]2C[C@@H](O)CN2C(=O)[C@@H](NC(=O)COCCOCCNC(=O)C[C@@H]2N=C(c3ccc(Cl)cc3)c3c(sc(C)c3C)-n3c(C)nnc32)C(C)(C)C)cc1,2.499687082618404,97.0
C=C(F)C(=O)N1CCN(c2nc(OC[C@@H]3CCCN3CCC(=O)NCCC(=O)N[C@H](C(=O)N3C[C@H](O)C[C@H]3C(=O)NCc3ccc(-c4scnc4C)cc3)C(C)(C)C)nc3c2CCN(c2cccc4cccc(Cl)c24)C3)C[C@@H]1CC#N,2.806179973983887,85.0
C=C(F)C(=O)N1CCN(c2nc(OC[C@@H]3CCCN3CCCCOCCC(=O)N[C@H](C(=O)N3C[C@H](O)C[C@H]3C(=O)NCc3ccc(-c4scnc4C)cc3)C(C)(C)C)nc3c2CCN(c2cccc4cccc(Cl)c24)C3)C[C@@H]1CC#N,2.9444826721501687,90.0
CC(C)c1ccn2ncnc(N[C@H]3CC[C@@H](N4CCN(C(=O)CCC(=O)N5CCC(CN6CCN(c7ccc8c(c7)C(=O)N(C7CCC(=O)NC7=O)C8=O)CC6)CC5)CC4)CC3)c12,1.7160033436347992,74.0
CC(C)c1ccn2ncnc(N[C@H]3CC[C@@H](N4CCN(C(=O)CCC(=O)N5CCC(CCN6CCN(c7ccc8c(c7)C(=O)N(C7CCC(=O)NC7=O)C8=O)CC6)CC5)CC4)CC3)c12,0.3010299956639812,98.0
Cc1ncsc1-c1ccc([C@H](C)NC(=O)[C@@H]2C[C@@H](O)CN2C(=O)[C@@H](NC(=O)COCCOCCOCCOCCOCC(=O)N2CC(Nc3cc(C(=O)NC[C@H](O)CN4CCc5ccccc5C4)ncn3)C2)C(C)(C)C)cc1,3.041392685158225,74.0
Cc1ncsc1-c1ccc(CNC(=O)[C@@H]2C[C@@H](O)CN2C(=O)[C@@H](NC(=O)COCCOCCOCCNC(=O)c2cc3c(cc2CS(C)(=O)=O)-c2cn(C)c(=O)c4[nH]cc(c24)CN3c2ncc(F)cc2F)C(C)(C)C)cc1,0.8750612633917001,98.0
Cc1ncsc1-c1ccc(CNC(=O)[C@@H]2C[C@@H](O)CN2C(=O)[C@@H](NC(=O)CCCCCCCCCCNC(=O)c2cc3c(cc2CS(C)(=O)=O)-c2cn(C)c(=O)c4[nH]cc(c24)CN3c2ncc(F)cc2F)C(C)(C)C)cc1,-1.0222763947111522,96.0
Cc1ncsc1-c1ccc(CNC(=O)[C@@H]2C[C@@H](O)CN2C(=O)[C@@H](NC(=O)CCCCCCCCCCNC(=O)c2cc3c(cc2CS(C)(=O)=O)-c2cn(C)c(=O)c4[nH]cc(c24)CN3c2ncc(F)cc2F)C(C)(C)C)c(OC2CCNCC2)c1,0.5314789170422551,98.0
Cc1ncsc1-c1ccc(CNC(=O)[C@@H]2C[C@@H](O)CN2C(=O)[C@@H](NC(=O)COCCc2cc(N)cc(OCCNC(=O)c3cc4c(cc3CS(C)(=O)=O)-c3cn(C)c(=O)c5[nH]cc(c35)CN4c3ncc(F)cc3F)c2)C(C)(C)C)cc1,0.3222192947339193,98.0
Cc1ncsc1-c1ccc(CNC(=O)[C@@H]2C[C@@H](O)CN2C(=O)[C@@H](NC(=O)COCCc2cc(O)cc(OCCNC(=O)c3cc4c(cc3CS(C)(=O)=O)-c3cn(C)c(=O)c5[nH]cc(c35)CN4c3ncc(F)cc3F)c2)C(C)(C)C)cc1,0.146128035678238,100.0
Cc1ncsc1-c1ccc(CNC(=O)[C@@H]2C[C@@H](O)CN2C(=O)[C@@H](NC(=O)COCCc2cc(N)cc(OCCNC(=O)C[C@@H]3N=C(c4ccc(Cl)cc4)c4c(sc(C)c4C)-n4c(C)nnc43)c2)C(C)(C)C)cc1,1.9294189257142929,98.0
Cc1ncsc1-c1ccc(CNC(=O)[C@@H]2C[C@@H](O)CN2C(=O)[C@@H](NC(=O)COC[C@@H]2CNC[C@H](COCCNC(=O)C[C@@H]3N=C(c4ccc(Cl)cc4)c4c(sc(C)c4C)-n4c(C)nnc43)C2)C(C)(C)C)cc1,2.4471580313422194,88.0
Cc1ncsc1-c1ccc(CNC(=O)[C@@H]2C[C@@H](O)CN2C(=O)[C@@H](NC(=O)CCc2cc(N)cc(CCOCCOCC#Cc3ccc(C4=N[C@@H](Cc5nccs5)c5nnc(C)n5-c5sc(C)c(C)c54)cc3)c2)C(C)(C)C)cc1,1.9395192526186185,100.0
Cc1ncsc1-c1ccc(CNC(=O)[C@@H]2C[C@@H](O)CN2C(=O)[C@@H](NC(=O)CCc2cc(N)cc(CCOCCOCC#Cc3ccc(C4=N[C@@H](CC(=O)NCCS(=O)(=O)O)c5nnc(C)n5-c5sc(C)c(C)c54)cc3)c2)C(C)(C)C)cc1,3.8129133566428557,100.0
Cc1ncsc1-c1ccc(CNC(=O)[C@@H]2C[C@@H](O)CN2C(=O)[C@@H](NC(=O)COCC#CC#CCNC(=O)C[C@@H]2N=C(c3ccc(Cl)cc3)c3c(sc(C)c3C)-n3c(C)nnc32)C(C)(C)C)cc1,0.8573324964312685,99.0
COc1cc2nc(N3CCN(C(=O)c4cn(CCOCCOCCOCC(=O)Nc5cccc6c5C(=O)N(C5CCC(=O)NC5=O)C6=O)nn4)CC3)nc(N)c2cc1OC,3.456366033129043,94.0
Cc1ncsc1-c1ccc(CNC(=O)[C@@H]2C[C@@H](O)CN2C(=O)[C@@H](NC(=O)CCCCCCN2CCN(c3ccc(Nc4ncc5nc(Nc6ccccc6)n(C6CCCC6)c5n4)cc3)CC2)C(C)(C)C)cc1,2.1010593549081156,90.3
Cc1ncsc1-c1ccc(CNC(=O)[C@@H]2C[C@@H](O)CN2C(=O)[C@@H](NC(=O)CCCCCCN2CCN(c3ccc(Nc4ncc5nc(Nc6ccccc6)n(C6CCCC6)c5n4)cc3)CC2)C(C)(C)C)cc1,-0.2924298239020636,80.4
Cc1ncsc1-c1ccc(CNC(=O)[C@@H]2C[C@@H](O)CN2C(=O)[C@@H](NC(=O)CCCCCCCN2CCN(c3ccc(Nc4ncc5nc(Nc6ccccc6)n(C6CCCC6)c5n4)cc3)CC2)C(C)(C)C)cc1,2.1795517911651876,80.3
Cc1ncsc1-c1ccc(CNC(=O)[C@@H]2C[C@@H](O)CN2C(=O)[C@@H](NC(=O)CCCCCCCN2CCN(c3ccc(Nc4ncc5nc(Nc6ccccc6)n(C6CCCC6)c5n4)cc3)CC2)C(C)(C)C)cc1,0.5490032620257879,74.8
CN(CCOCCOCCOCCN1CCN(c2ccc(Nc3ncc4nc(Nc5ccccc5)n(C5CCCC5)c4n3)cc2)CC1)CC(=O)Nc1cccc2c1CN(C1CCC(=O)NC1=O)C2=O,0.2810333672477275,82.0
CNC(=O)N1CCc2c(c(N3CCCc4cc(-c5cnn(C)c5)c(C(F)F)cc43)nn2C2CCN(C(=O)CCOCCOCCOCCOCCNc3ccc4c(c3)C(=O)N(C3CCC(=O)NC3=O)C4=O)CC2)C1,-0.12493873660829993,96.0
CNC(=O)N1CCc2c(c(N3CCCc4cc(-c5cnn(C)c5)c(C(F)F)cc43)nn2C2CCN(C(=O)CCOCCOCCOCCOCCNc3ccc4c(c3)C(=O)N(C3CCC(=O)NC3=O)C4=O)CC2)C1,0.2671717284030138,90.0
CC(C)Nc1cc(-n2ccc3cc(C#N)cnc32)ncc1C(=O)N[C@H]1CC[C@H](C(=O)NCCCNC(=O)COc2cccc3c2C(=O)N(C2CCC(=O)NC2=O)C3=O)CC1,2.6857417386022635,92.0
CC(C)Nc1cc(-n2ccc3cc(C#N)cnc32)ncc1C(=O)N[C@H]1CC[C@H](C(=O)NCCCCNC(=O)COc2cccc3c2C(=O)N(C2CCC(=O)NC2=O)C3=O)CC1,2.278753600952829,93.0
CC(C)Nc1cc(-n2ccc3cc(C#N)cnc32)ncc1C(=O)N[C@H]1CC[C@H](C(=O)NCCCCCNC(=O)COc2cccc3c2C(=O)N(C2CCC(=O)NC2=O)C3=O)CC1,2.4668676203541096,97.0
CC(C)Nc1cc(-n2ccc3cc(C#N)cnc32)ncc1C(=O)N[C@H]1CC[C@H](C(=O)NCCOCCNC(=O)COc2cccc3c2C(=O)N(C2CCC(=O)NC2=O)C3=O)CC1,2.6074550232146687,90.0
CC(C)Nc1cc(-n2ccc3cc(C#N)cnc32)ncc1C(=O)N[C@H]1CC[C@H](C(=O)NCCOCCOCCNC(=O)COc2cccc3c2C(=O)N(C2CCC(=O)NC2=O)C3=O)CC1,3.870403905279027,71.0
CCCS(=O)(=O)Nc1ccc(F)c(-n2cc(-c3cncnc3)c3nc(N(C)C4CCN(C(=O)CCOCCOCCOCCOCCOCCOCCNc5cccc6c5C(=O)N(C5CCC(=O)NC5=O)C6=O)CC4)ccc32)c1F,1.9542425094393248,84.0
CCCS(=O)(=O)Nc1ccc(F)c(-n2cc(-c3cncnc3)c3nc(N(C)C4CCN(C(=O)CCOCCOCCOCCOCCOCCOCCOCCOCCNc5cccc6c5C(=O)N(C5CCC(=O)NC5=O)C6=O)CC4)ccc32)c1F,1.6532125137753437,65.0
CCCS(=O)(=O)Nc1ccc(F)c(-n2cc(-c3cncnc3)c3nc(N(C)C4CCN(C(=O)CCC(=O)NCCCOCCOCCOCCCNc5cccc6c5C(=O)N(C5CCC(=O)NC5=O)C6=O)CC4)ccc32)c1F,2.0,51.0
Nc1nccc(-c2sc(C3CCN(C(=O)CCOCCOCCOCCNc4cccc5c4C(=O)N(C4CCC(=O)NC4=O)C5=O)CC3)nc2-c2cccc(NS(=O)(=O)c3c(F)cccc3F)c2F)n1,2.6989700043360187,50.0
CCCS(=O)(=O)Nc1ccc(F)c(-n2cc(-c3cncnc3)c3nc(N(C)C4CCN(CC(=O)NCCCOCCCCOCCCNc5cccc6c5C(=O)N(C5CCC(=O)NC5=O)C6=O)CC4)ccc32)c1F,1.3979400086720377,71.0
CCCS(=O)(=O)Nc1ccc(F)c(-n2cc(-c3cncnc3)c3nc(N(C)C4CCN(C(=O)CCOCCOCCOCCOCC#Cc5cccc6c5CN(C5CCC(=O)NC5=O)C6=O)CC4)ccc32)c1F,1.6989700043360187,74.0
CCCS(=O)(=O)Nc1ccc(F)c(C(=O)c2c[nH]c3ncc(-c4ccc(N5CCN(CC(=O)N[C@H](C(=O)N6C[C@H](O)C[C@H]6C(=O)NCc6ccc(-c7scnc7C)cc6)C(C)(C)C)CC5)cc4)cc23)c1F,1.1760912590556813,95.0
CCCS(=O)(=O)Nc1ccc(F)c(C(=O)c2c[nH]c3ncc(-c4ccc(N5CCN(CC(=O)N[C@H](C(=O)N6C[C@H](O)C[C@H]6C(=O)NCc6ccc(-c7scnc7C)cc6)C(C)(C)C)CC5)cc4)cc23)c1F,0.8325089127062363,95.0
Cc1ncsc1-c1ccc(CNC(=O)[C@@H]2C[C@@H](O)CN2C(=O)[C@@H](NC(=O)C2(F)CC2)C(C)(C)C)c(OCCCOc2ccc(CN3CCN(c4cc(-c5ccccc5O)nnc4N)CC3)cc2)c1,1.414973347970818,99.0
Cc1ncsc1-c1ccc(CNC(=O)[C@@H]2C[C@@H](O)CN2C(=O)[C@@H](NC(=O)C2(F)CC2)C(C)(C)C)c(OCCCOc2ccc(CN3CCN(c4cc(-c5ccccc5O)nnc4N)CC3)cc2)c1,1.2041199826559248,100.0
Cc1ncsc1-c1ccc(CNC(=O)[C@@H]2C[C@@H](O)CN2C(=O)[C@@H](NC(=O)C2(F)CC2)C(C)(C)C)c(OCCCc2ccc(CN3CCN(c4cc(-c5ccccc5O)nnc4N)CC3)cc2)c1,1.7634279935629373,90.0
Cc1ncsc1-c1ccc(CNC(=O)[C@@H]2C[C@@H](O)CN2C(=O)[C@@H](NC(=O)C2(F)CC2)C(C)(C)C)c(OCCCc2ccc(CN3CCN(c4cc(-c5ccccc5O)nnc4N)CC3)cc2)c1,1.3979400086720377,92.0
Cc1ncsc1-c1ccc(CNC(=O)[C@@H]2C[C@@H](O)CN2C(=O)[C@@H](NC(=O)C2(F)CC2)C(C)(C)C)c(OCCc2ccc(CN3CCN(c4cc(-c5ccccc5O)nnc4N)CC3)c(F)c2)c1,1.7403626894942439,95.0
Cc1ncsc1-c1ccc(CNC(=O)[C@@H]2C[C@@H](O)CN2C(=O)[C@@H](NC(=O)C2(F)CC2)C(C)(C)C)c(OCCc2ccc(CN3CCN(c4cc(-c5ccccc5O)nnc4N)CC3)c(F)c2)c1,1.5185139398778875,95.0
CCc1cc2c(cc1N1CCC(N3CCN(C(=O)CNc4cccc5c4CN(C4CCC(=O)NC4=O)C5=O)CC3)CC1)C(C)(C)c1[nH]c3cc(C#N)ccc3c1C2=O,0.785329835010767,87.7
CCc1cc2c(cc1N1CCC(N3CCN(CCCC#Cc4cccc5c4CN(C4CCC(=O)NC4=O)C5=O)CC3)CC1)C(C)(C)c1[nH]c3cc(C#N)ccc3c1C2=O,0.5910646070264992,70.3
C=CC(=O)Nc1cc2c(Nc3ccc(F)c(Cl)c3)ncnc2cc1OCCCN1CCN(C(=O)CCCCCNc2cccc3c2C(=O)N(C2CCC(=O)NC2=O)C3=O)CC1,2.0,40.0
Cc1ncsc1-c1ccc(CNC(=O)[C@@H]2C[C@@H](O)CN2C(=O)[C@@H](NC(=O)CCCCCCCCCCn2cc(COc3cc4ncnc(Nc5ccc(F)c(Cl)c5)c4cc3NC(=O)/C=C/CN3CCCCC3)nn2)C(C)(C)C)cc1,0.5526682161121932,91.0
Cc1ncsc1-c1ccc(CNC(=O)[C@@H]2C[C@@H](O)CN2C(=O)[C@@H](NC(=O)CCCCCCCCOCC(=O)Nc2ccc(C(=O)Nc3ccccc3N)cc2)C(C)(C)C)cc1,2.806179973983887,59.0
Cc1ncsc1-c1ccc(CNC(=O)[C@@H]2C[C@@H](O)CN2C(=O)[C@@H](NC(=O)CCCCCCCCOCC(=O)Nc2ccc(C(=O)Nc3ccccc3N)cc2)C(C)(C)C)cc1,2.9590413923210934,74.0
Cc1ncsc1-c1ccc(CNC(=O)[C@@H]2C[C@@H](O)CN2C(=O)[C@@H](NC(=O)CCCCCCCCOCC(=O)Nc2ccc(C(=O)Nc3ccccc3N)cc2)C(C)(C)C)cc1,3.622214022966295,56.0
CC(=O)N[C@H](C(=O)N1C[C@H](O)C[C@H]1C(=O)NCc1ccc(-c2scnc2C)cc1OCCCCCCCCCCCC(=O)Nc1ccc(C(=O)Nc2ccccc2N)cc1)C(C)(C)C,3.1398790864012365,76.0
CC(=O)N[C@H](C(=O)N1C[C@H](O)C[C@H]1C(=O)NCc1ccc(-c2scnc2C)cc1OCCCCCCCCCCCC(=O)Nc1ccc(C(=O)Nc2ccccc2N)cc1)C(C)(C)C,3.5538830266438746,68.0
Cc1ncsc1-c1ccc(CNC(=O)[C@@H]2C[C@@H](O)CN2C(=O)[C@@H](NC(=O)C2(F)CC2)C(C)(C)C)c(OCCCCCCCCCCCC(=O)Nc2ccc(C(=O)Nc3ccccc3N)cc2)c1,2.6434526764861874,77.0
N#Cc1ccc(O[C@H]2CC[C@H](NC(=O)c3ccc(NCCCCNc4ccc5c(c4)C(=O)N(C4CCC(=O)NC4=O)C5=O)cc3)CC2)cc1Cl,0.04139268515822507,89.0
N#Cc1ccc(O[C@H]2CC[C@H](NC(=O)c3ccc(NCCCCCNc4ccc5c(c4)C(=O)N(C4CCC(=O)NC4=O)C5=O)cc3)CC2)cc1Cl,-0.6989700043360187,95.0
N#Cc1ccc(O[C@H]2CC[C@H](NC(=O)c3ccc(NCCCCCCNc4ccc5c(c4)C(=O)N(C4CCC(=O)NC4=O)C5=O)cc3)CC2)cc1Cl,-0.22184874961635637,99.0
N#Cc1ccc(O[C@H]2CC[C@H](NC(=O)c3ccc(NCCCCCCCNc4ccc5c(c4)C(=O)N(C4CCC(=O)NC4=O)C5=O)cc3)CC2)cc1Cl,-0.1549019599857432,99.0
N#Cc1ccc(O[C@H]2CC[C@H](NC(=O)c3ccc(NCCCCCCCCNc4ccc5c(c4)C(=O)N(C4CCC(=O)NC4=O)C5=O)cc3)CC2)cc1Cl,0.17609125905568124,97.0
N#Cc1ccc(O[C@H]2CC[C@H](NC(=O)c3ccc(NCCCCCCCCCNc4ccc5c(c4)C(=O)N(C4CCC(=O)NC4=O)C5=O)cc3)CC2)cc1Cl,0.505149978319906,96.0
N#Cc1ccc(O[C@H]2CC[C@H](NC(=O)c3ccc(N4CCN(CCNc5ccc6c(c5)C(=O)N(C5CCC(=O)NC5=O)C6=O)CC4)cc3)CC2)cc1Cl,-0.09691001300805639,77.0
N#Cc1ccc(O[C@H]2CC[C@H](NC(=O)c3ccc(N4CCN(CCCNc5ccc6c(c5)C(=O)N(C5CCC(=O)NC5=O)C6=O)CC4)cc3)CC2)cc1Cl,0.43136376415898736,82.0
N#Cc1ccc(O[C@H]2CC[C@H](NC(=O)c3ccc(N4CCN(CCCCNc5ccc6c(c5)C(=O)N(C5CCC(=O)NC5=O)C6=O)CC4)cc3)CC2)cc1Cl,1.209515014542631,67.0
N#Cc1ccc(O[C@H]2CC[C@H](NC(=O)c3ccc(N4CCN(CCCCCNc5ccc6c(c5)C(=O)N(C5CCC(=O)NC5=O)C6=O)CC4)cc3)CC2)cc1Cl,-0.045757490560675115,85.0
N#Cc1ccc(O[C@H]2CC[C@H](NC(=O)c3ccc(N4CCN(CC5CCN(c6ccc7c(c6)C(=O)N(C6CCC(=O)NC6=O)C7=O)CC5)CC4)cc3)CC2)cc1Cl,-0.6989700043360187,97.0
N#Cc1ccc(O[C@H]2CC[C@H](NC(=O)c3ccc(N4CCN(C5CCN(c6ccc7c(c6)C(=O)N(C6CCC(=O)NC6=O)C7=O)CC5)CC4)cc3)CC2)cc1Cl,-0.5228787452803376,88.0
N#Cc1ccc(O[C@H]2CC[C@H](NC(=O)c3ccc(N4CCC(N5CCN(c6ccc7c(c6)C(=O)N(C6CCC(=O)NC6=O)C7=O)CC5)CC4)cc3)CC2)cc1Cl,-0.6989700043360187,95.0
N#Cc1ccc(O[C@H]2CC[C@H](NC(=O)c3ccc(N4CCN(CC5CN(c6ccc7c(c6)C(=O)N(C6CCC(=O)NC6=O)C7=O)C5)CC4)cc3)CC2)cc1Cl,-0.5228787452803376,92.0
N#Cc1ccc(O[C@H]2CC[C@H](NC(=O)c3ccc(N4CCN(C5CN(c6ccc7c(c6)C(=O)N(C6CCC(=O)NC6=O)C7=O)C5)CC4)cc3)CC2)cc1Cl,-1.0,76.0
N#Cc1ccc(N[C@H]2CC[C@H](NC(=O)c3ccc(N4CCC(N5CCN(c6ccc7c(c6)C(=O)N(C6CCC(=O)NC6=O)C7=O)CC5)CC4)cc3)CC2)cc1Cl,-0.5228787452803376,78.0
CN(c1ccc(C#N)c(Cl)c1)[C@H]1CC[C@H](NC(=O)c2ccc(N3CCC(N4CCN(c5ccc6c(c5)C(=O)N(C5CCC(=O)NC5=O)C6=O)CC4)CC3)cc2)CC1,-1.0457574905606752,99.0
CN(c1ccc(C#N)c(Cl)c1)[C@H]1CC[C@H](NC(=O)c2ccc(N3CCC(N4CCN(c5ccc6c(c5)C(=O)N(C5CCC(=O)NC5=O)C6=O)CC4)CC3)cc2)CC1,-0.5228787452803376,95.0
CCN(c1ccc(C#N)c(Cl)c1)[C@H]1CC[C@H](NC(=O)c2ccc(N3CCC(N4CCN(c5ccc6c(c5)C(=O)N(C5CCC(=O)NC5=O)C6=O)CC4)CC3)cc2)CC1,-1.0,99.0
CCCN(c1ccc(C#N)c(Cl)c1)[C@H]1CC[C@H](NC(=O)c2ccc(N3CCC(N4CCN(c5ccc6c(c5)C(=O)N(C5CCC(=O)NC5=O)C6=O)CC4)CC3)cc2)CC1,0.146128035678238,88.0
CN(c1ccc(C#N)c(Cl)c1)[C@H]1CC[C@H](NC(=O)c2ccc(N3CCN(CC4CCN(c5ccc6c(c5)C(=O)N(C5CCC(=O)NC5=O)C6=O)CC4)CC3)cc2)CC1,0.146128035678238,93.0
CN(c1ccc(C#N)c(Cl)c1)[C@H]1CC[C@H](NC(=O)c2ccc(N3CCC(CN4CCN(c5ccc6c(c5)C(=O)N(C5CCC(=O)NC5=O)C6=O)CC4)CC3)cc2)CC1,-0.3010299956639812,96.0
CN(c1ccc(C#N)c(Cl)c1)[C@H]1CC[C@H](NC(=O)c2ccc(N3CCN(C4CCN(c5ccc6c(c5)C(=O)N(C5CCC(=O)NC5=O)C6=O)CC4)CC3)cc2)CC1,-1.0,96.0
CN(c1ccc(C#N)c(Cl)c1)[C@H]1CC[C@H](NC(=O)c2ccc(N3CCN(C4CCN(c5ccc6c(c5)C(=O)N(C5CCC(=O)NC5=O)C6=O)CC4)CC3)cc2)CC1,-0.3979400086720376,95.0
CN(c1ccc(C#N)c(Cl)c1)[C@H]1CC[C@H](NC(=O)c2ccc(N3CCN(C4CN(c5ccc6c(c5)C(=O)N(C5CCC(=O)NC5=O)C6=O)C4)CC3)cc2)CC1,-1.3979400086720375,99.0
CN(c1ccc(C#N)c(Cl)c1)[C@H]1CC[C@H](NC(=O)c2ccc(N3CCN(C4CN(c5ccc6c(c5)C(=O)N(C5CCC(=O)NC5=O)C6=O)C4)CC3)cc2)CC1,-1.0,98.0
CN(c1ccc(C#N)c(Cl)c1)[C@H]1CC[C@H](NC(=O)c2ccc(N3CC(CN4CCN(c5ccc6c(c5)C(=O)N(C5CCC(=O)NC5=O)C6=O)CC4)C3)cc2)CC1,-1.0,100.0
CN(c1ccc(C#N)c(Cl)c1)[C@H]1CC[C@H](NC(=O)c2ccc(N3CC(CN4CCN(c5ccc6c(c5)C(=O)N(C5CCC(=O)NC5=O)C6=O)CC4)C3)cc2)CC1,0.2787536009528289,99.0
CN(c1ccc(C#N)c(Cl)c1)[C@H]1CC[C@H](NC(=O)c2ccc(N3CC(N4CCN(c5ccc6c(c5)C(=O)N(C5CCC(=O)NC5=O)C6=O)CC4)C3)cc2)CC1,-0.6989700043360187,96.0
CN(c1ccc(C#N)c(Cl)c1)[C@H]1CC[C@H](NC(=O)c2ccc(N3CC(N4CCN(c5ccc6c(c5)C(=O)N(C5CCC(=O)NC5=O)C6=O)CC4)C3)cc2)CC1,0.11394335230683678,64.0
C=CC(=O)N1CCC[C@H](n2c(Nc3ccccc3)nc3cnc(Nc4ccc(N5CCN(CCCCCCCC(=O)N[C@H](C(=O)N6C[C@H](O)C[C@H]6C(=O)N[C@@H](C)c6ccc(-c7scnc7C)cc6)C(C)(C)C)CC5)cc4)nc32)C1,0.1931245983544616,86.0
C=CC(=O)N1CCC[C@H](n2c(Nc3ccccc3)nc3cnc(Nc4ccc(N5CCN(CCCCCCCC(=O)N[C@H](C(=O)N6C[C@H](O)C[C@H]6C(=O)N[C@@H](C)c6ccc(-c7scnc7C)cc6)C(C)(C)C)CC5)cc4)nc32)C1,-0.3098039199714863,82.0
N[C@@H](Cc1ccc(O)c(O)c1)C(=O)NCCCCCNc1cccc2c1C(=O)N(C1CCC(=O)NC1=O)C2=O,4.698970004336019,61.0
COc1c(C)cnc(Cn2cc(C#CCCNc3cccc4c3C(=O)N(C3CCC(=O)NC3=O)C4=O)c3c(Cl)nc(N)nc32)c1C,2.9956351945975497,83.43
O=C(CNc1ncnc2[nH]cc(C(=O)c3ccc(Oc4ccccc4)cc3Cl)c12)NCCOCCOCCOCCOCCNc1cccc2c1C(=O)N(C1CCC(=O)NC1=O)C2=O,0.9731278535996987,66.5
O=C(CNc1ncnc2[nH]cc(C(=O)c3ccc(Oc4ccccc4)cc3Cl)c12)NCCOCCOCCOCCOCCNc1cccc2c1C(=O)N(C1CCC(=O)NC1=O)C2=O,1.7218106152125465,68.6
O=C(CNc1ncnc2[nH]cc(C(=O)c3ccc(Oc4ccccc4)cc3Cl)c12)NCCOCCOCCOCCOCCOCCNc1cccc2c1C(=O)N(C1CCC(=O)NC1=O)C2=O,0.9084850188786497,72.4
O=C(CNc1ncnc2[nH]cc(C(=O)c3ccc(Oc4ccccc4)cc3Cl)c12)NCCOCCOCCOCCOCCOCCNc1cccc2c1C(=O)N(C1CCC(=O)NC1=O)C2=O,1.9052560487484513,88.4
O=C(CNc1ncnc2[nH]cc(C(=O)c3ccc(Oc4ccccc4)cc3Cl)c12)NCCOCCOCCOCCOCCOCCOCCNc1cccc2c1C(=O)N(C1CCC(=O)NC1=O)C2=O,0.919078092376074,92.4
O=C(CNc1ncnc2[nH]cc(C(=O)c3ccc(Oc4ccccc4)cc3Cl)c12)NCCOCCOCCOCCOCCOCCOCCNc1cccc2c1C(=O)N(C1CCC(=O)NC1=O)C2=O,1.7185016888672742,84.8
O=C1CCC(N2C(=O)c3cccc(NCCOCCOCCOCCOCCNC(=O)N[C@H]4CC[C@@H](Nc5ncnc6[nH]cc(C(=O)c7ccc(Oc8ccccc8)cc7Cl)c56)CC4)c3C2=O)C(=O)N1,1.08278537031645,78.0
O=C1CCC(N2C(=O)c3cccc(NCCOCCOCCOCCOCCNC(=O)N[C@H]4CC[C@@H](Nc5ncnc6[nH]cc(C(=O)c7ccc(Oc8ccccc8)cc7Cl)c56)CC4)c3C2=O)C(=O)N1,1.5786392099680724,83.5
O=C1CCC(N2C(=O)c3cccc(NCCOCCOCCOCCOCCOCCNC(=O)N[C@H]4CC[C@@H](Nc5ncnc6[nH]cc(C(=O)c7ccc(Oc8ccccc8)cc7Cl)c56)CC4)c3C2=O)C(=O)N1,1.6222140229662954,93.0
O=C1CCC(N2C(=O)c3cccc(NCCOCCOCCOCCOCCOCCNC(=O)N[C@H]4CC[C@@H](Nc5ncnc6[nH]cc(C(=O)c7ccc(Oc8ccccc8)cc7Cl)c56)CC4)c3C2=O)C(=O)N1,1.6324572921847242,90.7
O=C1CCC(N2C(=O)c3cccc(NCCOCCOCCOCCOCCOCCNC(=O)N[C@H]4CC[C@@H](Nc5ncnc6[nH]cc(C(=O)c7ccc(Oc8ccccc8)cc7Cl)c56)CC4)c3C2=O)C(=O)N1,1.3010299956639813,93.8
O=C(CCCO/N=C1/C(=C2/C(=O)N(Cc3cn(CCOCCNc4cccc5c4C(=O)N(C4CCC(=O)NC4=O)C5=O)nn3)c3ccccc32)Nc2ccccc21)NO,2.037027879755775,88.0
CCS(=O)(=O)N1CC(CC#N)(n2cc(-c3nc(Nc4ccc(C(=O)NCCCN5CCN(c6ccc(C7CCC(=O)NC7=O)cc6)CC5)cc4)nc4[nH]ccc34)cn2)C1,1.041392685158225,92.0
COc1cc(OC)c(Cl)c(NC(=O)N(C)c2cc(Nc3ccc(N4CCN(CC(=O)N[C@H](C(=O)N5C[C@H](O)C[C@H]5C(=O)N[C@@H](C)c5ccc(-c6scnc6C)cc5)C(C)(C)C)CC4)cc3)ncn2)c1Cl,0.6384892569546373,85.0
COc1cc(OC)c(Cl)c(NC(=O)N(C)c2cc(Nc3ccc(N4CCN(CC(=O)N[C@H](C(=O)N5C[C@H](O)C[C@H]5C(=O)N[C@@H](C)c5ccc(-c6scnc6C)cc5)C(C)(C)C)CC4)cc3)ncn2)c1Cl,1.845098040014257,74.0
Cc1ncsc1-c1ccc([C@H](C)NC(=O)[C@@H]2C[C@@H](O)CN2C(=O)[C@@H](NC(=O)CCCCOc2ccc(-c3csc(N4CCOCC4)n3)cc2)C(C)(C)C)cc1,2.505149978319906,67.0
C[C@H]1CC2(CCN(c3ccc(C(=O)N4CCC(CN5Cc6cc7c(cc6C5)C(=O)N(C5CCC(=O)NC5=O)C7=O)CC4)cc3)CC2)CN1c1ccc(C#N)c(Cl)c1,0.04139268515822507,98.0
COc1cc(N2CCC(OCC(=O)N[C@H](C(=O)N3C[C@H](O)C[C@H]3C(=O)NCc3ccc(-c4scnc4C)cc3)C(C)(C)C)CC2)ccc1NC(=O)c1cccc(-c2ccn[nH]2)n1,1.2041199826559248,95.0
COc1cc(N2CCC(OCC(=O)N[C@H](C(=O)N3C[C@H](O)C[C@H]3C(=O)N[C@@H](C)c3ccc(-c4scnc4C)cc3)C(C)(C)C)CC2)ccc1NC(=O)c1cccc(-c2ccn[nH]2)n1,0.47712125471966244,96.0
COc1cc(N2CCN(C(=O)OCC(=O)N[C@H](C(=O)N3C[C@H](O)C[C@H]3C(=O)NCc3ccc(-c4scnc4C)cc3)C(C)(C)C)CC2)ccc1NC(=O)c1cccc(-c2ccn[nH]2)n1,1.2041199826559248,97.0
COc1cc(N2CCN(C(=O)OCC(=O)N[C@H](C(=O)N3C[C@H](O)C[C@H]3C(=O)N[C@@H](C)c3ccc(-c4scnc4C)cc3)C(C)(C)C)CC2)ccc1NC(=O)c1cccc(-c2ccn[nH]2)n1,0.9542425094393249,90.0
COc1cc(N2CCC(OCC(=O)N[C@H](C(=O)N3C[C@H](O)C[C@H]3C(=O)NCc3ccc(-c4scnc4C)cc3F)C(C)(C)C)CC2)ccc1NC(=O)c1cccc(-c2ccn[nH]2)n1,1.1139433523068367,96.0
COc1cc(N2CC[C@@H](OCC(=O)N[C@H](C(=O)N3C[C@H](O)C[C@H]3C(=O)N[C@@H](C)c3ccc(-c4scnc4C)cc3)C(C)(C)C)C[C@@H]2C)ccc1NC(=O)c1cccc(-c2ccn[nH]2)n1,1.1139433523068367,94.0
COc1cc(N2CC[C@@H](OCC(=O)N[C@H](C(=O)N3C[C@H](O)C[C@H]3C(=O)N[C@@H](C)c3ccc(-c4scnc4C)cc3)C(C)(C)C)[C@H](C)C2)ccc1NC(=O)c1cccc(-c2ccn[nH]2)n1,1.3222192947339193,96.0
Cc1ncsc1-c1ccc(CNC(=O)[C@@H]2C[C@@H](O)CN2C(=O)[C@@H](NC(=O)CCCCCCCCCCNC(=O)O[C@H]2C[C@@H](C)C=C3C=C[C@H](C)[C@H](CCC(O)C[C@@H](O)CC(=O)O)[C@H]32)C(C)(C)C)cc1,2.0791812460476247,76.0
Cc1nnc2n1-c1ccc(-c3cnn(CCCCCCCN4CCC(c5cccc6c5CN(C5CCC(=O)NC5=O)C6=O)CC4)c3)cc1C(c1ccc(Cl)cc1)=NC21CC1,0.6989700043360189,97.0
Cc1ncsc1-c1ccc([C@H](C)NC(=O)[C@@H]2C[C@@H](O)CN2C(=O)[C@@H](NC(=O)CCCCC(=O)N2CCN(CC3(C)CCC(c4ccc(Cl)cc4)=C(CN4CCN(c5ccc(C(=O)NS(=O)(=O)c6ccc(N[C@H](CCN7CCOCC7)CSc7ccccc7)c(S(=O)(=O)C(F)(F)F)c6)cc5)CC4)C3)CC2)C(C)(C)C)cc1,1.6009728956867482,91.0
Cc1ncsc1-c1ccc([C@H](C)NC(=O)[C@@H]2C[C@@H](O)CN2C(=O)[C@@H](NC(=O)CCCCCC(=O)N2CCN(CC3(C)CCC(c4ccc(Cl)cc4)=C(CN4CCN(c5ccc(C(=O)NS(=O)(=O)c6ccc(N[C@H](CCN7CCOCC7)CSc7ccccc7)c(S(=O)(=O)C(F)(F)F)c6)cc5)CC4)C3)CC2)C(C)(C)C)cc1,2.2550311633455515,79.0
Cc1ncsc1-c1ccc([C@H](C)NC(=O)[C@@H]2C[C@@H](O)CN2C(=O)[C@@H](NC(=O)CCCCCC(=O)N2CCN(CC3(C)CCC(c4ccc(Cl)cc4)=C(CN4CCN(c5ccc(C(=O)NS(=O)(=O)c6ccc(N[C@H](CCN7CCOCC7)CSc7ccccc7)c(S(=O)(=O)C(F)(F)F)c6)cc5)CC4)C3)CC2)C(C)(C)C)cc1,1.1072099696478683,85.0
Cc1ncsc1-c1ccc([C@H](C)NC(=O)[C@@H]2C[C@@H](O)CN2C(=O)[C@@H](NC(=O)CCCCCCC(=O)N2CCN(CC3(C)CCC(c4ccc(Cl)cc4)=C(CN4CCN(c5ccc(C(=O)NS(=O)(=O)c6ccc(N[C@H](CCN7CCOCC7)CSc7ccccc7)c(S(=O)(=O)C(F)(F)F)c6)cc5)CC4)C3)CC2)C(C)(C)C)cc1,1.7323937598229686,94.0
Cc1ncsc1-c1ccc([C@H](C)NC(=O)[C@@H]2C[C@@H](O)CN2C(=O)[C@@H](NC(=O)CCCCCCC(=O)N2CCN(CC3(C)CCC(c4ccc(Cl)cc4)=C(CN4CCN(c5ccc(C(=O)NS(=O)(=O)c6ccc(N[C@H](CCN7CCOCC7)CSc7ccccc7)c(S(=O)(=O)C(F)(F)F)c6)cc5)CC4)C3)CC2)C(C)(C)C)cc1,1.110589710299249,94.0
Cc1ncsc1-c1ccc([C@H](C)NC(=O)[C@@H]2C[C@@H](O)CN2C(=O)[C@@H](NC(=O)CCCCCCCC(=O)N2CCN(CC3(C)CCC(c4ccc(Cl)cc4)=C(CN4CCN(c5ccc(C(=O)NS(=O)(=O)c6ccc(N[C@H](CCN7CCOCC7)CSc7ccccc7)c(S(=O)(=O)C(F)(F)F)c6)cc5)CC4)C3)CC2)C(C)(C)C)cc1,2.49996186559619,79.0
Cc1ncsc1-c1ccc([C@H](C)NC(=O)[C@@H]2C[C@@H](O)CN2C(=O)[C@@H](NC(=O)CCCCCCCC(=O)N2CCN(CC3(C)CCC(c4ccc(Cl)cc4)=C(CN4CCN(c5ccc(C(=O)NS(=O)(=O)c6ccc(N[C@H](CCN7CCOCC7)CSc7ccccc7)c(S(=O)(=O)C(F)(F)F)c6)cc5)CC4)C3)CC2)C(C)(C)C)cc1,1.1072099696478683,96.0
Cc1ncsc1-c1ccc([C@H](C)NC(=O)[C@@H]2C[C@@H](O)CN2C(=O)[C@@H](NC(=O)CCCCCCCCC(=O)N2CCN(CC3(C)CCC(c4ccc(Cl)cc4)=C(CN4CCN(c5ccc(C(=O)NS(=O)(=O)c6ccc(N[C@H](CCN7CCOCC7)CSc7ccccc7)c(S(=O)(=O)C(F)(F)F)c6)cc5)CC4)C3)CC2)C(C)(C)C)cc1,2.5499836111596887,69.0
Cc1ncsc1-c1ccc([C@H](C)NC(=O)[C@@H]2C[C@@H](O)CN2C(=O)[C@@H](NC(=O)CCCCCCCCC(=O)N2CCN(CC3(C)CCC(c4ccc(Cl)cc4)=C(CN4CCN(c5ccc(C(=O)NS(=O)(=O)c6ccc(N[C@H](CCN7CCOCC7)CSc7ccccc7)c(S(=O)(=O)C(F)(F)F)c6)cc5)CC4)C3)CC2)C(C)(C)C)cc1,1.08278537031645,81.0
Cc1ncsc1-c1ccc(CNC(=O)[C@@H]2C[C@@H](O)CN2C(=O)[C@@H](NC(=O)CCCCCCCCCC(=O)NCCN2CCN(Cc3cccc(-c4ccc(N5CCN(C)CC5)c(NC(=O)c5c[nH]c(=O)cc5C(F)(F)F)c4)c3)CC2)C(C)(C)C)cc1,2.4149733479708178,71.0
Cc1ncsc1-c1ccc(CNC(=O)[C@@H]2C[C@@H](O)CN2C(=O)[C@@H](NC(=O)CNC(=O)c2ccc(F)c(-c3ccc(N4C[C@@H](C)N(C)[C@@H](C)C4)c(NC(=O)c4c[nH]c(=O)cc4C(F)(F)F)c3)c2)C(C)(C)C)cc1,1.9637878273455553,73.0
Cc1ncsc1-c1ccc([C@H](C)NC(=O)[C@@H]2C[C@@H](O)CN2C(=O)[C@@H](NC(=O)CN2CCN(c3cc(-c4ccccc4O)nnc3N)CC2)C(C)(C)C)cc1,1.9294189257142929,96.0
C[C@H]1CCCN1Cc1nc2ccc(NC(=O)c3ccc4c(cnn4CCCCCCCCNc4cccc5c4C(=O)N(C4CCC(=O)NC4=O)C5=O)c3)cc2[nH]1,1.568201724066995,95.0
C[C@H]1CCCN1Cc1nc2ccc(NC(=O)c3ccc4c(cnn4CCCCCCCCNc4cccc5c4C(=O)N(C4CCC(=O)NC4=O)C5=O)c3)cc2[nH]1,1.568201724066995,95.0
C[C@H]1CCCN1Cc1nc2ccc(NC(=O)c3ccc4c(cnn4CCCCCCNc4cccc5c4C(=O)N(C4CCC(=O)NC4=O)C5=O)c3)cc2[nH]1,1.6989700043360187,68.0
C[C@H]1CCCN1Cc1nc2ccc(NC(=O)c3ccc4c(cnn4CCCCCCNc4cccc5c4C(=O)N(C4CCC(=O)NC4=O)C5=O)c3)cc2[nH]1,1.6989700043360187,68.0
C[C@H]1CCCN1Cc1nc2ccc(NC(=O)c3ccc4c(cnn4CCCCNc4cccc5c4C(=O)N(C4CCC(=O)NC4=O)C5=O)c3)cc2[nH]1,1.8573324964312685,89.0
C[C@H]1CCCN1Cc1nc2ccc(NC(=O)c3ccc4c(cnn4CCCCNc4cccc5c4C(=O)N(C4CCC(=O)NC4=O)C5=O)c3)cc2[nH]1,1.8573324964312685,89.0
Cc1sc2c(c1C)C(c1ccc(Cl)cc1)=N[C@@H](CC(=O)NCCOCCNC(=O)CN1CCOc3cc(N(CCC#N)C(=O)CCl)ccc31)c1nnc(C)n1-2,2.9084850188786495,71.0
Cc1sc2c(c1C)C(c1ccc(Cl)cc1)=N[C@@H](CC(=O)NCCOCCNC(=O)CN1CCOc3cc(N(CCC#N)C(=O)CCl)ccc31)c1nnc(C)n1-2,2.9138138523837167,81.0
Cc1sc2c(c1C)C(c1ccc(Cl)cc1)=N[C@@H](CC(=O)NCCCCCNC(=O)CN1CCOc3cc(N(CCC#N)C(=O)CCl)ccc31)c1nnc(C)n1-2,2.3979400086720375,94.0
Cc1sc2c(c1C)C(c1ccc(Cl)cc1)=N[C@@H](CC(=O)NCCOCCOCCOCCNC(=O)CN1CCOc3cc(N(CCC#N)C(=O)CCl)ccc31)c1nnc(C)n1-2,3.5563025007672873,60.0
Cc1sc2c(c1C)C(c1ccc(Cl)cc1)=N[C@@H](CC(=O)NCCOCCOCCOCCOCCNC(=O)CN1CCOc3cc(N(CCC#N)C(=O)CCl)ccc31)c1nnc(C)n1-2,3.204119982655925,80.0
CNCCN1CCC(c2cc(CN(C)C(=O)c3cccc(Oc4ccc(CCC(=O)N5CCC(CN6CCC(CN7CCN(CC(=O)N[C@H](C(=O)N8C[C@H](O)C[C@H]8C(=O)N[C@@H](C)c8ccc(-c9scnc9C)cc8)C(C)(C)C)CC7)CC6)CC5)cc4)c3)ccn2)CC1,0.9444826721501687,98.0
N#Cc1ccc(N2CCC3(CCN(c4ccc(C(=O)N5CCC(N6Cc7cc8c(cc7C6)C(=O)N(C6CCC(=O)NC6=O)C8=O)CC5)cc4)CC3)C2)cc1Cl,0.9867717342662448,89.0
N#Cc1ccc(N2CCC3(CCN(c4ccc(C(=O)N5CCC(CN6Cc7cc8c(cc7C6)C(=O)N(C6CCC(=O)NC6=O)C8=O)CC5)cc4)CC3)C2)cc1Cl,0.7558748556724915,88.0
N#Cc1ccc(N2CCC3(CCN(c4ccc(C(=O)N5CCC(CCN6Cc7cc8c(cc7C6)C(=O)N(C6CCC(=O)NC6=O)C8=O)CC5)cc4)CC3)C2)cc1Cl,1.9637878273455553,78.0
N#Cc1ccc(N2CCC3(CCN(c4ccc(C(=O)N5CCC(N6CCc7cc8c(cc7C6)C(=O)N(C6CCC(=O)NC6=O)C8=O)CC5)cc4)CC3)C2)cc1Cl,1.863322860120456,63.0
N#Cc1ccc(N2CCC3(CCN(c4ccc(C(=O)N5CCC(CN6CCc7cc8c(cc7C6)C(=O)N(C6CCC(=O)NC6=O)C8=O)CC5)cc4)CC3)C2)cc1Cl,1.3979400086720377,53.0
N#Cc1ccc(N2CCC3(CCN(c4ccc(C(=O)N5CCC(CCN6CCc7cc8c(cc7C6)C(=O)N(C6CCC(=O)NC6=O)C8=O)CC5)cc4)CC3)C2)cc1Cl,2.0969100130080562,79.0
N#Cc1ccc(N2CCC3(CCN(c4ccc(C(=O)N5CCC(N6CCc7cc8c(cc7CC6)C(=O)N(C6CCC(=O)NC6=O)C8=O)CC5)cc4)CC3)C2)cc1Cl,1.255272505103306,81.0
N#Cc1ccc(N2CCC3(CCN(c4ccc(C(=O)N5CCC(CN6CCc7cc8c(cc7CC6)C(=O)N(C6CCC(=O)NC6=O)C8=O)CC5)cc4)CC3)C2)cc1Cl,1.7075701760979363,51.0
N#Cc1ccc(N2CCC3(CCN(c4ccc(C(=O)N5CCC(CCN6CCc7cc8c(cc7CC6)C(=O)N(C6CCC(=O)NC6=O)C8=O)CC5)cc4)CC3)C2)cc1Cl,3.4771212547196626,76.0
C[C@@H]1CC2(CCN(c3ccc(C(=O)N4CCC(CN5Cc6cc7c(cc6C5)C(=O)N(C5CCC(=O)NC5=O)C7=O)CC4)cc3)CC2)CN1c1ccc(C#N)c(Cl)c1,2.5854607295085006,81.0
C[C@H]1CC2(CCN(c3ccc(C(=O)N4CCC(O)(CN5Cc6cc7c(cc6C5)C(=O)N(C5CCC(=O)NC5=O)C7=O)CC4)cc3)CC2)CN1c1ccc(C#N)c(Cl)c1,2.462397997898956,71.0
C[C@H](NC(=O)c1ccc2c(-c3ccc(C(F)(F)F)cc3)cccc2c1)c1cccc(NC2CCN(C(=O)COc3cccc4c3C(=O)N(C3CCC(=O)NC3=O)C4=O)CC2)n1,0.3010299956639812,96.7
O=C1CCC(N2C(=O)c3cc4c(cc3C2=O)CN(CCCC2CCN(c3ccc([C@@H]5c6ccc(O)cc6CC[C@@H]5c5ccccc5)cc3)CC2)C4)C(=O)N1,2.2329961103921536,79.0
O=C1CCC(N2C(=O)c3cc4c(cc3C2=O)CN(CCCCC2CCN(c3ccc([C@@H]5c6ccc(O)cc6CC[C@@H]5c5ccccc5)cc3)CC2)C4)C(=O)N1,2.3729120029701067,67.0
O=C1CCC(N2C(=O)c3cc4c(cc3C2=O)CN(CCCCCC2CCN(c3ccc([C@@H]5c6ccc(O)cc6CC[C@@H]5c5ccccc5)cc3)CC2)C4)C(=O)N1,1.4913616938342726,100.0
O=C1CCC(N2C(=O)c3cc4c(cc3C2=O)CN(CCCCCCC2CCN(c3ccc([C@@H]5c6ccc(O)cc6CC[C@@H]5c5ccccc5)cc3)CC2)C4)C(=O)N1,2.110589710299249,100.0
O=C1CCC(N2C(=O)c3cc4c(cc3C2=O)CN(C2CN(CC3CCN(c5ccc([C@@H]6c7ccc(O)cc7CC[C@@H]6c6ccccc6)cc5)CC3)C2)C4)C(=O)N1,2.9951962915971793,50.0
O=C1CCC(N2C(=O)c3cc4c(cc3C2=O)CN(CC2CN(CC3CCN(c5ccc([C@@H]6c7ccc(O)cc7CC[C@@H]6c6ccccc6)cc5)CC3)C2)C4)C(=O)N1,1.3222192947339193,59.0
O=C1CCC(N2C(=O)c3cc4c(cc3C2=O)CN(C2CCN(CC3CCN(c5ccc([C@@H]6c7ccc(O)cc7CC[C@@H]6c6ccccc6)cc5)CC3)CC2)C4)C(=O)N1,0.36172783601759284,84.0
O=C1CCC(N2C(=O)c3cc4c(cc3C2=O)CN(C2CCN(CC3CN(c5ccc([C@@H]6c7ccc(O)cc7CC[C@@H]6c6ccccc6)cc5)C3)CC2)C4)C(=O)N1,2.469822015978163,57.0
O=C1CCC(N2C(=O)c3cc4c(cc3C2=O)CN(CC2CCN(CC3CN(c5ccc([C@@H]6c7ccc(O)cc7CC[C@@H]6c6ccccc6)cc5)C3)CC2)C4)C(=O)N1,1.2787536009528289,64.0
O=C1CCC(N2C(=O)c3cc4c(cc3C2=O)CN(CC2CN(C(=O)C3CCN(c5ccc([C@@H]6c7ccc(O)cc7CC[C@@H]6c6ccccc6)cc5)CC3)C2)C4)C(=O)N1,0.7781512503836436,84.0
O=C1CCC(N2C(=O)c3cc4c(cc3C2=O)CN(C2CCN(C(=O)C3CCN(c5ccc([C@@H]6c7ccc(O)cc7CC[C@@H]6c6ccccc6)cc5)CC3)CC2)C4)C(=O)N1,0.20411998265592482,95.0
O=C1CCC(N2C(=O)c3cc4c(cc3C2=O)CN(CC2CCN(C(=O)C3CCN(c5ccc([C@@H]6c7ccc(O)cc7CC[C@@H]6c6ccccc6)cc5)CC3)CC2)C4)C(=O)N1,1.1139433523068367,76.0
O=C1CCC(N2C(=O)c3cc4c(cc3C2=O)CN(C(=O)C2CCN(CC3CCN(c5ccc([C@@H]6c7ccc(O)cc7CC[C@@H]6c6ccccc6)cc5)CC3)CC2)C4)C(=O)N1,0.9867717342662448,63.0
O=C1CCC(N2C(=O)c3cc4c(cc3C2=O)CN(CC2CCN(C(=O)C3CN(c5ccc([C@@H]6c7ccc(O)cc7CC[C@@H]6c6ccccc6)cc5)C3)CC2)C4)C(=O)N1,1.505149978319906,87.0
O=C1CCC(N2C(=O)c3cc4c(cc3C2=O)CN(CC(=O)N2CC3(C2)CN(c2ccc([C@@H]5c6ccc(O)cc6CC[C@@H]5c5ccccc5)cc2)C3)C4)C(=O)N1,1.041392685158225,65.0
O=C1CCC(N2C(=O)c3cc4c(cc3C2=O)CN(CC(=O)N2CC3(CCN(c5ccc([C@@H]6c7ccc(O)cc7CC[C@@H]6c6ccccc6)cc5)C3)C2)C4)C(=O)N1,0.6020599913279624,63.0
O=C1CCC(N2C(=O)c3cc4c(cc3C2=O)CN(CC(=O)N2CCC3(CC2)CN(c2ccc([C@@H]5c6ccc(O)cc6CC[C@@H]5c5ccccc5)cc2)C3)C4)C(=O)N1,0.25527250510330607,68.0
O=C1CCC(N2C(=O)c3cc4c(cc3C2=O)CN(CC(=O)N2CC3(CCN(c5ccc([C@@H]6c7ccc(O)cc7CC[C@@H]6c6ccccc6)cc5)CC3)C2)C4)C(=O)N1,0.4471580313422192,71.0
O=C1CCC(N2C(=O)c3cc4c(cc3C2=O)CN(CC(=O)N2CCC3(CC2)CCN(c2ccc([C@@H]5c6ccc(O)cc6CC[C@@H]5c5ccccc5)cc2)C3)C4)C(=O)N1,1.255272505103306,58.0
O=C1CCC(N2C(=O)c3cc4c(cc3C2=O)CN(CC(=O)N2CCC3(CC2)CCN(c2ccc([C@@H]5c6ccc(O)cc6CC[C@@H]5c5ccccc5)cc2)CC3)C4)C(=O)N1,0.7403626894942439,90.0
O=C1CCC(N2C(=O)c3cc4c(cc3C2=O)CN(CC(=O)N2CCCC3(CCN(c5ccc([C@@H]6c7ccc(O)cc7CC[C@@H]6c6ccccc6)cc5)CC3)C2)C4)C(=O)N1,2.5943925503754266,58.0
C[C@@H]1Cc2c([nH]c3ccccc23)[C@@H](c2c(F)cc(N3CCC4(CCN(C(=O)CN5Cc6cc7c(cc6C5)C(=O)N(C5CCC(=O)NC5=O)C7=O)CC4)CC3)cc2F)N1CC(F)(F)CO,-1.0,97.0
C[C@@H]1Cc2c([nH]c3ccccc23)[C@@H](c2c(F)cc(N3CCC4(CCN(C(=O)CN5Cc6cc7c(cc6C5)C(=O)N(C5CCC(=O)NC5=O)C7=O)CC4)CC3)cc2F)N1CC(C)(C)F,-0.09691001300805639,83.0
C[C@@H]1Cc2c([nH]c3ccccc23)[C@@H](c2c(F)cc(N3CCC4(CCN(C(=O)CN5Cc6cc7c(cc6C5)C(=O)N(C5CCC(=O)NC5=O)C7=O)CC4)CC3)cc2F)N1CC(F)F,-0.09691001300805639,100.0
C[C@@H]1Cc2c(ccc3[nH]ncc23)[C@@H](c2ccc(N3CCC4(CCN(C(=O)CN5Cc6cc7c(cc6C5)C(=O)N(C5CCC(=O)NC5=O)C7=O)CC4)CC3)cn2)N1CC(F)(F)F,0.5797835966168101,100.0
C[C@@H]1Cc2c(ccc3[nH]ncc23)[C@@H](c2c(F)cc(N3CCC4(CCN(C(=O)CN5Cc6cc7c(cc6C5)C(=O)N(C5CCC(=O)NC5=O)C7=O)CC4)CC3)cc2F)N1CC(F)(F)F,0.3010299956639812,88.0
C[C@@H]1Cc2c(ccc3[nH]ncc23)[C@@H](c2c(F)cc(N3CCC4(CCN(C(=O)CN5Cc6cc7c(cc6C5)C(=O)N(C5CCC(=O)NC5=O)C7=O)CC4)CC3)cc2F)N1CC(F)F,-0.3010299956639812,91.0
C[C@@H]1Cc2c(ccc3[nH]ncc23)[C@@H](c2ccc(N3CCC4(CCN(C(=O)CN5Cc6cc7c(cc6C5)C(=O)N(C5CCC(=O)NC5=O)C7=O)CC4)CC3)cn2)N1CC(F)F,1.146128035678238,100.0
COc1cc(N2CCC3(CCN(C(=O)CN4Cc5cc6c(cc5C4)C(=O)N(C4CCC(=O)NC4=O)C6=O)CC3)CC2)ccc1[C@@H]1c2ccc3[nH]ncc3c2C[C@@H](C)N1CC(F)F,0.146128035678238,82.0
CCCNNC(=O)c1ccc(NC(=O)CCCCCCCCC(=O)N[C@H](C(=O)N2C[C@H](O)C[C@H]2C(=O)N[C@@H](C)c2ccc(-c3scnc3C)cc2)C(C)(C)C)cc1,-0.22184874961635637,90.0
CCCNNC(=O)c1ccc(NC(=O)CCCCCCCCC(=O)N[C@H](C(=O)N2C[C@H](O)C[C@H]2C(=O)N[C@@H](C)c2ccc(-c3scnc3C)cc2)C(C)(C)C)cc1,1.8750612633917,94.0
Cc1cccc(/C=N/Nc2cc(N3CCOCC3)nc(OCCc3ccc(NC(=O)CCCCC(=O)N[C@H](C(=O)N4C[C@H](O)C[C@H]4C(=O)NCc4ccc(-c5scnc5C)cc4)C(C)(C)C)cc3)n2)c1,0.17026171539495738,97.9
C[C@@H]1CCC2[C@@H](C)[C@@H](OCCN(CCO[C@H]3O[C@@H]4O[C@@]5(C)CCC6[C@H](C)CCC([C@H]3C)[C@]64OO5)C(=O)CCCCCCCNc3cccc4c3C(=O)N(C3CCC(=O)NC3=O)C4=O)O[C@@H]3O[C@@]4(C)CCC1[C@@]23OO4,1.7397305285647175,95.0
Cc1ncsc1-c1ccc([C@H](C)NC(=O)[C@@H]2C[C@@H](O)CN2C(=O)[C@@H](NC(=O)CCCn2cc(-c3cc(-c4ccccc4O)nnc3N)cn2)C(C)(C)C)cc1,2.12057393120585,88.0
Cc1ncsc1-c1ccc([C@H](C)NC(=O)[C@@H]2C[C@@H](O)CN2C(=O)[C@@H](NC(=O)CCCn2cc(-c3cc(-c4ccccc4O)nnc3N)cn2)C(C)(C)C)cc1,2.6655809910179533,84.0
Cc1ncsc1-c1ccc([C@H](C)NC(=O)[C@@H]2C[C@@H](O)CN2C(=O)[C@@H](NC(=O)CCCCn2cc(-c3cc(-c4ccccc4O)nnc3N)cn2)C(C)(C)C)cc1,2.1271047983648077,85.0
Cc1ncsc1-c1ccc([C@H](C)NC(=O)[C@@H]2C[C@@H](O)CN2C(=O)[C@@H](NC(=O)CCCCCn2cc(-c3cc(-c4ccccc4O)nnc3N)cn2)C(C)(C)C)cc1,1.0791812460476249,93.0
Cc1ncsc1-c1ccc([C@H](C)NC(=O)[C@@H]2C[C@@H](O)CN2C(=O)[C@@H](NC(=O)CCCCCCCn2cc(-c3cc(-c4ccccc4O)nnc3N)cn2)C(C)(C)C)cc1,0.47712125471966244,95.0
Cc1ncsc1-c1ccc([C@H](C)NC(=O)[C@@H]2C[C@@H](O)CN2C(=O)[C@@H](NC(=O)CCCCCCCn2cc(-c3cc(-c4ccccc4O)nnc3N)cn2)C(C)(C)C)cc1,1.3617278360175928,90.0
Cc1ncsc1-c1ccc([C@H](C)NC(=O)[C@@H]2C[C@@H](O)CN2C(=O)[C@@H](NC(=O)CCCCCCCCn2cc(-c3cc(-c4ccccc4O)nnc3N)cn2)C(C)(C)C)cc1,0.47712125471966244,95.0
Cc1ncsc1-c1ccc([C@H](C)NC(=O)[C@@H]2C[C@@H](O)CN2C(=O)[C@@H](NC(=O)CCCCCCCCn2cc(-c3cc(-c4ccccc4O)nnc3N)cn2)C(C)(C)C)cc1,1.4913616938342726,93.0
Cc1ncsc1-c1ccc([C@H](C)NC(=O)[C@@H]2C[C@@H](O)CN2C(=O)[C@@H](NC(=O)CCCCCCCCCn2cc(-c3cc(-c4ccccc4O)nnc3N)cn2)C(C)(C)C)cc1,0.3010299956639812,93.0
Cc1ncsc1-c1ccc([C@H](C)NC(=O)[C@@H]2C[C@@H](O)CN2C(=O)[C@@H](NC(=O)CCCCCCCCCn2cc(-c3cc(-c4ccccc4O)nnc3N)cn2)C(C)(C)C)cc1,0.9030899869919435,94.0
Cc1ncsc1-c1ccc([C@H](C)NC(=O)[C@@H]2C[C@@H](O)CN2C(=O)[C@@H](NC(=O)CCCCCCCCCCn2cc(-c3cc(-c4ccccc4O)nnc3N)cn2)C(C)(C)C)cc1,0.7781512503836436,93.0
Cc1ncsc1-c1ccc([C@H](C)NC(=O)[C@@H]2C[C@@H](O)CN2C(=O)[C@@H](NC(=O)CCCCCCCCCCn2cc(-c3cc(-c4ccccc4O)nnc3N)cn2)C(C)(C)C)cc1,1.6720978579357175,87.0
Cc1cc([C@@H](C(=O)N2C[C@H](O)C[C@H]2C(=O)N[C@@H](CC(=O)NCCCCCCn2cc(-c3cc(-c4ccccc4O)nnc3N)cn2)c2ccc(-c3scnc3C)cc2)C(C)C)on1,1.255272505103306,86.0
Cc1cc([C@@H](C(=O)N2C[C@H](O)C[C@H]2C(=O)N[C@@H](CC(=O)NCCCCCCn2cc(-c3cc(-c4ccccc4O)nnc3N)cn2)c2ccc(-c3scnc3C)cc2)C(C)C)on1,2.3283796034387376,84.0
Cc1cc([C@@H](C(=O)N2C[C@H](O)C[C@H]2C(=O)N[C@@H](CC(=O)NCCCCCCCn2cc(-c3cc(-c4ccccc4O)nnc3N)cn2)c2ccc(-c3scnc3C)cc2)C(C)C)on1,1.9822712330395684,91.0
Cc1cc([C@@H](C(=O)N2C[C@H](O)C[C@H]2C(=O)N[C@@H](CC(=O)NCCCCCCCn2cc(-c3cc(-c4ccccc4O)nnc3N)cn2)c2ccc(-c3scnc3C)cc2)C(C)C)on1,1.9590413923210936,92.0
Cc1cc([C@@H](C(=O)N2C[C@H](O)C[C@H]2C(=O)N[C@@H](CC(=O)NCCCCCCCCn2cc(-c3cc(-c4ccccc4O)nnc3N)cn2)c2ccc(-c3scnc3C)cc2)C(C)C)on1,1.8260748027008264,91.0
Cc1cc([C@@H](C(=O)N2C[C@H](O)C[C@H]2C(=O)N[C@@H](CC(=O)NCCCCCCCCn2cc(-c3cc(-c4ccccc4O)nnc3N)cn2)c2ccc(-c3scnc3C)cc2)C(C)C)on1,1.8195439355418688,93.0
Cc1cc([C@@H](C(=O)N2C[C@H](O)C[C@H]2C(=O)N[C@@H](CC(=O)NCCCCCCCCCn2cc(-c3cc(-c4ccccc4O)nnc3N)cn2)c2ccc(-c3scnc3C)cc2)C(C)C)on1,1.8512583487190752,94.0
Cc1cc([C@@H](C(=O)N2C[C@H](O)C[C@H]2C(=O)N[C@@H](CC(=O)NCCCCCCCCCn2cc(-c3cc(-c4ccccc4O)nnc3N)cn2)c2ccc(-c3scnc3C)cc2)C(C)C)on1,1.8750612633917,94.0
Cc1cc([C@@H](C(=O)N2C[C@H](O)C[C@H]2C(=O)N[C@@H](CC(=O)NCCCCCCCCCCn2cc(-c3cc(-c4ccccc4O)nnc3N)cn2)c2ccc(-c3scnc3C)cc2)C(C)C)on1,1.568201724066995,95.0
Cc1cc([C@@H](C(=O)N2C[C@H](O)C[C@H]2C(=O)N[C@@H](CC(=O)NCCCCCCCCCCn2cc(-c3cc(-c4ccccc4O)nnc3N)cn2)c2ccc(-c3scnc3C)cc2)C(C)C)on1,1.7242758696007892,93.0
Cc1cc([C@@H](C(=O)N2C[C@H](O)C[C@H]2C(=O)N[C@@H](CC(=O)NCCCCCCCCCCCCn2cc(-c3cc(-c4ccccc4O)nnc3N)cn2)c2ccc(-c3scnc3C)cc2)C(C)C)on1,1.662757831681574,93.0
Cc1cc([C@@H](C(=O)N2C[C@H](O)C[C@H]2C(=O)N[C@@H](CC(=O)NCCCCCCCCCCCCn2cc(-c3cc(-c4ccccc4O)nnc3N)cn2)c2ccc(-c3scnc3C)cc2)C(C)C)on1,1.9542425094393248,89.0
Cc1ncsc1-c1ccc([C@H](C)NC(=O)[C@@H]2C[C@@H](O)CN2C(=O)[C@@H](NC(=O)COCCOCCOCCn2cc(-c3cc(-c4ccccc4O)nnc3N)cn2)C(C)(C)C)cc1,2.6580113966571126,70.5
Cc1ncsc1-c1ccc([C@H](C)NC(=O)[C@@H]2C[C@@H](O)CN2C(=O)[C@@H](NC(=O)CCOCCOCCn2cc(-c3cc(-c4ccccc4O)nnc3N)cn2)C(C)(C)C)cc1,2.4955443375464483,76.5
Cc1ncsc1-c1ccc([C@H](C)NC(=O)[C@@H]2C[C@@H](O)CN2C(=O)[C@@H](NC(=O)CCN2CCN(CCCn3cc(-c4cc(-c5ccccc5O)nnc4N)cn3)CC2)C(C)(C)C)cc1,2.833784374656479,62.0
Cc1ncsc1-c1ccc([C@H](C)NC(=O)[C@@H]2C[C@@H](O)CN2C(=O)[C@@H](NC(=O)CCN2CCN(CCCn3cc(-c4cc(-c5ccccc5O)nnc4N)cn3)CC2)C(C)(C)C)cc1,2.7671558660821804,76.0
Cc1ncsc1-c1ccc([C@H](C)NC(=O)[C@@H]2C[C@@H](O)CN2C(=O)[C@@H](NC(=O)CCCCCN2CCC(n3cc(-c4cc(-c5ccccc5O)nnc4N)cn3)CC2)C(C)(C)C)cc1,0.7781512503836436,94.0
Cc1ncsc1-c1ccc([C@H](C)NC(=O)[C@@H]2C[C@@H](O)CN2C(=O)[C@@H](NC(=O)CCCCCN2CCC(n3cc(-c4cc(-c5ccccc5O)nnc4N)cn3)CC2)C(C)(C)C)cc1,2.3944516808262164,77.0
Cc1ncsc1-c1ccc([C@H](C)NC(=O)[C@@H]2C[C@@H](O)CN2C(=O)[C@@H](NC(=O)[C@H]2CC[C@H](CN3CCC4(CCC(n5cc(-c6cc(-c7ccccc7O)nnc6N)cn5)CC4)CC3)CC2)C(C)(C)C)cc1,0.6989700043360189,90.0
Cc1ncsc1-c1ccc([C@H](C)NC(=O)[C@@H]2C[C@@H](O)CN2C(=O)[C@@H](NC(=O)[C@H]2CC[C@H](CN3CCC4(CCC(n5cc(-c6cc(-c7ccccc7O)nnc6N)cn5)CC4)CC3)CC2)C(C)(C)C)cc1,2.3404441148401185,66.0
Cc1ncsc1-c1ccc([C@H](C)NC(=O)[C@@H]2C[C@@H](O)CN2C(=O)[C@@H](NC(=O)C2CCC(N3CC4(CCC(n5cc(-c6cc(-c7ccccc7O)nnc6N)cn5)CC4)C3)CC2)C(C)(C)C)cc1,1.3979400086720377,85.0
Cc1ncsc1-c1ccc([C@H](C)NC(=O)[C@@H]2C[C@@H](O)CN2C(=O)[C@@H](NC(=O)C2CCC(N3CCC4(CCC(n5cc(-c6cc(-c7ccccc7O)nnc6N)cn5)CC4)CC3)CC2)C(C)(C)C)cc1,1.5314789170422551,90.0
Cc1ncsc1-c1ccc([C@H](C)NC(=O)[C@@H]2C[C@@H](O)CN2C(=O)[C@@H](NC(=O)C2CCC(N3CCC4(CCC(n5cc(-c6cc(-c7ccccc7O)nnc6N)cn5)CC4)CC3)CC2)C(C)(C)C)cc1,2.4983105537896004,72.0
Nc1ncnc2c1c(-c1ccc(Oc3ccccc3)cc1)nn2C1CCN(Cc2ccc(C#CC3CCN(c4ccc5c(c4)C(=O)N(C4CCC(=O)NC4=O)C5=O)CC3)nc2)CC1,1.7084209001347128,97.75
Nc1ncnc2c1c(-c1ccc(Oc3ccccc3)cc1)nn2C1CCN(C(=O)c2ccc(N3CCN(c4ccc5c(c4)C(=O)N(C4CCC(=O)NC4=O)C5=O)CC3)nc2)CC1,1.4292676664331685,97.78
Nc1ncnc2c1c(-c1ccc(Oc3ccccc3)cc1)nn2C1CCN(Cc2ccc(C#CC3CCN(c4cccc5c4C(=O)N(C4CCC(=O)NC4=O)C5=O)CC3)nc2)CC1,1.6637009253896482,95.01
O=C(CCCCCCNC(=O)c1ccc(NC(=O)CCCCCCCNC(=O)COc2cccc3c2C(=O)N(C2CCC(=O)NC2=O)C3=O)cc1)NO,0.5390760987927766,84.47
O=C1CCC(N2C(=O)c3cccc(OCCCCCn4cc(CCCCN5CCC(NC(=O)c6[nH]ncc6NC(=O)c6c(Cl)cccc6Cl)CC5)nn4)c3C2=O)C(=O)N1,2.113943352306837,67.5
O=C1CCC(N2C(=O)c3cccc(OCCCCn4cc(CCCCN5CCC(NC(=O)c6[nH]ncc6NC(=O)c6c(Cl)cccc6Cl)CC5)nn4)c3C2=O)C(=O)N1,1.845098040014257,79.1
O=C1CCC(N2C(=O)c3cccc(OCCCCn4cc(CCCCCN5CCC(NC(=O)c6[nH]ncc6NC(=O)c6c(Cl)cccc6Cl)CC5)nn4)c3C2=O)C(=O)N1,2.6020599913279625,58.6
O=C1CCC(N2C(=O)c3cccc(OCCCCCCCCn4cc(CCN5CCC(NC(=O)c6[nH]ncc6NC(=O)c6c(Cl)cccc6Cl)CC5)nn4)c3C2=O)C(=O)N1,1.7781512503836436,88.3
O=C1CCC(N2C(=O)c3cccc(OCCCCCn4cc(CCCCCN5CCC(NC(=O)c6[nH]ncc6NC(=O)c6c(Cl)cccc6Cl)CC5)nn4)c3C2=O)C(=O)N1,2.9777236052888476,68.5
O=C1CCC(N2C(=O)c3cccc(OCCCCCCCn4cc(CCCCCCCN5CCC(NC(=O)c6[nH]ncc6NC(=O)c6c(Cl)cccc6Cl)CC5)nn4)c3C2=O)C(=O)N1,1.7781512503836436,78.0
O=C1CCC(N2C(=O)c3cccc(OCCCCn4cc(CCCCCCCCCCN5CCC(NC(=O)c6[nH]ncc6NC(=O)c6c(Cl)cccc6Cl)CC5)nn4)c3C2=O)C(=O)N1,1.6020599913279625,88.6
O=C1CCC(N2C(=O)c3cccc(OCCCCCCCn4cc(CCCCCN5CCC(NC(=O)c6[nH]ncc6NC(=O)c6c(Cl)cccc6Cl)CC5)nn4)c3C2=O)C(=O)N1,2.0,70.1
Cc1ncsc1-c1ccc([C@H](C)NC(=O)[C@@H]2C[C@@H](O)CN2C(=O)[C@@H](NC(=O)c2ccnc(N3CCN(c4cc(-c5ccccc5O)nnc4N)CC3)c2)C(C)(C)C)cc1,1.4471580313422192,98.0
Cc1ncsc1-c1ccc([C@H](C)NC(=O)[C@@H]2C[C@@H](O)CN2C(=O)[C@@H](NC(=O)c2cccc(N3CCN(c4cc(-c5ccccc5O)nnc4N)CC3)n2)C(C)(C)C)cc1,1.9777236052888478,95.0
Cc1ncsc1-c1ccc([C@H](C)NC(=O)[C@@H]2C[C@@H](O)CN2C(=O)[C@@H](NC(=O)c2cccc(N3CCN(c4cc(-c5ccccc5O)nnc4N)CC3)c2)C(C)(C)C)cc1,1.99563519459755,96.0
Cc1ncsc1-c1ccc([C@H](C)NC(=O)[C@@H]2C[C@@H](O)CN2C(=O)[C@@H](NC(=O)c2csc(N3CCN(c4cc(-c5ccccc5O)nnc4N)CC3)n2)C(C)(C)C)cc1,2.0492180226701815,96.0
Cc1ncsc1-c1ccc([C@H](C)NC(=O)[C@@H]2C[C@@H](O)CN2C(=O)[C@@H](NC(=O)Cc2ccnc(N3CCN(c4cc(-c5ccccc5O)nnc4N)CC3)c2)C(C)(C)C)cc1,2.929418925714293,55.0
Cc1ncsc1-c1ccc([C@H](C)NC(=O)[C@@H]2C[C@@H](O)CN2C(=O)[C@@H](NC(=O)CCc2ccnc(N3CCN(c4cc(-c5ccccc5O)nnc4N)CC3)c2)C(C)(C)C)cc1,2.578639209968072,80.0
COCCN(C)Cc1cc(NC(=O)CCc2ccc3c(c2)C(=O)N(C2CCC(=O)NC2=O)C3)cc(Cl)c1C,1.5440680443502757,81.65
Cc1nnc2n1-c1sc(C#Cc3cnn(CC4CN(c5cccc6c5C(=O)N(C5CCC(=O)NC5=O)C6=O)C4)c3)c(Cc3ccccc3)c1COC2,-0.5228787452803376,97.0
Cc1nnc2n1-c1sc(C#Cc3cnn(CC4CN(c5cccc6c5C(=O)N(C5CCC(=O)NC5=O)C6=O)C4)c3)c(Cc3ccccc3)c1COC2,-0.3979400086720376,98.0
Cc1nnc2n1-c1sc(C#Cc3cnn(CC4CN(c5cccc6c5C(=O)N(C5CCC(=O)NC5=O)C6=O)C4)c3)c(Cc3ccccc3)c1COC2,-1.0,98.0
Cc1nnc2n1-c1sc(C#Cc3cnn(C4CCN(c5cccc6c5C(=O)N(C5CCC(=O)NC5=O)C6=O)CC4)c3)c(Cc3ccccc3)c1COC2,1.6989700043360187,68.0
Cc1nnc2n1-c1sc(C#Cc3cnn(C4CCN(c5cccc6c5C(=O)N(C5CCC(=O)NC5=O)C6=O)CC4)c3)c(Cc3ccccc3)c1COC2,-0.3979400086720376,98.0
CC(=O)N1CCc2c(c(-c3cccc4cc(-c5ccc(C(=O)NCCCCNc6cccc7c6C(=O)N(C6CCC(=O)NC6=O)C7=O)nc5)ncc34)nn2C2CCOCC2)C1,0.11394335230683678,70.0
CC(=O)N1CCc2c(c(-c3cccc4cc(-c5ccc(C(=O)NCCCCNc6cccc7c6C(=O)N(C6CCC(=O)NC6=O)C7=O)nc5)ncc34)nn2C2CCOCC2)C1,-0.09691001300805639,77.0
CC(=O)N1CCc2c(c(-c3cccc4cc(-c5ccc(C(=O)NCCCCCNc6cccc7c6C(=O)N(C6CCC(=O)NC6=O)C7=O)nc5)ncc34)nn2C2CCOCC2)C1,0.0,92.0
CC(=O)N1CCc2c(c(-c3cccc4cc(-c5ccc(C(=O)NCCCCCNc6cccc7c6C(=O)N(C6CCC(=O)NC6=O)C7=O)nc5)ncc34)nn2C2CCOCC2)C1,-0.5228787452803376,95.0
CC(=O)N1CCc2c(c(-c3cccc4cc(-c5ccc(C(=O)NCCCCCCNc6cccc7c6C(=O)N(C6CCC(=O)NC6=O)C7=O)nc5)ncc34)nn2C2CCOCC2)C1,-0.22184874961635637,99.0
CC(=O)N1CCc2c(c(-c3cccc4cc(-c5ccc(C(=O)NCCCCCCNc6cccc7c6C(=O)N(C6CCC(=O)NC6=O)C7=O)nc5)ncc34)nn2C2CCOCC2)C1,-0.22184874961635637,87.0
CC(=O)N1CCc2c(c(-c3cccc4cc(-c5ccc(C(=O)NCCCCCCCNc6cccc7c6C(=O)N(C6CCC(=O)NC6=O)C7=O)nc5)ncc34)nn2C2CCOCC2)C1,0.07918124604762482,99.0
CC(=O)N1CCc2c(c(-c3cccc4cc(-c5ccc(C(=O)NCCCCCCCNc6cccc7c6C(=O)N(C6CCC(=O)NC6=O)C7=O)nc5)ncc34)nn2C2CCOCC2)C1,0.36172783601759284,87.0
CC(=O)N1CCc2c(c(-c3cccc4cc(-c5ccc(C(=O)NCCCCCCCCNc6cccc7c6C(=O)N(C6CCC(=O)NC6=O)C7=O)nc5)ncc34)nn2C2CCOCC2)C1,-0.6989700043360187,99.0
CC(=O)N1CCc2c(c(-c3cccc4cc(-c5ccc(C(=O)NCCCCCCCCNc6cccc7c6C(=O)N(C6CCC(=O)NC6=O)C7=O)nc5)ncc34)nn2C2CCOCC2)C1,0.20411998265592482,97.0
CC(=O)N1CCc2c(c(-c3cccc4cc(-c5ccc(C(=O)NCCCc6cccc7c6CN(C6CCC(=O)NC6=O)C7=O)nc5)ncc34)nn2C2CCOCC2)C1,0.5185139398778874,95.0
CC(=O)N1CCc2c(c(-c3cccc4cc(-c5ccc(C(=O)NCCCc6cccc7c6CN(C6CCC(=O)NC6=O)C7=O)nc5)ncc34)nn2C2CCOCC2)C1,-0.5228787452803376,99.0
CC(=O)N1CCc2c(c(-c3cccc4cc(-c5ccc(C(=O)NCCCCc6cccc7c6CN(C6CCC(=O)NC6=O)C7=O)nc5)ncc34)nn2C2CCOCC2)C1,-0.6989700043360187,80.0
CC(=O)N1CCc2c(c(-c3cccc4cc(-c5ccc(C(=O)NCCCCCc6cccc7c6CN(C6CCC(=O)NC6=O)C7=O)nc5)ncc34)nn2C2CCOCC2)C1,-0.6989700043360187,99.0
CC(=O)N1CCc2c(c(-c3cccc4cc(-c5ccc(C(=O)NCCCCCc6cccc7c6CN(C6CCC(=O)NC6=O)C7=O)nc5)ncc34)nn2C2CCOCC2)C1,-1.0,99.0
CC(=O)N1CCc2c(c(-c3cccc4cc(-c5ccc(C(=O)NCCNc6cccc7c6CN(C6CCC(=O)NC6=O)C7=O)nc5)ncc34)nn2C2CCOCC2)C1,-0.22184874961635637,99.0
CC(=O)N1CCc2c(c(-c3cccc4cc(-c5ccc(C(=O)NCCNc6cccc7c6CN(C6CCC(=O)NC6=O)C7=O)nc5)ncc34)nn2C2CCOCC2)C1,0.25527250510330607,97.0
CC(=O)N1CCc2c(c(-c3cccc4cc(-c5ccc(C(=O)NCCCNc6cccc7c6CN(C6CCC(=O)NC6=O)C7=O)nc5)ncc34)nn2C2CCOCC2)C1,-0.6989700043360187,98.0
CC(=O)N1CCc2c(c(-c3cccc4cc(-c5ccc(C(=O)NCCCNc6cccc7c6CN(C6CCC(=O)NC6=O)C7=O)nc5)ncc34)nn2C2CCOCC2)C1,0.25527250510330607,95.0
CC(=O)N1CCc2c(c(-c3cccc4cc(-c5ccc(C(=O)NCCNc6ccc7c(c6)CN(C6CCC(=O)NC6=O)C7=O)nc5)ncc34)nn2C2CCOCC2)C1,0.04139268515822507,80.0
CC(=O)N1CCc2c(c(-c3cccc4cc(-c5ccc(C(=O)NCCNc6ccc7c(c6)CN(C6CCC(=O)NC6=O)C7=O)nc5)ncc34)nn2C2CCOCC2)C1,0.7075701760979364,73.0
CC(=O)N1CCc2c(c(-c3cccc4cc(-c5ccc(C(=O)N6CCC(Nc7cccc8c7C(=O)N(C7CCC(=O)NC7=O)C8=O)CC6)nc5)ncc34)nn2C2CCOCC2)C1,0.25527250510330607,86.0
CC(=O)N1CCc2c(c(-c3cccc4cc(-c5ccc(C(=O)NC6CCN(c7cccc8c7C(=O)N(C7CCC(=O)NC7=O)C8=O)CC6)nc5)ncc34)nn2C2CCOCC2)C1,-0.6989700043360187,99.0
CC(=O)N1CCc2c(c(-c3cccc4cc(-c5ccc(C(=O)NC6CCN(c7cccc8c7C(=O)N(C7CCC(=O)NC7=O)C8=O)CC6)nc5)ncc34)nn2C2CCOCC2)C1,0.20411998265592482,99.0
CC(=O)N1CCc2c(c(-c3cccc4cc(-c5ccc(C(=O)N6CCC(C7CN(c8cccc9c8C(=O)N(C8CCC(=O)NC8=O)C9=O)C7)CC6)nc5)ncc34)nn2C2CCOCC2)C1,0.568201724066995,85.0
CC(=O)N1CCc2c(c(-c3cccc4cc(-c5ccc(C(=O)N6CCC(C7CCN(c8cccc9c8C(=O)N(C8CCC(=O)NC8=O)C9=O)CC7)CC6)nc5)ncc34)nn2C2CCOCC2)C1,1.6020599913279625,58.0
CC(=O)N1CCc2c(c(-c3cccc4cc(-c5ccc(C(=O)N6CCC7(CC6)CC(Nc6cccc8c6C(=O)N(C6CCC(=O)NC6=O)C8=O)C7)nc5)ncc34)nn2C2CCOCC2)C1,0.2304489213782739,96.0
CC(=O)N1CCc2c(c(-c3cccc4cc(-c5ccc(C(=O)N6CCC7(CC6)CC(Nc6cccc8c6C(=O)N(C6CCC(=O)NC6=O)C8=O)C7)nc5)ncc34)nn2C2CCOCC2)C1,0.9684829485539351,51.0
CC(=O)N1CCc2c(c(-c3cccc4cc(-c5ccc(C(=O)N6CC7(CC(Nc8cccc9c8C(=O)N(C8CCC(=O)NC8=O)C9=O)C7)C6)nc5)ncc34)nn2C2CCOCC2)C1,-0.5228787452803376,99.0
CC(=O)N1CCc2c(c(-c3cccc4cc(-c5ccc(C(=O)N6CC7(CC(Nc8cccc9c8C(=O)N(C8CCC(=O)NC8=O)C9=O)C7)C6)nc5)ncc34)nn2C2CCOCC2)C1,0.04139268515822507,95.0
CC(=O)N1CCc2c(c(-c3cccc4cc(-c5ccc(C(=O)NC6CCN(c7ccc8c(c7)CN(C7CCC(=O)NC7=O)C8=O)CC6)nc5)ncc34)nn2C2CCOCC2)C1,-1.0,99.0
CC(=O)N1CCc2c(c(-c3cccc4cc(-c5ccc(C(=O)NC6CCN(c7ccc8c(c7)CN(C7CCC(=O)NC7=O)C8=O)CC6)nc5)ncc34)nn2C2CCOCC2)C1,-0.6989700043360187,99.0
COc1cc(OC)c(Cl)c(NC(=O)N(C)c2cc(Nc3ccc(N4CCN(C(=O)C5CCN(c6ccc7c(c6)C(=O)N(C6CCC(=O)NC6=O)C7=O)CC5)CC4)cc3)ncn2)c1Cl,1.0718820073061255,80.0
CCn1nc(C)cc1C(=O)Nc1nc2cc(C(=O)NCCCCC(=O)N[C@H](C(=O)N3C[C@H](O)C[C@H]3C(=O)NCc3ccc(-c4scnc4C)cc3)C(C)(C)C)cc(OC)c2n1C/C=C/Cn1c(NC(=O)c2cc(C)nn2CC)nc2cc(C(N)=O)cc(OCCCN3CCOCC3)c21,3.4795753101749884,91.78
CCn1nc(C)cc1C(=O)Nc1nc2cc(C(=O)NCCOCCC(=O)N[C@H](C(=O)N3C[C@H](O)C[C@H]3C(=O)NCc3ccc(-c4scnc4C)cc3)C(C)(C)C)cc(OC)c2n1C/C=C/Cn1c(NC(=O)c2cc(C)nn2CC)nc2cc(C(N)=O)cc(OCCCN3CCOCC3)c21,3.5237464668115646,88.84
CCn1nc(C)cc1C(=O)Nc1nc2cc(C(=O)NCCCOCCC(=O)N[C@H](C(=O)N3C[C@H](O)C[C@H]3C(=O)NCc3ccc(-c4scnc4C)cc3)C(C)(C)C)cc(OC)c2n1C/C=C/Cn1c(NC(=O)c2cc(C)nn2CC)nc2cc(C(N)=O)cc(OCCCN3CCOCC3)c21,3.4095950193968156,84.21
CCn1nc(C)cc1C(=O)Nc1nc2cc(C(=O)NCCOCCOCCC(=O)N[C@H](C(=O)N3C[C@H](O)C[C@H]3C(=O)NCc3ccc(-c4scnc4C)cc3)C(C)(C)C)cc(OC)c2n1C/C=C/Cn1c(NC(=O)c2cc(C)nn2CC)nc2cc(C(N)=O)cc(OCCCN3CCOCC3)c21,3.0402066275747113,99.94
CCn1nc(C)cc1C(=O)Nc1nc2cc(C(=O)NCCOCCOCCOCC(=O)N[C@H](C(=O)N3C[C@H](O)C[C@H]3C(=O)NCc3ccc(-c4scnc4C)cc3)C(C)(C)C)cc(OC)c2n1C/C=C/Cn1c(NC(=O)c2cc(C)nn2CC)nc2cc(C(N)=O)cc(OCCCN3CCOCC3)c21,3.392696953259666,89.41
CCn1nc(C)cc1C(=O)Nc1nc2cc(C(=O)NCCOCCOCCOCCOCCC(=O)N[C@H](C(=O)N3C[C@H](O)C[C@H]3C(=O)NCc3ccc(-c4scnc4C)cc3)C(C)(C)C)cc(OC)c2n1C/C=C/Cn1c(NC(=O)c2cc(C)nn2CC)nc2cc(C(N)=O)cc(OCCCN3CCOCC3)c21,2.9656719712201065,97.65
O=C1CCC(N2C(=O)c3ccc(N4CCC(CCN5CCC(CC(=O)N[C@H]6CC[C@@H](Nc7ncnc8[nH]cc(C(=O)c9ccc(Oc%10ccccc%10)cc9Cl)c78)CC6)CC5)CC4)cc3C2=O)C(=O)N1,0.9444826721501687,94.1
O=C1CCC(N2C(=O)c3cc(F)c(N4CCC(CCN5CCC(CC(=O)N[C@H]6CC[C@@H](Nc7ncnc8[nH]cc(C(=O)c9ccc(Oc%10ccccc%10)cc9Cl)c78)CC6)CC5)CC4)cc3C2=O)C(=O)N1,0.9684829485539351,93.6
O=C1CCC(N2Cc3ccc(N4CCC(CCN5CCC(CC(=O)N[C@H]6CC[C@@H](Nc7ncnc8[nH]cc(C(=O)c9ccc(Oc%10ccccc%10)cc9Cl)c78)CC6)CC5)CC4)cc3C2=O)C(=O)N1,0.8692317197309762,90.6
O=C1CCC(N2Cc3cc(N4CCC(CCN5CCC(CC(=O)N[C@H]6CC[C@@H](Nc7ncnc8[nH]cc(C(=O)c9ccc(Oc%10ccccc%10)cc9Cl)c78)CC6)CC5)CC4)ccc3C2=O)C(=O)N1,1.0043213737826426,90.1
O=C1CCC(N2Cc3cc(N4CCC(CCN5CCC(CC(=O)N[C@H]6CC[C@@H](Nc7ncnc8[nH]cc(C(=O)c9ccc(Oc%10ccccc%10)cc9Cl)c78)CC6)CC5)CC4)c(F)cc3C2=O)C(=O)N1,0.8450980400142568,96.5
COc1ccc(C(=O)O)cc1OCc1ccc(C(=O)NCCNc2cccc3c2C(=O)N(C2CCC(=O)NC2=O)C3=O)cc1,1.7242758696007892,95.0
COc1ccc(C(=O)O)cc1OCc1ccc(C(=O)NCCNc2cccc3c2C(=O)N(C2CCC(=O)NC2=O)C3=O)cc1,3.2581581933407944,59.0
COc1ccc(C(=O)O)cc1OCc1ccc(C(=O)NCCCCNc2cccc3c2C(=O)N(C2CCC(=O)NC2=O)C3=O)cc1,2.075546961392531,96.0
COc1ccc(C(=O)O)cc1OCc1ccc(C(=O)NCCCCNc2cccc3c2C(=O)N(C2CCC(=O)NC2=O)C3=O)cc1,3.04688519083771,55.0
COc1ccc(C(=O)O)cc1OCc1ccc(C(=O)NCCCCCCNc2cccc3c2C(=O)N(C2CCC(=O)NC2=O)C3=O)cc1,1.146128035678238,91.0
COc1ccc(C(=O)O)cc1OCc1ccc(C(=O)NCCCCCCNc2cccc3c2C(=O)N(C2CCC(=O)NC2=O)C3=O)cc1,2.110589710299249,71.0
COc1cc(CCNCCCCCC#Cc2cccc3c2C(=O)N(C2CCC(=O)NC2=O)C3=O)c(C)cc1Nc1ncc(Cl)c(Nc2ccccc2S(=O)(=O)C(C)C)n1,2.0644579892269186,90.0
COc1cc(CCNCCCCCC#Cc2cccc3c2C(=O)N(C2CCC(=O)NC2=O)C3=O)c(C)cc1Nc1ncc(Cl)c(Nc2ccccc2S(=O)(=O)C(C)C)n1,2.482873583608754,87.0
COc1cc(CCNCCCCCC#Cc2cccc3c2CN(C2CCC(=O)NC2=O)C3=O)c(C)cc1Nc1ncc(Cl)c(Nc2ccccc2S(=O)(=O)C(C)C)n1,2.093421685162235,88.0
COc1cc(CCNCCCCCC#Cc2cccc3c2CN(C2CCC(=O)NC2=O)C3=O)c(C)cc1Nc1ncc(Cl)c(Nc2ccccc2S(=O)(=O)C(C)C)n1,2.3483048630481607,68.0
COc1cc(C2CCN(CCCCCC#Cc3cccc4c3CN(C3CCC(=O)NC3=O)C4=O)CC2)c(C)cc1Nc1ncc(Cl)c(Nc2ccccc2S(=O)(=O)C(C)C)n1,0.8573324964312685,90.0
COc1cc(C2CCN(CCCCCC#Cc3cccc4c3CN(C3CCC(=O)NC3=O)C4=O)CC2)c(C)cc1Nc1ncc(Cl)c(Nc2ccccc2S(=O)(=O)C(C)C)n1,1.3222192947339193,75.0
COc1cc(C2CCN(CCCC#Cc3cccc4c3CN(C3CCC(=O)NC3=O)C4=O)CC2)c(C)cc1Nc1ncc(Cl)c(Nc2ccccc2S(=O)(=O)C(C)C)n1,0.8195439355418687,88.0
COc1cc(C2CCN(CCCC#Cc3cccc4c3CN(C3CCC(=O)NC3=O)C4=O)CC2)c(C)cc1Nc1ncc(Cl)c(Nc2ccccc2S(=O)(=O)C(C)C)n1,1.6334684555795866,65.0
COc1cc(C2CCN(CC#Cc3ccc4c(c3)CN(C3CCC(=O)NC3=O)C4=O)CC2)c(C)cc1Nc1ncc(Cl)c(Nc2ccccc2S(=O)(=O)C(C)C)n1,0.5910646070264992,75.0
COc1cc(C2CCN(CC#Cc3ccc4c(c3)CN(C3CCC(=O)NC3=O)C4=O)CC2)c(C)cc1Nc1ncc(Cl)c(Nc2ccccc2S(=O)(=O)C(C)C)n1,1.146128035678238,85.0
CCc1cc2c(cc1N1CCN(CC3CN(c4ccc5c(c4)C(=O)N(C4CCC(=O)NC4=O)C5=O)C3)CC1)C(C)(C)c1[nH]c3cc(C#N)ccc3c1C2=O,1.0791812460476249,94.0
CCc1cc2c(cc1N1CCN(CC3CN(c4ccc5c(c4)C(=O)N(C4CCC(=O)NC4=O)C5=O)C3)CC1)C(C)(C)c1[nH]c3cc(C#N)ccc3c1C2=O,1.7993405494535817,70.0
CCc1cc2c(cc1N1CCN(CC3CN(c4ccc5c(c4)C(=O)N(C4CCC(=O)NC4=O)C5=O)C3)CC1)C(C)(C)c1[nH]c3cc(C#N)ccc3c1C2=O,1.3222192947339193,66.0
CCc1cc2c(cc1N1CCN(CC3CN(c4ccc5c(c4)C(=O)N(C4CCC(=O)NC4=O)C5=O)C3)CC1)C(C)(C)c1[nH]c3cc(C#N)ccc3c1C2=O,1.255272505103306,79.0
CCc1cc2c(cc1N1CCN(CC3CN(c4ccc5c(c4)C(=O)N(C4CCC(=O)NC4=O)C5=O)C3)CC1)C(C)(C)c1[nH]c3cc(C#N)ccc3c1C2=O,1.9637878273455553,23.0
Cc1cc(Nc2ncc(Cl)c(Nc3ccccc3S(=O)(=O)C(C)C)n2)c(OC(C)C)cc1C1CCN(CC2CN(c3ccc4c(c3)C(=O)N(C3CCC(=O)NC3=O)C4=O)C2)CC1,1.414973347970818,90.0
Cc1cc(Nc2ncc(Cl)c(Nc3ccccc3S(=O)(=O)C(C)C)n2)c(OC(C)C)cc1C1CCN(CC2CN(c3ccc4c(c3)C(=O)N(C3CCC(=O)NC3=O)C4=O)C2)CC1,1.863322860120456,90.0
Cc1cc(Nc2ncc(Cl)c(Nc3ccccc3S(=O)(=O)C(C)C)n2)c(OC(C)C)cc1C1CCN(CC2CN(c3ccc4c(c3)C(=O)N(C3CCC(=O)NC3=O)C4=O)C2)CC1,1.6334684555795866,71.0
Cc1cc(Nc2ncc(Cl)c(Nc3ccccc3S(=O)(=O)C(C)C)n2)c(OC(C)C)cc1C1CCN(CC2CN(c3ccc4c(c3)C(=O)N(C3CCC(=O)NC3=O)C4=O)C2)CC1,0.9444826721501687,73.0
COc1cc(C2CCN(CC3CN(c4ccc5c(c4)CN(C4CCC(=O)NC4=O)C5=O)C3)CC2)c(C)cc1Nc1ncc(Cl)c(Nc2ccccc2S(=O)(=O)C(C)C)n1,0.4623979978989561,92.0
COc1cc(C2CCN(CC3CN(c4ccc5c(c4)CN(C4CCC(=O)NC4=O)C5=O)C3)CC2)c(C)cc1Nc1ncc(Cl)c(Nc2ccccc2S(=O)(=O)C(C)C)n1,0.7558748556724915,94.0
COc1cc(C2CCN(CC3CN(c4ccc5c(c4)CN(C4CCC(=O)NC4=O)C5=O)C3)CC2)c(C)cc1Nc1ncc(Cl)c(Nc2ccccc2S(=O)(=O)C(C)C)n1,0.7708520116421442,69.0
COc1cc(C2CCN(CC3CN(c4ccc5c(c4)CN(C4CCC(=O)NC4=O)C5=O)C3)CC2)c(C)cc1Nc1ncc(Cl)c(Nc2ccccc2S(=O)(=O)C(C)C)n1,0.11394335230683678,74.0
COc1cc(C2CCN(CC3CN(c4ccc5c(c4)C(=O)N(C4CCC(=O)NC4=O)C5=O)C3)CC2)c(C)cc1Nc1ncc(Cl)c(Nc2ccccc2S(=O)(=O)C(C)C)n1,0.7323937598229685,93.0
COc1cc(C2CCN(CC3CN(c4ccc5c(c4)C(=O)N(C4CCC(=O)NC4=O)C5=O)C3)CC2)c(C)cc1Nc1ncc(Cl)c(Nc2ccccc2S(=O)(=O)C(C)C)n1,1.3222192947339193,95.0
COc1cc(C2CCN(CC3CN(c4ccc5c(c4)C(=O)N(C4CCC(=O)NC4=O)C5=O)C3)CC2)c(C)cc1Nc1ncc(Cl)c(Nc2ccccc2S(=O)(=O)C(C)C)n1,1.1760912590556813,86.0
COc1cc(C2CCN(CC3CN(c4ccc5c(c4)C(=O)N(C4CCC(=O)NC4=O)C5=O)C3)CC2)c(C)cc1Nc1ncc(Cl)c(Nc2ccccc2S(=O)(=O)C(C)C)n1,0.9242792860618817,88.0
COc1cc(C2CCN(CC3CN(c4ccc5c(c4)C(=O)N(C4CCC(=O)NC4=O)C5=O)C3)CC2)c(C)cc1Nc1ncc(Cl)c(Nc2ccccc2S(=O)(=O)C(C)C)n1,1.806179973983887,81.0
Cc1c(CC(=O)N2CCC(c3ccc(NC4CCC(=O)NC4=O)cc3)CC2)c(=O)oc2c(C=O)c(O)ccc12,3.113943352306837,65.0
CN(CCOCCOCC(=O)Nc1cccc2c1C(=O)N(C1CCC(=O)NC1=O)C2=O)CC[C@@H](c1ccccc1)n1cc(NC(=O)c2n[nH]c3c2CCC(C)(C)C3)cn1,2.3434085938038574,75.0
CN(CCOCCNC(=O)CNc1cccc2c1C(=O)N(C1CCC(=O)NC1=O)C2=O)CC[C@@H](c1ccccc1)n1cc(NC(=O)c2n[nH]c3c2CCC(C)(C)C3)cn1,1.5145477526602862,99.0
CN(CCOCCOCCNC(=O)CNc1cccc2c1C(=O)N(C1CCC(=O)NC1=O)C2=O)CC[C@@H](c1ccccc1)n1cc(NC(=O)c2n[nH]c3c2CCC(C)(C)C3)cn1,1.5145477526602862,95.0
CN(CCOCCOCCOCCNC(=O)CNc1cccc2c1C(=O)N(C1CCC(=O)NC1=O)C2=O)CC[C@@H](c1ccccc1)n1cc(NC(=O)c2n[nH]c3c2CCC(C)(C)C3)cn1,1.7937903846908188,93.0
CN(CCOCCOCC(=O)Nc1ccc2c(c1)C(=O)N(C1CCC(=O)NC1=O)C2=O)CC[C@@H](c1ccccc1)n1cc(NC(=O)c2n[nH]c3c2CCC(C)(C)C3)cn1,1.4265112613645752,95.0
CN(CCOCCOCCOCC(=O)Nc1ccc2c(c1)C(=O)N(C1CCC(=O)NC1=O)C2=O)CC[C@@H](c1ccccc1)n1cc(NC(=O)c2n[nH]c3c2CCC(C)(C)C3)cn1,1.973589623427257,93.0
CN(CCOCCOCCOCCOCC(=O)Nc1ccc2c(c1)C(=O)N(C1CCC(=O)NC1=O)C2=O)CC[C@@H](c1ccccc1)n1cc(NC(=O)c2n[nH]c3c2CCC(C)(C)C3)cn1,2.024895960107485,92.0
CN(CCCCC(=O)Nc1ccc2c(c1)C(=O)N(C1CCC(=O)NC1=O)C2=O)CC[C@@H](c1ccccc1)n1cc(NC(=O)c2n[nH]c3c2CCC(C)(C)C3)cn1,0.724275869600789,90.0
CN(CCCCCCCCCCC(=O)Nc1ccc2c(c1)C(=O)N(C1CCC(=O)NC1=O)C2=O)CC[C@@H](c1ccccc1)n1cc(NC(=O)c2n[nH]c3c2CCC(C)(C)C3)cn1,1.877371345869774,82.0
CC1(C)CCc2c(C(=O)Nc3cnn([C@@H](CCN4CCN(CCC5CCN(c6ccc7c(c6)C(=O)N(C6CCC(=O)NC6=O)C7=O)CC5)CC4)c4ccccc4)c3)n[nH]c2C1,0.5563025007672873,95.0
CC1(C)CCc2c(C(=O)Nc3cnn([C@@H](CCN4CCN(CC5CCN(c6ccc7c(c6)C(=O)N(C6CCC(=O)NC6=O)C7=O)CC5)CC4)c4ccccc4)c3)n[nH]c2C1,1.4668676203541096,90.0
CC1(C)CCc2c(C(=O)Nc3cnn([C@@H](CCN4CCN(CCC5CN(c6ccc7c(c6)C(=O)N(C6CCC(=O)NC6=O)C7=O)C5)CC4)c4ccccc4)c3)n[nH]c2C1,2.1522883443830563,90.0
CC1(C)CCc2c(C(=O)Nc3cnn([C@@H](CCN4CCN(CC5CN(c6ccc7c(c6)C(=O)N(C6CCC(=O)NC6=O)C7=O)C5)CC4)c4ccccc4)c3)n[nH]c2C1,1.0,85.0
Cc1ncsc1-c1ccc(CNC(=O)[C@@H]2C[C@@H](O)CN2C(=O)[C@@H](NC(=O)C2(F)CC2)C(C)(C)C)c(OCCCCCCC(=O)N2CCC3(CC2)CCN(c2cncc(Nc4ncc(Cl)c(-c5cccc(-c6ccccc6)c5)n4)c2)C3=O)c1,2.0293837776852097,70.0
COc1cc2nc(C)nc(N[C@H](C)c3cc(N)cc(C(F)(F)F)c3)c2cc1C1CCN(C(=O)CCCCCC(=O)N[C@H](C(=O)N2C[C@H](O)C[C@H]2C(=O)N[C@@H](C)c2ccc(-c3scnc3C)cc2)C(C)(C)C)CC1,1.1958996524092338,100.0
COc1cc2nc(C)nc(N[C@H](C)c3cc(N)cc(C(F)(F)F)c3)c2cc1C1CCN(C(=O)COCCCC(=O)N[C@H](C(=O)N2C[C@H](O)C[C@H]2C(=O)N[C@@H](C)c2ccc(-c3scnc3C)cc2)C(C)(C)C)CC1,1.69284691927723,97.9
Cc1ncsc1-c1ccc(CNC(=O)[C@@H]2C[C@@H](O)CN2C(=O)[C@@H](NC(=O)[C@H]2C[C@@H](NC(=O)c3ccc(-c4cnc(NCc5ccco5)n5cnnc45)cc3)C2)C(C)(C)C)cc1,2.0453229787866576,84.0
Cc1ncsc1-c1ccc(CNC(=O)[C@@H]2C[C@@H](O)CN2C(=O)[C@@H](NC(=O)[C@H]2C[C@@H](NC(=O)c3ccc(-c4cnc(NCc5ccco5)n5cnnc45)cc3)C2)C(C)(C)C)cc1,2.439332693830263,86.0
Cc1nc(Nc2ncc(C(=O)Nc3c(C)cccc3Cl)s2)cc(N2CCN(CCCC(=O)N3CCN(c4ccc(C5CCC(=O)NC5=O)cc4)CC3)CC2)n1,0.8627275283179747,93.0
COc1cc(/C=C/C(=O)N2CCC=CC2=O)cc(OC)c1OCCOCCNC(=O)CN1CCC(C(=O)Nc2ncc(SCc3ncc(C(C)(C)C)o3)s2)CC1,1.1760912590556813,87.0
COc1cc(/C=C/C(=O)N2CCC=CC2=O)cc(OC)c1OCCOCCOCCNC(=O)CN1CCC(C(=O)Nc2ncc(SCc3ncc(C(C)(C)C)o3)s2)CC1,1.0791812460476249,93.0
COc1cc(/C=C/C(=O)N2CCC=CC2=O)cc(OC)c1OCCOCCOCCOCCNC(=O)CN1CCC(C(=O)Nc2ncc(SCc3ncc(C(C)(C)C)o3)s2)CC1,1.0,96.0
COc1cc(/C=C/C(=O)N2CCC=CC2=O)cc(OC)c1OCCCCCCCCNC(=O)CN1CCC(C(=O)Nc2ncc(SCc3ncc(C(C)(C)C)o3)s2)CC1,2.0086001717619175,74.0
COc1cc(/C=C/C(=O)N2CCC=CC2=O)cc(OC)c1OCCOCCOCC(=O)N1CCC(C(=O)Nc2ncc(SCc3ncc(C(C)(C)C)o3)s2)CC1,1.4471580313422192,87.0
COc1cc(/C=C/C(=O)N2CCC=CC2=O)cc(OC)c1OCCOCCOCCOCC(=O)N1CCC(C(=O)Nc2ncc(SCc3ncc(C(C)(C)C)o3)s2)CC1,1.1760912590556813,92.0
COc1cc(/C=C/C(=O)N2CCC=CC2=O)cc(OC)c1OCCN1CCN(C(=O)CN2CCC(C(=O)Nc3ncc(SCc4ncc(C(C)(C)C)o4)s3)CC2)CC1,0.9542425094393249,96.0
Cc1cc([C@H](C(=O)N2C[C@H](O)C[C@H]2C(=O)N[C@@H](C)c2ccc(Cl)cc2OCCOCCOCCOCCNC(=O)C[C@@H]2N=C(c3ccc(Cl)cc3)c3c(sc(C)c3C)-n3c(C)nnc32)C(C)C)on1,2.322219294733919,89.0
Cc1cc([C@H](C(=O)N2C[C@H](O)C[C@H]2C(=O)N[C@@H](C)c2ccc(-c3scnc3C)cc2OCCOCCOCCOCCNC(=O)C[C@@H]2N=C(c3ccc(Cl)cc3)c3c(sc(C)c3C)-n3c(C)nnc32)C(C)C)on1,1.2041199826559248,82.0
Cc1cc([C@H](C(=O)N2C[C@H](O)C[C@H]2C(=O)N[C@@H](CC(=O)NCCCCNC(=O)C[C@@H]2N=C(c3ccc(Cl)cc3)c3c(sc(C)c3C)-n3c(C)nnc32)c2ccc(Cl)cc2)C(C)C)on1,2.278753600952829,80.0
Cc1cc([C@H](C(=O)N2C[C@H](O)C[C@H]2C(=O)N[C@@H](CC(=O)NCCOCCOCCNC(=O)C[C@@H]2N=C(c3ccc(Cl)cc3)c3c(sc(C)c3C)-n3c(C)nnc32)c2ccc(Cl)cc2)C(C)C)on1,3.1760912590556813,100.0
Cc1cc([C@H](C(=O)N2C[C@H](O)C[C@H]2C(=O)N[C@@H](CC(=O)NCCOCCOCCOCCNC(=O)C[C@@H]2N=C(c3ccc(Cl)cc3)c3c(sc(C)c3C)-n3c(C)nnc32)c2ccc(Cl)cc2)C(C)C)on1,3.041392685158225,100.0
Cc1cc([C@H](C(=O)N2C[C@H](O)C[C@H]2C(=O)N[C@@H](CC(=O)NCCCCNC(=O)C[C@@H]2N=C(c3ccc(Cl)cc3)c3c(sc(C)c3C)-n3c(C)nnc32)c2ccc(-c3scnc3C)cc2)C(C)C)on1,2.505149978319906,94.0
Cc1cc([C@H](C(=O)N2C[C@H](O)C[C@H]2C(=O)N[C@@H](CC(=O)NCCOCCOCCNC(=O)C[C@@H]2N=C(c3ccc(Cl)cc3)c3c(sc(C)c3C)-n3c(C)nnc32)c2ccc(-c3scnc3C)cc2)C(C)C)on1,2.7558748556724915,79.0
Cc1cc([C@H](C(=O)N2C[C@H](O)C[C@H]2C(=O)N[C@@H](CC(=O)NCCOCCOCCOCCNC(=O)C[C@@H]2N=C(c3ccc(Cl)cc3)c3c(sc(C)c3C)-n3c(C)nnc32)c2ccc(-c3scnc3C)cc2)C(C)C)on1,2.7481880270062002,93.0
Cc1cc([C@H](C(=O)N2C[C@H](O)C[C@H]2C(=O)N[C@@H](C)c2ccc(-c3scnc3C#CCOCCOCCOCCNC(=O)C[C@@H]3N=C(c4ccc(Cl)cc4)c4c(sc(C)c4C)-n4c(C)nnc43)cc2)C(C)C)on1,1.2041199826559248,98.0
Cc1cc([C@H](C(=O)N2C[C@H](O)C[C@H]2C(=O)N[C@@H](C)c2ccc(-c3scnc3C#CCOCCOCCOCCOCCNC(=O)C[C@@H]3N=C(c4ccc(Cl)cc4)c4c(sc(C)c4C)-n4c(C)nnc43)cc2)C(C)C)on1,1.6020599913279625,100.0
Cc1sc2c(c1C)C(c1ccc(Cl)cc1)=N[C@@H](CC(=O)NC1CCN(C(=O)COc3cccc(N4CCC(=O)NC4=O)c3C)CC1)c1nnc(C)n1-2,-1.6575773191777938,97.0
CC(C)(C)[C@H](NC(=O)c1cc2cc(C(F)(F)P(=O)(O)O)ccc2s1)C(=O)N1CCC[C@H]1C(=O)N(CCC(=O)NCCCC#Cc1cccc2c1CN(C1CCC(=O)NC1=O)C2=O)c1ccc(Br)cc1,2.6989700043360187,95.0
NS(=O)(=O)c1ccc(C(=O)NCCCOCCCCOCCCNc2cccc3c2C(=O)N(C2CCC(=O)NC2=O)C3=O)cc1,0.6989700043360189,96.0
NS(=O)(=O)c1ccc(C(=O)NCCCOCCOCCOCCCNc2cccc3c2C(=O)N(C2CCC(=O)NC2=O)C3=O)cc1,2.3891660843645326,86.0
NS(=O)(=O)c1ccc(C(=O)NCCCCCCCCCCCCNc2cccc3c2C(=O)N(C2CCC(=O)NC2=O)C3=O)cc1,-0.3010299956639812,100.0
C[C@@H](Oc1cc(-c2cnn(C3CCN(C(=O)CCCCCCCOc4cccc5c4C(=O)N(C4CCC(=O)NC4=O)C5=O)CC3)c2)cnc1N)c1c(Cl)ccc(F)c1Cl,2.307496037913213,82.8
Cc1ncsc1-c1ccc([C@H](C)NC(=O)[C@@H]2C[C@@H](O)CN2C(=O)[C@@H](NC(=O)CCCCCCCCCN2CCN(S(=O)(=O)c3ccc(NC(=O)NCc4cccnc4)cc3)CC2)C(C)(C)C)cc1,0.17609125905568124,92.0
Cc1ncsc1-c1ccc([C@H](C)NC(=O)[C@@H]2C[C@@H](O)CN2C(=O)[C@@H](NC(=O)COCCOCCOCCN2CCN(S(=O)(=O)c3ccc(NC(=O)NCc4cccnc4)cc3)CC2)C(C)(C)C)cc1,1.968482948553935,83.0
Cc1ncsc1-c1ccc([C@H](C)NC(=O)[C@@H]2C[C@@H](O)CN2C(=O)[C@@H](NC(=O)COCCOCCOCCOCCN2CCN(S(=O)(=O)c3ccc(NC(=O)NCc4cccnc4)cc3)CC2)C(C)(C)C)cc1,1.2787536009528289,92.0
Cc1ncsc1-c1ccc([C@H](C)NC(=O)[C@@H]2C[C@@H](O)CN2C(=O)[C@@H](NC(=O)COCCOCCOCCOCCOCCN2CCN(S(=O)(=O)c3ccc(NC(=O)NCc4cccnc4)cc3)CC2)C(C)(C)C)cc1,1.3424226808222062,90.0
O=C1CCC(N2C(=O)c3cccc(OCCOCCOCCOCCNC(=O)[C@]4(Cc5cccc(Nc6nccs6)n5)CC[C@@H](Oc5cccc(Cl)c5F)CC4)c3C2=O)C(=O)N1,0.5910646070264992,89.0
Cc1ncsc1-c1ccc(CNC(=O)[C@@H]2C[C@@H](O)CN2C(=O)[C@@H](NC(=O)CCCCCCCCCn2cc(CCCOC(=O)NCc3ccc(C(=O)Nc4ccccc4N)cc3)nn2)C(C)(C)C)cc1,3.4533183400470375,62.0
Cc1ncsc1-c1ccc([C@H](C)NC(=O)C2C[C@@H](O)CN2C(=O)[C@H](NC(=O)COCCOCCOCCNC(=O)C[C@@H]2N=C(c3ccc(Cl)cc3)c3c(sc(C)c3C)-n3c(C)nnc32)C(C)(C)C)cc1,1.4945719842301985,77.47
Cc1ncsc1-c1ccc(CNC(=O)[C@@H]2C[C@@H](O)CN2C(=O)[C@@H](NC(=O)CCCCCCCCCCCC(=O)NCCCCC#Cc2cccc(-c3nn(-c4nc(C(=O)O)cs4)c(CC4CC4)c3Cc3ccc(S(N)(=O)=O)cc3)c2)C(C)(C)C)cc1,1.5797835966168101,93.0
Cc1ncsc1-c1ccc(CNC(=O)[C@@H]2C[C@@H](O)CN2C(=O)[C@@H](NC(=O)CCCCCCCCCCCC(=O)NCCCCC#Cc2cccc(-c3nn(-c4nc(C(=O)O)cs4)c(CC4CC4)c3Cc3ccc(S(N)(=O)=O)cc3)c2)C(C)(C)C)cc1,1.8692317197309762,86.0
O=C1CCC(N2C(=O)c3cccc(NCc4cn(CCCCOc5ccc(Cn6ccc7ccc(C(=O)NO)cc76)cc5)nn4)c3C2=O)C(=O)N1,2.6720978579357175,90.21
O=C1CCC(N2C(=O)c3cccc(NCc4cn(CCCCCOc5ccc(Cn6ccc7ccc(C(=O)NO)cc76)cc5)nn4)c3C2=O)C(=O)N1,2.792391689498254,90.16
Cc1ccc(C(CC(=O)O)c2cc(OCCCCCCCNc3cccc4c3C(=O)N(C3CCC(=O)NC3=O)C4=O)c3c(c2)nnn3C)cc1CN1C[C@@H](C)Oc2ccccc2S1(=O)=O,1.041392685158225,94.0
CNC(=O)c1cnc(Nc2ccc(C(=O)NCCCCCCCCCC(=O)N[C@H](C(=O)N3C[C@H](O)C[C@H]3C(=O)NCc3ccc(-c4scnc4C)cc3)C(C)(C)C)cn2)cc1Nc1cccc(C(=O)NC)c1OC,2.361727836017593,77.0
CNC(=O)c1cccc(Nc2cc(Nc3ccc(C(=O)NCCCCCCCCCC(=O)N[C@H](C(=O)N4C[C@H](O)C[C@H]4C(=O)NCc4ccc(-c5scnc5C)cc4)C(C)(C)C)cn3)ncc2C(N)=O)c1OC,1.3617278360175928,85.0
CNC(=O)c1cccc(Nc2cc(Nc3ccc(C(=O)NCCCCCCCCCC(=O)N[C@H](C(=O)N4C[C@H](O)C[C@H]4C(=O)NCc4ccc(-c5scnc5C)cc4)C(C)(C)C)cn3)ncc2C(N)=O)c1OC,3.0394141191761372,49.0
CNC(=O)c1cnc(Nc2ccc(C(=O)NCCCCCCCCCC(=O)N[C@H](C(=O)N3C[C@H](O)C[C@H]3C(=O)NCc3ccc(-c4scnc4C)cc3)C(C)(C)C)cn2)cc1Nc1cccc(-c2ncn(C)n2)c1OC,1.146128035678238,78.0
Cc1ncsc1-c1ccc([C@H](C)NC(=O)[C@@H]2C[C@@H](O)CN2C(=O)[C@@H](c2cc(N3CCC(CN4CCC(O[C@H]5C[C@H](Oc6cc(N7C8CCC7CN(c7cc(-c9ccccc9O)nnc7N)C8)ccn6)C5)CC4)CC3)no2)C(C)C)cc1,-1.408935392973501,96.0
Cc1ncsc1-c1ccc([C@H](C)NC(=O)[C@@H]2C[C@@H](O)CN2C(=O)[C@@H](c2cc(N3CCC(CN4CCC(O[C@H]5C[C@H](Oc6cc(N7C8CCC7CN(c7cc(-c9ccccc9O)nnc7N)C8)ccn6)C5)CC4)CC3)no2)C(C)C)cc1,0.04139268515822507,92.0
Cc1sc2c(c1C)C(c1ccc(Cl)cc1)=N[C@@H](CC(=O)NCC(=O)NCCCOc1cccc3c1C(=O)N(C1CCC(=O)NC1=O)C3=O)c1nnc(C)n1-2,1.9872192299080047,88.0
Cc1sc2c(c1C)C(c1ccc(Cl)cc1)=N[C@@H](CC(=O)NCC(=O)NCCCCOc1cccc3c1C(=O)N(C1CCC(=O)NC1=O)C3=O)c1nnc(C)n1-2,2.1271047983648077,79.0
Cc1sc2c(c1C)C(c1ccc(Cl)cc1)=N[C@@H](CC(=O)NCC(=O)NCCCCCOc1cccc3c1C(=O)N(C1CCC(=O)NC1=O)C3=O)c1nnc(C)n1-2,2.2648178230095364,86.0
Cc1sc2c(c1C)C(c1ccc(Cl)cc1)=N[C@@H](CC(=O)N1CCN(CC(=O)NCCCOc3cccc4c3C(=O)N(C3CCC(=O)NC3=O)C4=O)CC1)c1nnc(C)n1-2,2.3783979009481375,81.0
Cc1sc2c(c1C)C(c1ccc(Cl)cc1)=N[C@@H](CC(=O)N1CCN(CC(=O)NCCCCOc3cccc4c3C(=O)N(C3CCC(=O)NC3=O)C4=O)CC1)c1nnc(C)n1-2,1.9537596917332287,78.0
Cc1sc2c(c1C)C(c1ccc(Cl)cc1)=N[C@@H](CC(=O)N1CCN(CC(=O)NCCCCCOc3cccc4c3C(=O)N(C3CCC(=O)NC3=O)C4=O)CC1)c1nnc(C)n1-2,1.7781512503836436,94.0
Cc1sc2c(c1C)C(c1ccc(Cl)cc1)=N[C@@H](CC(=O)OCC(=O)NCCCCOc1cccc3c1C(=O)N(C1CCC(=O)NC1=O)C3=O)c1nnc(C)n1-2,1.792391689498254,86.0
O=C(/C=C/c1cccnc1)NCCCCC1CCN(C(=O)c2ccc(N3CCN(C(=O)CCCCCCNc4cccc5c4CN(C4CCC(=O)NC4=O)C5=O)CC3)cc2)CC1,0.7671558660821804,73.4
O=C1CCC(N2Cc3c(SCCCCCCN4CCN(C5CCN(c6ncc(C(=O)Nc7ccc(OC(F)(F)Cl)cc7)cc6-c6ccn[nH]6)CC5)CC4)cccc3C2=O)C(=O)N1,0.43136376415898736,91.2
Cc1ccc(C(C)C)cc1Oc1nccc(-c2c(-c3ccc(C(F)(F)F)cc3)ncn2C2CCN(CCOCCOCCNC(=O)COc3cccc4c3C(=O)N(C3CCC(=O)NC3=O)C4=O)CC2)n1,2.4471580313422194,77.0
Cc1sc2c(c1C)C(c1ccc(Cl)cc1)=N[C@@H](CC(=O)NCCCCCCCCC(=O)NCC(=O)N[C@H]1CCC(=O)NC1=O)c1nnc(C)n1-2,2.357934847000454,94.0
Cc1sc2c(c1C)C(c1ccc(Cl)cc1)=N[C@@H](CC(=O)NCCCCCCCCC(=O)N[C@@H](C)C(=O)N[C@H]1CCC(=O)NC1=O)c1nnc(C)n1-2,1.6127838567197355,65.0
Cc1sc2c(c1C)C(c1ccc(Cl)cc1)=N[C@@H](CC(=O)NCCCCCCCCC(=O)N[C@@H](C)C(=O)N[C@H]1CCC(=O)NC1=O)c1nnc(C)n1-2,1.8920946026904804,86.0
Cc1sc2c(c1C)C(c1ccc(Cl)cc1)=N[C@@H](CC(=O)NCCCCCCCCC(=O)N1CCC[C@H]1C(=O)N[C@H]1CCC(=O)NC1=O)c1nnc(C)n1-2,2.8920946026904804,77.0
Cc1sc2c(c1C)C(c1ccc(Cl)cc1)=N[C@@H](CC(=O)NCCCCCCCCC(=O)N[C@@H](Cc1ccc(O)cc1)C(=O)N[C@H]1CCC(=O)NC1=O)c1nnc(C)n1-2,2.012837224705172,89.0
Cc1sc2c(c1C)C(c1ccc(Cl)cc1)=N[C@@H](CC(=O)NCCCCCCCCC(=O)N[C@@H](Cc1ccc(O)cc1)C(=O)N[C@H]1CCC(=O)NC1=O)c1nnc(C)n1-2,2.7101173651118162,71.0
Cc1sc2c(c1C)C(c1ccc(Cl)cc1)=N[C@@H](CC(=O)NCCCCCCCCC(=O)N[C@@H](CO)C(=O)N[C@H]1CCC(=O)NC1=O)c1nnc(C)n1-2,2.6434526764861874,84.0
Cc1sc2c(c1C)C(c1ccc(Cl)cc1)=N[C@@H](CC(=O)NCCCCCCCCC(=O)N[C@@H](CCCCN)C(=O)N[C@H]1CCC(=O)NC1=O)c1nnc(C)n1-2,2.255272505103306,97.0
Cc1ccc(NC(=O)Cn2cc(-c3ccc4c(NC(=O)c5ccc(NC(=O)CCCCC(=O)N[C@H](C(=O)N6C[C@H](O)C[C@H]6C(=O)NCc6ccc(-c7scnc7C)cc6)C(C)(C)C)cc5)n[nH]c4c3)cn2)cc1C(F)(F)F,2.5185139398778875,62.6
Cc1ccc(NC(=O)Cn2cc(-c3ccc4c(NC(=O)c5ccc(NC(=O)CCCCCCC(=O)N[C@H](C(=O)N6C[C@H](O)C[C@H]6C(=O)NCc6ccc(-c7scnc7C)cc6)C(C)(C)C)cc5)n[nH]c4c3)cn2)cc1C(F)(F)F,2.4471580313422194,48.0
Cc1ccc(NC(=O)Cn2cc(-c3ccc4c(NC(=O)c5ccc(NC(=O)CCCCCCCCCCC(=O)N[C@H](C(=O)N6C[C@H](O)C[C@H]6C(=O)NCc6ccc(-c7scnc7C)cc6)C(C)(C)C)cc5)n[nH]c4c3)cn2)cc1C(F)(F)F,2.949390006644913,42.9
Cc1ccc(NC(=O)Cn2cc(-c3ccc4c(NC(=O)c5ccc(NC(=O)CCCCC(=O)N6CCN(CCCCC(=O)N[C@H](C(=O)N7C[C@H](O)C[C@H]7C(=O)NCc7ccc(-c8scnc8C)cc7)C(C)(C)C)CC6)cc5)n[nH]c4c3)cn2)cc1C(F)(F)F,2.806179973983887,38.5
Cc1ncsc1-c1ccc(CNC(=O)[C@@H]2C[C@@H](O)CN2C(=O)[C@@H](NC(=O)COCCOCCOCC(F)(F)c2cnc(-c3ccc(C(C(=O)NO)c4ccccc4F)cc3)nc2)C(C)(C)C)cc1,1.4471580313422192,77.0
Cc1ncsc1-c1ccc(CNC(=O)[C@@H]2C[C@@H](O)CN2C(=O)[C@@H](NC(=O)COCCOCCOCCOCC(F)(F)c2cnc(-c3ccc(C(C(=O)NO)c4ccccc4F)cc3)nc2)C(C)(C)C)cc1,1.6812412373755872,82.0
Cc1ncsc1-c1ccc(CNC(=O)[C@@H]2C[C@@H](O)CN2C(=O)[C@@H](NC(=O)COCCOCCOCCOCCOCC(F)(F)c2cnc(-c3ccc(C(C(=O)NO)c4ccccc4F)cc3)nc2)C(C)(C)C)cc1,1.568201724066995,83.0
CCCN(CCCCOCCOCCOCC(=O)N[C@H](C(=O)N1C[C@H](O)C[C@H]1C(=O)NCc1ccc(-c2scnc2C)cc1)C(C)(C)C)C[C@@H](C)NC(=O)c1ccc(-c2noc(C(F)(F)F)n2)cc1,0.47712125471966244,72.0
CCCN(CCCCOCCOCCOCCOCC(=O)N[C@H](C(=O)N1C[C@H](O)C[C@H]1C(=O)NCc1ccc(-c2scnc2C)cc1)C(C)(C)C)C[C@@H](C)NC(=O)c1ccc(-c2noc(C(F)(F)F)n2)cc1,0.6020599913279624,85.0
CCCN(CCCCOCCOCCOCCOCCOCC(=O)N[C@H](C(=O)N1C[C@H](O)C[C@H]1C(=O)NCc1ccc(-c2scnc2C)cc1)C(C)(C)C)C[C@@H](C)NC(=O)c1ccc(-c2noc(C(F)(F)F)n2)cc1,0.6020599913279624,78.0
CC(=O)c1c(C)c2cnc(Nc3ccc(N4CCN(CCOc5ccc(CN6CCC(c7ccc8c(c7)CN(C7CCC(=O)NC7=O)C8=O)CC6)cc5)CC4)cn3)nc2n(C2CCCC2)c1=O,1.0,45.0
CC(=O)c1c(C)c2cnc(Nc3ccc(N4CCN(CCOc5ccc(CN6CCC(c7ccc8c(c7)CN(C7CCC(=O)NC7=O)C8=O)CC6)cc5)CC4)cn3)nc2n(C2CCCC2)c1=O,0.3010299956639812,78.0
CNc1nc(Nc2ccc(C(=O)N3CCN(C[C@H]4CC[C@H](CSC(C)(C)[C@H](NC(=O)C5(F)CC5)C(=O)N5C[C@H](O)C[C@H]5C(=O)NCc5ccc(-c6scnc6C)cc5)CC4)CC3)cc2OC)ncc1Cl,1.505149978319906,82.0
CNc1nc(Nc2ccc(C(=O)N3CCN(C[C@H]4CC[C@H](CSC(C)(C)[C@H](NC(=O)C5(F)CC5)C(=O)N5C[C@H](O)C[C@H]5C(=O)NCc5ccc(-c6scnc6C)cc5)CC4)CC3)cc2OC)ncc1Cl,1.146128035678238,90.0
CNc1nc(Nc2ccc(C(=O)N3CCN(C[C@H]4CC[C@@H](CSC(C)(C)[C@H](NC(=O)C5(F)CC5)C(=O)N5C[C@H](O)C[C@@H]5C(=O)NCc5ccc(-c6scnc6C)cc5)CC4)CC3)cc2OC)ncc1Cl,1.505149978319906,59.0
CNc1nc(Nc2ccc(C(=O)N3CCN(C[C@H]4CC[C@@H](CSC(C)(C)[C@H](NC(=O)C5(F)CC5)C(=O)N5C[C@H](O)C[C@@H]5C(=O)NCc5ccc(-c6scnc6C)cc5)CC4)CC3)cc2OC)ncc1Cl,0.8450980400142568,81.0
O=C(CCCCOc1ccc(CCNC(=O)c2cccc(C(=O)NO)c2)cc1)NCCCCCCNc1cccc2c1C(=O)N(C1CCC(=O)NC1=O)C2=O,2.167317334748176,93.0
O=C1CCC(N2C(=O)c3cccc(N4CCC(N5CCN(C(=O)CCCCOc6ccc(CCNC(=O)c7cccc(C(=O)NO)c7)cc6)CC5)CC4)c3C2=O)C(=O)N1,2.9425041061680806,91.0
O=C(CCCCOc1ccc(CCNC(=O)c2cccc(C(=O)NO)c2)cc1)NCCCCCCNc1ccc2c(c1)C(=O)N(C1CCC(=O)NC1=O)C2=O,2.6444385894678386,77.0
Nc1ncnc2c1c(-c1ccc(Oc3ccccc3)cc1)nn2C1CCN(C2CCN(CC#Cc3ccc4c(c3)CN(C3CCC(=O)NC3=O)C4=O)CC2)CC1,0.7664128471123994,96.0
C=CC(=O)Nc1cccc(Nc2nc(Nc3ccc(N4CCN(CC(=O)NCCNc5cccc6c5C(=O)N(C5CCC(=O)NC5=O)C6=O)CC4)cc3OC)ncc2C(F)(F)F)c1,2.551327988003846,83.0
Cc1cc(C)cc(COc2cc3c(cc2OCc2cc(C)cc(C)c2)[C@H]2C[C@](O)(Cc4cn(CCOCCOCCOCCNC(=O)[C@@H](CC(C)C)NC(=O)[C@@H](O)[C@H](N)Cc5ccccc5)nn4)C[C@H](C)N2CC3)c1,3.1702617153949575,84.2
CCc1nc(C(N)=O)c(Nc2ccc(N3CCC(N4CCN(C(=O)COc5cccc6c5C(=O)N(C5CCC(=O)NC5=O)C6=O)CC4)CC3)c(OC)c2)nc1NC1CCOCC1,0.10037054511756291,86.8
CCc1nc(C(N)=O)c(Nc2ccc(N3CCC(N4CCN(C(=O)CNc5cccc6c5C(=O)N(C5CCC(=O)NC5=O)C6=O)CC4)CC3)c(OC)c2)nc1NC1CCOCC1,-0.00877392430750515,85.0
CCc1nc(C(N)=O)c(Nc2ccc(N3CCC(N4CCN(C(=O)CCCCCNc5cccc6c5C(=O)N(C5CCC(=O)NC5=O)C6=O)CC4)CC3)c(OC)c2)nc1NC1CCOCC1,0.35410843914740087,77.2
CCc1nc(C(N)=O)c(Nc2ccc(N3CCC(N4CCN(C(=O)COc5cccc6c5CN(C5CCC(=O)NC5=O)C6=O)CC4)CC3)c(OC)c2)nc1NC1CCOCC1,-0.1938200260161128,94.8
Cc1sc2c(c1C)C(c1ccc(Cl)cc1)=N[C@@H](CC(=O)N1CCC(c3ccc4c(c3)CN(C3CCC(=O)NC3=O)C4=O)CC1)c1nnc(C)n1-2,0.9590413923210935,97.0
Cc1sc2c(c1C)C(c1ccc(Cl)cc1)=N[C@@H](CC(=O)NCCN1CCC(c3ccc4c(c3)CN(C3CCC(=O)NC3=O)C4=O)CC1)c1nnc(C)n1-2,1.3242824552976926,65.0
Cc1sc2c(c1C)C(c1ccc(Cl)cc1)=N[C@@H](CC(=O)NCCCN1CCC(c3ccc4c(c3)CN(C3CCC(=O)NC3=O)C4=O)CC1)c1nnc(C)n1-2,0.36172783601759284,98.0
Cc1sc2c(c1C)C(c1ccc(Cl)cc1)=N[C@@H](CC(=O)NCCCCN1CCC(c3ccc4c(c3)CN(C3CCC(=O)NC3=O)C4=O)CC1)c1nnc(C)n1-2,1.1072099696478683,94.0
Cc1sc2c(c1C)C(c1ccc(Cl)cc1)=N[C@@H](CC(=O)NCCCCCN1CCC(c3ccc4c(c3)CN(C3CCC(=O)NC3=O)C4=O)CC1)c1nnc(C)n1-2,0.25527250510330607,97.0
Cc1sc2c(c1C)C(c1ccc(Cl)cc1)=N[C@@H](CC(=O)NCCCCCCN1CCC(c3ccc4c(c3)CN(C3CCC(=O)NC3=O)C4=O)CC1)c1nnc(C)n1-2,-0.1549019599857432,92.0
Cc1sc2c(c1C)C(c1ccc(Cl)cc1)=N[C@@H](CC(=O)NCCCNc1ccc(Cc3ccc4c(c3)CN(C3CCC(=O)NC3=O)C4=O)cc1)c1nnc(C)n1-2,1.2227164711475833,48.0
Cc1sc2c(c1C)C(c1ccc(Cl)cc1)=N[C@@H](CC(=O)NCCCCCNc1ccc(Cc3ccc4c(c3)CN(C3CCC(=O)NC3=O)C4=O)cc1)c1nnc(C)n1-2,0.414973347970818,62.0
Cc1sc2c(c1C)C(c1ccc(Cl)cc1)=N[C@@H](CC(=O)NCCCCCCNc1ccc(Cc3ccc4c(c3)CN(C3CCC(=O)NC3=O)C4=O)cc1)c1nnc(C)n1-2,0.3010299956639812,59.0
Cc1sc2c(c1C)C(c1ccc(Cl)cc1)=N[C@@H](CC(=O)NCCN1CCC3(CCC(c4ccc5c(c4)CN(C4CCC(=O)NC4=O)C5=O)CC3)CC1)c1nnc(C)n1-2,0.2787536009528289,95.0
Cc1sc2c(c1C)C(c1ccc(Cl)cc1)=N[C@@H](CC(=O)NCCN1CC3(CCC(c4ccc5c(c4)CN(C4CCC(=O)NC4=O)C5=O)CC3)C1)c1nnc(C)n1-2,1.0492180226701815,99.0
Cc1sc2c(c1C)C(c1ccc(Cl)cc1)=N[C@@H](CC(=O)NCCN1CC(N3CCC(c4ccc5c(c4)CN(C4CCC(=O)NC4=O)C5=O)CC3)C1)c1nnc(C)n1-2,1.0492180226701815,55.0
C[C@@H](OP(=O)(O)O)[C@@H]1NC(=O)[C@H](Cc2cncn2CCCCCCCCc2ccccc2)NC(=O)[C@@H](NC(=O)CCCCCNC(=O)[C@H](CCCNC(=N)N)NC(=O)[C@H](CCCNC(=N)N)NC(=O)[C@H](CCCNC(=N)N)NC(=O)[C@H](CCCNC(=N)N)NC(=O)[C@H](CCCNC(=N)N)NC(=O)[C@H](CCCNC(=N)N)NC(=O)[C@H](CCCNC(=N)N)NC(=O)[C@H](CCCNC(=N)N)NC(=O)[C@H](CCCNC(=N)N)NC(=O)[C@H](CCCNC(=N)N)NC(=O)[C@H](CCCNC(=N)N)NC(=O)[C@@H](N)CCCNC(=N)N)CCC(=O)NCCCC[C@@H](C(N)=O)NC1=O,3.3979400086720375,80.0
COc1cc(-c2cn(C)c(=O)c3cnccc23)c(OC)cc1CN1CCC(OCCCCCC(=O)N2CCN(c3ccc4c(NCCN)nc(C5(c6ccc(Cl)cc6)CCCCC5)nc4c3)CC2)CC1,1.9542425094393248,17.0
COc1cc(-c2cn(C)c(=O)c3cnccc23)c(OC)cc1CN1CCC(OCCCCCC(=O)N2CCN(c3ccc4c(NCCN)nc(C5(c6ccc(Cl)cc6)CCCCC5)nc4c3)CC2)CC1,2.5563025007672873,65.0
COC(=O)[C@H](CC(C)C)NC(=O)[C@@H](O)[C@@H](Cc1ccccc1)NC(=O)CCCCCCCn1cc(CNC(=O)c2ccc([C@H]3c4[nH]c5ccccc5c4C[C@H](C(=O)OC)N3C(=O)CCl)cc2)nn1,3.225309281725863,85.0
CCc1cccc2cc(O)cc(-c3ncc4c(N5C[C@H]6CC[C@@H](C5)N6)nc(OC[C@@H]5CCCN5CCCCC(=O)N[C@H](C(=O)N5C[C@H](O)C[C@H]5C(=O)N[C@@H](C)c5ccc(-c6scnc6C)cc5)C(C)(C)C)nc4c3F)c12,3.0060379549973173,96.7
CCc1cccc2cc(O)cc(-c3ncc4c(N5C[C@H]6CC[C@@H](C5)N6)nc(OC[C@@H]5CCCN5CCCCCC(=O)N[C@H](C(=O)N5C[C@H](O)C[C@H]5C(=O)N[C@@H](C)c5ccc(-c6scnc6C)cc5)C(C)(C)C)nc4c3F)c12,3.0806264869218056,89.7
CCc1cccc2cc(O)cc(-c3ncc4c(N5C[C@H]6CC[C@@H](C5)N6)nc(OC[C@@H]5CCCN5CCCCCCCCC(=O)N[C@H](C(=O)N5C[C@H](O)C[C@H]5C(=O)N[C@@H](C)c5ccc(-c6scnc6C)cc5)C(C)(C)C)nc4c3F)c12,2.2174839442139063,89.3
CCc1cccc2cc(O)cc(-c3ncc4c(N5C[C@H]6CC[C@@H](C5)N6)nc(OC[C@@H]5CCCN5CCCOCCC(=O)N[C@H](C(=O)N5C[C@H](O)C[C@H]5C(=O)N[C@@H](C)c5ccc(-c6scnc6C)cc5)C(C)(C)C)nc4c3F)c12,2.1192558892779365,98.1
CCc1cccc2cc(O)cc(-c3ncc4c(N5C[C@H]6CC[C@@H](C5)N6)nc(OC[C@@H]5CCCN5CCCCOCC(=O)N[C@H](C(=O)N5C[C@H](O)C[C@H]5C(=O)N[C@@H](C)c5ccc(-c6scnc6C)cc5)C(C)(C)C)nc4c3F)c12,2.215901813204032,99.4
CCc1cccc2cc(O)cc(-c3ncc4c(N5C[C@H]6CC[C@@H](C5)N6)nc(OC[C@@H]5CCCN5CCC(=O)NCCC(=O)N[C@H](C(=O)N5C[C@H](O)C[C@H]5C(=O)N[C@@H](C)c5ccc(-c6scnc6C)cc5)C(C)(C)C)nc4c3F)c12,3.5812668052736707,83.6
CCc1c(F)ccc2cc(O)cc(-c3ncc4c(N5C[C@H]6CC[C@@H](C5)N6)nc(OC[C@@H]5CCCN5CCCCOCC(=O)N[C@H](C(=O)N5C[C@H](O)C[C@H]5C(=O)N[C@@H](C)c5ccc(-c6scnc6C)cc5)C(C)(C)C)nc4c3F)c12,1.5804687839510017,98.9
C#Cc1c(F)ccc2cc(O)cc(-c3ncc4c(N5C[C@H]6CC[C@@H](C5)N6)nc(OC[C@@H]5CCCN5CCCCOCC(=O)N[C@H](C(=O)N5C[C@H](O)C[C@H]5C(=O)N[C@@H](C)c5ccc(-c6scnc6C)cc5)C(C)(C)C)nc4c3F)c12,2.064083435963596,99.5
COc1cc2nc(C)nc(N[C@H](C)c3cc(N)cc(C(F)(F)F)c3)c2cc1OCC1(CN(C)C(=O)CCCCCCNc2cccc3c2C(=O)N(C2CCC(=O)NC2=O)C3=O)CC1,1.1139433523068367,88.0
COc1cc2nc(C)nc(N[C@H](C)c3cc(N)cc(C(F)F)c3)c2cc1OCC1(CN(C)C(=O)CCCCCCNc2cccc3c2C(=O)N(C2CCC(=O)NC2=O)C3=O)CC1,1.6532125137753437,73.0
COc1cc2nc(C)nc(N[C@H](C)c3cccc(C(F)F)c3F)c2cc1OCC1(CN(C)C(=O)CCCCCCNc2cccc3c2C(=O)N(C2CCC(=O)NC2=O)C3=O)CC1,2.7323937598229686,72.0
COc1cc2nc(C)nc(N[C@H](C)c3cc(N)cc(C(F)(F)F)c3)c2cc1OCC1(CN(C)C(=O)CCCCCCNc2cccc3c2CN(C2CCC(=O)NC2=O)C3=O)CC1,2.1789769472931693,81.0
COc1cc2nc(C)nc(N[C@H](C)c3cc(N)cc(C(F)(F)F)c3)c2cc1OCC1(CN(C)C(=O)CCCCCCNc2ccc(F)c3c2C(=O)N(C2CCC(=O)NC2=O)C3=O)CC1,1.7993405494535817,90.0
COc1cc2nc(C)nc(N[C@H](C)c3cc(N)cc(C(F)(F)F)c3)c2cc1OCC1(CN(C)C(=O)C2CCN(CCNc3cccc4c3C(=O)N(C3CCC(=O)NC3=O)C4=O)CC2)CC1,1.6434526764861874,90.0
COc1cc2nc(C)nc(N[C@H](C)c3cc(N)cc(C(F)(F)F)c3)c2cc1OCC1(CN(C)C(=O)C2CCN(C3CCC(Nc4cccc5c4C(=O)N(C4CCC(=O)NC4=O)C5=O)CC3)CC2)CC1,1.7403626894942439,75.0
COc1cc2nc(C)nc(N[C@H](C)c3cc(N)cc(C(F)(F)F)c3)c2cc1OCC1(CN(C)C(=O)CCCOC2CCC(Nc3cccc4c3C(=O)N(C3CCC(=O)NC3=O)C4=O)CC2)CC1,1.5440680443502757,90.0
Nc1ncnc2c1c(-c1ccc(Oc3ccccc3)cc1)nn2C1CCN(C(=O)CCOCCOCCOCCOCCOCCNc2cccc3c2C(=O)N([C@@H]2CCC(=O)NC2=O)C3=O)CC1,1.505149978319906,88.0
C[C@H]1CN(C(=O)CCOCCCc2cccc3c2CN([C@@H]2CCC(=O)NC2=O)C3=O)CCN1c1ccc(Nc2cc(-c3ccnc(N4CCn5c(cc6c5CC(C)(C)C6)C4=O)c3CO)cn(C)c2=O)nc1,0.8573324964312685,88.0
Cn1cc(-c2ccnc(-n3ncc4cc(C(C)(C)C)cc(F)c4c3=O)c2CO)cc(Nc2cc3n(n2)CCN(C(=O)CCOCCCc2cccc4c2CN([C@H]2CCC(=O)NC2=O)C4=O)C3)c1=O,1.6989700043360187,79.0
Cc1cccc(C[C@@H](NC(=O)c2ccc3[nH]ncc3c2)C(=O)N2Cc3[nH]c4ccccc4c3C[C@@H]2C(=O)NCCOCCOCCOCCOCCOCCOCCOCCNc2cccc3c2C(=O)N([C@@H]2CCC(=O)NC2=O)C3=O)c1,3.46014581749175,51.0
CN1CCN([C@@H]2CCCN(c3cnc(C(N)=O)c(Nc4ccc(C5CCN(C(=O)CCOCCNc6cccc7c6C(=O)N([C@H]6CCC(=O)NC6=O)C7=O)CC5)cc4)n3)C2)C1=O,0.7993405494535817,80.0
CN1CCN([C@@H]2CCCN(c3cnc(C(N)=O)c(Nc4ccc(C5CCN(C(=O)CCOCCNc6cccc7c6C(=O)N([C@H]6CCC(=O)NC6=O)C7=O)CC5)cc4)n3)C2)C1=O,0.0,99.0
CN1CCN([C@@H]2CCCN(c3cnc(C(N)=O)c(Nc4ccc(C5CCN(CCCNc6cccc7c6C(=O)N([C@@H]6CCC(=O)NC6=O)C7=O)CC5)cc4)n3)C2)C1=O,0.38021124171160603,95.0
CN1CCN([C@@H]2CCCN(c3cnc(C(N)=O)c(Nc4ccc(C5CCN(CCCNc6cccc7c6C(=O)N([C@@H]6CCC(=O)NC6=O)C7=O)CC5)cc4)n3)C2)C1=O,1.041392685158225,87.0
CN1CCN([C@@H]2CCCN(c3cnc(C(N)=O)c(Nc4ccc(C5CCN(C[C@H]6CC[C@H](Nc7cccc8c7C(=O)N([C@@H]7CCC(=O)NC7=O)C8=O)CC6)CC5)cc4)n3)C2)C1=O,0.20411998265592482,90.0
CN1CCN([C@@H]2CCCN(c3cnc(C(N)=O)c(Nc4ccc(C5CCN(C[C@H]6CC[C@H](Nc7cccc8c7C(=O)N([C@@H]7CCC(=O)NC7=O)C8=O)CC6)CC5)cc4)n3)C2)C1=O,1.6020599913279625,85.0
CN1CCN([C@@H]2CCCN(c3cnc(C(N)=O)c(Nc4ccc(C5CCN(CC6CN(c7ccc8c(c7)C(=O)N([C@@H]7CCC(=O)NC7=O)C8=O)C6)CC5)cc4)n3)C2)C1=O,-0.09691001300805639,97.0
CN1CCN([C@@H]2CCCN(c3cnc(C(N)=O)c(Nc4ccc(C5CCN(C[C@@H]6CCN(c7ccc8c(c7)C(=O)N([C@@H]7CCC(=O)NC7=O)C8=O)C6)CC5)cc4)n3)C2)C1=O,0.07918124604762482,93.0
CN1CCN([C@@H]2CCCN(c3cnc(C(N)=O)c(Nc4ccc(C5CCN(C[C@H]6CCN(c7ccc8c(c7)C(=O)N([C@@H]7CCC(=O)NC7=O)C8=O)C6)CC5)cc4)n3)C2)C1=O,1.5185139398778875,79.0
CN1CCN([C@@H]2CCCN(c3cnc(C(N)=O)c(Nc4ccc(C5CCN(CC6CCN(c7ccc8c(c7)C(=O)N([C@@H]7CCC(=O)NC7=O)C8=O)CC6)CC5)cc4)n3)C2)C1=O,-0.12493873660829993,94.0
CN1CCN([C@@H]2CCCN(c3cnc(C(N)=O)c(Nc4ccc(C5CCN(CC6CCN(c7ccc8c(c7)C(=O)N([C@@H]7CCC(=O)NC7=O)C8=O)CC6)CC5)cc4)n3)C2)C1=O,1.4471580313422192,74.0
CN1CCN([C@@H]2CCCN(c3cnc(C(N)=O)c(Nc4ccc(N5CCN(C[C@@H]6[C@H]7CN(c8ccc9c(c8)C(=O)N([C@@H]8CCC(=O)NC8=O)C9=O)C[C@@H]67)CC5)cc4)n3)C2)C1=O,-0.22184874961635637,94.0
CN1CCN([C@@H]2CCCN(c3cnc(C(N)=O)c(Nc4ccc(N5CCN(C[C@@H]6[C@H]7CN(c8ccc9c(c8)C(=O)N([C@@H]8CCC(=O)NC8=O)C9=O)C[C@@H]67)CC5)cc4)n3)C2)C1=O,1.462397997898956,65.0
CN1CCN([C@@H]2CCCN(c3cnc(C(N)=O)c(Nc4ccc(C5CCN(C6CN(c7ccc8c(c7)C(=O)N([C@H]7CCC(=O)NC7=O)C8=O)C6)CC5)cc4)n3)C2)C1=O,1.505149978319906,74.0
CN1CCN([C@@H]2CCCN(c3cnc(C(N)=O)c(Nc4ccc(N5CC6(C5)CN(c5ccc7c(c5)C(=O)N([C@@H]5CCC(=O)NC5=O)C7=O)C6)cc4)n3)C2)C1=O,1.146128035678238,83.0
CN1CCN([C@@H]2CCCN(c3cnc(C(N)=O)c(Nc4ccc5c(c4)CCN(CC4CCN(c6ccc7c(c6)C(=O)N([C@@H]6CCC(=O)NC6=O)C7=O)CC4)C5)n3)C2)C1=O,1.146128035678238,86.0
CN1CCN([C@@H]2CCCN(c3cnc(C(N)=O)c(Nc4ccc(C5CCN(Cc6ccc7c(c6)C(=O)N([C@@H]6CCC(=O)NC6=O)C7=O)CC5)cc4)n3)C2)C1=O,1.2304489213782739,76.0
CN1CCN([C@@H]2CCCN(c3cnc(C(N)=O)c(Nc4cnn(C5CCN(CC6CCN(c7ccc8c(c7)C(=O)N([C@@H]7CCC(=O)NC7=O)C8=O)CC6)CC5)c4)n3)C2)C1=O,-0.2006594505464183,96.0
CN1CCN([C@@H]2CCCN(c3cnc(C(N)=O)c(Nc4ccc(N5CCC6(CCN(c7ccc8c(c7)C(=O)N([C@H]7CCC(=O)NC7=O)C8=O)CC6)CC5)nc4)n3)C2)C1=O,0.6334684555795865,94.0
CN1CCN([C@@H]2CCCN(c3cnc(C(N)=O)c(Nc4ccc(C5(C)CCN(C[C@H]6CCN(c7ccc8c(c7)C(=O)N([C@@H]7CCC(=O)NC7=O)C8=O)C6)CC5)cc4)n3)C2)C1=O,-0.22184874961635637,96.0
CN1CCN([C@@H]2CCCN(c3cnc(C(N)=O)c(Nc4ccc(C5CCN(C[C@H]6CCN(c7ccc8c(c7)C(=O)N([C@@H]7CCC(=O)NC7=O)C8=O)C6)CC5)nc4)n3)C2)C1=O,0.0,96.0
CN1CCN([C@@H]2CCCN(c3cnc(C(N)=O)c(Nc4ccc(C5CCN(C[C@H]6CCN(c7ccc8c(c7)CN([C@H]7CCC(=O)NC7=O)C8=O)C6)CC5)cc4)n3)C2)C1=O,-0.6020599913279624,96.0
NC(=O)c1ncc(-c2nccs2)nc1Nc1ccc(C2CCN(C[C@H]3CCN(c4ccc5c(c4)C(=O)N([C@H]4CCC(=O)NC4=O)C5=O)C3)CC2)cc1,0.2304489213782739,95.0
NC(=O)c1ncc(N2CCCCC2)nc1Nc1ccc(C2CCN(C[C@H]3CCN(c4ccc5c(c4)C(=O)N([C@H]4CCC(=O)NC4=O)C5=O)C3)CC2)cc1,0.6532125137753437,94.0
Cc1sc2c(c1C)C(c1ccc(Cl)cc1)=N[C@@H](CC(=O)NCCCCCCCCC(=O)N[C@@H](C)C(=O)N[C@H]1CC(=O)NC1=O)c1nnc(C)n1-2,1.5314789170422551,78.0
Cc1sc2c(c1C)C(c1ccc(Cl)cc1)=N[C@@H](CC(=O)NCCCCCCCCC(=O)N[C@@H](C)C(=O)N[C@H]1CC(=O)NC1=O)c1nnc(C)n1-2,1.5563025007672873,88.0
Cc1sc2c(c1C)C(c1ccc(Cl)cc1)=N[C@@H](CC(=O)NCCCCCCCCC(=O)N[C@@H](CCC(=O)O)C(=O)N[C@H]1CC(=O)NC1=O)c1nnc(C)n1-2,3.2576785748691846,56.0
Cc1sc2c(c1C)C(c1ccc(Cl)cc1)=N[C@@H](CC(=O)NCCCCCCCCC(=O)NCC(=O)N[C@H]1CC(=O)NC1=O)c1nnc(C)n1-2,1.9138138523837167,98.0
Cc1sc2c(c1C)C(c1ccc(Cl)cc1)=N[C@@H](CC(=O)NCCCCCCCCC(=O)N[C@@H](CCCCN)C(=O)N[C@H]1CC(=O)NC1=O)c1nnc(C)n1-2,3.161368002234975,69.0
Cc1sc2c(c1C)C(c1ccc(Cl)cc1)=N[C@@H](CC(=O)NCCCCCCCCC(=O)N[C@@H](CO)C(=O)N[C@H]1CC(=O)NC1=O)c1nnc(C)n1-2,1.9590413923210936,98.0
Cc1sc2c(c1C)C(c1ccc(Cl)cc1)=N[C@@H](CC(=O)NCCCCCCCCC(=O)N[C@@H](Cc1ccc(O)cc1)C(=O)N[C@H]1CC(=O)NC1=O)c1nnc(C)n1-2,2.225309281725863,82.0
Cc1sc2c(c1C)C(c1ccc(Cl)cc1)=N[C@@H](CC(=O)NCCCCCCCCC(=O)N[C@@H](Cc1ccc(O)cc1)C(=O)N[C@H]1CC(=O)NC1=O)c1nnc(C)n1-2,1.919078092376074,97.0
Cc1sc2c(c1C)C(c1ccc(Cl)cc1)=N[C@@H](CC(=O)NCCCCCCCCC(=O)N[C@@H](Cc1ccc(O)cc1)C(=O)N[C@H]1CC(=O)NC1=O)c1nnc(C)n1-2,3.0043213737826426,67.0
Cc1sc2c(c1C)C(c1ccc(Cl)cc1)=N[C@@H](CC(=O)NCCCCCCCCNC(=O)COc1cccc3c1C(=O)N(C1CC(=O)NC1=O)C3=O)c1nnc(C)n1-2,2.4099331233312946,43.0
Cc1sc2c(c1C)C(c1ccc(Cl)cc1)=N[C@@H](CC(=O)NCCCCCCCCNC(=O)COc1cccc3c1C(=O)N(C1CC(=O)NC1=O)C3=O)c1nnc(C)n1-2,3.204119982655925,58.0
Cc1sc2c(c1C)C(c1ccc(Cl)cc1)=N[C@@H](CC(=O)NCCCCCCCCNC(=O)COc1cccc3c1C(=O)N(C1CC(=O)NC1=O)C3=O)c1nnc(C)n1-2,2.745855195173729,36.0
CCC(C)(C)C(=O)C(=O)N1CCCC[C@H]1C(=O)O[C@H](CCc1ccc(OC)c(OC)c1)c1cccc(NC(=O)CCC(=O)NCCCCCCC(=O)N[C@@H](C)C(=O)N[C@H]2CCC(=O)NC2=O)c1,2.767897616018091,96.0
CCC(C)(C)C(=O)C(=O)N1CCCC[C@H]1C(=O)O[C@H](CCc1ccc(OC)c(OC)c1)c1cccc(NC(=O)CCC(=O)NCCCCCCC(=O)N2CCC[C@H]2C(=O)N[C@H]2CC(=O)NC2=O)c1,1.9731278535996986,98.0
CCC(C)(C)C(=O)C(=O)N1CCCC[C@H]1C(=O)O[C@H](CCc1ccc(OC)c(OC)c1)c1cccc(NC(=O)CCC(=O)NCCCCCCC(=O)N2CCC[C@H]2C(=O)N[C@@H]2CCC(=O)NC2=O)c1,2.6314437690131722,88.0
CC(=O)c1c(C)c2cnc(Nc3ccc(N4CCN(CCCCCCC(=O)N5CCC[C@H]5C(=O)N[C@H]5CC(=O)NC5=O)CC4)cn3)nc2n(C2CCCC2)c1=O,1.0,72.0
CC(=O)c1c(C)c2cnc(Nc3ccc(N4CCN(CCCCCCC(=O)N5CCC[C@H]5C(=O)N[C@H]5CC(=O)NC5=O)CC4)cn3)nc2n(C2CCCC2)c1=O,0.3010299956639812,93.0
C[C@@H]1COCCN1c1cc(C2(S(C)(=O)=NC(=O)CCc3cn(CCCCCCCC(=O)Nc4cccc5c4C(=O)N(C4CCC(=O)NC4=O)C5=O)nn3)CC2)nc(-c2ccnc3[nH]ccc23)n1,2.724275869600789,84.3
Cc1ccc2nc(-c3ccc(NCCOCCOCCOCCNC(=O)COc4cccc5c4C(=O)N(C4CCC(=O)NC4=O)C5=O)cc3)sc2c1,3.611723308007342,61.0
Cc1ccc2nc(-c3ccc(NCCOCCOCCOCCNC(=O)COc4cccc5c4C(=O)N(C4CCC(=O)NC4=O)C5=O)cc3)sc2c1,3.1958996524092336,78.0
CC(=O)N1CCc2c(c(N3CCCc4cc(-c5cnn(C)c5)c(C(F)F)cc43)nn2C2CCN(C(=O)CN3Cc4cc5c(cc4C3)C(=O)N(C3CCC(=O)NC3=O)C5=O)CC2)C1,1.3010299956639813,94.0
CC(=O)N1CCc2c(c(N3CCCc4cc(-c5cnn(C)c5)c(C(F)F)cc43)nn2C2CCN(C(=O)CN3Cc4cc5c(cc4C3)C(=O)N(C3CCC(=O)NC3=O)C5=O)CC2)C1,0.8976270912904414,87.0
CC(=O)N1CCc2c(c(N3CCCc4cc(-c5cnn(C)c5)c(C(F)F)cc43)nn2C2CCN(C(=O)CCCN3Cc4cc5c(cc4C3)C(=O)N(C3CCC(=O)NC3=O)C5=O)CC2)C1,2.5658478186735176,55.0
CC(=O)N1CCc2c(c(N3CCCc4cc(-c5cnn(C)c5)c(C(F)F)cc43)nn2C2CCN(C(=O)CCCN3Cc4cc5c(cc4C3)C(=O)N(C3CCC(=O)NC3=O)C5=O)CC2)C1,2.0211892990699383,50.0
CC(=O)N1CCc2c(c(N3CCCc4cc(-c5cnn(C)c5)c(C(F)F)cc43)nn2C2CCN(C(=O)CCCCN3Cc4cc5c(cc4C3)C(=O)N(C3CCC(=O)NC3=O)C5=O)CC2)C1,2.225309281725863,58.0
CC(=O)N1CCc2c(c(N3CCCc4cc(-c5cnn(C)c5)c(C(F)F)cc43)nn2C2CCN(C(=O)CCCCN3Cc4cc5c(cc4C3)C(=O)N(C3CCC(=O)NC3=O)C5=O)CC2)C1,1.662757831681574,74.0
CC(=O)N1CCc2c(c(N3CCCc4cc(-c5cnn(C)c5)c(C(F)F)cc43)nn2C2CCN(C(=O)CCCCCN3Cc4cc5c(cc4C3)C(=O)N(C3CCC(=O)NC3=O)C5=O)CC2)C1,2.558708570533166,74.0
CC(=O)N1CCc2c(c(N3CCCc4cc(-c5cnn(C)c5)c(C(F)F)cc43)nn2C2CCN(C(=O)CCCCCN3Cc4cc5c(cc4C3)C(=O)N(C3CCC(=O)NC3=O)C5=O)CC2)C1,2.03342375548695,95.0
CC(=O)N1CCc2c(c(N3CCCc4ccc(C(F)F)cc43)nn2C2CCN(C(=O)CN3Cc4cc5c(cc4C3)C(=O)N(C3CCC(=O)NC3=O)C5=O)CC2)C1,2.7151673578484576,67.0
CC(=O)N1CCc2c(c(N3CCCc4ccc(C(F)F)cc43)nn2C2CCN(C(=O)CN3Cc4cc5c(cc4C3)C(=O)N(C3CCC(=O)NC3=O)C5=O)CC2)C1,2.3096301674258988,74.0
CC(=O)N1CCc2c(c(N3CCCc4cc(Br)c(C(F)F)cc43)nn2C2CCN(C(=O)CN3Cc4cc5c(cc4C3)C(=O)N(C3CCC(=O)NC3=O)C5=O)CC2)C1,1.806179973983887,84.0
CC(=O)N1CCc2c(c(N3CCCc4cc(Br)c(C(F)F)cc43)nn2C2CCN(C(=O)CN3Cc4cc5c(cc4C3)C(=O)N(C3CCC(=O)NC3=O)C5=O)CC2)C1,1.2304489213782739,86.0
CC(=O)N1CCc2c(c(N3CCCc4cc(C)c(C(F)F)cc43)nn2C2CCN(C(=O)CN3Cc4cc5c(cc4C3)C(=O)N(C3CCC(=O)NC3=O)C5=O)CC2)C1,1.7403626894942439,91.0
CC(=O)N1CCc2c(c(N3CCCc4cc(C)c(C(F)F)cc43)nn2C2CCN(C(=O)CN3Cc4cc5c(cc4C3)C(=O)N(C3CCC(=O)NC3=O)C5=O)CC2)C1,0.9822712330395684,94.0
CC(=O)N1CCc2c(c(N3CCCc4cc(C5CC5)c(C(F)F)cc43)nn2C2CCN(C(=O)CN3Cc4cc5c(cc4C3)C(=O)N(C3CCC(=O)NC3=O)C5=O)CC2)C1,1.7160033436347992,95.0
CC(=O)N1CCc2c(c(N3CCCc4cc(C5CC5)c(C(F)F)cc43)nn2C2CCN(C(=O)CN3Cc4cc5c(cc4C3)C(=O)N(C3CCC(=O)NC3=O)C5=O)CC2)C1,1.462397997898956,93.0
CC(=O)N1CCc2c(c(N3CCCc4cc(C(C)C)c(C(F)F)cc43)nn2C2CCN(C(=O)CN3Cc4cc5c(cc4C3)C(=O)N(C3CCC(=O)NC3=O)C5=O)CC2)C1,1.7558748556724915,85.0
CC(=O)N1CCc2c(c(N3CCCc4cc(C(C)C)c(C(F)F)cc43)nn2C2CCN(C(=O)CN3Cc4cc5c(cc4C3)C(=O)N(C3CCC(=O)NC3=O)C5=O)CC2)C1,1.6020599913279625,89.0
CC(=O)N1CCc2c(c(N3CCCc4cc(C5CCCCC5)c(C(F)F)cc43)nn2C2CCN(C(=O)CN3Cc4cc5c(cc4C3)C(=O)N(C3CCC(=O)NC3=O)C5=O)CC2)C1,1.568201724066995,93.0
CC(=O)N1CCc2c(c(N3CCCc4cc(C5CCCCC5)c(C(F)F)cc43)nn2C2CCN(C(=O)CN3Cc4cc5c(cc4C3)C(=O)N(C3CCC(=O)NC3=O)C5=O)CC2)C1,1.591064607026499,87.0
CC(=O)N1CCc2c(c(N3CCCc4cc(-c5ccccc5)c(C(F)F)cc43)nn2C2CCN(C(=O)CN3Cc4cc5c(cc4C3)C(=O)N(C3CCC(=O)NC3=O)C5=O)CC2)C1,1.4913616938342726,94.0
CC(=O)N1CCc2c(c(N3CCCc4cc(-c5ccccc5)c(C(F)F)cc43)nn2C2CCN(C(=O)CN3Cc4cc5c(cc4C3)C(=O)N(C3CCC(=O)NC3=O)C5=O)CC2)C1,1.3617278360175928,93.0
CC(=O)N1CCc2c(c(N3CCCc4cc(-c5cccs5)c(C(F)F)cc43)nn2C2CCN(C(=O)CN3Cc4cc5c(cc4C3)C(=O)N(C3CCC(=O)NC3=O)C5=O)CC2)C1,1.380211241711606,94.0
CC(=O)N1CCc2c(c(N3CCCc4cc(-c5cccs5)c(C(F)F)cc43)nn2C2CCN(C(=O)CN3Cc4cc5c(cc4C3)C(=O)N(C3CCC(=O)NC3=O)C5=O)CC2)C1,1.5185139398778875,92.0
CC(=O)N1CCc2c(c(N3CCCc4cc(-c5ccn(C)n5)c(C(F)F)cc43)nn2[C@H]2CC[C@H](CN3Cc4cc5c(cc4C3)C(=O)N(C3CCC(=O)NC3=O)C5=O)CC2)C1,-0.3010299956639812,100.0
CC(=O)N1CCc2c(c(N3CCCc4cc(-c5ccn(C)n5)c(C(F)F)cc43)nn2[C@H]2CC[C@H](CN3Cc4cc5c(cc4C3)C(=O)N(C3CCC(=O)NC3=O)C5=O)CC2)C1,-0.09691001300805639,100.0
CC(=O)N1CCc2c(c(N3CCCc4cc(-c5ccn(C)n5)c(C(F)F)cc43)nn2[C@H]2CC[C@@H](CN3Cc4cc5c(cc4C3)C(=O)N(C3CCC(=O)NC3=O)C5=O)CC2)C1,1.0791812460476249,62.0
CC(=O)N1CCc2c(c(N3CCCc4cc(-c5ccn(C)n5)c(C(F)F)cc43)nn2[C@H]2CC[C@@H](CN3Cc4cc5c(cc4C3)C(=O)N(C3CCC(=O)NC3=O)C5=O)CC2)C1,1.1139433523068367,82.0
CC(=O)N1CCc2c(c(N3CCCc4cc(-c5ccn(C)n5)c(C(F)F)cc43)nn2CC2CCC(N3Cc4cc5c(cc4C3)C(=O)N(C3CCC(=O)NC3=O)C5=O)CC2)C1,1.662757831681574,67.0
CC(=O)N1CCc2c(c(N3CCCc4cc(-c5ccn(C)n5)c(C(F)F)cc43)nn2CC2CCC(N3Cc4cc5c(cc4C3)C(=O)N(C3CCC(=O)NC3=O)C5=O)CC2)C1,1.6127838567197355,72.0
CC(=O)N1CCc2c(c(N3CCCc4cc(-c5ccn(C)n5)c(C(F)F)cc43)nn2C2CCC(N3Cc4cc5c(cc4C3)C(=O)N(C3CCC(=O)NC3=O)C5=O)CC2)C1,1.1139433523068367,61.0
CC(=O)N1CCc2c(c(N3CCCc4cc(-c5ccn(C)n5)c(C(F)F)cc43)nn2C2CCC(N3Cc4cc5c(cc4C3)C(=O)N(C3CCC(=O)NC3=O)C5=O)CC2)C1,0.6901960800285137,77.0
COCC(COC)n1c(-c2cc(C)c(=O)n(C)c2)nc2cc(C3CCN(C(=O)COCCOCCOCCNC(=O)C[C@H](NC(=O)[C@H]4C[C@@H](S(=O)(=O)F)CN4C(=O)[C@@H](c4cc(C)no4)C(C)C)c4ccc(-c5scnc5C)cc4)CC3)ccc21,4.230448921378274,60.0
Cc1cc([C@H](C(=O)N2C[C@H](S(=O)(=O)F)C[C@@H]2C(=O)N[C@@H](CC(=O)N2CCC(C#Cc3ccc(C(=O)N[C@H]4C(C)(C)[C@H](Oc5ccc(C#N)c(C(F)(F)F)c5)C4(C)C)cc3)CC2)c2ccc(-c3scnc3C)cc2)C(C)C)on1,2.7218106152125467,54.0
Cc1cc([C@H](C(=O)N2C[C@H](S(=O)(=O)F)C[C@@H]2C(=O)N[C@@H](CC(=O)N2CCC(C#Cc3ccc(C(=O)N[C@H]4C(C)(C)[C@H](Oc5ccc(C#N)c(Cl)c5)C4(C)C)cc3)CC2)c2ccc(-c3scnc3C)cc2)C(C)C)on1,2.3263358609287517,59.0
O=C1CCC(N2C(=O)c3ccc(N4CCN(CC5CCN(C(=O)c6ccc(-c7ccc8ncc(C(=O)NC9CC9)c(Nc9ccccc9)c8c7)cc6)CC5)CC4)cc3C2=O)C(=O)N1,-0.01322826573375516,96.0
Cc1ncsc1-c1ccc(CNC(=O)[C@@H]2C[C@@H](O)CN2C(=O)[C@@H](NC(=O)CCCCCCCCCOc2ccc(C(c3ccc(Cl)cc3)N3CCN(C(=O)c4noc(C)c4[N+](=O)[O-])CC3)cc2)C(C)(C)C)cc1,2.130333768495006,86.0
Cc1cc(S(=O)(=O)Nc2ccc(Cl)c3c(Cl)c[nH]c23)oc1C(=O)N1CCC(C(=O)N2CCN(CC3CCN(C(=O)C[C@@H]4N=C(c5ccc(Cl)cc5)c5c(sc(C)c5C)-n5c(C)nnc54)CC3)CC2)CC1,2.656098202012832,69.0
CC(=O)N1CCc2c(c(N3CCCc4cc(-c5cnn(C)c5)c(C(F)F)cc43)nn2C2CCN(C(=O)CCNc3cccc4c3C(=O)N(C3CCC(=O)NC3=O)C4=O)CC2)C1,0.9030899869919435,88.0
CC(=O)N1CCc2c(c(N3CCCc4cc(-c5cnn(C)c5)c(C(F)F)cc43)nn2C2CCN(C(=O)CCNc3cccc4c3C(=O)N(C3CCC(=O)NC3=O)C4=O)CC2)C1,1.255272505103306,81.0
CC(=O)N1CCc2c(c(N3CCCc4cc(-c5cnn(C)c5)c(C(F)F)cc43)nn2C2CCN(C(=O)CCCNc3cccc4c3C(=O)N(C3CCC(=O)NC3=O)C4=O)CC2)C1,0.146128035678238,92.0
CC(=O)N1CCc2c(c(N3CCCc4cc(-c5cnn(C)c5)c(C(F)F)cc43)nn2C2CCN(C(=O)CCCNc3cccc4c3C(=O)N(C3CCC(=O)NC3=O)C4=O)CC2)C1,0.07918124604762482,93.0
CC(=O)N1CCc2c(c(N3CCCc4cc(-c5cnn(C)c5)c(C(F)F)cc43)nn2[C@H]2CC[C@H](CN3CCN(c4cccc5c4C(=O)N(C4CCC(=O)NC4=O)C5=O)CC3)CC2)C1,2.845098040014257,53.0
CC(=O)N1CCc2c(c(N3CCCc4cc(-c5cnn(C)c5)c(C(F)F)cc43)nn2[C@H]2CC[C@H](CN3CCN(c4cc5c(cc4F)C(=O)N(C4CCC(=O)NC4=O)C5=O)CC3)CC2)C1,0.07918124604762482,94.0
CC(=O)N1CCc2c(c(N3CCCc4cc(-c5cnn(C)c5)c(C(F)F)cc43)nn2[C@H]2CC[C@H](CN3CCN(c4cc5c(cc4F)C(=O)N(C4CCC(=O)NC4=O)C5=O)CC3)CC2)C1,0.07918124604762482,94.0
CC(C)(CNC(=O)CCC(=O)NCCCCCCCCCCCCNc1ccc2c(c1)C(=O)N(C1CCC(=O)NC1=O)C2=O)CN(C(=O)CCl)[C@@H]1CCS(=O)(=O)C1,2.2479732663618064,95.0
Cc1csc(-c2ccc(CNC(=O)[C@@H]3C[C@@H](O)CN3C(=O)[C@@H](NC(=O)CCCCCCCCSSCCCCC(=O)N[C@H](C(=O)N3C[C@H](O)C[C@H]3C(=O)NCc3ccc(-c4scnc4C)cc3)C(C)(C)C)C(C)(C)C)cc2)n1,1.5440680443502757,98.0
CCS(=O)(=O)n1cc(-c2nc(Nc3ccc(N4CCN(CC(=O)Nc5cccc6c5CN(C5CCC(=O)NC5=O)C6=O)CC4)cc3)ncc2C(F)(F)F)c2ccccc21,1.4785664955938433,89.3
CCS(=O)(=O)n1cc(-c2nc(Nc3ccc(N4CCN(CCCCCC(=O)Nc5cccc6c5CN(C5CCC(=O)NC5=O)C6=O)CC4)cc3)ncc2C(F)(F)F)c2ccccc21,1.7737864449811935,94.6
CCS(=O)(=O)n1cc(-c2nc(Nc3ccc(N4CCN(CCCCCCCCCC(=O)Nc5cccc6c5CN(C5CCC(=O)NC5=O)C6=O)CC4)cc3)ncc2C(F)(F)F)c2ccccc21,1.8369567370595505,80.6
CCS(=O)(=O)n1cc(-c2nc(Nc3ccc(N4CCN(CCCCCCCCCCC(=O)Nc5cccc6c5CN(C5CCC(=O)NC5=O)C6=O)CC4)cc3)ncc2C(F)(F)F)c2ccccc21,2.449324093098727,77.3
CCS(=O)(=O)n1cc(-c2nc(Nc3ccc(N4CCN(C(=O)CCCC(=O)Nc5cccc6c5CN(C5CCC(=O)NC5=O)C6=O)CC4)cc3)ncc2C(F)(F)F)c2ccccc21,2.1835545336188615,80.4
CCS(=O)(=O)n1cc(-c2nc(Nc3ccc(N4CCN(C(=O)CCCCCC(=O)Nc5cccc6c5CN(C5CCC(=O)NC5=O)C6=O)CC4)cc3)ncc2C(F)(F)F)c2ccccc21,2.2089785172762535,80.1
CCS(=O)(=O)n1cc(-c2nc(Nc3ccc(N4CCN(C(=O)CCCCCCC(=O)Nc5cccc6c5CN(C5CCC(=O)NC5=O)C6=O)CC4)cc3)ncc2C(F)(F)F)c2ccccc21,2.2022157758011316,85.9
COc1cc(N2CCN(C(=O)CCOCC#Cc3ccc4c(c3)C(=O)N(C3CCC(=O)NC3=O)C4=O)CC2)ccc1NC(=O)c1cccc(-c2ccn[nH]2)n1,1.6755950563867463,91.0
Cc1ncsc1-c1ccc(CNC(=O)[C@@H]2C[C@@H](O)CN2C(=O)[C@@H](NC(=O)COCCOc2cc(F)c([C@@H]3c4[nH]c5ccccc5c4C[C@@H](C)N3CC(C)(C)F)c(F)c2)C(C)(C)C)cc1,-0.22184874961635637,89.0
Cc1ncsc1-c1ccc(CNC(=O)[C@@H]2C[C@@H](O)CN2C(=O)[C@@H](NC(=O)COCCOCCOc2cc(F)c([C@@H]3c4[nH]c5ccccc5c4C[C@@H](C)N3CC(C)(C)F)c(F)c2)C(C)(C)C)cc1,-0.09691001300805639,94.0
Cc1ncsc1-c1ccc(CNC(=O)[C@@H]2C[C@@H](O)CN2C(=O)[C@@H](NC(=O)COCCOCCOCCOCCOc2cc(F)c([C@@H]3c4[nH]c5ccccc5c4C[C@@H](C)N3CC(C)(C)F)c(F)c2)C(C)(C)C)cc1,0.505149978319906,100.0
Cc1ncsc1-c1ccc(CNC(=O)[C@@H]2C[C@@H](O)CN2C(=O)[C@@H](NC(=O)COCCN2CCN(CCOc3cc(F)c([C@@H]4c5[nH]c6ccccc6c5C[C@@H](C)N4CC(C)(C)F)c(F)c3)CC2)C(C)(C)C)cc1,-0.3010299956639812,100.0
Cc1ncsc1-c1ccc(CNC(=O)[C@@H]2C[C@H](O)CN2C(=O)[C@@H](NC(=O)COCCCOCCCOc2cc(F)c([C@@H]3c4[nH]c5ccccc5c4C[C@@H](C)N3CC(C)(C)F)c(F)c2)C(C)(C)C)cc1,0.4913616938342727,63.0
CCN(CC)C/C=C/C(=O)Nc1cc2c(Nc3ccc(F)c(Cl)c3)ncnc2cc1OCc1cn(CCCCCCCCCCC(=O)N[C@H](C(=O)N2C[C@H](O)C[C@H]2C(=O)NCc2ccc(-c3scnc3C)cc2)C(C)(C)C)nn1,1.4575791469957626,99.0
CCN(CC)C/C=C/C(=O)Nc1cc2c(Nc3ccc(F)c(Cl)c3)ncnc2cc1OCc1cn(CCCCCCCCCCC(=O)N[C@H](C(=O)N2C[C@H](O)C[C@H]2C(=O)NCc2ccc(-c3scnc3C)cc2)C(C)(C)C)nn1,2.57978359661681,93.0
CCN(CC)C/C=C/C(=O)Nc1cc2c(Nc3ccc(F)c(Cl)c3)ncnc2cc1OCc1cn(CCCCCCCC(=O)N[C@H](C(=O)N2C[C@H](O)C[C@H]2C(=O)N[C@H](C)c2ccc(-c3scnc3C)cc2)C(C)(C)C)nn1,1.2535802895621828,100.0
CCN(CC)C/C=C/C(=O)Nc1cc2c(Nc3ccc(F)c(Cl)c3)ncnc2cc1OCc1cn(CCCCCCCC(=O)N[C@H](C(=O)N2C[C@H](O)C[C@H]2C(=O)N[C@H](C)c2ccc(-c3scnc3C)cc2)C(C)(C)C)nn1,2.3979400086720375,94.0
CCN(CC)C/C=C/C(=O)Nc1cc2c(Nc3ccc(F)c(Cl)c3)ncnc2cc1OCc1cn(CCCCCCCC(=O)N[C@H](C(=O)N2C[C@H](O)C[C@H]2C(=O)N[C@H](C)c2ccc(-c3scnc3C)cc2)C(C)(C)C)nn1,2.7993405494535817,94.0
Cc1ncc(-c2ccc3nc(NC(=O)CCOCCOCCOCCC(=O)N[C@H](C(=O)N4C[C@H](O)C[C@H]4C(=O)NCc4ccc(-c5scnc5C)cc4)C(C)(C)C)sc3c2)cc1NC(=O)OC1CCCCC1,5.041392685158225,85.0
Cc1ncc(-c2ccc3nc(NC(=O)CCCCCCCCCCC(=O)N[C@H](C(=O)N4C[C@H](O)C[C@H]4C(=O)NCc4ccc(-c5scnc5C)cc4)C(C)(C)C)sc3c2)cc1NC(=O)OC1CCCCC1,4.698970004336019,100.0
Cc1ncc(-c2ccc3nc(NC(=O)CCOCCCOCCC(=O)N[C@H](C(=O)N4C[C@H](O)C[C@H]4C(=O)NCc4ccc(-c5scnc5C)cc4)C(C)(C)C)sc3c2)cc1NC(=O)OC1CCCCC1,4.6020599913279625,84.0
Cc1cc(Nc2ncc(Cl)c(Nc3ccccc3S(=O)(=O)C(C)C)n2)c(OC(C)C)cc1C1CCN(CC(=O)NCC(=O)NCCNc2cccc3c2C(=O)N(C2CCC(=O)NC2=O)C3=O)CC1,1.414973347970818,83.0
Cc1cc(Nc2ncc(Cl)c(Nc3ccccc3S(=O)(=O)C(C)C)n2)c(OC(C)C)cc1C1CCN(CC(=O)NCC(=O)NCC(=O)NCCNc2cccc3c2C(=O)N(C2CCC(=O)NC2=O)C3=O)CC1,2.3710678622717363,79.0
O=C1CCC(N2C(=O)c3ccc(OCCOCCOCCNC(=O)c4cccc(-c5cc(Nc6ccc(OC(F)(F)F)cc6)ncn5)c4)cc3C2=O)C(=O)N1,2.9190780923760737,99.0
O=C1CCC(N2C(=O)c3cccc(OCCOCCOCCNC(=O)c4ccc(Nc5nccc(Nc6ccc(OC(F)(F)F)cc6)n5)c(OC(F)(F)F)c4)c3C2=O)C(=O)N1,2.322219294733919,95.0
O=C1CCC(N2C(=O)c3ccc(N4CC(N5CCC(NC(=O)c6n[nH]cc6NC(=O)c6c(Cl)cccc6Cl)CC5)C4)cc3C2=O)C(=O)N1,1.416640507338281,72.78
O=C1CCC(N2C(=O)c3ccc(N4CCC(N5CCC(NC(=O)c6n[nH]cc6NC(=O)c6c(Cl)cccc6Cl)CC5)C4)cc3C2=O)C(=O)N1,0.8530895298518655,59.07
O=C1CCC(N2C(=O)c3ccc(N4CCC(N5CCC(NC(=O)c6n[nH]cc6NC(=O)c6c(Cl)cccc6Cl)CC5)CC4)cc3C2=O)C(=O)N1,0.4471580313422192,79.2
O=C1CCC(N2C(=O)c3ccc(N4CC(CN5CCC(CCN6CCC(NC(=O)c7n[nH]cc7NC(=O)c7c(Cl)cccc7Cl)CC6)CC5)C4)cc3C2=O)C(=O)N1,1.0499928569201427,65.77
O=C1CCC(N2C(=O)c3ccc(N4CC(CN5CCC(NC(=O)c6n[nH]cc6NC(=O)c6c(Cl)cccc6Cl)CC5)C4)cc3C2=O)C(=O)N1,1.1132746924643504,63.19
O=C1CCC(N2C(=O)c3ccc(N4CCC(CN5CCC(NC(=O)c6n[nH]cc6NC(=O)c6c(Cl)cccc6Cl)CC5)C4)cc3C2=O)C(=O)N1,0.6730209071288962,67.28
O=C1CCC(N2C(=O)c3ccc(N4CCC(CN5CCC(NC(=O)c6n[nH]cc6NC(=O)c6c(Cl)cccc6Cl)CC5)CC4)cc3C2=O)C(=O)N1,0.06818586174616162,75.76
O=C1CCC(N2C(=O)c3ccc(N4CCC(C(=O)N5CCC(NC(=O)c6n[nH]cc6NC(=O)c6c(Cl)cccc6Cl)CC5)CC4)cc3C2=O)C(=O)N1,1.9700212658283658,59.32
O=C1CCC(N2C(=O)c3ccc(N4CCC(CCN5CCC(NC(=O)c6n[nH]cc6NC(=O)c6c(Cl)cccc6Cl)CC5)CC4)cc3C2=O)C(=O)N1,1.4234097277330935,54.85
O=C1CCC(N2C(=O)c3ccc(N4CC(CN5CCN(Cc6ccc(NC(=O)c7n[nH]cc7Nc7ncnc8[nH]ccc78)cc6)CC5)C4)cc3C2=O)C(=O)N1,0.08990511143939793,58.76
O=C1CCC(N2C(=O)c3ccc(N4CCC(CN5CCN(Cc6ccc(NC(=O)c7n[nH]cc7Nc7ncnc8[nH]ccc78)cc6)CC5)C4)cc3C2=O)C(=O)N1,0.21218760440395779,76.14
O=C1CCC(N2C(=O)c3ccc(N4CCC(CN5CCN(Cc6ccc(NC(=O)c7n[nH]cc7Nc7ncnc8[nH]ccc78)cc6)CC5)CC4)cc3C2=O)C(=O)N1,1.1034616220947049,81.89
COc1nc(OCc2cccc(-c3ccccc3)c2C)ccc1CNCCNC(=O)CCCCCCCCNC(=O)COc1ccc(C2CCC(=O)NC2=O)cc1,2.784617292632875,85.0
O=C(/C=C/c1cccnc1)NCCCCC1CCN(C(=O)c2ccc(N3CCN(CCCCCCC#Cc4cccc5c4C(=O)N(C4CCC(=O)NC4=O)C5=O)CC3)cc2)CC1,0.12188798510368115,77.3
O=C(/C=C/c1cccnc1)NCCCCC1CCN(C(=O)c2ccc(N3CCN(CCCCCCCOc4cccc5c4CN(C4CCC(=O)NC4=O)C5=O)CC3)cc2)CC1,0.01577875638904093,94.8
O=C(/C=C/c1cccnc1)NCCCCC1CCN(C(=O)c2ccc(N3CCC(N4CCN(CCCCCCC#Cc5cccc6c5CN(C5CCC(=O)NC5=O)C6=O)CC4)CC3)cc2)CC1,2.315550534421905,88.5
O=C(/C=C/c1cccnc1)NCCCCC1CCN(C(=O)c2ccc(N3CCC(N4CCN(CCCCCCC#Cc5cccc6c5CN(C5CCC(=O)NC5=O)C6=O)CC4)CC3)nc2)CC1,0.18184358794477254,82.3
O=C(/C=C/c1cccnc1)NCCCCC1CCN(C(=O)c2ccc(N3CCC(N4CCN(CCCCCCC#Cc5cccc6c5CN(C5CCC(=O)NC5=O)C6=O)CC4)CC3)nn2)CC1,0.11058971029924897,66.1
COc1cc(-c2cn(C)c(=O)c3ccccc23)cc(OC)c1CN1CCC(CN2CCC(c3ccc4c5c(cccc35)C(=O)N4C3CCC(=O)NC3=O)CC2)CC1,-1.7958800173440752,97.0
CN(CCCOc1cccc2c1CN(C1CCC(=O)NC1=O)C2=O)C[C@H]1CC[C@H](n2cc3cc(NC(=O)c4cccc(C(F)(F)F)n4)c(C(C)(C)O)cc3n2)CC1,0.6989700043360189,80.0
COc1cc2nc([C@H]3CC[C@H](CN4CC5(CC(CCNc6cccc7c6C(=O)N(C6CCC(=O)NC6=O)C7=O)C5)C4)CC3)oc2cc1NC(=O)c1cccc(C(F)(F)F)n1,2.278753600952829,68.0
O=C1CCC(N2C(=O)c3cccc(NCCOCCN4CCN(c5ccc(Nc6ncc7ncc(=O)n(C8CCCC8)c7n6)cc5)CC4)c3C2=O)C(=O)N1,2.2092468487533736,60.0
O=C1CCC(N2C(=O)c3cccc(NCCOCCN4CCN(c5ccc(Nc6ncc7ncc(=O)n(C8CCCC8)c7n6)cc5)CC4)c3C2=O)C(=O)N1,0.9777236052888477,91.0
O=C1CCC(N2C(=O)c3cccc(NCCOCCOCCN4CCN(c5ccc(Nc6ncc7ncc(=O)n(C8CCCC8)c7n6)cc5)CC4)c3C2=O)C(=O)N1,2.746011107751926,53.0
O=C1CCC(N2C(=O)c3cccc(NCCOCCOCCN4CCN(c5ccc(Nc6ncc7ncc(=O)n(C8CCCC8)c7n6)cc5)CC4)c3C2=O)C(=O)N1,0.724275869600789,94.0
O=C1CCC(N2C(=O)c3cccc(NC(=O)CCCCCN4CCN(c5ccc(Nc6ncc7ncc(=O)n(C8CCCC8)c7n6)cc5)CC4)c3C2=O)C(=O)N1,1.173186268412274,95.0
O=C1CCC(N2C(=O)c3cccc(NC(=O)CCCCCN4CCN(c5ccc(Nc6ncc7ncc(=O)n(C8CCCC8)c7n6)cc5)CC4)c3C2=O)C(=O)N1,1.7634279935629373,85.0
O=C1CCC(N2C(=O)c3cccc(NC(=O)CCCCCCN4CCN(c5ccc(Nc6ncc7ncc(=O)n(C8CCCC8)c7n6)cc5)CC4)c3C2=O)C(=O)N1,0.8195439355418687,95.0
O=C1CCC(N2C(=O)c3cccc(NC(=O)CCCCCCC(=O)N4CCN(c5ccc(Nc6ncc7ncc(=O)n(C8CCCC8)c7n6)cc5)CC4)c3C2=O)C(=O)N1,2.6375897858387,60.0
O=C1CCC(N2C(=O)c3cccc(NC(=O)CCCCCCC(=O)N4CCN(c5ccc(Nc6ncc7ncc(=O)n(C8CCCC8)c7n6)cc5)CC4)c3C2=O)C(=O)N1,1.6364878963533653,92.0
O=C(CCCCN1CCN(c2ccc(Nc3ncc4ncc(=O)n(C5CCCC5)c4n3)cc2)CC1)NCCNc1cccc2c1C(=O)N(C1CCC(=O)NC1=O)C2=O,1.021189299069938,100.0
O=C(CCCCN1CCN(c2ccc(Nc3ncc4ncc(=O)n(C5CCCC5)c4n3)cc2)CC1)NCCNc1cccc2c1C(=O)N(C1CCC(=O)NC1=O)C2=O,0.3979400086720376,96.0
O=C1CCC(N2C(=O)c3cccc(NC(=O)CCCCCn4cc(CN5CCN(c6ccc(Nc7ncc8ncc(=O)n(C9CCCC9)c8n7)cc6)CC5)nn4)c3C2=O)C(=O)N1,1.212187604403958,95.0
O=C1CCC(N2C(=O)c3ccc(N4CCN(CC5CCN(C(=O)CN6CCN(c7ccc(Nc8ncc9ncc(=O)n(C%10CCCC%10)c9n8)cc7)CC6)CC5)CC4)cc3C2=O)C(=O)N1,2.139249217571607,68.0
O=C1CCC(N2C(=O)c3ccc(N4CCN(CC5CCN(C(=O)CN6CCN(c7ccc(Nc8ncc9ncc(=O)n(C%10CCCC%10)c9n8)cc7)CC6)CC5)CC4)cc3C2=O)C(=O)N1,0.36172783601759284,90.0
O=C1CCC(N2C(=O)c3ccc(N4CCN(C(=O)CN5CCN(c6ccc(Nc7ncc8ncc(=O)n(C9CCCC9)c8n7)cc6)CC5)CC4)cc3C2=O)C(=O)N1,0.9912260756924949,75.0
O=C1CCC(N2C(=O)c3ccc(N4CCN(C(=O)CN5CCN(c6ccc(Nc7ncc8ncc(=O)n(C9CCCC9)c8n7)cc6)CC5)CC4)cc3C2=O)C(=O)N1,0.5910646070264992,86.0
CCCc1cc(N[C@@H]2CC[C@@H](NC(=O)c3ccc(CN4CCN(c5ccc6c(c5)CN(C5CCC(=O)NC5=O)C6=O)CC4)cc3)C2)n2nccc2n1,-0.0506099933550872,97.7
COc1cc(N2CCC(N3CCN(CCCC#Cc4cccc5c4CN(C4CCC(=O)NC4=O)C5=O)CC3)CC2)ccc1Nc1ncc(Cl)c(Nc2ccccc2P(C)(C)=O)n1,2.1888160305023527,60.28
COc1cc(N2CCC(N3CCN(CCCC#Cc4cccc5c4CN(C4CCC(=O)NC4=O)C5=O)CC3)CC2)ccc1Nc1ncc(Cl)c(Nc2ccccc2P(C)(C)=O)n1,2.1019875185582992,60.87
COc1cc(N2CCC(N3CCN(CCCC#Cc4cccc5c4CN(C4CCC(=O)NC4=O)C5=O)CC3)CC2)ccc1Nc1ncc(Cl)c(Nc2ccccc2P(C)(C)=O)n1,2.15742654478045,69.86
Cc1nc(Nc2ncc(C(=O)Nc3c(C)cccc3Cl)s2)cc(N2CCN(CCCC(=O)N3CCC4(CC3)CCN(c3ccc(C5CCC(=O)NC5=O)cc3)CC4)CC2)n1,1.3053513694466237,86.0
Cc1nc(Nc2ncc(C(=O)Nc3c(C)cccc3Cl)s2)cc(N2CCN(CCCC(=O)N3CCC(CN4CCN(c5ccc(C6CCC(=O)NC6=O)cc5)CC4)CC3)CC2)n1,1.3996737214810382,84.0
Cc1nc(Nc2ncc(C(=O)Nc3c(C)cccc3Cl)s2)cc(N2CCN(CCCN3CCN(c4ccc(C5CCC(=O)NC5=O)cc4)CC3)CC2)n1,0.8744818176994664,90.0
Cc1nc(Nc2ncc(C(=O)Nc3c(C)cccc3Cl)s2)cc(N2CCN(CCCN3CCN(Cc4ccc(C5CCC(=O)NC5=O)cc4)CC3)CC2)n1,0.651278013998144,84.0
Cc1nc(Nc2ncc(C(=O)Nc3c(C)cccc3Cl)s2)cc(N2CCN(CCCN3CCC4(CC3)CCN(c3ccc(C5CCC(=O)NC5=O)cc3)CC4)CC2)n1,0.9590413923210935,93.0
Cc1nc(Nc2ncc(C(=O)Nc3c(C)cccc3Cl)s2)cc(N2CCN(CCCN3CCC(c4ccc(C5CCC(=O)NC5=O)cc4)CC3)CC2)n1,0.39093510710337914,87.0
Cc1nc(Nc2ncc(C(=O)Nc3c(C)cccc3Cl)s2)cc(N2CCN(CCN3CCN(c4ccc(C5CCC(=O)NC5=O)cc4)CC3)CC2)n1,1.7242758696007892,62.0
N#Cc1ccc(N2CCC(c3ccc(OCCCN4CCN(c5ccc6c(c5)CN(C5CCC(=O)NC5=O)C6=O)CC4)cc3)CC2)cc1C(F)(F)F,1.2041199826559248,79.0
N#Cc1ccc(N2CCC(c3ccc(OCCCCN4CCN(c5ccc6c(c5)CN(C5CCC(=O)NC5=O)C6=O)CC4)cc3)CC2)cc1C(F)(F)F,0.8450980400142568,97.0
N#Cc1ccc(N2CCC(c3ccc(N4CCC(CN5CCN(c6ccc7c(c6)CN(C6CCC(=O)NC6=O)C7=O)CC5)CC4)cc3)CC2)cc1C(F)(F)F,1.255272505103306,85.0
N#Cc1ccc(N2CCC(c3ccc(N4CCC(CN5CCN(c6cc7c(cc6F)C(=O)N(C6CCC(=O)NC6=O)C7=O)CC5)CC4)cc3)CC2)cc1C(F)(F)F,2.255272505103306,92.0
N#Cc1ccc(N2CCC(c3ccc(N4CCC(CN5CCN(c6ccc7c(c6)CN(C6CCC(=O)NC6=O)C7=O)CC5)CC4)cc3)CC2)c(F)c1C(F)(F)F,1.3617278360175928,95.0
N#Cc1ccc(N2CCC(c3ccc(N4CCC(CN5CCN(c6ccc7c(c6)CN(C6CCC(=O)NC6=O)C7=O)CC5)CC4)cc3)CC2)c(F)c1C(F)(F)F,1.8864907251724818,65.0
Cc1c(N2CCC(c3ccc(N4CCC(CN5CCN(c6ccc7c(c6)CN(C6CCC(=O)NC6=O)C7=O)CC5)CC4)cc3)CC2)ccc(C#N)c1C(F)(F)F,2.1818435879447726,70.0
N#Cc1ccc(N2CCC(c3ccc(N4CCC(CN5CCN(c6ccc7c(c6)CN(C6CCC(=O)NC6=O)C7=O)CC5)CC4)cc3)CC2)c(Cl)c1C(F)(F)F,1.6812412373755872,80.0
N#Cc1ccc(N2CCC(c3ccc(N4CCC(CN5CCN(c6ccc7c(c6)CN(C6CCC(=O)NC6=O)C7=O)CC5)CC4)cc3)CC2)c(Cl)c1C(F)(F)F,2.1583624920952498,79.0
N#Cc1ccc(N2CCC(c3ccc(N4CCC(CN5CCN(c6cc7c(cc6F)C(=O)N(C6CCC(=O)NC6=O)C7=O)CC5)CC4)cc3)CC2)c(F)c1C(F)(F)F,1.9395192526186185,100.0
N#Cc1ccc(N2CCC(c3ccc(N4CCC(CN5CCN(c6cc7c(cc6F)C(=O)N(C6CCC(=O)NC6=O)C7=O)CC5)CC4)cc3)CC2)c(F)c1C(F)(F)F,2.9965116721541785,100.0
COc1cc(N2CCN(CC3CCN(c4ccc(C5CCN(c6ccc(C#N)c(C(F)(F)F)c6F)CC5)cc4)CC3)CC2)cc2c1C(=O)N(C1CCC(=O)NC1=O)C2,1.3424226808222062,96.0
COc1cc(N2CCN(CC3CCN(c4ccc(C5CCN(c6ccc(C#N)c(C(F)(F)F)c6F)CC5)cc4)CC3)CC2)cc2c1C(=O)N(C1CCC(=O)NC1=O)C2,1.9637878273455553,74.0
COc1cc(N2CCN(CC3CCN(c4ccc(C5CCN(c6ccc(C#N)c(C(F)(F)F)c6F)CC5)c(F)c4)CC3)CC2)cc2c1C(=O)N(C1CCC(=O)NC1=O)C2,1.0791812460476249,100.0
COc1cc(N2CCN(CC3CCN(c4ccc(C5CCN(c6ccc(C#N)c(C(F)(F)F)c6F)CC5)c(F)c4)CC3)CC2)cc2c1C(=O)N(C1CCC(=O)NC1=O)C2,2.6711728427150834,100.0
COc1cc(N2CCN(CC3CCN(c4cc(F)c(C5CCN(c6ccc(C#N)c(C(F)(F)F)c6F)CC5)c(F)c4)CC3)CC2)cc2c1C(=O)N(C1CCC(=O)NC1=O)C2,1.255272505103306,100.0
COc1cc(N2CCN(CC3CCN(c4cc(F)c(C5CCN(c6ccc(C#N)c(C(F)(F)F)c6F)CC5)c(F)c4)CC3)CC2)cc2c1C(=O)N(C1CCC(=O)NC1=O)C2,2.801403710017355,80.0
N#Cc1ccc(N2CCC(c3ccc(OCCCCN4CCN(c5ccc6c(c5)CN(C5CCC(=O)NC5=O)C6=O)CC4)cc3)CC2)c(F)c1C(F)(F)F,0.9542425094393249,100.0
N#Cc1ccc(N2CCC(c3ccc(OCCCCN4CCN(c5ccc6c(c5)CN(C5CCC(=O)NC5=O)C6=O)CC4)cc3)CC2)c(F)c1C(F)(F)F,2.0293837776852097,78.0
Cc1ncsc1-c1ccc([C@@H](C)NC(=O)[C@@H]2C[C@@H](O)CN2C(=O)[C@@H](c2cc(N3CCN(Cc4ccc(-c5c6ncn(CC7(O)CCN(C(=O)C[C@H](C)c8ccccc8)CC7)c(=O)c6nn5C)cc4)CC3)no2)C(C)C)cc1,-0.13076828026902382,93.1
CNC(=O)c1cc(Oc2ccc(-n3cc(-c4cccc(NC(=O)C5CCCN(c6cccc7c6C(=O)N(C6CCC(=O)NC6=O)C7=O)C5)c4)nn3)cc2)ccn1,0.7108786176851729,83.17
Cc1cc(-c2c[nH]c3ncc(-c4ccc(C5CCN(C(=O)CCOCCOCCOc6cccc7c6C(=O)N(C6CCC(=O)NC6=O)C7=O)CC5)cc4)nc23)ccc1C(=O)N(C)C,2.3899984226073334,56.6
Cc1cc(-c2c[nH]c3ncc(-c4ccc(C5CCN(C(=O)CCNc6cccc7c6C(=O)N(C6CCC(=O)NC6=O)C7=O)CC5)cc4)nc23)ccc1C(=O)N(C)C,2.9833330506491285,63.6
Cc1cc(-c2c[nH]c3ncc(-c4ccc(C5CCN(CC6CCN(c7ccc8c(c7)C(=O)N(C7CCC(=O)NC7=O)C8=O)C6)CC5)cc4)nc23)ccc1C(=O)N(C)C,1.8965262174895554,84.1
Cc1cc(-c2c[nH]c3ncc(-c4ccc(C5CCN(CCC6CCN(c7ccc8c(c7)C(=O)N(C7CCC(=O)NC7=O)C8=O)CC6)CC5)cc4)nc23)ccc1C(=O)N(C)C,3.026655813877043,58.5
Cc1cc(-c2c[nH]c3ncc(-c4ccc(C5CCN(C6CN(C7CN(c8ccc9c(c8)C(=O)N(C8CCC(=O)NC8=O)C9=O)C7)C6)CC5)cc4)nc23)ccc1C(=O)N(C)C,2.4699692094999595,58.1
Cc1cc(-c2c[nH]c3ncc(-c4ccc(N5CCN(C6CN(c7ccc8c(c7)C(=O)N(C7CCC(=O)NC7=O)C8=O)C6)CC5)cc4)nc23)ccc1C(=O)N(C)C,1.4502491083193612,68.3
Cc1cc(-c2c[nH]c3ncc(-c4ccc(C5CCN(C6CCN(c7ccc8c(c7)C(=O)N(C7CCC(=O)NC7=O)C8=O)C6)CC5)cc4)nc23)ccc1C(=O)N(C)C,1.9731278535996986,76.6
Cc1cc(-c2c[nH]c3ncc(-c4ccc(C5CCN(C6CN(c7ccc8c(c7)C(=O)N(C7CCC(=O)NC7=O)C8=O)C6)CC5)cc4)nc23)ccc1C(=O)N(C)C,0.6532125137753437,99.0
Cc1cc(-c2c[nH]c3ncc(-c4ccc(N5CCN(CC6CN(c7ccc8c(c7)C(=O)N(C7CCC(=O)NC7=O)C8=O)C6)CC5)cc4)nc23)ccc1C(=O)N(C)C,2.126780577012009,94.6
Cc1cc(-c2c[nH]c3ncc(-c4ccc(N5CCN(CC6CCN(c7ccc8c(c7)C(=O)N(C7CCC(=O)NC7=O)C8=O)C6)CC5)cc4)nc23)ccc1C(=O)N(C)C,2.3900514964589874,56.6
Cc1cc(-c2c[nH]c3ncc(-c4ccc(N5CCN(CC6CCN(c7ccc8c(c7)C(=O)N(C7CCC(=O)NC7=O)C8=O)CC6)CC5)cc4)nc23)ccc1C(=O)N(C)C,1.530199698203082,59.9
Cc1cc(-c2c[nH]c3ncc(-c4ccc(C5CCN(CC6CCN(c7ccc8c(c7)C(=O)N(C7CCC(=O)NC7=O)C8=O)CC6)CC5)cc4)nc23)ccc1C(=O)N(C)C,2.623352681537992,84.1
Cc1cc(-c2c[nH]c3ncc(-c4ccc(C5CCN(C(=O)C6CCN(c7ccc8c(c7)C(=O)N(C7CCC(=O)NC7=O)C8=O)CC6)CC5)cc4)nc23)ccc1C(=O)N(C)C,3.2433357485598755,63.6
Cc1cc(-c2c[nH]c3ncc(-c4ccc(C5CCN(C6CN(c7cccc8c7C(=O)N(C7CCC(=O)NC7=O)C8=O)C6)CC5)cc4)nc23)ccc1C(=O)N(C)C,2.1832698436828046,64.9
Cc1cc(-c2c[nH]c3ncc(-c4ccc(C5CCN(C6CN(c7cc8c(cc7F)C(=O)N(C7CCC(=O)NC7=O)C8=O)C6)CC5)cc4)nc23)ccc1C(=O)N(C)C,1.8965262174895554,84.2
Cc1cc(-c2c[nH]c3ncc(-c4ccc(C5CCN(C6CN(CC7CCN(c8ccc(N9CCC(=O)NC9=O)c(C)c8)CC7)C6)CC5)cc4)nc23)ccc1C(=O)N(C)C,2.103461622094705,79.3
CCCCCCNNC(=O)c1ccc(CNC(=O)CCCCCCNc2cccc3c2C(=O)N(C2CCC(=O)NC2=O)C3=O)cc1,1.2227164711475833,88.0
CCCCCCNNC(=O)c1ccc(CNC(=O)CCCCCCCCC(=O)N[C@H](C(=O)N2C[C@H](O)C[C@H]2C(=O)NCc2ccc(-c3scnc3C)cc2)C(C)(C)C)cc1,1.7930916001765802,93.0
O=C(NCC(=O)N1CC(C(=O)NCCCCCCCCNC(=O)[C@@H]2NC3(CCCCC3)[C@@]3(C(=O)Nc4cc(Cl)ccc43)[C@H]2c2cccc(Cl)c2F)C1)Nc1ccc2cnccc2c1,3.4092566520389096,90.0
COc1cc(-c2cn(C)c(=O)c3cnccc23)cc(OC)c1CN1Cc2cc3c(cc2C1)C(=O)N(C1CCC(=O)NC1=O)C3,1.568201724066995,90.0
COc1cc(-c2cn(C)c(=O)c3cnccc23)cc(OC)c1CN1CC(N2Cc3cc4c(cc3C2)C(=O)N(C2CCC(=O)NC2=O)C4)C1,2.1583624920952498,68.0
COc1cc(-c2cn(C)c(=O)c3cnccc23)cc(OC)c1CN1CCC(N2Cc3cc4c(cc3C2)C(=O)N(C2CCC(=O)NC2=O)C4)CC1,1.6901960800285136,99.0
COc1cc(-c2cn(C)c(=O)c3cnccc23)cc(OC)c1C(=O)N1CCC2(CC1)CC(N1Cc3cc4c(cc3C1)C(=O)N(C1CCC(=O)NC1=O)C4)C2,0.47712125471966244,99.0
COc1cc(-c2cn(C)c(=O)c3cnccc23)cc(OC)c1C(=O)N1CCC(CN2Cc3cc4c(cc3C2)C(=O)N(C2CCC(=O)NC2=O)C4)CC1,0.6434526764861874,99.0
COc1cc(-c2cn(C)c(=O)c3cnccc23)cc(OC)c1C(=O)N1CCC2(CC1)CC(CN1Cc3cc4c(cc3C1)C(=O)N(C1CCC(=O)NC1=O)C4)C2,1.0170333392987803,99.0
COc1cc(-c2cn(C)c(=O)c3cnccc23)cc(OC)c1C(=O)N1CCC(CN2Cc3cc4c(cc3C2)C(=O)N(C2CCC(=O)NC2=O)C4=O)CC1,2.0293837776852097,90.0
COc1cc(-c2cn(C)c(=O)c3cnccc23)cc(OC)c1C(=O)N1CCC2(CC1)CC(CN1Cc3cc4c(cc3C1)C(=O)N(C1CCC(=O)NC1=O)C4=O)C2,1.792391689498254,99.0
COc1cc(-c2cn(C)c(=O)c3cnccc23)cc(OC)c1C(=O)N1CC2(CCC(CN3Cc4cc5c(cc4C3)C(=O)N(C3CCC(=O)NC3=O)C5=O)CC2)C1,2.296665190261531,95.0
COc1cc(-c2cn(C)c(=O)c3cnccc23)cc(OC)c1C(=O)N1CCC2(CCC(CN3Cc4cc5c(cc4C3)C(=O)N(C3CCC(=O)NC3=O)C5=O)CC2)CC1,1.6434526764861874,99.0
CCn1cc(-c2cc(OC)c(C(=O)N3CCC4(CCC(CN5Cc6cc7c(cc6C5)C(=O)N(C5CCC(=O)NC5=O)C7=O)CC4)CC3)c(OC)c2)c2ccncc2c1=O,1.9637878273455553,99.0
CCCn1cc(-c2cc(OC)c(C(=O)N3CCC4(CCC(CN5Cc6cc7c(cc6C5)C(=O)N(C5CCC(=O)NC5=O)C7=O)CC4)CC3)c(OC)c2)c2ccncc2c1=O,2.5705429398818973,97.0
CCCCn1cc(-c2cc(OC)c(C(=O)N3CCC4(CCC(CN5Cc6cc7c(cc6C5)C(=O)N(C5CCC(=O)NC5=O)C7=O)CC4)CC3)c(OC)c2)c2ccncc2c1=O,2.1522883443830563,98.0
COc1cc(-c2cn(C(C)C)c(=O)c3cnccc23)cc(OC)c1C(=O)N1CCC2(CCC(CN3Cc4cc5c(cc4C3)C(=O)N(C3CCC(=O)NC3=O)C5=O)CC2)CC1,3.401572845676446,65.0
COc1cc(-c2cn(CC(C)C)c(=O)c3cnccc23)cc(OC)c1C(=O)N1CCC2(CCC(CN3Cc4cc5c(cc4C3)C(=O)N(C3CCC(=O)NC3=O)C5=O)CC2)CC1,2.7671558660821804,45.0
COc1cc(-c2cn(C)c(=O)c3cnc(C)cc23)cc(OC)c1C(=O)N1CCC2(CCC(CN3Cc4cc5c(cc4C3)C(=O)N(C3CCC(=O)NC3=O)C5=O)CC2)CC1,1.9242792860618816,98.0
CCn1cc(-c2cc(OC)c(C(=O)N3CCC4(CCC(CN5Cc6cc7c(cc6C5)C(=O)N(C5CCC(=O)NC5=O)C7=O)CC4)CC3)c(OC)c2)c2cc(C)ncc2c1=O,2.499687082618404,90.0
CCc1cc2c(-c3cc(OC)c(C(=O)N4CCC5(CCC(CN6Cc7cc8c(cc7C6)C(=O)N(C6CCC(=O)NC6=O)C8=O)CC5)CC4)c(OC)c3)cn(C)c(=O)c2cn1,1.9731278535996986,97.0
COc1cc(-c2cn(C)c(=O)c3cnc(C(C)C)cc23)cc(OC)c1C(=O)N1CCC2(CCC(CN3Cc4cc5c(cc4C3)C(=O)N(C3CCC(=O)NC3=O)C5=O)CC2)CC1,2.3404441148401185,85.0
COc1cc(-c2cn(C)c(=O)c3cnc(C4CC4)cc23)cc(OC)c1C(=O)N1CCC2(CCC(CN3Cc4cc5c(cc4C3)C(=O)N(C3CCC(=O)NC3=O)C5=O)CC2)CC1,2.0681858617461617,99.0
COc1cc(-c2cn(C)c(=O)c3cnc(N4CCC4)cc23)cc(OC)c1C(=O)N1CCC2(CCC(CN3Cc4cc5c(cc4C3)C(=O)N(C3CCC(=O)NC3=O)C5=O)CC2)CC1,1.845098040014257,99.0
COc1cc(-c2cn(C)c(=O)c3cnn(C)c23)cc(OC)c1C(=O)N1CCC2(CCC(CN3Cc4cc5c(cc4C3)C(=O)N(C3CCC(=O)NC3=O)C5=O)CC2)CC1,2.5237464668115646,95.0
COc1cc(-c2cn(C)c(=O)c3cn(C)nc23)cc(OC)c1C(=O)N1CCC2(CCC(CN3Cc4cc5c(cc4C3)C(=O)N(C3CCC(=O)NC3=O)C5=O)CC2)CC1,2.225309281725863,99.0
CCn1cc(-c2cc(OC)c(CN3CCC4(CCC(CN5Cc6cc7c(cc6C5)C(=O)N(C5CCC(=O)NC5=O)C7=O)CC4)CC3)c(OC)c2)c2ccncc2c1=O,2.3010299956639813,65.0
Cn1c(=O)c2c(nc(S(C)(=O)=O)n2C)n(CC#Cc2cccc(NC(=O)CCCCNc3cccc4c3C(=O)N(C3CCC(=O)NC3=O)C4=O)c2)c1=O,1.462397997898956,92.3
Cn1c(=O)c2c(nc(S(C)(=O)=O)n2C)n(CC#Cc2cccc(NC(=O)CCCCCCNc3cccc4c3C(=O)N(C3CCC(=O)NC3=O)C4=O)c2)c1=O,1.9084850188786497,91.38
Cn1c(=O)c2c(nc(S(C)(=O)=O)n2C)n(CC#Cc2cccc(NC(=O)CC3CCN(c4ccc5c(c4)C(=O)N(C4CCC(=O)NC4=O)C5=O)CC3)c2)c1=O,1.9138138523837167,89.22
Cn1c(=O)c2c(nc(S(C)(=O)=O)n2C)n(CC#Cc2cccc(NC(=O)CN3CCN(c4ccc5c(c4)C(=O)N(C4CCC(=O)NC4=O)C5=O)CC3)c2)c1=O,1.0791812460476249,95.06
Cn1c(=O)c2c(nc(S(C)(=O)=O)n2C)n(CC#Cc2cccc(NC(=O)C3CCN(c4ccc5c(c4)C(=O)N(C4CCC(=O)NC4=O)C5=O)CC3)c2)c1=O,2.2833012287035497,83.56
O=C1CCC(N2C(=O)c3ccc(N4CCN(CC5CCN(C(=O)CCCCCCCCNC(=O)c6ccc(O[C@H]7CC[C@H](NC(=O)Nc8ccc(OC(F)(F)F)cc8)CC7)cc6)CC5)CC4)cc3C2=O)C(=O)N1,-0.3010299956639812,79.0
O=C1CCC(N2C(=O)c3ccc(N4CCN(CC5CCN(C(=O)CCCCCCCCNC(=O)c6ccc(O[C@H]7CC[C@H](NC(=O)Nc8ccc(OC(F)(F)F)cc8)CC7)cc6)CC5)CC4)cc3C2=O)C(=O)N1,1.414973347970818,61.0
O=C1CCC(N2Cc3cc(N4CCN(CC5CCN(C(=O)CCCCCCCCNC(=O)c6ccc(O[C@H]7CC[C@H](NC(=O)Nc8ccc(OC(F)(F)F)cc8)CC7)cc6)CC5)CC4)ccc3C2=O)C(=O)N1,1.2787536009528289,77.0
O=C1CCC(N2C(=O)c3ccc(N4CCN(CC5CCN(C(=O)CCCCCCCCC(=O)N6CCC(NC(=O)Nc7ccc(OC(F)(F)F)cc7)CC6)CC5)CC4)cc3C2=O)C(=O)N1,1.5314789170422551,75.0
Cc1ccccc1C1(C(=O)NC(Cc2cn(-c3ccc(-c4ccc(C#N)cc4)cc3)nn2)C(=O)NCCCOc2cccc3c2C(=O)N(C2CCC(=O)NC2=O)C3=O)CC1,1.3010299956639813,78.91
Cc1ccccc1C1(C(=O)NC(Cc2cn(-c3ccc(-c4ccc(C#N)cc4)cc3)nn2)C(=O)NCCCCOc2cccc3c2C(=O)N(C2CCC(=O)NC2=O)C3=O)CC1,1.845098040014257,84.13
Cc1ccccc1C1(C(=O)NC(Cc2cn(-c3ccc(-c4ccc(C#N)cc4)cc3)nn2)C(=O)NC2CCN(CCCOc3cccc4c3C(=O)N(C3CCC(=O)NC3=O)C4=O)CC2)CC1,1.6127838567197355,91.76
Cc1ccccc1C1(C(=O)NC(Cc2cn(-c3ccc(-c4ccc(C#N)cc4)cc3)nn2)C(=O)NC2CCN(CCCCCOc3cccc4c3C(=O)N(C3CCC(=O)NC3=O)C4=O)CC2)CC1,1.255272505103306,92.52
O=C1CCC(N2C(=O)c3cccc(NCCOCCOCCOCCOCCNC(=O)c4ccc(O)c5ncccc45)c3C2=O)C(=O)N1,2.237040791379191,88.55
O=C1CCC(N2C(=O)c3cccc(NCCOCCOCCOCCOCCNC(=O)c4ccc(O)c5ncccc45)c3C2=O)C(=O)N1,1.137670537236755,65.34
Cc1cc(Nc2ncc(Cl)c(Nc3ccccc3S(=O)(=O)C(C)C)n2)c(OC(C)C)cc1C1CCN(C2CN(C3CCN(c4ccc5c(c4)C(=O)N(C4CCC(=O)NC4=O)C5=O)CC3)C2)CC1,2.076749640624,97.1
Cc1noc(C)c1-c1ccc2c(c1)nc([C@@H]1CCCC(=O)N1c1ccc(F)c(F)c1)n2[C@H]1CC[C@H](OCC(=O)NC2CCN(c3ccc4c(c3)C(=O)N(C3CCC(=O)NC3=O)C4=O)CC2)CC1,1.9095560292411753,83.0
Cc1noc(C)c1-c1ccc2c(c1)nc([C@@H]1CCCC(=O)N1c1ccc(F)c(F)c1)n2[C@H]1CC[C@H](OCC(=O)NC2CCN(c3ccc4c(c3)C(=O)N(C3CCC(=O)NC3=O)C4=O)CC2)CC1,2.0507663112330423,72.0
Cc1noc(C)c1-c1ccc2c(c1)nc([C@@H]1CCCC(=O)N1c1ccc(F)c(F)c1)n2[C@H]1CC[C@H](OCC(=O)N2CCN(CCNc3ccc4c(c3)C(=O)N(C3CCC(=O)NC3=O)C4=O)CC2)CC1,2.1319392952104246,56.0
Cc1noc(C)c1-c1ccc2c(c1)nc([C@@H]1CCCC(=O)N1c1ccc(F)c(F)c1)n2[C@H]1CC[C@H](OCC(=O)N2CCN(CCNc3ccc4c(c3)C(=O)N(C3CCC(=O)NC3=O)C4=O)CC2)CC1,1.9057958803678685,69.0
Cc1noc(C)c1-c1ccc2c(c1)nc([C@@H]1CCCC(=O)N1c1ccc(F)c(F)c1)n2[C@H]1CC[C@H](OCC(=O)N(C)C2CCN(c3ccc4c(c3)C(=O)N(C3CCC(=O)NC3=O)C4=O)CC2)CC1,1.424881636631067,80.0
Cc1noc(C)c1-c1ccc2c(c1)nc([C@@H]1CCCC(=O)N1c1ccc(F)c(F)c1)n2[C@H]1CC[C@H](OCC(=O)N(C)C2CCN(c3ccc4c(c3)C(=O)N(C3CCC(=O)NC3=O)C4=O)CC2)CC1,1.8068580295188175,84.0
Cc1noc(C)c1-c1ccc2c(c1)nc([C@@H]1CCCC(=O)N1c1ccc(F)c(F)c1)n2[C@H]1CC[C@H](OCC(=O)N2CCC(CCNc3ccc4c(c3)C(=O)N(C3CCC(=O)NC3=O)C4=O)CC2)CC1,1.7331972651065695,61.0
Cc1noc(C)c1-c1ccc2c(c1)nc([C@@H]1CCCC(=O)N1c1ccc(F)c(F)c1)n2[C@H]1CC[C@H](OCC(=O)N2CCC(CCNc3ccc4c(c3)C(=O)N(C3CCC(=O)NC3=O)C4=O)CC2)CC1,1.0791812460476249,81.0
Cc1noc(C)c1-c1ccc2c(c1)nc([C@@H]1CCCC(=O)N1c1ccc(F)c(F)c1)n2[C@H]1CC[C@H](OCC(=O)Nc2ccc(CN3CCN(c4ccc5c(c4)C(=O)N(C4CCC(=O)NC4=O)C5=O)CC3)cc2)CC1,1.374748346010104,41.0
Cc1noc(C)c1-c1ccc2c(c1)nc([C@@H]1CCCC(=O)N1c1ccc(F)c(F)c1)n2[C@H]1CC[C@H](OCC(=O)Nc2ccc(CN3CCN(c4ccc5c(c4)C(=O)N(C4CCC(=O)NC4=O)C5=O)CC3)cc2)CC1,1.2966651902615312,61.0
Cc1noc(C)c1-c1ccc2c(c1)nc([C@@H]1CCCC(=O)N1c1ccc(F)c(F)c1)n2[C@H]1CC[C@H](OCC(=O)Nc2ccc(N3CCN(c4ccc5c(c4)C(=O)N(C4CCC(=O)NC4=O)C5=O)CC3)nc2)CC1,0.5314789170422551,54.0
Cc1noc(C)c1-c1ccc2c(c1)nc([C@@H]1CCCC(=O)N1c1ccc(F)c(F)c1)n2[C@H]1CC[C@H](OCC(=O)Nc2ccc(N3CCN(c4ccc5c(c4)C(=O)N(C4CCC(=O)NC4=O)C5=O)CC3)nc2)CC1,-0.22184874961635637,61.0
O=C1CCC(N2C(=O)c3ccc(N4CCN(CC5CCN(C(=O)c6ccc(-c7cnc8ncc(Cc9ccc%10ncccc%10c9)n8n7)cc6F)CC5)CC4)cc3C2=O)C(=O)N1,0.7930916001765802,96.83
C[C@H](Oc1cc(-c2cnn(C3CCN(c4cccc5c4C(=O)N([C@H]4CCC(=O)NC4=O)C5=O)CC3)c2)cnc1N)c1c(Cl)ccc(F)c1Cl,2.4913616938342726,67.0
C[C@H](Oc1cc(-c2cnn(C3CCN(CC4CCN(c5cccc6c5C(=O)N([C@H]5CCC(=O)NC5=O)C6=O)CC4)CC3)c2)cnc1N)c1c(Cl)ccc(F)c1Cl,2.5658478186735176,76.0
C[C@H](Oc1cc(-c2cnn(C3CCN(CCC4CCN(c5cccc6c5C(=O)N([C@H]5CCC(=O)NC5=O)C6=O)CC4)CC3)c2)cnc1N)c1c(Cl)ccc(F)c1Cl,2.161368002234975,78.0
C[C@H](Oc1cc(-c2cnn(C3CCN(c4ccc5c(c4)C(=O)N([C@H]4CCC(=O)NC4=O)C5=O)CC3)c2)cnc1N)c1c(Cl)ccc(F)c1Cl,2.307496037913213,53.0
C[C@H](Oc1cc(-c2cnn(C3CCN(CC4CCN(c5ccc6c(c5)C(=O)N([C@H]5CCC(=O)NC5=O)C6=O)CC4)CC3)c2)cnc1N)c1c(Cl)ccc(F)c1Cl,1.3222192947339193,85.0
C[C@H](Oc1cc(-c2cnn(C3CCN(CC4CCN(CC5CCN(c6ccc7c(c6)C(=O)N([C@H]6CCC(=O)NC6=O)C7=O)CC5)CC4)CC3)c2)cnc1N)c1c(Cl)ccc(F)c1Cl,2.5289167002776547,32.0
Cc1cc(Nc2ncc(Cl)c(Nc3ccccc3S(=O)(=O)C(C)C)n2)c(OC(C)C)cc1C1CCN(CCNc2cccc3c2C(=O)N([C@@H]2CCC(=O)NC2=O)C3=O)CC1,2.3521825181113627,58.0
Cc1cc(Nc2ncc(Cl)c(Nc3ccccc3S(=O)(=O)C(C)C)n2)c(OC(C)C)cc1C1CCN(CCCNc2cccc3c2C(=O)N([C@@H]2CCC(=O)NC2=O)C3=O)CC1,2.146128035678238,71.0
Cc1cc(Nc2ncc(Cl)c(Nc3ccccc3S(=O)(=O)C(C)C)n2)c(OC(C)C)cc1C1CCN(C2CCN(c3cccc4c3C(=O)N([C@@H]3CCC(=O)NC3=O)C4=O)CC2)CC1,2.155336037465062,82.0
Cc1cc(Nc2ncc(Cl)c(Nc3ccccc3S(=O)(=O)C(C)C)n2)c(OC(C)C)cc1C1CCN(C2CCN(CCNc3cccc4c3C(=O)N([C@@H]3CCC(=O)NC3=O)C4=O)CC2)CC1,2.4800069429571505,66.0
Cc1cc(Nc2ncc(Cl)c(Nc3ccccc3S(=O)(=O)C(C)C)n2)c(OC(C)C)cc1C1CCN(C2CCN(CCCNc3cccc4c3C(=O)N([C@@H]3CCC(=O)NC3=O)C4=O)CC2)CC1,2.8651039746411278,28.0
Cc1cc(Nc2ncc(Cl)c(Nc3ccccc3S(=O)(=O)C(C)C)n2)c(OC(C)C)cc1C1CCN(C2CCN(C3CN(c4cccc5c4C(=O)N([C@@H]4CCC(=O)NC4=O)C5=O)C3)CC2)CC1,2.2764618041732443,67.0
Cc1cc(Nc2ncc(Cl)c(Nc3ccccc3S(=O)(=O)C(C)C)n2)c(OC(C)C)cc1C1CCN(C2CCN(CC3CN(c4cccc5c4C(=O)N([C@@H]4CCC(=O)NC4=O)C5=O)C3)CC2)CC1,2.1903316981702914,77.0
Cc1cc(Nc2ncc(Cl)c(Nc3ccccc3S(=O)(=O)C(C)C)n2)c(OC(C)C)cc1C1CCN(CCNc2ccc3c(c2)C(=O)N([C@@H]2CCC(=O)NC2=O)C3=O)CC1,2.161368002234975,71.0
Cc1cc(Nc2ncc(Cl)c(Nc3ccccc3S(=O)(=O)C(C)C)n2)c(OC(C)C)cc1C1CCN(CCCNc2ccc3c(c2)C(=O)N([C@@H]2CCC(=O)NC2=O)C3=O)CC1,1.9444826721501687,84.0
Cc1cc(Nc2ncc(Cl)c(Nc3ccccc3S(=O)(=O)C(C)C)n2)c(OC(C)C)cc1C1CCN(C2CCN(CCCNc3ccc4c(c3)C(=O)N([C@@H]3CCC(=O)NC3=O)C4=O)CC2)CC1,2.655138434811382,54.0
Cc1cc(Nc2ncc(Cl)c(Nc3ccccc3S(=O)(=O)C(C)C)n2)c(OC(C)C)cc1C1CCN(C2CCN(C3CN(c4ccc5c(c4)C(=O)N([C@@H]4CCC(=O)NC4=O)C5=O)C3)CC2)CC1,1.5440680443502757,92.0
Cc1cc(Nc2ncc(Cl)c(Nc3ccccc3S(=O)(=O)C(C)C)n2)c(OC(C)C)cc1C1CCN(C2CCN(CC3CN(c4ccc5c(c4)C(=O)N([C@@H]4CCC(=O)NC4=O)C5=O)C3)CC2)CC1,2.767897616018091,63.0
Cc1cc(Nc2ncc(Cl)c(Nc3ccccc3S(=O)(=O)C(C)C)n2)c(OC(C)C)cc1C1CCN(C2CN(C3CN(c4ccc5c(c4)C(=O)N([C@@H]4CCC(=O)NC4=O)C5=O)C3)C2)CC1,2.0863598306747484,65.0
Cc1cc(Nc2ncc(Cl)c(Nc3ccccc3S(=O)(=O)C(C)C)n2)c(OC(C)C)cc1C1CCN(C2CN(CC3CN(c4ccc5c(c4)C(=O)N([C@@H]4CCC(=O)NC4=O)C5=O)C3)C2)CC1,1.7558748556724915,85.0
Cc1cc(Nc2ncc(Cl)c(Nc3ccccc3S(=O)(=O)C(C)C)n2)c(OC(C)C)cc1C1CCN(C2CN(CC3CCN(c4ccc5c(c4)C(=O)N([C@@H]4CCC(=O)NC4=O)C5=O)CC3)C2)CC1,1.8864907251724818,91.0
Cc1cc(Nc2ncc(Cl)c(Nc3ccccc3S(=O)(=O)C(C)C)n2)c(OC(C)C)cc1C1CCN(C2CCN(C3CCN(c4ccc5c(c4)C(=O)N([C@@H]4CCC(=O)NC4=O)C5=O)CC3)CC2)CC1,2.0791812460476247,82.0
Cc1cc(Nc2ncc(Cl)c(Nc3ccccc3S(=O)(=O)C(C)C)n2)c(OC(C)C)cc1C1CCN(C2CCN(CC3CCN(c4ccc5c(c4)C(=O)N([C@@H]4CCC(=O)NC4=O)C5=O)CC3)CC2)CC1,2.1903316981702914,81.0
COc1cc(N2CCN(CC3CN(c4ccc5c(c4)C(=O)N([C@H]4CCC(=O)NC4=O)C5=O)C3)CC2)ccc1Nc1ncc(Cl)c(Nc2ccccc2P(C)(C)=O)n1,1.0,96.0
COc1cc(N2CCN(CC3CCN(c4ccc5c(c4)C(=O)N([C@H]4CCC(=O)NC4=O)C5=O)CC3)CC2)ccc1Nc1ncc(Cl)c(Nc2ccccc2P(C)(C)=O)n1,1.3424226808222062,95.0
COc1cc(N2CCC(N3CCN(C4CN(c5ccc6c(c5)C(=O)N([C@H]5CCC(=O)NC5=O)C6=O)C4)CC3)CC2)ccc1Nc1ncc(Cl)c(Nc2ccccc2P(C)(C)=O)n1,1.8750612633917,90.0
COc1cc(N2CCC(N3CCN(CC4CCN(c5ccc6c(c5)C(=O)N([C@H]5CCC(=O)NC5=O)C6=O)CC4)CC3)CC2)ccc1Nc1ncc(Cl)c(Nc2ccccc2P(C)(C)=O)n1,1.1139433523068367,99.0
COc1cc(N2CCC(C3CCN(CC4CCN(c5ccc6c(c5)C(=O)N([C@H]5CCC(=O)NC5=O)C6=O)CC4)CC3)CC2)ccc1Nc1ncc(Cl)c(Nc2ccccc2P(C)(C)=O)n1,1.041392685158225,88.0
COc1cc(N2CCC(N3CCN(CC4CN(c5cccc6c5C(=O)N(C5CCC(=O)NC5=O)C6=O)C4)CC3)CC2)ccc1Nc1ncc(Cl)c(Nc2ccccc2P(C)(C)=O)n1,1.7481880270062005,79.0
COc1cc(N2CCC(N3CCN(C4CN(c5cccc6c5C(=O)N(C5CCC(=O)NC5=O)C6=O)C4)CC3)CC2)ccc1Nc1ncc(Cl)c(Nc2ccccc2P(C)(C)=O)n1,2.03342375548695,77.0
COc1cc(N2CCN(c3ccc4c(c3)CN([C@H]3CCC(=O)NC3=O)C4=O)CC2)ccc1Nc1ncc(Cl)c(Nc2ccccc2P(C)(C)=O)n1,0.9030899869919435,92.0
COc1cc(N2CCN(CC3CN(c4ccc5c(c4)CN([C@H]4CCC(=O)NC4=O)C5=O)C3)CC2)ccc1Nc1ncc(Cl)c(Nc2ccccc2P(C)(C)=O)n1,0.9542425094393249,94.0
COc1cc(N2CCN(CC3CCN(c4ccc5c(c4)CN([C@H]4CCC(=O)NC4=O)C5=O)CC3)CC2)ccc1Nc1ncc(Cl)c(Nc2ccccc2P(C)(C)=O)n1,1.041392685158225,93.0
COc1cc(N2CCC(N3CCN(CC4CCN(c5ccc6c(c5)CN([C@H]5CCC(=O)NC5=O)C6=O)CC4)CC3)CC2)ccc1Nc1ncc(Cl)c(Nc2ccccc2P(C)(C)=O)n1,0.5797835966168101,99.0
COc1cc(N2CCC(N3CCN(CC4CN(c5ccc6c(c5)CN([C@H]5CCC(=O)NC5=O)C6=O)C4)CC3)CC2)ccc1Nc1ncc(Cl)c(Nc2ccccc2P(C)(C)=O)n1,1.3010299956639813,94.0
COc1cc(N2CCC(N3CCN(CC4CCN(c5ccc(N[C@H]6CCC(=O)NC6=O)cc5)CC4)CC3)CC2)ccc1Nc1ncc(Cl)c(Nc2ccccc2P(C)(C)=O)n1,2.161368002234975,33.0
COc1cc(N2CCC(N3CCN(CC4CCN(c5ccc(C(=O)N[C@H]6CCC(=O)NC6=O)cc5)CC4)CC3)CC2)ccc1Nc1ncc(Cl)c(Nc2ccccc2P(C)(C)=O)n1,2.089905111439398,28.0
COc1cc(N2CCC(N3CCN(C(=O)CN4CCN(c5ccc(N[C@H]6CCC(=O)NC6=O)cc5)CC4)CC3)CC2)ccc1Nc1ncc(Cl)c(Nc2ccccc2P(C)(C)=O)n1,1.9242792860618816,40.0
COc1cc(N2CCC(N3CCN(CCC4CCN(c5ccc(N[C@H]6CCC(=O)NC6=O)cc5)CC4)CC3)CC2)ccc1Nc1ncc(Cl)c(Nc2ccccc2P(C)(C)=O)n1,1.7481880270062005,45.0
COc1cc(N2CCC(N3CCN(C(=O)CC4CCN(c5ccc(N[C@H]6CCC(=O)NC6=O)cc5)CC4)CC3)CC2)ccc1Nc1ncc(Cl)c(Nc2ccccc2P(C)(C)=O)n1,2.0043213737826426,37.0
COc1cc(N2CCC(N3CCN(C(=O)C4CCN(c5ccc(N[C@H]6CCC(=O)NC6=O)cc5)CC4)CC3)CC2)ccc1Nc1ncc(Cl)c(Nc2ccccc2P(C)(C)=O)n1,1.8808135922807914,42.0
COc1ccc(OC)c(-n2nnc(C(=O)Nc3cc(OCCCCCCOCCOCC(=O)N[C@H](C(=O)N4C[C@H](O)C[C@H]4C(=O)NCc4ccc(-c5scnc5C)cc4)C(C)(C)C)cc(C(C)(C)C)c3)c2C)c1,2.9474337218870508,33.1
COc1cc(OCCCCCCOCCOCC(=O)N[C@H](C(=O)N2C[C@H](O)C[C@H]2C(=O)NCc2ccc(-c3scnc3C)cc2)C(C)(C)C)c(C)cc1-n1nnc(S(=O)(=O)c2ccc(C(C)(C)C)cc2)c1C,2.7403626894942437,41.4
COc1cc(OCCCCCCOCCCCCOCCCCCC(=O)N[C@H](C(=O)N2C[C@H](O)C[C@H]2C(=O)NCc2ccc(-c3scnc3C)cc2)C(C)(C)C)c(C)cc1-n1nnc(S(=O)(=O)c2ccc(C(C)(C)C)cc2)c1C,2.673941998634088,34.3
CCCCOc1ccc(C(C)(C)C)cc1NC(=O)c1nnn(-c2cc(C)c(OCCCCCCOCCOCC(=O)N[C@H](C(=O)N3C[C@H](O)C[C@H]3C(=O)NCc3ccc(-c4scnc4C)cc3)C(C)(C)C)cc2OC)c1C,2.3654879848909,52.9
CCC[C@H](CC)Oc1ccc(C(C)(C)C)cc1NC(=O)c1nnn(-c2cc(C)c(OCCCCCCOCCOCC(=O)N[C@H](C(=O)N3C[C@H](O)C[C@H]3C(=O)NCc3ccc(-c4scnc4C)cc3)C(C)(C)C)cc2OC)c1C,2.164352855784437,50.8
CCC[C@H](CC)Oc1ccc(C(C)(C)C)cc1NC(=O)c1nnn(-c2cc(OC)c(OCCCCCCOCCOCC(=O)N[C@H](C(=O)N3C[C@H](O)C[C@H]3C(=O)NCc3ccc(-c4scnc4C)cc3)C(C)(C)C)cc2OC)c1C,1.9375178920173466,66.4
CC[C@@H](CO)Nc1cc(NCc2ccc(NC(=O)N3CCC(N4CCN(c5ccc6c(c5)C(=O)N(C5CCC(=O)NC5=O)C6=O)CC4)CC3)cc2)n2ncc(C(C)C)c2n1,0.49968708261840383,100.0
CC[C@@H](CO)Nc1cc(NCc2ccc(NC(=O)N3CCN(C4CCN(c5cc6c(cc5F)C(=O)N(C5CCC(=O)NC5=O)C6=O)CC4)CC3)cc2)n2ncc(C(C)C)c2n1,0.9726655922661109,100.0
CC[C@@H](CO)Nc1nc(NCc2ccc(NC(=O)N3CCN(C4CCN(c5cc6c(cc5F)C(=O)N(C5CCC(=O)NC5=O)C6=O)CC4)CC3)cc2)n2ncc(C(C)C)c2n1,0.9731278535996987,92.0
CC[C@@H](CO)Nc1nc(NCc2ccc(NC(=O)N3CCC(N4CCN(c5cc6c(cc5F)C(=O)N(C5CCC(=O)NC5=O)C6=O)CC4)CC3)cc2)n2ncc(C(C)C)c2n1,0.5954962218255742,96.0
COC1(C(=O)N[C@@H](C)c2ccc(-n3cc(F)cn3)nc2)CCN(c2nc(CCCCC(=O)NCCCCCCCCNc3ccc(C4CCC(=O)NC4=O)cc3)cc(Nc3cc(C)[nH]n3)n2)CC1,1.5976951859255124,91.0
COC1(C(=O)N[C@@H](CCCNC(=O)CCCCCCNc2ccc(C3CCC(=O)NC3=O)cc2)c2ccc(-n3cc(F)cn3)nc2)CCN(c2nc(C)cc(Nc3cc(C)[nH]n3)n2)CC1,-0.27572413039921095,100.0
COC1(C(=O)N[C@@H](CCCNC(=O)CCCCCCNc2ccc(C3CCC(=O)NC3=O)cc2)c2ccc(-n3cc(F)cn3)nc2)CCN(c2nc(C)cc(Nc3cc(C)[nH]n3)n2)CC1,0.568201724066995,100.0
COC1(C(=O)N[C@@H](CCCNC(=O)CCCCCCNc2ccc(C3CCC(=O)NC3=O)cc2)c2ccc(-n3cc(F)cn3)nc2)CCN(c2nc(C)cc(Nc3cc(C)[nH]n3)n2)CC1,3.59921693423967,56.0
COC1(C(=O)N[C@@H](CCCNC(=O)CCCCCCN2CCN(c3ccc4c(c3)C(=O)N(C3CCC(=O)NC3=O)C4)CC2)c2ccc(-n3cc(F)cn3)nc2)CCN(c2nc(C)cc(Nc3cc(C)[nH]n3)n2)CC1,0.8450980400142568,100.0
COC1(C(=O)N[C@@H](CCCNC(=O)CCCCCCN2CCN(c3ccc4c(c3)C(=O)N(C3CCC(=O)NC3=O)C4)CC2)c2ccc(-n3cc(F)cn3)nc2)CCN(c2nc(C)cc(Nc3cc(C)[nH]n3)n2)CC1,1.3673559210260189,100.0
COC1(C(=O)N[C@@H](CCCNC(=O)CCCCCCN2CCN(c3ccc4c(c3)C(=O)N(C3CCC(=O)NC3=O)C4)CC2)c2ccc(-n3cc(F)cn3)nc2)CCN(c2nc(C)cc(Nc3cc(C)[nH]n3)n2)CC1,3.49468322057118,55.0
Nc1ncnc2c1c(-c1noc(C3CC3)c1-c1ccccn1)nn2[C@H]1C[C@H](C(=O)NCCCCCCN2CCN(c3ccc4c(c3)CN(C3CCC(=O)NC3=O)C4=O)CC2)C1,-0.2076083105017461,93.0
Nc1ncnc2c1c(-c1noc(C3CC3)c1-c1ccccn1)nn2[C@H]1C[C@H](C(=O)NCCCCCCN2CCN(c3ccc4c(c3)CN(C3CCC(=O)NC3=O)C4=O)CC2)C1,0.6551384348113821,85.0
Nc1ncnc2c1c(-c1noc(C3CC3)c1-c1ccccn1)nn2[C@H]1C[C@H](C(=O)NCCCCCCN2CCN(c3ccc4c(c3)CN(C3CCC(=O)NC3=O)C4=O)CC2)C1,0.4065401804339551,94.0
COc1ccc(CN2[C@@H]3C[C@H]2CN(c2ccc(-c4cc(OCC5CCN(C(=O)CCCCCCN6CCC(c7ccc8c(c7)C(=O)N(C7CCC(=O)NC7=O)C8)CC6)CC5)cn5ncc(C#N)c45)cn2)C3)cn1,0.6901960800285137,95.0
COc1ccc(CN2[C@@H]3C[C@H]2CN(c2ccc(-c4cc(OCC5CCN(C(=O)CCCCCCN6CCC(c7ccc8c(c7)C(=O)N(C7CCC(=O)NC7=O)C8)CC6)CC5)cn5ncc(C#N)c45)cn2)C3)cn1,1.1760912590556813,98.0
COc1ccc(CN2[C@@H]3C[C@H]2CN(c2ccc(-c4cc(OCC5CCN(C(=O)CCCCCCN6CCC(c7ccc8c(c7)C(=O)N(C7CCC(=O)NC7=O)C8)CC6)CC5)cn5ncc(C#N)c45)cn2)C3)cn1,2.5211380837040362,92.0
CCOc1cc(-c2ccc(N3CCC(CN4CCN(C(=O)CCCCCCN5CCN(c6ccc7c(c6)CN(C6CCC(=O)NC6=O)C7=O)CC5)CC4)(NC(=O)c4cc(F)ccc4F)CC3)nc2)c2c(C#N)cnn2c1,0.146128035678238,100.0
CCOc1cc(-c2ccc(N3CCC(CN4CCN(C(=O)CCCCCCN5CCN(c6ccc7c(c6)CN(C6CCC(=O)NC6=O)C7=O)CC5)CC4)(NC(=O)c4cc(F)ccc4F)CC3)nc2)c2c(C#N)cnn2c1,0.7781512503836436,100.0
CCOc1cc(-c2ccc(N3CCC(CN4CCN(C(=O)CCCCCCN5CCN(c6ccc7c(c6)CN(C6CCC(=O)NC6=O)C7=O)CC5)CC4)(NC(=O)c4cc(F)ccc4F)CC3)nc2)c2c(C#N)cnn2c1,1.0,100.0
CCOc1cc(-c2ccc(N3CCC(CN4CCN(C(=O)CCCCN5CCC(c6ccc7c(c6)CN(C6CCC(=O)NC6=O)C7=O)CC5)CC4)(NC(=O)c4cc(F)ccc4F)CC3)nc2)c2c(C#N)cnn2c1,0.25527250510330607,90.0
CCOc1cc(-c2ccc(N3CCC(CN4CCN(C(=O)CCCCN5CCC(c6ccc7c(c6)CN(C6CCC(=O)NC6=O)C7=O)CC5)CC4)(NC(=O)c4cc(F)ccc4F)CC3)nc2)c2c(C#N)cnn2c1,0.7781512503836436,94.0
CCOc1cc(-c2ccc(N3CCC(CN4CCN(C(=O)CCCCN5CCC(c6ccc7c(c6)CN(C6CCC(=O)NC6=O)C7=O)CC5)CC4)(NC(=O)c4cc(F)ccc4F)CC3)nc2)c2c(C#N)cnn2c1,1.1072099696478683,87.0
CCOc1cc(-c2ccc(N3CCC(CN4CCN(C(=O)CCN5CCC(c6ccc7c(c6)C(=O)N(C6CCC(=O)NC6=O)C7)CC5)CC4)(NC(=O)c4cc(F)ccc4F)CC3)nc2)c2c(C#N)cnn2c1,-0.1549019599857432,99.0
CCOc1cc(-c2ccc(N3CCC(CN4CCN(C(=O)CCN5CCC(c6ccc7c(c6)C(=O)N(C6CCC(=O)NC6=O)C7)CC5)CC4)(NC(=O)c4cc(F)ccc4F)CC3)nc2)c2c(C#N)cnn2c1,0.5910646070264992,99.0
CCOc1cc(-c2ccc(N3CCC(CN4CCN(C(=O)CCN5CCC(c6ccc7c(c6)C(=O)N(C6CCC(=O)NC6=O)C7)CC5)CC4)(NC(=O)c4cc(F)ccc4F)CC3)nc2)c2c(C#N)cnn2c1,1.1613680022349748,96.0
CCOc1cc(-c2ccc(N3CCC(CN4CCN(C(=O)CCN5CCC(c6ccc7c(c6)C(=O)N([C@@H]6CCC(=O)NC6=O)C7)CC5)CC4)(NC(=O)c4cc(F)ccc4F)CC3)nc2)c2c(C#N)cnn2c1,-0.21467016498923297,91.0
CCOc1cc(-c2ccc(N3CCC(CN4CCN(C(=O)CCN5CCC(c6ccc7c(c6)C(=O)N([C@@H]6CCC(=O)NC6=O)C7)CC5)CC4)(NC(=O)c4cc(F)ccc4F)CC3)nc2)c2c(C#N)cnn2c1,0.6720978579357175,92.0
CCOc1cc(-c2ccc(N3CCC(CN4CCN(C(=O)CCN5CCC(c6ccc7c(c6)C(=O)N([C@@H]6CCC(=O)NC6=O)C7)CC5)CC4)(NC(=O)c4cc(F)ccc4F)CC3)nc2)c2c(C#N)cnn2c1,1.3654879848908996,90.0
CCOc1cc(-c2ccc(N3CCC(CN4CCN(C(=O)CCN5CCC(c6ccc7c(c6)C(=O)N([C@H]6CCC(=O)NC6=O)C7)CC5)CC4)(NC(=O)c4cc(F)ccc4F)CC3)nc2)c2c(C#N)cnn2c1,-0.7958800173440752,95.0
CCOc1cc(-c2ccc(N3CCC(CN4CCN(C(=O)CCN5CCC(c6ccc7c(c6)C(=O)N([C@H]6CCC(=O)NC6=O)C7)CC5)CC4)(NC(=O)c4cc(F)ccc4F)CC3)nc2)c2c(C#N)cnn2c1,-0.1870866433571444,96.0
CCOc1cc(-c2ccc(N3CCC(CN4CCN(C(=O)CCN5CCC(c6ccc7c(c6)C(=O)N([C@H]6CCC(=O)NC6=O)C7)CC5)CC4)(NC(=O)c4cc(F)ccc4F)CC3)nc2)c2c(C#N)cnn2c1,0.6127838567197355,93.0
CCOc1cc(-c2ccc(N3CCC(CN4CCN(C(=O)CCN5CCC(c6ccc7c(c6)C(=O)N(C6CCC(=O)NC6=O)C7)CC5)CC4)(NC(=O)c4ncccc4F)CC3)nc2)c2c(C#N)cnn2c1,0.36172783601759284,100.0
CCOc1cc(-c2ccc(N3CCC(CN4CCN(C(=O)CCN5CCC(c6ccc7c(c6)C(=O)N(C6CCC(=O)NC6=O)C7)CC5)CC4)(NC(=O)c4ncccc4F)CC3)nc2)c2c(C#N)cnn2c1,1.1789769472931695,99.0
CCOc1cc(-c2ccc(N3CCC(CN4CCN(C(=O)CCN5CCC(c6ccc7c(c6)C(=O)N(C6CCC(=O)NC6=O)C7)CC5)CC4)(NC(=O)c4ncccc4F)CC3)nc2)c2c(C#N)cnn2c1,1.3961993470957363,94.0
CCOc1cc(-c2ccc(N3CCC(CN4CCN(C(=O)CCN5CCC(c6ccc7c(c6)C(=O)N(C6CCC(=O)NC6=O)C7)CC5)CC4)(NC(=O)CC(C)C)CC3)nc2)c2c(C#N)cnn2c1,0.7558748556724915,100.0
CCOc1cc(-c2ccc(N3CCC(CN4CCN(C(=O)CCN5CCC(c6ccc7c(c6)C(=O)N(C6CCC(=O)NC6=O)C7)CC5)CC4)(NC(=O)CC(C)C)CC3)nc2)c2c(C#N)cnn2c1,1.2833012287035497,100.0
CCOc1cc(-c2ccc(N3CCC(CN4CCN(C(=O)CCN5CCC(c6ccc7c(c6)C(=O)N(C6CCC(=O)NC6=O)C7)CC5)CC4)(NC(=O)CC(C)C)CC3)nc2)c2c(C#N)cnn2c1,1.380211241711606,98.0
CCOc1cc(-c2ccc(N3CCC(CN4CCN(C(=O)CCN5CCC(c6ccc7c(c6)C(=O)N(C6CCC(=O)NC6=O)C7)CC5)CC4)(C(=O)NCC(C)C)CC3)nc2)c2c(C#N)cnn2c1,0.7323937598229685,94.0
CCOc1cc(-c2ccc(N3CCC(CN4CCN(C(=O)CCN5CCC(c6ccc7c(c6)C(=O)N(C6CCC(=O)NC6=O)C7)CC5)CC4)(C(=O)NCC(C)C)CC3)nc2)c2c(C#N)cnn2c1,1.5831987739686226,90.0
CCOc1cc(-c2ccc(N3CCC(CN4CCN(C(=O)CCN5CCC(c6ccc7c(c6)C(=O)N(C6CCC(=O)NC6=O)C7)CC5)CC4)(C(=O)NCC(C)C)CC3)nc2)c2c(C#N)cnn2c1,1.9614210940664483,88.0
CCOc1cc(-c2ccc(N3CCC(CC)(CN4CCN(C(=O)CCN5CCC(c6ccc7c(c6)C(=O)N(C6CCC(=O)NC6=O)C7)CC5)CC4)CC3)nc2)c2c(C#N)cnn2c1,2.03382569395331,83.0
CCOc1cc(-c2ccc(N3CCC(CC)(CN4CCN(C(=O)CCN5CCC(c6ccc7c(c6)C(=O)N(C6CCC(=O)NC6=O)C7)CC5)CC4)CC3)nc2)c2c(C#N)cnn2c1,2.8627275283179747,70.0
CCOc1cc(-c2ccc(N3CCC(CC)(CN4CCN(C(=O)CCN5CCC(c6ccc7c(c6)C(=O)N(C6CCC(=O)NC6=O)C7)CC5)CC4)CC3)nc2)c2c(C#N)cnn2c1,3.0916669575956846,56.0
CCOc1cc(-c2ccc(N3CCC(CN4CCN(C(=O)CCN5CCC(c6ccc7c(N8CCC(=O)NC8=O)nn(C)c7c6)CC5)CC4)(NC(=O)c4cc(F)ccc4F)CC3)nc2)c2c(C#N)cnn2c1,-1.0705810742857071,100.0
CCOc1cc(-c2ccc(N3CCC(CN4CCN(C(=O)CCN5CCC(c6ccc7c(N8CCC(=O)NC8=O)nn(C)c7c6)CC5)CC4)(NC(=O)c4cc(F)ccc4F)CC3)nc2)c2c(C#N)cnn2c1,0.3424226808222063,91.0
CCOc1cc(-c2ccc(N3CCC(CN4CCN(C(=O)CCN5CCC(c6ccc7c(N8CCC(=O)NC8=O)nn(C)c7c6)CC5)CC4)(NC(=O)c4cc(F)ccc4F)CC3)nc2)c2c(C#N)cnn2c1,0.9294189257142927,91.0
CCOc1cc(-c2ccc(N3CCC(CN4CCN(C(=O)CCN5CCN(c6ccc(NC7CCC(=O)NC7=O)cc6)CC5)CC4)(NC(=O)c4cc(F)ccc4F)CC3)nc2)c2c(C#N)cnn2c1,-0.0809219076239261,94.0
CCOc1cc(-c2ccc(N3CCC(CN4CCN(C(=O)CCN5CCN(c6ccc(NC7CCC(=O)NC7=O)cc6)CC5)CC4)(NC(=O)c4cc(F)ccc4F)CC3)nc2)c2c(C#N)cnn2c1,0.7075701760979364,95.0
CCOc1cc(-c2ccc(N3CCC(CN4CCN(C(=O)CCN5CCN(c6ccc(NC7CCC(=O)NC7=O)cc6)CC5)CC4)(NC(=O)c4cc(F)ccc4F)CC3)nc2)c2c(C#N)cnn2c1,0.785329835010767,100.0
CCOc1cc(-c2ccc(N3CCC(CN4CCN(C(=O)CCN5CCN(c6cccc(NC7CCC(=O)NC7=O)c6)CC5)CC4)(NC(=O)c4cc(F)ccc4F)CC3)nc2)c2c(C#N)cnn2c1,-0.12493873660829993,94.0
CCOc1cc(-c2ccc(N3CCC(CN4CCN(C(=O)CCN5CCN(c6cccc(NC7CCC(=O)NC7=O)c6)CC5)CC4)(NC(=O)c4cc(F)ccc4F)CC3)nc2)c2c(C#N)cnn2c1,0.3010299956639812,95.0
CCOc1cc(-c2ccc(N3CCC(CN4CCN(C(=O)CCN5CCN(c6cccc(NC7CCC(=O)NC7=O)c6)CC5)CC4)(NC(=O)c4cc(F)ccc4F)CC3)nc2)c2c(C#N)cnn2c1,0.6627578316815741,97.0
CCOc1cc(-c2ccc(N3CCC(CN4CCN(C(=O)CCN5CCN(c6ccc(C7CCC(=O)NC7=O)cc6)CC5)CC4)(NC(=O)c4cc(F)ccc4F)CC3)nc2)c2c(C#N)cnn2c1,-0.431798275933005,96.0
CCOc1cc(-c2ccc(N3CCC(CN4CCN(C(=O)CCN5CCN(c6ccc(C7CCC(=O)NC7=O)cc6)CC5)CC4)(NC(=O)c4cc(F)ccc4F)CC3)nc2)c2c(C#N)cnn2c1,-0.08618614761628333,97.0
CCOc1cc(-c2ccc(N3CCC(CN4CCN(C(=O)CCN5CCN(c6ccc(C7CCC(=O)NC7=O)cc6)CC5)CC4)(NC(=O)c4cc(F)ccc4F)CC3)nc2)c2c(C#N)cnn2c1,0.3424226808222063,100.0
CCOc1cc(-c2ccc(N3CCC(CN(C)C(=O)CCCCN4CCN(c5ccc6c(c5)C(=O)N(C5CCC(=O)NC5=O)C6)CC4)(NC(=O)c4cc(F)ccc4F)CC3)nc2)c2c(C#N)cnn2c1,0.17609125905568124,90.0
CCOc1cc(-c2ccc(N3CCC(CN(C)C(=O)CCCCN4CCN(c5ccc6c(c5)C(=O)N(C5CCC(=O)NC5=O)C6)CC4)(NC(=O)c4cc(F)ccc4F)CC3)nc2)c2c(C#N)cnn2c1,1.2624510897304295,86.0
CCOc1cc(-c2ccc(N3CCC(CN(C)C(=O)CCCCN4CCN(c5ccc6c(c5)C(=O)N(C5CCC(=O)NC5=O)C6)CC4)(NC(=O)c4cc(F)ccc4F)CC3)nc2)c2c(C#N)cnn2c1,1.359835482339888,72.0
CCOc1cc(-c2ccc(N3CCC(COCC(=O)N4CCC(CN5CCN(c6ccc7c(c6)CN(C6CCC(=O)NC6=O)C7=O)CC5)CC4)(NC(=O)c4cc(F)ccc4F)CC3)nc2)c2c(C#N)cnn2c1,0.785329835010767,82.0
CCOc1cc(-c2ccc(N3CCC(COCC(=O)N4CCC(CN5CCN(c6ccc7c(c6)CN(C6CCC(=O)NC6=O)C7=O)CC5)CC4)(NC(=O)c4cc(F)ccc4F)CC3)nc2)c2c(C#N)cnn2c1,1.1613680022349748,76.0
CCOc1cc(-c2ccc(N3CCC(COCC(=O)N4CCC(CN5CCN(c6ccc7c(c6)CN(C6CCC(=O)NC6=O)C7=O)CC5)CC4)(NC(=O)c4cc(F)ccc4F)CC3)nc2)c2c(C#N)cnn2c1,1.6972293427597176,86.0
CCOc1cc(-c2ccc(N3CCC(CN4CCN(C(=O)C5CC6(C5)CC(N5CCN(c7ccc8c(c7)CN(C7CCC(=O)NC7=O)C8=O)CC5)C6)CC4)(NC(=O)c4cc(F)ccc4F)CC3)nc2)c2c(C#N)cnn2c1,0.0,96.0
CCOc1cc(-c2ccc(N3CCC(CN4CCN(C(=O)C5CC6(C5)CC(N5CCN(c7ccc8c(c7)CN(C7CCC(=O)NC7=O)C8=O)CC5)C6)CC4)(NC(=O)c4cc(F)ccc4F)CC3)nc2)c2c(C#N)cnn2c1,0.8920946026904804,95.0
CCOc1cc(-c2ccc(N3CCC(CN4CCC(N5CCN(c6ccc7c(c6)C(=O)N(C6CCC(=O)NC6=O)C7)CC5)CC4)(NC(=O)c4cc(F)ccc4F)CC3)nc2)c2c(C#N)cnn2c1,0.414973347970818,59.0
CCOc1cc(-c2ccc(N3CCC(CN4CCC(N5CCN(c6ccc7c(c6)C(=O)N(C6CCC(=O)NC6=O)C7)CC5)CC4)(NC(=O)c4cc(F)ccc4F)CC3)nc2)c2c(C#N)cnn2c1,0.9444826721501687,70.0
CCOc1cc(-c2ccc(N3CCC(CN4CCC(N5CCN(c6ccc7c(c6)C(=O)N(C6CCC(=O)NC6=O)C7)CC5)CC4)(NC(=O)c4cc(F)ccc4F)CC3)nc2)c2c(C#N)cnn2c1,1.2855573090077739,67.0
CCOc1cc(-c2ccc(N3CCC(CN4CCC(CN5CC(N6CCC(c7ccc8c(c7)C(=O)N(C7CCC(=O)NC7=O)C8)CC6)C5)CC4)(NC(=O)c4cc(F)ccc4F)CC3)nc2)c2c(C#N)cnn2c1,1.4099331233312946,99.0
CCOc1cc(-c2ccc(N3CCC(CN4CCC(CN5CC(N6CCC(c7ccc8c(c7)C(=O)N(C7CCC(=O)NC7=O)C8)CC6)C5)CC4)(NC(=O)c4cc(F)ccc4F)CC3)nc2)c2c(C#N)cnn2c1,1.4941545940184429,91.0
CCOc1cc(-c2ccc(N3CCC(CN4CCC(CN5CC(N6CCC(c7ccc8c(c7)C(=O)N(C7CCC(=O)NC7=O)C8)CC6)C5)CC4)(NC(=O)c4cc(F)ccc4F)CC3)nc2)c2c(C#N)cnn2c1,1.639486489268586,100.0
CCOc1cc(-c2ccc(N3CCC(CN4CCC(C(=O)N5CC(N6CCC(c7ccc8c(c7)C(=O)N(C7CCC(=O)NC7=O)C8)CC6)C5)CC4)(NC(=O)c4cc(F)ccc4F)CC3)nc2)c2c(C#N)cnn2c1,0.13033376849500614,87.0
CCOc1cc(-c2ccc(N3CCC(CN4CCC(C(=O)N5CC(N6CCC(c7ccc8c(c7)C(=O)N(C7CCC(=O)NC7=O)C8)CC6)C5)CC4)(NC(=O)c4cc(F)ccc4F)CC3)nc2)c2c(C#N)cnn2c1,0.16731733474817606,97.0
CCOc1cc(-c2ccc(N3CCC(CN4CCC(C(=O)N5CC(N6CCC(c7ccc8c(c7)C(=O)N(C7CCC(=O)NC7=O)C8)CC6)C5)CC4)(NC(=O)c4cc(F)ccc4F)CC3)nc2)c2c(C#N)cnn2c1,0.6127838567197355,100.0
CCOc1cc(-c2ccc(N3CCC(CN4CCN(C(=O)C5CC(N6CCC(c7ccc8c(c7)C(=O)N(C7CCC(=O)NC7=O)C8)CC6)C5)CC4)(NC(=O)c4cc(F)ccc4F)CC3)nc2)c2c(C#N)cnn2c1,-0.06550154875643228,99.0
CCOc1cc(-c2ccc(N3CCC(CN4CCN(C(=O)C5CC(N6CCC(c7ccc8c(c7)C(=O)N(C7CCC(=O)NC7=O)C8)CC6)C5)CC4)(NC(=O)c4cc(F)ccc4F)CC3)nc2)c2c(C#N)cnn2c1,0.6232492903979004,100.0
CCOc1cc(-c2ccc(N3CCC(CN4CCN(C(=O)C5CC(N6CCC(c7ccc8c(c7)C(=O)N(C7CCC(=O)NC7=O)C8)CC6)C5)CC4)(NC(=O)c4cc(F)ccc4F)CC3)nc2)c2c(C#N)cnn2c1,0.8061799739838872,98.0
CCOc1cc(-c2ccc(N3CCC(CN4CCN(C(=O)CCCCN5CCN(c6ccc7c(c6)CN(C6CCC(=O)NC6=O)C7=O)CC5)CC4)(NC(=O)c4cc(F)ccc4F)CC3)nc2)c2c(C#N)cnn2c1,0.414973347970818,100.0
CCOc1cc(-c2ccc(N3CCC(CN4CCN(C(=O)CCCCN5CCN(c6ccc7c(c6)CN(C6CCC(=O)NC6=O)C7=O)CC5)CC4)(NC(=O)c4cc(F)ccc4F)CC3)nc2)c2c(C#N)cnn2c1,0.6232492903979004,100.0
CCOc1cc(-c2ccc(N3CCC(CN4CCN(C(=O)CCCCN5CCN(c6ccc7c(c6)CN(C6CCC(=O)NC6=O)C7=O)CC5)CC4)(NC(=O)c4cc(F)ccc4F)CC3)nc2)c2c(C#N)cnn2c1,1.0170333392987803,98.0
CCOc1cc(-c2ccc(N3CCC(CN4CCN(C(=O)CN5CCN(c6ccc7c(c6)CN(C6CCC(=O)NC6=O)C7=O)CC5)CC4)(NC(=O)c4cc(F)ccc4F)CC3)nc2)c2c(C#N)cnn2c1,0.36172783601759284,93.0
CCOc1cc(-c2ccc(N3CCC(CN4CCN(C(=O)CN5CCN(c6ccc7c(c6)CN(C6CCC(=O)NC6=O)C7=O)CC5)CC4)(NC(=O)c4cc(F)ccc4F)CC3)nc2)c2c(C#N)cnn2c1,1.3031960574204888,93.0
CCOc1cc(-c2ccc(N3CCC(CN4CCN(C(=O)CN5CCN(c6ccc7c(c6)CN(C6CCC(=O)NC6=O)C7=O)CC5)CC4)(NC(=O)c4cc(F)ccc4F)CC3)nc2)c2c(C#N)cnn2c1,1.505149978319906,74.0
CCOc1cc(-c2ccc(N3CCC(CN4CCN(C(=O)CCCN5CCN(c6ccc7c(c6)CN(C6CCC(=O)NC6=O)C7=O)CC5)CC4)(NC(=O)c4cc(F)ccc4F)CC3)nc2)c2c(C#N)cnn2c1,0.3424226808222063,76.0
CCOc1cc(-c2ccc(N3CCC(CN4CCN(C(=O)CCCN5CCN(c6ccc7c(c6)CN(C6CCC(=O)NC6=O)C7=O)CC5)CC4)(NC(=O)c4cc(F)ccc4F)CC3)nc2)c2c(C#N)cnn2c1,0.9294189257142927,72.0
CCOc1cc(-c2ccc(N3CCC(CN4CCN(C(=O)CCCN5CCN(c6ccc7c(c6)CN(C6CCC(=O)NC6=O)C7=O)CC5)CC4)(NC(=O)c4cc(F)ccc4F)CC3)nc2)c2c(C#N)cnn2c1,1.1553360374650619,86.0
CCOc1cc(-c2ccc(N3CCC(CN4CCN(C(=O)CCCCN5CCN(c6ccc7c(c6)C(=O)N(C6CCC(=O)NC6=O)C7)CC5)CC4)(NC(=O)c4cc(F)ccc4F)CC3)nc2)c2c(C#N)cnn2c1,0.25527250510330607,95.0
CCOc1cc(-c2ccc(N3CCC(CN4CCN(C(=O)CCCCN5CCN(c6ccc7c(c6)C(=O)N(C6CCC(=O)NC6=O)C7)CC5)CC4)(NC(=O)c4cc(F)ccc4F)CC3)nc2)c2c(C#N)cnn2c1,0.36172783601759284,96.0
CCOc1cc(-c2ccc(N3CCC(CN4CCN(C(=O)CCCCN5CCN(c6ccc7c(c6)C(=O)N(C6CCC(=O)NC6=O)C7)CC5)CC4)(NC(=O)c4cc(F)ccc4F)CC3)nc2)c2c(C#N)cnn2c1,0.6989700043360189,92.0
CCOc1cc(-c2ccc(N3CCC(CN4CCN(C(=O)CCCCCCN5CCN(c6ccc7c(c6)C(=O)N(C6CCC(=O)NC6=O)C7)CC5)CC4)(NC(=O)c4cc(F)ccc4F)CC3)nc2)c2c(C#N)cnn2c1,0.7708520116421442,93.0
CCOc1cc(-c2ccc(N3CCC(CN4CCN(C(=O)CCCCCCN5CCN(c6ccc7c(c6)C(=O)N(C6CCC(=O)NC6=O)C7)CC5)CC4)(NC(=O)c4cc(F)ccc4F)CC3)nc2)c2c(C#N)cnn2c1,1.0681858617461617,93.0
CCOc1cc(-c2ccc(N3CCC(CN4CCN(C(=O)CCCCCCN5CCN(c6ccc7c(c6)C(=O)N(C6CCC(=O)NC6=O)C7)CC5)CC4)(NC(=O)c4cc(F)ccc4F)CC3)nc2)c2c(C#N)cnn2c1,1.4548448600085102,92.0
CCOc1cc(-c2ccc(N3CCC(CN4CCN(C(=O)CCCCN5CCC(c6ccc7c(c6)C(=O)N(C6CCC(=O)NC6=O)C7)CC5)CC4)(NC(=O)c4cc(F)ccc4F)CC3)nc2)c2c(C#N)cnn2c1,0.17609125905568124,94.0
CCOc1cc(-c2ccc(N3CCC(CN4CCN(C(=O)CCCCN5CCC(c6ccc7c(c6)C(=O)N(C6CCC(=O)NC6=O)C7)CC5)CC4)(NC(=O)c4cc(F)ccc4F)CC3)nc2)c2c(C#N)cnn2c1,0.4471580313422192,93.0
CCOc1cc(-c2ccc(N3CCC(CN4CCN(C(=O)CCCCN5CCC(c6ccc7c(c6)C(=O)N(C6CCC(=O)NC6=O)C7)CC5)CC4)(NC(=O)c4cc(F)ccc4F)CC3)nc2)c2c(C#N)cnn2c1,1.4712917110589385,96.0
CCOc1cc(-c2ccc(N3CCC(CN4CCN(C(=O)CCCCCCN5CCC(c6ccc7c(c6)C(=O)N(C6CCC(=O)NC6=O)C7)CC5)CC4)(NC(=O)c4cc(F)ccc4F)CC3)nc2)c2c(C#N)cnn2c1,0.7403626894942439,100.0
CCOc1cc(-c2ccc(N3CCC(CN4CCN(C(=O)CCCCCCN5CCC(c6ccc7c(c6)C(=O)N(C6CCC(=O)NC6=O)C7)CC5)CC4)(NC(=O)c4cc(F)ccc4F)CC3)nc2)c2c(C#N)cnn2c1,1.0,100.0
CCOc1cc(-c2ccc(N3CCC(CN4CCN(C(=O)CCCCCCN5CCC(c6ccc7c(c6)C(=O)N(C6CCC(=O)NC6=O)C7)CC5)CC4)(NC(=O)c4cc(F)ccc4F)CC3)nc2)c2c(C#N)cnn2c1,1.390935107103379,100.0
CCN1CCC(n2cc(-c3c[nH]c4ncc(-c5ccc(N6CCC(CN7CCN(C(=O)c8ccc(Cl)c(N9CCC(=O)NC9=O)c8)CC7)CC6)nc5)nc34)cn2)CC1,0.07918124604762482,77.0
CCN1CCC(n2cc(-c3c[nH]c4ncc(-c5ccc(N6CCC(CC7CCCN(C(=O)c8ccc(Cl)c(N9CCC(=O)NC9=O)c8)CC7)CC6)nc5)nc34)cn2)CC1,2.5854607295085006,56.0
CCN1CCC(n2cc(-c3c[nH]c4ncc(-c5ccc(N6CCC(CC7CCN(C(=O)c8ccc(Cl)c(N9CCC(=O)NC9=O)c8)CC7C)CC6)cc5)nc34)cn2)CC1,1.371806458507416,66.0
CCN1CCC(n2cc(-c3c[nH]c4ncc(-c5ccc(N6CCC(OC7CCN(C(=O)c8ccc(Cl)c(N9CCC(=O)NC9=O)c8)CC7)CC6)cc5)nc34)cn2)CC1,2.5861370252307934,52.0
CCN1CCC(n2cc(-c3c[nH]c4ncc(-c5ccc(N6CCC(OC7CCN(C(=O)c8ccc(Cl)c(N9CCC(=O)NC9=O)c8)CC7)CC6)c(C)c5)nc34)cn2)CC1,1.4668676203541096,73.0
CCN1CCC(n2cc(-c3c[nH]c4ncc(-c5ccc(N6CCC(F)(CN7CCN(C(=O)c8ccc(Cl)c(N9CCC(=O)NC9=O)c8)CC7)CC6)cc5)nc34)cn2)CC1,2.360971883725936,58.0
CCN1CCC(n2cc(-c3c[nH]c4ncc(-c5ccc(N6CCC(C)(CN7CCN(C(=O)c8ccc(Cl)c(N9CCC(=O)NC9=O)c8)CC7)CC6)cc5)nc34)cn2)CC1,1.7193312869837265,81.0
CCN1CCC(n2cc(-c3c[nH]c4ncc(-c5ccc(N6CCC(CC7CCN(C(=O)c8ccc(C)c(N9CCC(=O)NC9=O)c8)CC7)CC6)cc5)nc34)cn2)CC1,2.7897216939809217,53.0
Cn1cc(-c2c[nH]c3ncc(-c4ccc(N5CCC(CC6CCN(C(=O)c7ccc(Cl)c(N8CCC(=O)NC8=O)c7)CC6)CC5)nc4)nc23)cn1,0.9684829485539351,93.0
[2H]C([2H])([2H])n1cc(-c2c[nH]c3ncc(-c4ccc(N5CCC(CC6CCN(C(=O)c7ccc(Cl)c(N8CCC(=O)NC8=O)c7)CC6)CC5)nc4)nc23)cn1,1.1038037209559568,89.0
CCn1cc(-c2c[nH]c3ncc(-c4ccc(N5CCC(CC6CCN(C(=O)c7ccc(Cl)c(N8CCC(=O)NC8=O)c7)CC6)CC5)nc4)nc23)cn1,1.4653828514484184,87.0
O=C1CCN(c2cc(C(=O)N3CCC(CC4CCN(c5ccc(-c6cnc7[nH]cc(-c8cnn(C9CC9)c8)c7n6)cn5)CC4)CC3)ccc2Cl)C(=O)N1,1.7185016888672742,87.0
O=C1CCN(c2cc(C(=O)N3CCC(CC4CCN(c5ccc(-c6cnc7[nH]cc(-c8cnn(CC9CC9)c8)c7n6)cn5)CC4)CC3)ccc2Cl)C(=O)N1,2.8009231818132183,52.0
O=C1CCN(c2cc(C(=O)N3CCC(CC4CCN(c5ccc(-c6cnc7[nH]cc(-c8cnn(CC(F)F)c8)c7n6)cn5)CC4)CC3)ccc2Cl)C(=O)N1,1.271841606536499,81.0
O=C1CCN(c2cc(C(=O)N3CCC(CC4CCN(c5ccc(-c6cnc7[nH]cc(-c8cnn(CC(F)(F)F)c8)c7n6)cn5)CC4)CC3)ccc2Cl)C(=O)N1,0.9444826721501687,94.0
O=C1CCN(c2cc(C(=O)N3CCC(CC4CCN(c5ccc(-c6cnc7[nH]cc(-c8cnn(CCF)c8)c7n6)cn5)CC4)CC3)ccc2Cl)C(=O)N1,0.724275869600789,78.0
O=C1CCN(c2cc(C(=O)N3CCC(CC4CCN(c5ccc(-c6cnc7[nH]cc(-c8cnn(CCO)c8)c7n6)cn5)CC4)CC3)ccc2Cl)C(=O)N1,1.462397997898956,84.0
CC(C)(C#N)n1cc(-c2c[nH]c3ncc(-c4ccc(N5CCC(CC6CCN(C(=O)c7ccc(Cl)c(N8CCC(=O)NC8=O)c7)CC6)CC5)nc4)nc23)cn1,2.330413773349191,64.0
O=C1CCN(c2cc(C(=O)N3CCC(CC4CCN(c5ccc(-c6cnc7[nH]cc(-c8cn[nH]c8)c7n6)cn5)CC4)CC3)ccc2Cl)C(=O)N1,1.5171958979499742,92.0
O=C1CCN(c2cc(C(=O)N3CCC(CC4CCN(c5ccc(-c6cnc7[nH]cc(-c8cnn([C@@H]9CCOC9)c8)c7n6)cn5)CC4)CC3)ccc2Cl)C(=O)N1,1.919078092376074,84.0
COCCn1cc(-c2c[nH]c3ncc(-c4ccc(N5CCC(CC6CCN(C(=O)c7ccc(Cl)c(N8CCC(=O)NC8=O)c7)CC6)CC5)nc4)nc23)cn1,1.4857214264815801,76.0
O=C1CC[C@H](N2Cc3c(ccc4c3OC[C@H]3CN(C(=O)CCCOc5ccc([C@@H]6c7ccc(O)cc7CC[C@@H]6c6ccccc6)cc5)CCN43)C2=O)C(=O)N1,-1.0,56.0
O=C1CC[C@H](N2Cc3c(ccc4c3OC[C@H]3CN(C(=O)CCCCOc5ccc([C@@H]6c7ccc(O)cc7CC[C@@H]6c6ccccc6)cc5)CCN43)C2=O)C(=O)N1,-0.9208187539523752,79.0
O=C1CC[C@H](N2Cc3c(ccc4c3OC[C@H]3CN(C(=O)CC5CCN(c6ccc([C@@H]7c8ccc(O)cc8CC[C@@H]7c7ccccc7)cc6)CC5)CCN43)C2=O)C(=O)N1,-1.958607314841775,73.0
O=C1CC[C@H](N2Cc3c(ccc4c3OC[C@H]3CN(C(=O)CN5CC6(C5)CN(c5ccc([C@@H]7c8ccc(O)cc8CC[C@@H]7c7ccccc7)cc5)C6)CCN43)C2=O)C(=O)N1,-1.958607314841775,100.0
O=C1CC[C@H](N2Cc3c(ccc4c3OC[C@H]3CN(C(=O)CN5CCC6(CC5)CN(c5ccc([C@@H]7c8ccc(O)cc8CC[C@@H]7c7ccccc7)cc5)C6)CCN43)C2=O)C(=O)N1,-1.6777807052660807,100.0
O=C1CC[C@H](N2Cc3c(ccc4c3OC[C@H]3CN(C(=O)CN5CC6(CCN(c7ccc([C@@H]8c9ccc(O)cc9CC[C@@H]8c8ccccc8)cc7)CC6)C5)CCN43)C2=O)C(=O)N1,-0.7144426909922262,99.0
O=C1CC[C@H](N2Cc3c(ccc4c3OC[C@H]3CN(C(=O)CN5CCC6(CCN(c7ccc([C@@H]8c9ccc(O)cc9CC[C@@H]8c8ccccc8)cc7)CC6)C5)CCN43)C2=O)C(=O)N1,-1.154901959985743,100.0
O=C1CC[C@H](N2Cc3c(ccc4c3OC[C@H]3CN(C(=O)CN5CCC6(CC5)CCN(c5ccc([C@@H]7c8ccc(O)cc8CC[C@@H]7c7ccccc7)cc5)CC6)CCN43)C2=O)C(=O)N1,-0.6161846340195687,100.0
O=C1CC[C@H](N2Cc3c(ccc4c3OC[C@H]3CN(CC(=O)N5CCN(c6ccc([C@@H]7c8ccc(O)cc8CC[C@@H]7c7ccccc7)cc6)CC5)CCN43)C2=O)C(=O)N1,-1.0,86.0
O=C1CC[C@H](N2Cc3c(ccc4c3OC[C@H]3CN(CC(=O)N5CC6(C5)CN(c5ccc([C@@H]7c8ccc(O)cc8CC[C@@H]7c7ccccc7)cc5)C6)CCN43)C2=O)C(=O)N1,-1.2218487496163564,100.0
O=C1CC[C@H](N2Cc3c(ccc4c3OC[C@H]3CN(CC(=O)N5CCC6(CC5)CN(c5ccc([C@@H]7c8ccc(O)cc8CC[C@@H]7c7ccccc7)cc5)C6)CCN43)C2=O)C(=O)N1,-1.0,100.0
O=C1CC[C@H](N2Cc3c(ccc4c3OC[C@H]3CN(CC(=O)N5CC6(CCN(c7ccc([C@@H]8c9ccc(O)cc9CC[C@@H]8c8ccccc8)cc7)CC6)C5)CCN43)C2=O)C(=O)N1,-1.3010299956639813,89.0
O=C1CC[C@H](N2Cc3c(ccc4c3OC[C@H]3CN(CC(=O)N5CCC6(CCN(c7ccc([C@@H]8c9ccc(O)cc9CC[C@@H]8c8ccccc8)cc7)CC6)C5)CCN43)C2=O)C(=O)N1,-0.3979400086720376,100.0
O=C1CC[C@H](N2Cc3c(ccc4c3OC[C@H]3CN(CCC5CC6(CCN(c7ccc([C@@H]8c9ccc(O)cc9CC[C@@H]8c8ccccc8)cc7)CC6)C5)CCN43)C2=O)C(=O)N1,0.04139268515822507,92.0
O=C1CC[C@H](N2Cc3c(ccc4c3OC[C@H]3CN(CC5CC6(CCN(c7ccc([C@@H]8c9ccc(O)cc9CC[C@@H]8c8ccccc8)cc7)CC6)C5)CCN43)C2=O)C(=O)N1,0.07918124604762482,97.0
O=C1CC[C@H](N2Cc3c(ccc4c3OC[C@H]3CN(CC5CCC6(CC5)CN(c5ccc([C@@H]7c8ccc(O)cc8CC[C@@H]7c7ccccc7)cc5)C6)CCN43)C2=O)C(=O)N1,0.3424226808222063,82.0
O=C1CC[C@H](N2Cc3c(ccc4c3OC[C@H]3CN(CC5CCC6(CCN(c7ccc([C@@H]8c9ccc(O)cc9CC[C@@H]8c8ccccc8)cc7)CC6)C5)CCN43)C2=O)C(=O)N1,0.6901960800285137,86.0
O=C1CC[C@H](N2Cc3c(ccc4c3OC[C@H]3CN(CC5CCC6(CC5)CCN(c5ccc([C@@H]7c8ccc(O)cc8CC[C@@H]7c7ccccc7)cc5)CC6)CCN43)C2=O)C(=O)N1,0.6720978579357175,99.0
O=C1CC[C@H](N2Cc3c(ccc4c3OC[C@H]3CN(CC5CC6(CCN(c7ccc([C@@H]8c9ccc(O)cc9CC[C@@H]8c8ccccc8)cc7)CC6)CO5)CCN43)C2=O)C(=O)N1,-0.045757490560675115,100.0
O=C1CC[C@H](N2Cc3c(ccc4c3OC[C@H]3CN(CC5CCC6(CCN(c7ccc([C@@H]8c9ccc(O)cc9CC[C@@H]8c8ccccc8)cc7)CC6)O5)CCN43)C2=O)C(=O)N1,0.3010299956639812,86.0
O=C1CC[C@H](N2Cc3c(ccc4c3OC[C@H]3CN(CC5COC6(CCN(c7ccc([C@@H]8c9ccc(O)cc9CC[C@@H]8c8ccccc8)cc7)CC6)O5)CCN43)C2=O)C(=O)N1,-0.3010299956639812,84.0
O=C1CC[C@H](N2Cc3c(ccc4c3OC[C@H]3CN(CC5CCC6(CCN(c7ccc([C@@H]8c9ccc(O)cc9CC[C@@H]8c8ccccc8)cc7)CC6)OC5)CCN43)C2=O)C(=O)N1,0.7708520116421442,98.0
O=C1CC[C@H](N2Cc3c(ccc4c3OC[C@H]3CN(CC5COC6(CCN(c7ccc([C@@H]8c9ccc(O)cc9CC[C@@H]8c8ccccc8)cc7)CC6)OC5)CCN43)C2=O)C(=O)N1,0.5797835966168101,95.0
COc1cc(-c2cn(C)c(=O)c3ccccc23)cc(OC)c1CN1CCN(c2ccc3c(c2)C(=O)N(C2CCC(=O)NC2=O)C3=O)CC1,0.008600171761917567,99.15
CN1CC[C@H]2CC[C@@H](C(=O)N[C@@H](CCC(N)=O)C(=O)N[C@H](C(=O)NCCCCCCCC#Cc3cccc4c3CN(C3CCC(=O)NC3=O)C4=O)c3ccccc3)N2C(=O)[C@@H](NC(=O)c2cc3cc(C(F)(F)P(=O)(O)O)ccc3s2)C1,3.1760912590556813,52.0
CN1CC[C@H]2CC[C@@H](C(=O)N[C@@H](CCC(N)=O)C(=O)N[C@H](C(=O)NCCCCCCCCC#Cc3cccc4c3CN(C3CCC(=O)NC3=O)C4=O)c3ccccc3)N2C(=O)[C@@H](NC(=O)c2cc3cc(C(F)(F)P(=O)(O)O)ccc3s2)C1,2.9030899869919438,60.0
CN1CC[C@H]2CC[C@@H](C(=O)N[C@@H](CCC(N)=O)C(=O)N[C@H](C(=O)NCCCCCCCCCC#Cc3cccc4c3CN(C3CCC(=O)NC3=O)C4=O)c3ccccc3)N2C(=O)[C@@H](NC(=O)c2cc3cc(C(F)(F)P(=O)(O)O)ccc3s2)C1,2.4771212547196626,66.0
CN1CC[C@H]2CC[C@@H](C(=O)N[C@@H](CCC(N)=O)C(=O)N[C@H](C(=O)N3CCC(CCC#Cc4cccc5c4CN(C4CCC(=O)NC4=O)C5=O)CC3)c3ccccc3)N2C(=O)[C@@H](NC(=O)c2cc3cc(C(F)(F)P(=O)(O)O)ccc3s2)C1,2.4771212547196626,86.0
CN1CC[C@H]2CC[C@@H](C(=O)N[C@@H](CCC(N)=O)C(=O)N[C@H](C(=O)N3CCN(CCC#Cc4cccc5c4CN(C4CCC(=O)NC4=O)C5=O)CC3)c3ccccc3)N2C(=O)[C@@H](NC(=O)c2cc3cc(C(F)(F)P(=O)(O)O)ccc3s2)C1,3.3979400086720375,62.0
CN1CC[C@H]2CC[C@@H](C(=O)N[C@@H](CCC(=O)NN)C(=O)N[C@H](C(=O)N3CCC(CCC#Cc4cccc5c4CN(C4CCC(=O)NC4=O)C5=O)CC3)C(C)(C)C)N2C(=O)[C@@H](NC(=O)c2cc3cc(C(F)(F)P(=O)(O)O)ccc3s2)C1,3.0043213737826426,80.0
CN1CC[C@H]2CC[C@@H](C(=O)N[C@@H](CCC(N)=O)C(=O)N[C@H](C(=O)N3CCC(CCC#Cc4cccc5c4CN(C4CCC(=O)NC4=O)C5=O)CC3)C3CCCCC3)N2C(=O)[C@@H](NC(=O)c2cc3cc(C(F)(F)P(=O)(O)O)ccc3s2)C1,2.4149733479708178,91.0
CN1CC[C@H]2CC[C@@H](C(=O)N[C@@H](CCC(N)=O)C(=O)N[C@@H](Cc3ccccc3)C(=O)N3CCC(CCC#Cc4cccc5c4CN(C4CCC(=O)NC4=O)C5=O)CC3)N2C(=O)[C@@H](NC(=O)c2cc3cc(C(F)(F)P(=O)(O)O)ccc3s2)C1,2.113943352306837,94.0
CN1CC[C@H]2CC[C@@H](C(=O)N[C@@H](CCC(N)=O)C(=O)N[C@@H](Cc3ccc(F)cc3)C(=O)N3CCC(CCC#Cc4cccc5c4CN(C4CCC(=O)NC4=O)C5=O)CC3)N2C(=O)[C@@H](NC(=O)c2cc3cc(C(F)(F)P(=O)(O)O)ccc3s2)C1,1.9542425094393248,94.0
CN1CC[C@H]2CC[C@@H](C(=O)N[C@@H](CCC(N)=O)C(=O)N[C@@H](Cc3ccc(F)c(F)c3)C(=O)N3CCC(CCC#Cc4cccc5c4CN(C4CCC(=O)NC4=O)C5=O)CC3)N2C(=O)[C@@H](NC(=O)c2cc3cc(C(F)(F)P(=O)(O)O)ccc3s2)C1,2.342422680822206,90.0
NC(=O)CC[C@H](NC(=O)[C@@H]1CC[C@@H]2CCNC[C@H](NC(=O)c3cc4cc(C(F)(F)P(=O)(O)O)ccc4s3)C(=O)N21)C(=O)N[C@@H](Cc1ccc(F)c(F)c1)C(=O)N1CCC(CCC#Cc2cccc3c2CN(C2CCC(=O)NC2=O)C3=O)CC1,3.0791812460476247,73.0
CCN1CC[C@H]2CC[C@@H](C(=O)N[C@@H](CCC(N)=O)C(=O)N[C@@H](Cc3ccc(F)c(F)c3)C(=O)N3CCC(CCC#Cc4cccc5c4CN(C4CCC(=O)NC4=O)C5=O)CC3)N2C(=O)[C@@H](NC(=O)c2cc3cc(C(F)(F)P(=O)(O)O)ccc3s2)C1,2.3010299956639813,92.0
CC(C)N1CC[C@H]2CC[C@@H](C(=O)N[C@@H](CCC(N)=O)C(=O)N[C@@H](Cc3ccc(F)c(F)c3)C(=O)N3CCC(CCC#Cc4cccc5c4CN(C4CCC(=O)NC4=O)C5=O)CC3)N2C(=O)[C@@H](NC(=O)c2cc3cc(C(F)(F)P(=O)(O)O)ccc3s2)C1,2.6989700043360187,83.0
CC(=O)N1CC[C@H]2CC[C@@H](C(=O)N[C@@H](CCC(N)=O)C(=O)N[C@@H](Cc3ccc(F)c(F)c3)C(=O)N3CCC(CCC#Cc4cccc5c4CN(C4CCC(=O)NC4=O)C5=O)CC3)N2C(=O)[C@@H](NC(=O)c2cc3cc(C(F)(F)P(=O)(O)O)ccc3s2)C1,3.204119982655925,68.0
O=C1CCC(N2C(=O)c3cccc(NC(=O)CCCC(=O)N4CCN(c5ccc(Nc6nc(NC7CCCCC7)c7nc[nH]c7n6)cc5)CC4)c3C2=O)C(=O)N1,0.47712125471966244,27.7
O=C1CCC(N2C(=O)c3cccc(NC(=O)CCCC(=O)N4CCN(c5ccc(Nc6nc(NC7CCCCC7)c7nc[nH]c7n6)cc5)CC4)c3C2=O)C(=O)N1,1.9731278535996986,68.4
O=C1CCC(N2C(=O)c3cccc(NC(=O)CCCC(=O)N4CCN(c5ccc(Nc6nc(NC7CCCCC7)c7nc[nH]c7n6)cc5)CC4)c3C2=O)C(=O)N1,2.57978359661681,30.6
CC(C)S(=O)(=O)c1ccccc1Nc1nc(Nc2ccc(N3CCN(C(=O)CCC(=O)Nc4cccc5c4C(=O)N(C4CCC(=O)NC4=O)C5=O)CC3)cc2)nc2[nH]cnc12,1.6232492903979006,35.2
CC(C)S(=O)(=O)c1ccccc1Nc1nc(Nc2ccc(N3CCN(C(=O)CCC(=O)Nc4cccc5c4C(=O)N(C4CCC(=O)NC4=O)C5=O)CC3)cc2)nc2[nH]cnc12,0.31175386105575426,74.55
CC(C)S(=O)(=O)c1ccccc1Nc1nc(Nc2ccc(N3CCN(C(=O)CCC(=O)Nc4cccc5c4C(=O)N(C4CCC(=O)NC4=O)C5=O)CC3)cc2)nc2[nH]cnc12,2.187520720836463,33.15
O=C(CCCC(=O)Nc1cccc2c1C(=O)N(C1CCC(=O)NC1=O)C2=O)NCC(=O)N1CCN(c2ccc(Nc3nc(NC4CCCCC4)c4nc[nH]c4n3)cc2)CC1,1.247236549506764,66.5
O=C(CCCC(=O)Nc1cccc2c1C(=O)N(C1CCC(=O)NC1=O)C2=O)NCC(=O)N1CCN(c2ccc(Nc3nc(NC4CCCCC4)c4nc[nH]c4n3)cc2)CC1,2.03610966706058,78.8
O=C(CCCC(=O)Nc1cccc2c1C(=O)N(C1CCC(=O)NC1=O)C2=O)NCC(=O)N1CCN(c2ccc(Nc3nc(NC4CCCCC4)c4nc[nH]c4n3)cc2)CC1,2.7560652939486863,43.6
CC(C)S(=O)(=O)c1ccccc1Nc1nc(Nc2ccc(N3CCN(C(=O)CNC(=O)CCCC(=O)Nc4cccc5c4C(=O)N(C4CCC(=O)NC4=O)C5=O)CC3)cc2)nc2[nH]cnc12,2.44870631990508,48.33
CC(C)S(=O)(=O)c1ccccc1Nc1nc(Nc2ccc(N3CCN(C(=O)CNC(=O)CCCC(=O)Nc4cccc5c4C(=O)N(C4CCC(=O)NC4=O)C5=O)CC3)cc2)nc2[nH]cnc12,1.830396176483469,70.7
CC(C)S(=O)(=O)c1ccccc1Nc1nc(Nc2ccc(N3CCN(C(=O)CNC(=O)CCCC(=O)Nc4cccc5c4C(=O)N(C4CCC(=O)NC4=O)C5=O)CC3)cc2)nc2[nH]cnc12,2.3944516808262164,29.4
COc1cc(N2CCN(C(=O)CNC(=O)CCCC(=O)Nc3cccc4c3C(=O)N(C3CCC(=O)NC3=O)C4=O)CC2)ccc1Nc1nc(Nc2ccccc2S(=O)(=O)C(C)C)c2nc[nH]c2n1,1.414973347970818,41.9
COc1cc(N2CCN(C(=O)CNC(=O)CCCC(=O)Nc3cccc4c3C(=O)N(C3CCC(=O)NC3=O)C4=O)CC2)ccc1Nc1nc(Nc2ccccc2S(=O)(=O)C(C)C)c2nc[nH]c2n1,1.7481880270062005,59.3
CN1C(=O)CCC(N2C(=O)c3cccc(NC(=O)CCCC(=O)NCC(=O)N4CCN(c5ccc(Nc6nc(NC7CCCCC7)c7nc[nH]c7n6)cc5)CC4)c3C2=O)C1=O,2.7781512503836434,32.55
CN1C(=O)CCC(N2C(=O)c3cccc(NC(=O)CCCC(=O)NCC(=O)N4CCN(c5ccc(Nc6nc(NC7CCCCC7)c7nc[nH]c7n6)cc5)CC4)c3C2=O)C1=O,2.4756711883244296,55.25
CN1C(=O)CCC(N2C(=O)c3cccc(NC(=O)CCCC(=O)NCC(=O)N4CCN(c5ccc(Nc6nc(NC7CCCCC7)c7nc[nH]c7n6)cc5)CC4)c3C2=O)C1=O,2.5599066250361124,48.3
CC(C)S(=O)(=O)c1ccccc1Nc1nc(Nc2ccc(N3CCN(CC(=O)Nc4cccc5c4C(=O)N(C4CCC(=O)NC4=O)C5=O)CC3)cc2)nc2[nH]cnc12,2.311753861055754,28.9
CC(C)S(=O)(=O)c1ccccc1Nc1nc(Nc2ccc(N3CCN(CC(=O)Nc4cccc5c4C(=O)N(C4CCC(=O)NC4=O)C5=O)CC3)cc2)nc2[nH]cnc12,2.075546961392531,34.8
CC(C)S(=O)(=O)c1ccccc1Nc1nc(Nc2ccc(N3CCN(CC(=O)Nc4cccc5c4C(=O)N(C4CCC(=O)NC4=O)C5=O)CC3)cc2)nc2[nH]cnc12,3.4292676664331685,33.4
CC(C)S(=O)(=O)c1ccccc1Nc1nc(Nc2ccc(N3CCN(C(=O)CCC(=O)NCCNc4cccc5c4C(=O)N(C4CCC(=O)NC4=O)C5=O)CC3)cc2)nc2[nH]cnc12,2.670245853074124,27.2
CC(C)S(=O)(=O)c1ccccc1Nc1nc(Nc2ccc(N3CCN(C(=O)CCC(=O)NCCNc4cccc5c4C(=O)N(C4CCC(=O)NC4=O)C5=O)CC3)cc2)nc2[nH]cnc12,1.2304489213782739,49.1
COc1cc(N2CCC(OCC(=O)N3CCN(c4cccc5c4C(=O)N(C4CCC(=O)NC4=O)C5=O)CC3)CC2)ccc1Nc1nc(Nc2ccccc2S(=O)(=O)C(C)C)c2nc[nH]c2n1,2.450249108319361,41.6
COc1cc(N2CCC(OCC(=O)N3CCN(c4cccc5c4C(=O)N(C4CCC(=O)NC4=O)C5=O)CC3)CC2)ccc1Nc1nc(Nc2ccccc2S(=O)(=O)C(C)C)c2nc[nH]c2n1,3.225567713439471,43.7
Cc1ncsc1-c1ccc(CNC(=O)[C@@H]2C[C@@H](O)CN2C(=O)[C@@H](NC(=O)CCCC(=O)N2CCN(c3ccc(Nc4nc(NC5CCCCC5)c5nc[nH]c5n4)cc3)CC2)C(C)(C)C)cc1,3.292920299600006,32.7
Cc1ncsc1-c1ccc(CNC(=O)[C@@H]2C[C@@H](O)CN2C(=O)[C@@H](NC(=O)CCCC(=O)N2CCN(c3ccc(Nc4nc(NC5CCCCC5)c5nc[nH]c5n4)cc3)CC2)C(C)(C)C)cc1,2.835056101720116,55.6
Cc1ncsc1-c1ccc(CNC(=O)[C@@H]2C[C@@H](O)CN2C(=O)[C@@H](NC(=O)CCCC(=O)N2CCN(c3ccc(Nc4nc(NC5CCCCC5)c5nc[nH]c5n4)cc3)CC2)C(C)(C)C)cc1,3.358315640082196,33.8
Cc1ncsc1-c1ccc(CNC(=O)[C@@H]2C[C@@H](O)CN2C(=O)[C@@H](NC(=O)CCCC(=O)N2CCN(c3ccc(Nc4nc(Nc5ccccc5S(=O)(=O)C(C)C)c5nc[nH]c5n4)cc3)CC2)C(C)(C)C)cc1,3.231214647962601,35.2
Cc1ncsc1-c1ccc(CNC(=O)[C@@H]2C[C@@H](O)CN2C(=O)[C@@H](NC(=O)COCCOCC(=O)N2CCN(c3ccc(Nc4nc(Nc5ccccc5S(=O)(=O)C(C)C)c5nc[nH]c5n4)cc3)CC2)C(C)(C)C)cc1,3.7564078725489582,47.4
Cc1ncsc1-c1ccc(CNC(=O)[C@@H]2C[C@@H](O)CN2C(=O)[C@@H](NC(=O)COCCOCC(=O)N2CCN(c3ccc(Nc4nc(Nc5ccccc5S(=O)(=O)C(C)C)c5nc[nH]c5n4)cc3)CC2)C(C)(C)C)cc1,2.9104483038601328,38.0
Cc1ncsc1-c1ccc(CNC(=O)[C@@H]2C[C@@H](O)CN2C(=O)[C@@H](NC(=O)COCCOCC(=O)N2CCN(c3ccc(Nc4nc(Nc5ccccc5S(=O)(=O)C(C)C)c5nc[nH]c5n4)cc3)CC2)C(C)(C)C)cc1,3.5671052146385818,32.17
Cc1ncsc1-c1ccc(CNC(=O)[C@@H]2C[C@H](O)CN2C(=O)[C@@H](NC(=O)COCCOCC(=O)N2CCN(c3ccc(Nc4nc(Nc5ccccc5S(=O)(=O)C(C)C)c5nc[nH]c5n4)cc3)CC2)C(C)(C)C)cc1,2.996949248495381,73.95
Cc1ncsc1-c1ccc(CNC(=O)[C@@H]2C[C@H](O)CN2C(=O)[C@@H](NC(=O)COCCOCC(=O)N2CCN(c3ccc(Nc4nc(Nc5ccccc5S(=O)(=O)C(C)C)c5nc[nH]c5n4)cc3)CC2)C(C)(C)C)cc1,3.0637085593914173,44.0
Cc1ncsc1-c1ccc(CNC(=O)[C@@H]2C[C@@H](O)CN2C(=O)[C@H](NC(=O)CCC(=O)NCCNC(=O)CCC(=O)N2CCN(c3ccc(Nc4nc(NC5CCCCC5)c5nc[nH]c5n4)cc3)CC2)C(C)(C)C)cc1,3.277150613963797,34.2
Cc1ncsc1-c1ccc(CNC(=O)[C@@H]2C[C@@H](O)CN2C(=O)[C@H](NC(=O)CCC(=O)NCCNC(=O)CCC(=O)N2CCN(c3ccc(Nc4nc(NC5CCCCC5)c5nc[nH]c5n4)cc3)CC2)C(C)(C)C)cc1,3.8131137540078988,39.5
Cc1ncsc1-c1ccc(CNC(=O)[C@@H]2C[C@@H](O)CN2C(=O)[C@H](NC(=O)CCC(=O)NCCNC(=O)CCC(=O)N2CCN(c3ccc(Nc4nc(NC5CCCCC5)c5nc[nH]c5n4)cc3)CC2)C(C)(C)C)cc1,3.4080702858871854,29.1
Cc1ncsc1-c1ccc(CNC(=O)[C@@H]2C[C@@H](O)CN2C(=O)[C@H](NC(=O)CCC(=O)NCCNC(=O)CCC(=O)N2CCN(c3ccc(Nc4nc(NC5CCCCC5)c5nc[nH]c5n4)cc3)CC2)C(C)(C)C)cc1,3.752125307297898,28.4
Cc1ncsc1-c1ccc(CNC(=O)[C@@H]2C[C@@H](O)CN2C(=O)[C@H](NC(=O)CCC(=O)NCCNC(=O)CCC(=O)N2CCN(c3ccc(Nc4nc(NC5CCCCC5)c5nc[nH]c5n4)cc3)CC2)C(C)(C)C)cc1,3.9929950984313414,28.3
Cc1ncsc1-c1ccc(CNC(=O)[C@@H]2C[C@@H](O)CN2C(=O)[C@@H](NC(=O)CCCCCCCCNC(=O)CN2CCN(C(=O)c3ccc(Nc4nc(C5CC5)cn5c(-c6cn[nH]c6)cnc45)c(F)c3)CC2)C(C)(C)C)cc1,1.3222192947339193,84.0
Cc1ncsc1-c1ccc([C@H](C)NC(=O)[C@@H]2C[C@@H](O)CN2C(=O)[C@@H](c2cc(OCCN3CCC(c4ccc5c(c4)C(C)(C)c4nc(=O)c6c(Cl)cccc6n4-5)CC3)no2)C(C)C)cc1,0.3222192947339193,96.0
Cc1ncsc1-c1ccc([C@H](C)NC(=O)[C@@H]2C[C@@H](O)CN2C(=O)[C@@H](c2cc(OCCN3CCC(c4ccc5c(c4)C(C)(C)c4nc(=O)c6c(Cl)cccc6n4-5)CC3)no2)C(C)C)cc1,1.4913616938342726,80.0
Cc1ncsc1-c1ccc([C@H](C)NC(=O)[C@@H]2C[C@@H](O)CN2C(=O)[C@@H](c2cc(OCCCN3CCC(c4ccc5c(c4)C(C)(C)c4nc(=O)c6c(Cl)cccc6n4-5)CC3)no2)C(C)C)cc1,0.146128035678238,98.0
Cc1ncsc1-c1ccc([C@H](C)NC(=O)[C@@H]2C[C@@H](O)CN2C(=O)[C@@H](c2cc(OCCCN3CCC(c4ccc5c(c4)C(C)(C)c4nc(=O)c6c(Cl)cccc6n4-5)CC3)no2)C(C)C)cc1,1.414973347970818,92.0
Cc1ncsc1-c1ccc([C@H](C)NC(=O)[C@@H]2C[C@@H](O)CN2C(=O)[C@@H](c2cc(OCC(C)CN3CCC(c4ccc5c(c4)C(C)(C)c4nc(=O)c6c(Cl)cccc6n4-5)CC3)no2)C(C)C)cc1,0.2304489213782739,97.0
Cc1ncsc1-c1ccc([C@H](C)NC(=O)[C@@H]2C[C@@H](O)CN2C(=O)[C@@H](c2cc(OCC(C)CN3CCC(c4ccc5c(c4)C(C)(C)c4nc(=O)c6c(Cl)cccc6n4-5)CC3)no2)C(C)C)cc1,1.0791812460476249,92.0
Cc1ncsc1-c1ccc([C@H](C)NC(=O)[C@@H]2C[C@@H](O)CN2C(=O)[C@@H](c2cc(OCC3(CN4CCC(c5ccc6c(c5)C(C)(C)c5nc(=O)c7c(Cl)cccc7n5-6)CC4)CC3)no2)C(C)C)cc1,1.1139433523068367,87.0
Cc1ncsc1-c1ccc([C@H](C)NC(=O)[C@@H]2C[C@@H](O)CN2C(=O)[C@@H](c2cc(OCC3(CN4CCC(c5ccc6c(c5)C(C)(C)c5nc(=O)c7c(Cl)cccc7n5-6)CC4)CC3)no2)C(C)C)cc1,2.4471580313422194,53.0
Cc1ncsc1-c1ccc([C@H](C)NC(=O)[C@@H]2C[C@@H](O)CN2C(=O)[C@@H](c2cc(N3CCC(CN4CCC(c5ccc6c(c5)C(C)(C)c5nc(=O)c7c(Cl)cccc7n5-6)CC4)CC3)no2)C(C)C)cc1,-0.21467016498923297,98.0
Cc1ncsc1-c1ccc([C@H](C)NC(=O)[C@@H]2C[C@@H](O)CN2C(=O)[C@@H](c2cc(N3CCC(CN4CCC(c5ccc6c(c5)C(C)(C)c5nc(=O)c7c(Cl)cccc7n5-6)CC4)CC3)no2)C(C)C)cc1,0.5910646070264992,96.0
Cc1ncsc1-c1ccc([C@H](C)NC(=O)[C@@H]2C[C@@H](O)CN2C(=O)[C@@H](c2cc(N3CCC(CN4CCC(c5cccc6c5C(C)(C)c5nc(=O)c7c(Cl)cccc7n5-6)CC4)CC3)no2)C(C)C)cc1,0.6434526764861874,94.0
Cc1ncsc1-c1ccc([C@H](C)NC(=O)[C@@H]2C[C@@H](O)CN2C(=O)[C@@H](c2cc(N3CCC(CN4CCC(c5cccc6c5C(C)(C)c5nc(=O)c7c(Cl)cccc7n5-6)CC4)CC3)no2)C(C)C)cc1,1.5440680443502757,84.0
Cc1ncsc1-c1ccc([C@H](C)NC(=O)[C@@H]2C[C@@H](O)CN2C(=O)[C@@H](c2cc(N3CCC(CN4CCC(c5ccc6c(c5)-n5c(nc(=O)c7c(Cl)cccc75)C6(C)C)CC4)CC3)no2)C(C)C)cc1,0.2304489213782739,97.0
Cc1ncsc1-c1ccc([C@H](C)NC(=O)[C@@H]2C[C@@H](O)CN2C(=O)[C@@H](c2cc(N3CCC(CN4CCC(c5ccc6c(c5)-n5c(nc(=O)c7c(Cl)cccc75)C6(C)C)CC4)CC3)no2)C(C)C)cc1,1.7993405494535817,69.0
Cc1ncsc1-c1ccc([C@H](C)NC(=O)[C@@H]2C[C@@H](O)CN2C(=O)[C@@H](NC(=O)[C@H]2CC[C@H](CN3CCC(c4ccc5c(c4)-n4c(nc(=O)c6c(Cl)cccc64)C5(C)C)CC3)CC2)C(C)(C)C)cc1,1.0,92.0
Cc1ncsc1-c1ccc([C@H](C)NC(=O)[C@@H]2C[C@@H](O)CN2C(=O)[C@@H](NC(=O)[C@H]2CC[C@H](CN3CCC(c4ccc5c(c4)-n4c(nc(=O)c6c(Br)cccc64)C5(C)C)CC3)CC2)C(C)(C)C)cc1,0.8061799739838872,93.0
Cc1ncsc1-c1ccc([C@H](C)NC(=O)[C@@H]2C[C@@H](O)CN2C(=O)[C@@H](n2cc([C@H]3CC[C@H](CN4CCC(c5ccc6c(c5)-n5c(nc(=O)c7c(Cl)cccc75)C6(C)C)CC4)CC3)nn2)C(C)(C)C)cc1,0.11394335230683678,97.0
Cc1ncsc1-c1ccc([C@H](C)NC(=O)[C@@H]2C[C@@H](O)CN2C(=O)[C@@H](n2cc([C@H]3CC[C@H](CN4CCC(c5ccc6c(c5)-n5c(nc(=O)c7c(Cl)cccc75)C6(C)C)CC4)CC3)nn2)C(C)(C)C)cc1,1.9731278535996986,68.0
Cc1ncsc1-c1ccc([C@H](C)NC(=O)[C@@H]2C[C@@H](O)CN2C(=O)[C@H](C(C)C)n2cc([C@H]3CC[C@H](CN4CCC(c5ccc6c(c5)-n5c(nc(=O)c7c(Cl)cccc75)C6(C)C)CC4)CC3)nn2)cc1,-0.5528419686577808,97.0
Cc1ncsc1-c1ccc([C@H](C)NC(=O)[C@@H]2C[C@@H](O)CN2C(=O)[C@H](C(C)C)n2cc([C@H]3CC[C@H](CN4CCC(c5ccc6c(c5)-n5c(nc(=O)c7c(Cl)cccc75)C6(C)C)CC4)CC3)nn2)cc1,1.0791812460476249,78.0
Cc1ncsc1-c1ccc([C@H](C)NC(=O)[C@@H]2C[C@@H](O)CN2C(=O)[C@H](C(C)C)n2cc([C@H]3CC[C@H](CN4CCC(c5ccc6c(c5)C(C)(C)c5nc(=O)c7c(Cl)cccc7n5-6)CC4)CC3)nn2)cc1,-0.6575773191777937,98.0
Cc1ncsc1-c1ccc([C@H](C)NC(=O)[C@@H]2C[C@@H](O)CN2C(=O)[C@H](C(C)C)n2cc([C@H]3CC[C@H](CN4CCC(c5ccc6c(c5)C(C)(C)c5nc(=O)c7c(Cl)cccc7n5-6)CC4)CC3)nn2)cc1,-0.07058107428570727,97.0
Cc1ncsc1-c1ccc([C@H](C)NC(=O)[C@@H]2C[C@@H](O)CN2C(=O)[C@@H](c2cc(O[C@H]3CC[C@H](CN4CCC(c5ccc6c(c5)-n5c(nc(=O)c7c(Cl)cccc75)C6(C)C)CC4)CC3)no2)C(C)C)cc1,-0.22914798835785583,99.0
Cc1ncsc1-c1ccc([C@H](C)NC(=O)[C@@H]2C[C@@H](O)CN2C(=O)[C@@H](c2cc(O[C@H]3CC[C@H](CN4CCC(c5ccc6c(c5)-n5c(nc(=O)c7c(Cl)cccc75)C6(C)C)CC4)CC3)no2)C(C)C)cc1,1.0791812460476249,92.0
COc1ccc(C2(SC[C@H](N)C(=O)NCCCCCCCCNC(=O)COc3cccc4c3C(=O)N(C3CCC(=O)NC3=O)C4=O)c3ccccc3C=Cc3ccccc32)cc1,2.059941888061955,90.0
O=C1CC[C@H](N2Cc3c(ccc4c3OCC43CCN(CCCC4CCN(c5ccc([C@@H]6c7ccc(O)cc7CC[C@@H]6c6ccccc6)cc5)CC4)CC3)C2=O)C(=O)N1,-1.4199878874705756,98.0
O=C1CC[C@H](N2Cc3c(ccc4c3OCC43CCN(CCCCC4CCN(c5ccc([C@@H]6c7ccc(O)cc7CC[C@@H]6c6ccccc6)cc5)CC4)CC3)C2=O)C(=O)N1,-1.5152731957013381,100.0
O=C1CC[C@H](N2Cc3c(ccc4c3OCC43CCN(CCCCCC4CCN(c5ccc([C@@H]6c7ccc(O)cc7CC[C@@H]6c6ccccc6)cc5)CC4)CC3)C2=O)C(=O)N1,-0.37613073164969774,100.0
O=C1CC[C@H](N2Cc3c(ccc4c3OCC43CCN(C(=O)CN4CCCC5(CCN(c6ccc([C@@H]7c8ccc(O)cc8CC[C@@H]7c7ccccc7)cc6)CC5)C4)CC3)C2=O)C(=O)N1,-0.6935749724493127,95.0
O=C1CC[C@H](N2Cc3c(ccc4c3OCC43CCN(C(=O)C4CCN(c5ccc([C@@H]6c7ccc(O)cc7CC[C@@H]6c6ccccc6)cc5)CC4)CC3)C2=O)C(=O)N1,-1.5575202309355514,82.0
O=C1CC[C@H](N2Cc3c(ccc4c3OCC43CCN(C(=O)CC4CCN(c5ccc([C@@H]6c7ccc(O)cc7CC[C@@H]6c6ccccc6)cc5)CC4)CC3)C2=O)C(=O)N1,-1.6103024517936142,86.0
O=C1CC[C@H](N2Cc3c(ccc4c3OCC43CCN(C(=O)CCC4CCN(c5ccc([C@@H]6c7ccc(O)cc7CC[C@@H]6c6ccccc6)cc5)CC4)CC3)C2=O)C(=O)N1,-0.9351677802614262,89.0
O=C1CC[C@H](N2Cc3c(ccc4c3OCC43CCN(C(=O)CN4CC5(C4)CN(c4ccc([C@@H]6c7ccc(O)cc7CC[C@@H]6c6ccccc6)cc4)C5)CC3)C2=O)C(=O)N1,-1.962972120244225,99.0
O=C1CC[C@H](N2Cc3c(ccc4c3OCC43CCN(C(=O)CN4CC5(CCN(c6ccc([C@@H]7c8ccc(O)cc8CC[C@@H]7c7ccccc7)cc6)CC5)C4)CC3)C2=O)C(=O)N1,-1.7340036295049208,100.0
O=C1CC[C@H](N2Cc3c(ccc4c3OCC43CCN(C(=O)CN4CCC5(CC4)CN(c4ccc([C@@H]6c7ccc(O)cc7CC[C@@H]6c6ccccc6)cc4)C5)CC3)C2=O)C(=O)N1,-1.4650858955701331,96.0
O=C1CC[C@H](N2Cc3c(ccc4c3OCC43CCN(C(=O)CN4CCC5(CCN(c6ccc([C@@H]7c8ccc(O)cc8CC[C@@H]7c7ccccc7)cc6)CC5)C4)CC3)C2=O)C(=O)N1,-1.5367043900379973,100.0
O=C1CC[C@H](N2Cc3c(ccc4c3OCC43CCN(C(=O)CN4CCC5(CC4)CCN(c4ccc([C@@H]6c7ccc(O)cc7CC[C@@H]6c6ccccc6)cc4)CC5)CC3)C2=O)C(=O)N1,-1.4417715781966742,100.0
O=C1CC[C@H](N2Cc3c(ccc4c3OCC43CCN(CC(=O)N4CC5(C4)CN(c4ccc([C@@H]6c7ccc(O)cc7CC[C@@H]6c6ccccc6)cc4)C5)CC3)C2=O)C(=O)N1,-1.8458804744841533,99.0
O=C1CC[C@H](N2Cc3c(ccc4c3OCC43CCN(CC(=O)N4CCC5(CC4)CN(c4ccc([C@@H]6c7ccc(O)cc7CC[C@@H]6c6ccccc6)cc4)C5)CC3)C2=O)C(=O)N1,-1.5934598195660448,100.0
O=C1CC[C@H](N2Cc3c(ccc4c3OCC43CCN(CC(=O)N4CC5(CCN(c6ccc([C@@H]7c8ccc(O)cc8CC[C@@H]7c7ccccc7)cc6)CC5)C4)CC3)C2=O)C(=O)N1,-1.4672456210075022,100.0
O=C1CC[C@H](N2Cc3c(ccc4c3OCC43CCN(CC(=O)N4CCC5(CCN(c6ccc([C@@H]7c8ccc(O)cc8CC[C@@H]7c7ccccc7)cc6)CC5)C4)CC3)C2=O)C(=O)N1,-1.3777859770337046,100.0
O=C1CC[C@H](N2Cc3c(ccc4c3OCC43CCN(CC(=O)N4CCC5(CC4)CCN(c4ccc([C@@H]6c7ccc(O)cc7CC[C@@H]6c6ccccc6)cc4)CC5)CC3)C2=O)C(=O)N1,-1.4391373052725351,100.0
O=C1CC[C@H](N2Cc3c(ccc4c3OCC43CCN(CC4CC5(C4)CN(c4ccc([C@@H]6c7ccc(O)cc7CC[C@@H]6c6ccccc6)cc4)C5)CC3)C2=O)C(=O)N1,-0.8060410219808132,81.0
O=C1CC[C@H](N2Cc3c(ccc4c3OCC43CCN(CC4CC5(CCN(c6ccc([C@@H]7c8ccc(O)cc8CC[C@@H]7c7ccccc7)cc6)CC5)C4)CC3)C2=O)C(=O)N1,-0.8309136425129773,87.0
O=C1CC[C@H](N2Cc3c(ccc4c3OCC43CCN(CC4CCC5(CC4)CN(c4ccc([C@@H]6c7ccc(O)cc7CC[C@@H]6c6ccccc6)cc4)C5)CC3)C2=O)C(=O)N1,-0.9574244875598095,95.0
O=C1CC[C@H](N2Cc3c(ccc4c3OCC43CCN(CC4CCC5(CCN(c6ccc([C@@H]7c8ccc(O)cc8CC[C@@H]7c7ccccc7)cc6)CC5)C4)CC3)C2=O)C(=O)N1,-0.8972233851165586,92.0
O=C1CCC(N2Cc3c(ccc4c3OCC43CCN(CC4COC5(CCN(c6ccc([C@@H]7c8ccc(O)cc8CC[C@@H]7c7ccccc7)cc6)CC5)C4)CC3)C2=O)C(=O)N1,-1.3912600809312121,79.0
O=C1CC[C@H](N2Cc3c(ccc4c3OCC43CCN(CC4CCC5(CCN(c6ccc([C@@H]7c8ccc(O)cc8CC[C@@H]7c7ccccc7)cc6)CC5)O4)CC3)C2=O)C(=O)N1,-0.21831641549264927,86.0
O=C1CC[C@H](N2Cc3c(ccc4c3OCC43CCN(CC4CC5(CCN(c6ccc([C@@H]7c8ccc(O)cc8CC[C@@H]7c7ccccc7)cc6)CC5)CO4)CC3)C2=O)C(=O)N1,-0.5179844235492883,94.0
O=C1CC[C@H](N2Cc3c(ccc4c3OCC43CCN(CC4COC5(CCN(c6ccc([C@@H]7c8ccc(O)cc8CC[C@@H]7c7ccccc7)cc6)CC5)OC4)CC3)C2=O)C(=O)N1,-0.775985188627136,100.0
O=C1CC[C@H](N2Cc3c(ccc4c3OCC43CCN(C[C@H]4CCC5(CCN(c6ccc([C@@H]7c8ccc(O)cc8CC[C@@H]7c7ccccc7)cc6)CC5)OC4)CC3)C2=O)C(=O)N1,-0.8471004036062526,100.0
NC(=O)c1cccc2cn(-c3ccc([C@@H]4CCCN(C(=O)CCCCCCCCNc5ccc6c(c5)C(=O)N(C5CCC(=O)NC5=O)C6=O)C4)cc3)nc12,3.3443922736851106,58.8
NC(=O)c1cccc2cn(-c3ccc([C@@H]4CCCN(C(=O)COCCOCCOCCOCCNc5ccc6c(c5)C(=O)N(C5CCC(=O)NC5=O)C6=O)C4)cc3)nc12,1.7781512503836436,78.9
NC(=O)c1cccc2cn(-c3ccc([C@@H]4CCCN(C(=O)COCCOCCOCCOCCOCCNc5ccc6c(c5)C(=O)N(C5CCC(=O)NC5=O)C6=O)C4)cc3)nc12,4.280805928393667,47.71
NC(=O)c1cccc2cn(-c3ccc([C@@H]4CCCN(C(=O)C5CCN(CC6CN(c7ccc8c(c7)C(=O)N(C7CCC(=O)NC7=O)C8=O)C6)CC5)C4)cc3)nc12,4.279894980011638,53.86
NC(=O)c1cccc2cn(-c3ccc([C@@H]4CCCN(C(=O)CC5CCN(CC6CCN(c7ccc8c(c7)C(=O)N(C7CCC(=O)NC7=O)C8=O)CC6)CC5)C4)cc3)nc12,4.19200959265367,59.38
NC(=O)c1cccc2cn(-c3ccc([C@@H]4CCCN(C(=O)CC5CCN(CCC6CCN(CC7CN(c8ccc9c(c8)C(=O)N(C8CCC(=O)NC8=O)C9=O)C7)CC6)CC5)C4)cc3)nc12,2.6989700043360187,83.57
NC(=O)c1cccc2cn(-c3ccc([C@@H]4CCCN(C(=O)CC5CCN(C(=O)CC6CCN(CC7CN(c8ccc9c(c8)C(=O)N(C8CCC(=O)NC8=O)C9=O)C7)CC6)CC5)C4)cc3)nc12,4.213252052196396,47.58
NC(=O)c1cccc2cn(-c3ccc([C@@H]4CCCN(C(=O)CC5CCN(CCC6CCN(CC7CCN(c8ccc9c(c8)C(=O)N(C8CCC(=O)NC8=O)C9=O)CC7)CC6)CC5)C4)cc3)nc12,1.6020599913279625,57.09
NC(=O)c1cccc2cn(-c3ccc([C@@H]4CCCN(C(=O)CC5CCN(C(=O)CC6CCN(CC7CCN(c8ccc9c(c8)C(=O)N(C8CCC(=O)NC8=O)C9=O)C7)CC6)CC5)C4)cc3)nc12,4.303196057420489,49.82
NC(=O)c1cccc2cn(-c3ccc([C@@H]4CCCN(CCC5CCN(CCC6CCN(CC7CN(c8ccc9c(c8)C(=O)N(C8CCC(=O)NC8=O)C9=O)C7)CC6)CC5)C4)cc3)nc12,1.4771212547196624,71.01
