252	1.20
	0.000000	0.000000	0.000000
mg-receptor_fixed_minim.pdb	8.023999	-1.350000	5.792000
mg-ligase_fixed_minim.pdb	-59.396000	-26.133499	-6.007000
2.356194	2.724429	-0.348782	36	229	235	5004.92
2.356194	2.724429	-0.348782	35	229	235	4674.83
1.308997	2.108018	1.311430	218	29	219	4561.40
-3.141593	0.899350	-2.069907	236	232	53	4523.32
-3.141593	0.899350	-2.069907	237	232	53	4472.84
-0.523599	1.247695	1.809890	206	16	48	4433.26
2.879793	0.419640	2.974122	48	20	242	4372.60
-2.879793	0.619654	-2.216909	238	225	46	4275.31
1.832596	0.370812	-2.547742	212	14	26	4230.83
2.879793	1.977582	0.969896	42	251	219	4218.36
2.879793	0.419640	2.974122	48	19	243	4195.37
-2.356194	0.674054	1.013609	209	37	229	4170.12
-2.879793	0.619654	-2.216909	238	224	46	4163.72
2.879793	0.419640	2.974122	48	19	244	4160.05
1.047198	2.704512	1.488683	216	45	234	4138.65
2.094395	1.741644	-2.695914	231	25	53	4107.95
1.570796	0.080730	-2.622036	190	24	8	4085.82
-2.094395	0.640596	-2.797608	237	219	43	4075.79
-2.879793	0.619654	-2.216909	238	224	47	4062.01
0.000000	1.574060	2.783565	207	15	8	3989.28
-1.308997	0.203748	0.590255	185	7	251	3985.06
-1.832596	1.195355	1.200319	210	6	218	3983.92
1.308997	2.108018	1.311430	217	29	219	3975.38
0.000000	1.242974	-2.977882	28	221	4	3912.71
1.308997	2.407836	1.410646	211	34	226	3894.35
-1.047198	1.545873	-1.877082	229	11	58	3878.69
-0.523599	2.587733	0.232235	219	25	223	3865.67
1.308997	2.108018	1.311430	218	30	219	3864.38
1.832596	2.984978	1.954446	198	34	247	3861.16
2.879793	0.899350	-2.069907	230	231	55	3844.60
0.261799	0.619654	-2.216909	240	52	18	3840.69
-2.356194	0.674054	1.013609	210	38	229	3838.80
0.523599	2.153910	-1.714959	42	242	25	3837.02
1.308997	2.704512	1.488683	205	38	235	3823.88
-1.570796	1.374601	-2.456031	30	4	224	3823.75
-3.141593	0.899350	-2.069907	235	232	53	3821.19
2.879793	1.846342	-1.796954	17	222	221	3818.65
2.879793	0.899350	-2.069907	231	231	54	3807.43
-0.785398	1.045978	0.343692	195	240	6	3792.89
2.094395	0.866395	-2.492918	224	12	38	3780.24
2.094395	0.866395	-2.492918	223	11	38	3776.81
-1.308997	0.203748	0.590255	185	8	251	3774.16
1.047198	2.295480	1.008277	210	25	220	3771.24
-0.261799	1.374601	-2.456031	231	15	17	3765.91
-2.094395	0.640596	-2.797608	236	219	44	3751.21
2.356194	2.863997	0.549740	6	45	17	3742.66
-3.141593	2.719179	-1.780644	223	217	232	3741.12
1.308997	2.704512	1.488683	206	38	235	3740.45
1.047198	2.295480	1.008277	209	25	220	3726.09
2.356194	2.724429	-0.348782	37	229	235	3725.63
-0.785398	1.168678	2.108595	207	27	35	3725.40
2.094395	1.741644	-2.695914	232	25	53	3725.11
-0.785398	2.587733	0.232235	242	38	22	3719.61
-1.308997	1.310100	1.488307	217	230	225	3696.55
2.094395	0.866395	-2.492918	224	11	38	3693.08
-1.308997	0.496451	0.593859	188	9	240	3692.69
-1.308997	0.496451	0.593859	188	8	240	3690.14
2.356194	0.290380	-0.796960	218	37	14	3687.01
1.832596	0.992645	-1.723759	218	15	26	3686.59
-0.523599	1.247695	1.809890	206	16	49	3681.77
-2.879793	0.080730	-2.622036	36	0	34	3680.78
-1.832596	0.496451	0.593859	200	33	238	3675.59
-1.570796	0.674054	1.013609	192	3	232	3674.09
1.047198	2.704512	1.488683	217	45	235	3670.72
-1.832596	0.496451	0.593859	199	33	238	3667.28
0.523599	0.379747	-1.713059	195	25	18	3663.50
-1.047198	1.545873	-1.877082	230	11	58	3657.83
-0.785398	1.045978	0.343692	195	241	6	3656.58
-0.261799	1.168678	2.108595	48	245	235	3649.15
-2.617994	0.080730	-2.622036	37	4	34	3647.08
2.879793	1.977582	0.969896	43	250	218	3647.07
1.832596	0.992645	-1.723759	218	15	25	3640.54
1.570796	2.704512	1.488683	196	26	237	3638.64
-2.879793	0.080730	-2.622036	36	0	33	3637.97
2.879793	2.396274	-1.959260	18	52	13	3627.47
-0.261799	1.374601	-2.456031	231	16	17	3622.59
1.047198	0.850607	-1.335383	210	15	239	3619.84
-1.047198	1.846342	-1.796954	221	8	53	3615.67
0.261799	0.619654	-2.216909	240	52	19	3615.10
-3.141593	2.881233	-2.582574	215	48	5	3605.82
2.879793	0.899350	-2.069907	231	231	53	3605.61
1.308997	2.704512	1.488683	206	39	235	3596.24
-0.785398	2.104282	-0.813972	48	245	238	3590.54
0.261799	0.619654	-2.216909	240	53	19	3589.69
1.832596	0.080730	-2.622036	236	33	219	3588.43
-1.832596	0.640596	-2.797608	211	38	251	3588.36
-2.094395	0.674054	1.013609	199	25	230	3587.17
1.047198	1.413430	2.550734	231	7	31	3587.14
-1.832596	1.696674	-1.253233	243	45	35	3573.70
-1.047198	1.545873	-1.877082	229	11	59	3563.15
0.785398	1.367556	0.358405	37	2	247	3557.19
2.356194	0.290380	-0.796960	219	37	14	3551.77
-2.617994	2.089241	-0.114193	239	230	61	3549.47
-2.094395	0.674054	1.013609	200	25	230	3542.11
-1.832596	1.696674	-1.253233	243	45	36	3541.30
2.617994	2.115563	0.685730	48	239	225	3534.98
1.570796	2.704512	1.488683	197	28	236	3533.05
2.356194	0.290380	-0.796960	218	38	14	3532.12
-2.094395	0.674054	1.013609	199	25	231	3529.64
2.617994	0.640596	-2.797608	36	21	234	3526.62
-3.141593	0.379747	-1.713059	246	218	44	3521.78
1.570796	2.704512	1.488683	196	27	237	3520.47
-2.356194	0.906588	1.252948	218	32	220	3520.22
1.047198	2.704512	1.488683	216	45	235	3518.25
-2.617994	0.080730	-2.622036	37	3	34	3514.71
-2.094395	2.760637	2.781135	227	2	25	3511.23
2.094395	2.984978	1.954446	190	24	248	3506.46
1.570796	0.080730	-2.622036	190	23	8	3503.57
2.356194	0.640596	-2.797608	45	16	224	3498.11
-2.617994	1.846342	-1.796954	235	29	35	3497.18
1.047198	0.850607	-1.335383	209	15	239	3496.10
1.308997	2.407836	1.410646	210	34	226	3489.92
-0.785398	2.089241	-0.114193	42	235	6	3483.34
-1.047198	1.846342	-1.796954	220	8	54	3481.96
2.094395	0.370812	-2.547742	47	18	230	3479.89
1.308997	1.809167	1.213774	226	23	214	3479.73
-1.308997	0.496451	0.593859	188	10	241	3475.45
-1.047198	0.700570	1.559208	212	213	9	3471.92
1.832596	0.370812	-2.547742	212	14	27	3471.67
2.879793	1.766067	2.153843	2	225	49	3471.21
-2.617994	0.080730	-2.622036	36	4	34	3470.15
0.261799	1.569311	-3.003978	31	219	16	3463.49
-1.047198	0.370812	-2.547742	15	28	236	3461.57
-3.141593	2.719179	-1.780644	223	218	232	3460.87
-2.617994	2.760637	2.781135	186	235	6	3459.78
0.523599	2.979456	-1.009304	21	44	3	3459.57
-3.141593	2.719179	-1.780644	224	217	232	3456.67
-2.879793	2.115563	0.685730	32	1	205	3454.44
0.523599	2.704512	1.488683	216	7	28	3451.35
2.879793	1.846342	-1.796954	17	222	222	3446.14
-2.617994	2.760637	2.781135	186	236	5	3441.95
1.832596	0.992645	-1.723759	218	16	26	3441.91
-0.261799	0.290380	-0.796960	190	21	8	3441.63
1.047198	0.850607	-1.335383	211	15	239	3441.28
-3.141593	2.153910	-1.714959	19	48	17	3440.30
2.879793	1.977582	0.969896	42	251	218	3438.51
1.308997	2.407836	1.410646	210	34	227	3438.34
2.617994	1.325504	-1.671296	35	248	245	3437.62
1.047198	2.295480	1.008277	209	25	221	3437.13
-0.261799	0.080730	-2.622036	50	14	41	3435.94
-0.785398	2.089241	-0.114193	43	234	6	3434.05
2.094395	0.370812	-2.547742	209	5	29	3432.54
-3.141593	2.396274	-1.959260	9	55	13	3425.41
-2.617994	2.579248	-2.364801	202	33	20	3418.78
-2.094395	0.080730	-2.622036	215	38	12	3416.22
0.785398	0.866955	-0.931351	223	14	35	3415.70
-0.785398	0.496451	0.593859	190	233	242	3404.72
-2.617994	0.674054	1.013609	244	215	50	3403.67
-2.094395	0.640596	-2.797608	236	220	44	3398.95
-2.879793	1.904882	-1.478089	206	220	0	3397.21
-2.617994	1.846342	-1.796954	234	29	35	3397.04
-2.879793	0.080730	-2.622036	35	1	34	3396.89
2.879793	0.640596	-2.797608	220	245	34	3390.99
2.356194	0.866395	-2.492918	218	2	44	3388.79
0.523599	2.164094	-2.991358	238	237	50	3387.75
-0.523599	2.587733	0.232235	219	26	222	3385.21
0.261799	0.850607	-1.335383	2	2	60	3384.63
1.832596	2.704512	1.488683	218	221	241	3383.26
2.094395	0.571433	-1.188419	229	217	236	3380.17
-0.523599	2.138223	1.678323	59	237	231	3379.51
0.523599	0.379747	-1.713059	195	26	17	3376.16
0.000000	1.242974	-2.977882	29	221	4	3374.34
2.617994	0.640596	-2.797608	35	21	234	3373.47
-1.308997	0.203748	0.590255	186	9	251	3369.92
-0.261799	0.290380	-0.796960	190	22	8	3367.20
1.570796	2.637879	2.121598	221	49	241	3366.49
-2.617994	1.836682	-0.676006	191	239	235	3362.44
0.261799	2.396274	-1.959260	229	34	251	3362.34
0.000000	0.379747	-1.713059	228	54	10	3361.53
-2.356194	1.766067	2.153843	203	217	14	3361.15
0.785398	0.615174	-0.666022	219	35	232	3356.56
-1.832596	0.203748	0.590255	196	33	249	3356.02
-2.094395	1.699788	2.452890	211	230	20	3353.37
2.879793	1.766067	2.153843	3	225	49	3348.61
-1.832596	0.496451	0.593859	199	32	238	3344.57
-2.617994	2.760637	2.781135	186	235	5	3344.45
1.308997	0.379747	-1.713059	189	239	21	3342.43
2.356194	2.863997	0.549740	6	45	18	3342.15
-0.785398	2.104282	-0.813972	49	245	238	3340.00
-1.832596	2.180315	-1.357379	217	24	51	3336.60
1.570796	1.113094	-0.272241	46	239	21	3335.67
2.617994	0.640596	-2.797608	36	20	236	3335.24
-1.570796	1.301460	-0.509251	218	248	32	3335.22
2.879793	0.961715	0.014085	44	226	3	3334.17
-1.047198	2.979456	-1.009304	217	232	41	3332.90
1.570796	2.356369	3.005869	214	219	225	3329.43
-0.785398	0.203748	0.590255	35	221	15	3326.77
1.308997	1.809167	1.213774	226	23	215	3326.75
-2.356194	0.906588	1.252948	219	32	220	3325.85
0.523599	1.413347	-1.339188	45	11	222	3325.69
-2.879793	2.579248	-2.364801	213	41	19	3325.62
-0.523599	1.504028	0.636812	245	237	66	3324.07
-1.832596	2.396274	-1.959260	29	6	197	3320.36
0.523599	2.704512	1.488683	216	7	27	3319.95
1.832596	0.899350	-2.069907	210	16	228	3318.58
-3.141593	2.396274	-1.959260	10	56	13	3313.62
2.356194	1.812176	0.656819	235	218	45	3313.52
2.094395	0.370812	-2.547742	47	17	231	3312.78
1.308997	1.875281	0.107086	19	207	234	3309.85
-3.141593	0.370812	-2.547742	220	224	35	3307.13
-2.617994	2.396274	-1.959260	221	42	23	3306.76
-1.832596	1.696674	-1.253233	242	45	36	3306.40
-2.879793	2.115563	0.685730	32	2	205	3305.77
0.785398	0.379747	-1.713059	190	14	19	3305.20
-0.785398	0.914445	2.687814	47	237	1	3304.91
2.094395	2.588535	-2.976617	220	217	221	3303.77
1.308997	0.203748	0.590255	3	215	41	3301.90
-2.617994	1.846342	-1.796954	234	29	34	3301.88
-0.785398	2.104282	-0.813972	48	245	237	3296.48
-1.832596	1.014500	0.906702	206	19	221	3295.60
-2.356194	0.674054	1.013609	209	38	229	3293.94
0.785398	0.379747	-1.713059	190	13	18	3292.54
0.785398	0.379747	-1.713059	189	13	19	3292.39
0.000000	1.574060	2.783565	207	15	9	3291.59
-2.094395	2.579248	-2.364801	189	11	22	3289.82
-0.261799	1.168678	2.108595	48	248	239	3289.78
2.617994	2.719179	-1.780644	229	35	224	3287.94
2.617994	2.180315	-1.357379	11	214	238	3286.75
2.879793	2.396274	-1.959260	19	52	13	3284.82
2.094395	1.741644	-2.695914	231	24	53	3283.96
-1.308997	1.247695	1.809890	229	36	44	3283.16
1.570796	1.872854	1.543456	49	239	251	3282.23
2.617994	1.875281	0.107086	40	246	222	3281.95
-3.141593	2.001437	0.381215	37	3	214	3280.14
2.879793	0.674054	1.013609	218	226	45	3278.65
2.094395	0.906588	1.252948	213	236	231	3277.81
-0.523599	1.247695	1.809890	206	16	47	3274.37
-3.141593	2.881233	-2.582574	215	48	6	3273.37
-1.047198	0.700570	1.559208	212	212	9	3273.23
2.356194	0.640596	-2.797608	45	15	225	3272.14
-0.261799	1.045978	0.343692	232	29	21	3269.81
-1.308997	2.063651	-2.044600	228	18	219	3269.59
2.617994	2.396274	-1.959260	11	208	242	3268.63
-1.832596	1.310100	1.488307	210	244	221	3268.53
-0.523599	1.504028	0.636812	244	237	66	3267.12
1.832596	2.704512	1.488683	196	1	19	3263.36
-1.570796	0.992645	-1.723759	53	18	26	3262.20
-2.617994	1.574060	2.783565	25	224	22	3259.06
2.617994	1.450119	-2.739050	209	7	58	3257.62
1.570796	2.984978	1.954446	210	46	245	3257.62
1.832596	1.195355	1.200319	45	2	251	3256.18
1.570796	2.108018	1.311430	45	17	40	3254.63
-1.308997	1.904882	-1.478089	246	33	20	3248.45
2.617994	1.325504	-1.671296	36	248	246	3247.77
1.047198	2.592629	0.909713	200	25	229	3247.53
-2.879793	2.063651	-2.044600	230	34	32	3245.34
1.047198	1.977582	0.969896	223	22	213	3244.47
2.094395	0.619654	-2.216909	215	245	36	3238.84
-1.832596	1.335669	0.897240	42	234	0	3237.27
2.879793	1.555207	1.708892	241	222	57	3236.49
-1.832596	2.180315	-1.357379	218	25	51	3234.03
1.308997	1.977582	0.969896	216	14	215	3232.17
1.047198	1.977582	0.969896	219	18	214	3231.55
2.617994	1.325504	-1.671296	35	248	246	3231.22
2.356194	1.134497	-1.109631	247	212	49	3231.11
0.000000	1.545873	-1.877082	222	13	36	3230.91
-1.832596	1.195355	1.200319	209	6	218	3230.45
-2.617994	0.418037	1.360082	205	39	239	3229.59
-2.356194	2.187132	-0.479875	197	230	240	3227.27
0.261799	0.992645	-1.723759	231	225	47	3227.16
2.094395	0.906588	1.252948	213	235	231	3226.89
-2.094395	0.906588	1.252948	201	15	224	3226.00
0.785398	0.640596	-2.797608	222	36	237	3224.93
-1.832596	2.180315	-1.357379	218	25	50	3224.63
-2.094395	1.014500	0.906702	213	29	219	3224.01
-1.570796	1.301460	-0.509251	218	247	32	3223.62
0.785398	1.135834	-1.431087	224	36	238	3223.59
1.832596	2.984978	1.954446	198	34	246	3223.38
2.356194	1.617114	-1.572037	243	218	215	3220.73
-3.141593	2.001437	0.381215	34	1	216	3218.20
-2.094395	0.906588	1.252948	201	15	225	3217.40
1.308997	1.014500	0.906702	50	224	231	3215.84
-0.261799	1.195355	1.200319	250	202	198	3215.78
-1.308997	1.904882	-1.478089	246	33	21	3215.53
-2.094395	1.014500	0.906702	214	29	219	3215.18
-3.141593	0.370812	-2.547742	219	224	35	3214.77
2.617994	1.875281	0.107086	39	246	223	3214.61
-0.785398	1.846342	-1.796954	217	243	227	3213.55
-1.047198	1.846342	-1.796954	221	9	54	3212.32
0.523599	1.247695	1.809890	45	7	26	3212.27
-1.308997	2.041297	-2.664597	224	234	49	3211.79
-1.047198	0.370812	-2.547742	14	28	236	3211.30
1.570796	1.113094	-0.272241	45	239	22	3209.36
-2.094395	1.195355	1.200319	211	12	217	3209.17
0.523599	0.379747	-1.713059	194	25	17	3208.72
-2.094395	1.014500	0.906702	211	25	221	3207.87
1.047198	1.977582	0.969896	224	22	213	3207.82
0.523599	1.504028	0.636812	40	5	249	3205.68
1.308997	0.297065	2.160177	51	16	30	3205.13
-2.356194	0.906588	1.252948	11	42	15	3204.29
2.879793	0.762244	-0.273349	184	0	233	3202.67
-0.523599	1.696674	-1.253233	201	8	46	3202.20
0.261799	0.850607	-1.335383	1	2	60	3201.09
1.570796	1.113094	-0.272241	46	239	22	3200.44
2.617994	0.866395	-2.492918	231	8	43	3199.78
2.617994	0.866395	-2.492918	231	7	43	3199.55
2.617994	1.875281	0.107086	236	43	30	3198.02
-1.570796	1.135813	-2.658866	26	13	227	3196.76
1.047198	2.863997	0.549740	53	16	243	3196.00
1.570796	0.080730	-2.622036	189	23	9	3195.39
-3.141593	0.370812	-2.547742	219	224	36	3195.27
-2.617994	1.214854	-1.966664	42	231	49	3193.72
-3.141593	0.379747	-1.713059	246	218	43	3193.57
1.308997	1.195355	1.200319	221	19	227	3191.62
-2.094395	2.396274	-1.959260	15	35	16	3190.86
1.308997	1.184361	0.625864	38	233	211	3190.58
2.879793	2.863997	0.549740	236	242	44	3190.48
1.308997	1.195355	1.200319	222	20	226	3188.75
1.047198	1.506530	1.988858	216	239	35	3187.21
2.094395	2.456751	-1.503343	53	10	245	3187.03
1.832596	2.984978	1.954446	198	35	246	3186.19
1.308997	2.404280	-0.174044	12	200	251	3184.79
0.261799	2.396274	-1.959260	228	34	251	3184.61
-1.047198	0.640596	-2.797608	21	27	240	3183.90
1.570796	1.872854	1.543456	49	240	251	3181.76
-1.570796	1.374601	-2.456031	30	5	224	3181.12
-1.832596	1.195355	1.200319	211	7	218	3179.51
-2.617994	0.674054	1.013609	243	215	50	3176.58
-2.617994	2.664082	-1.071402	214	218	238	3176.55
2.617994	1.756530	-2.105156	39	6	238	3175.48
2.094395	1.135813	-2.658866	230	22	41	3174.89
-1.832596	0.203748	0.590255	196	33	248	3174.78
0.000000	1.766067	2.153843	191	236	43	3174.52
-1.308997	2.063651	-2.044600	228	18	218	3173.60
-1.570796	0.864993	2.278281	240	45	23	3170.68
1.047198	2.407836	1.410646	219	40	225	3169.08
2.356194	1.134497	-1.109631	248	213	49	3168.72
-0.785398	2.089241	-0.114193	44	234	6	3168.55
-2.879793	2.063651	-2.044600	230	34	33	3167.56
-3.141593	0.496451	0.593859	213	205	247	3167.46
-0.785398	1.168678	2.108595	208	28	35	3166.29
0.785398	1.658653	-2.409879	237	245	67	3166.24
0.000000	1.574060	2.783565	206	15	9	3164.40
0.261799	2.979456	-1.009304	32	39	3	3160.97
1.047198	1.413430	2.550734	231	6	31	3160.30
-1.047198	0.496451	0.593859	187	247	240	3160.28
-3.141593	0.619654	-2.216909	234	224	47	3159.46
0.523599	2.153910	-1.714959	42	242	26	3158.88
-1.047198	0.496451	0.593859	187	248	240	3158.46
1.832596	2.187132	-0.479875	33	220	242	3157.21
1.047198	2.138223	1.678323	213	247	19	3156.63
-2.356194	0.203748	0.590255	230	58	243	3156.53
-1.047198	0.700570	1.559208	211	211	10	3156.09
2.094395	0.906588	1.252948	214	236	231	3152.68
1.308997	0.297065	2.160177	51	15	30	3151.22
-0.261799	1.168678	2.108595	48	247	239	3151.07
1.308997	0.297065	2.160177	51	16	29	3150.94
0.000000	0.899350	-2.069907	242	44	26	3150.33
1.570796	1.506530	1.988858	46	231	11	3150.19
2.879793	1.766067	2.153843	3	225	50	3145.44
-2.617994	1.756530	-2.105156	41	244	8	3145.13
1.832596	2.356369	3.005869	227	215	223	3144.15
1.832596	2.979456	-1.009304	205	25	22	3144.13
2.356194	1.128190	-2.288622	222	247	58	3142.67
-2.617994	1.756530	-2.105156	41	244	9	3142.30
-3.141593	2.396274	-1.959260	9	56	13	3140.46
-3.141593	0.379747	-1.713059	245	218	44	3140.10
1.047198	1.413430	2.550734	231	7	32	3138.33
-2.094395	0.496451	0.593859	212	44	237	3137.92
2.094395	2.456751	-1.503343	52	11	245	3137.41
0.261799	0.992645	-1.723759	231	225	46	3137.04
-1.047198	1.554776	0.100351	241	31	224	3136.30
2.617994	2.579248	-2.364801	14	58	9	3136.14
1.832596	1.599406	1.426070	47	237	3	3135.61
0.000000	2.251330	-2.330739	212	23	204	3135.52
0.261799	0.685216	-1.712745	208	32	22	3135.25
-1.832596	1.310100	1.488307	210	244	222	3134.84
1.570796	2.984978	1.954446	209	45	245	3134.67
0.785398	1.812176	0.656819	212	30	248	3133.07
-3.141593	2.073035	2.027405	3	241	54	3132.02
-2.879793	2.115563	0.685730	33	1	205	3129.96
1.308997	2.863997	0.549740	233	205	36	3128.75
-0.523599	1.696674	-1.253233	201	8	47	3128.68
2.617994	2.115563	0.685730	48	238	224	3127.77
-3.141593	2.073035	2.027405	3	241	55	3126.48
1.308997	0.591903	2.010408	199	231	247	3126.46
-1.832596	1.014500	0.906702	205	18	221	3125.49
2.879793	1.325504	-1.671296	36	0	245	3124.24
-1.832596	1.310100	1.488307	209	244	222	3122.90
0.000000	0.899350	-2.069907	243	45	26	3122.85
2.879793	0.674054	1.013609	217	226	45	3121.77
-0.523599	2.587733	0.232235	219	26	223	3121.53
1.047198	1.134497	-1.109631	7	209	37	3118.78
-1.047198	2.379497	0.561089	23	224	19	3118.32
0.785398	1.367556	0.358405	37	2	248	3117.63
0.785398	0.290380	-0.796960	194	221	12	3116.91
-2.356194	1.766067	2.153843	203	216	14	3116.11
-1.308997	1.045978	0.343692	10	37	225	3115.58
-3.141593	1.977582	0.969896	45	2	219	3115.51
-2.617994	2.063651	-2.044600	223	33	31	3114.95
1.308997	1.413430	2.550734	216	220	24	3114.87
-3.141593	2.295480	1.008277	22	239	202	3114.87
1.570796	1.367556	0.358405	18	215	20	3113.14
-0.523599	2.863997	0.549740	32	227	250	3111.59
-2.356194	0.203748	0.590255	230	57	243	3110.56
0.785398	1.367556	0.358405	36	2	247	3110.04
-3.141593	2.073035	2.027405	3	240	55	3109.91
0.000000	0.899350	-2.069907	241	44	27	3109.53
0.785398	1.599406	1.426070	208	28	242	3109.46
-3.141593	2.881233	-2.582574	215	47	5	3109.36
-1.832596	2.089241	-0.114193	18	206	19	3108.44
-3.141593	1.824694	1.850876	249	232	57	3108.11
-1.832596	1.014500	0.906702	205	19	221	3107.93
-1.570796	0.496451	0.593859	194	24	238	3107.59
2.617994	2.579248	-2.364801	15	58	9	3106.02
2.356194	0.640596	-2.797608	45	16	225	3106.01
1.832596	1.699788	2.452890	9	47	243	3105.05
-0.785398	2.579248	-2.364801	8	48	208	3104.96
0.261799	1.569311	-3.003978	31	218	16	3103.41
-1.570796	1.134497	-1.109631	244	39	36	3103.37
-2.094395	2.579248	-2.364801	190	11	22	3103.07
-0.523599	2.579248	-2.364801	246	42	1	3102.14
-1.570796	2.356369	3.005869	221	214	41	3099.01
1.832596	0.370812	-2.547742	212	15	27	3098.73
2.617994	2.404280	-0.174044	39	237	40	3098.59
2.879793	0.733948	3.021411	48	21	235	3094.92
0.785398	0.615174	-0.666022	219	36	232	3094.63
1.832596	2.164094	-2.991358	219	220	215	3094.07
-0.785398	1.168678	2.108595	207	27	36	3092.09
-2.094395	1.195355	1.200319	211	12	218	3090.22
-1.832596	2.881233	-2.582574	186	241	11	3090.09
-0.523599	1.214854	-1.966664	26	211	5	3088.69
-2.617994	2.579248	-2.364801	202	32	20	3088.23
-0.785398	2.041297	-2.664597	213	23	209	3086.61
0.261799	2.664082	-1.071402	19	47	6	3086.30
1.570796	1.135813	-2.658866	231	25	46	3086.22
-1.308997	1.025536	1.576859	12	248	64	3086.00
-1.047198	0.370812	-2.547742	15	28	237	3085.85
-1.308997	1.904882	-1.478089	245	33	21	3085.20
-0.785398	1.247695	1.809890	245	206	19	3084.55
0.523599	2.396274	-1.959260	31	221	13	3084.43
-1.832596	1.128190	-2.288622	26	246	210	3083.13
2.356194	1.809167	1.213774	249	35	223	3083.02
-1.047198	2.251330	-2.330739	250	202	37	3082.33
1.308997	1.195355	1.200319	221	20	226	3081.84
2.617994	2.251330	-2.330739	215	234	204	3081.42
0.785398	2.063651	-2.044600	44	231	5	3079.13
1.832596	1.599406	1.426070	46	238	2	3077.16
-0.261799	0.571433	-1.188419	223	234	40	3076.51
0.261799	1.413347	-1.339188	226	42	6	3076.41
-2.356194	0.080730	-2.622036	38	5	34	3076.09
-2.617994	2.073035	2.027405	230	249	39	3075.79
1.047198	1.134497	-1.109631	7	208	37	3075.44
-1.308997	1.310100	1.488307	218	230	225	3074.82
2.094395	2.724429	-0.348782	32	222	235	3074.58
1.047198	2.343981	-1.040456	20	47	229	3073.50
0.000000	1.242974	-2.977882	29	220	4	3073.01
2.094395	2.187132	-0.479875	36	226	241	3072.21
0.261799	1.836682	-0.676006	238	208	32	3071.06
0.261799	2.295480	1.008277	2	49	210	3069.28
0.261799	2.295480	1.008277	1	49	210	3069.03
-0.785398	2.579248	-2.364801	8	47	208	3068.52
0.785398	2.187132	-0.479875	248	239	204	3068.37
-2.094395	0.906588	1.252948	212	22	222	3066.85
-1.570796	1.135813	-2.658866	26	13	226	3065.80
1.308997	1.977582	0.969896	217	15	215	3063.50
-2.356194	0.733948	3.021411	211	218	40	3063.33
1.570796	2.979456	-1.009304	225	226	30	3063.05
-1.047198	2.063651	-2.044600	18	28	188	3061.73
-1.047198	2.063651	-2.044600	227	209	31	3059.98
2.356194	1.134497	-1.109631	247	213	49	3059.73
0.261799	2.979456	-1.009304	32	37	3	3059.06
-2.879793	1.756530	-2.105156	8	215	41	3057.55
-2.617994	2.153910	-1.714959	233	38	27	3056.95
-0.785398	2.587733	0.232235	241	38	23	3056.63
-1.570796	2.979456	-1.009304	47	240	2	3056.22
2.617994	0.866395	-2.492918	230	8	43	3054.72
-0.785398	0.419640	2.974122	194	16	14	3054.44
-0.261799	2.407836	1.410646	0	200	19	3054.36
2.879793	0.297065	2.160177	49	246	0	3054.23
-0.261799	1.014500	0.906702	25	37	28	3053.69
-2.879793	1.736875	3.023612	191	235	49	3052.49
-0.785398	0.203748	0.590255	34	221	15	3052.44
-1.570796	1.135813	-2.658866	27	13	226	3052.17
-2.879793	2.138223	1.678323	224	231	34	3051.99
-0.785398	1.214854	-1.966664	19	206	4	3051.81
1.832596	1.545873	-1.877082	44	247	18	3050.78
2.617994	1.450119	-2.739050	208	7	57	3050.56
-2.356194	2.396274	-1.959260	210	33	25	3050.02
0.785398	2.760637	2.781135	197	240	229	3049.25
-0.523599	2.579248	-2.364801	247	42	0	3048.23
-1.570796	1.545873	-1.877082	21	7	211	3047.89
0.000000	1.545873	-1.877082	222	14	36	3047.72
-1.570796	1.545873	-1.877082	37	239	214	3047.48
-2.094395	0.080730	-2.622036	37	9	34	3047.46
-2.617994	2.153910	-1.714959	233	39	27	3047.26
2.617994	2.115563	0.685730	47	239	224	3045.48
-2.094395	0.203748	0.590255	208	45	247	3042.86
-0.261799	0.850607	-1.335383	223	236	238	3042.24
2.879793	2.396274	-1.959260	18	51	13	3041.47
-0.523599	2.063651	-2.044600	250	34	21	3041.37
-1.047198	0.899350	-2.069907	9	227	47	3041.28
-3.141593	0.619654	-2.216909	234	225	46	3041.02
-2.094395	1.195355	1.200319	211	13	218	3039.24
-2.879793	0.370812	-2.547742	35	6	36	3039.03
2.356194	1.699788	2.452890	244	215	36	3038.97
0.000000	2.153910	-1.714959	231	233	220	3038.42
-0.523599	1.545873	-1.877082	25	38	23	3037.58
0.523599	1.977582	0.969896	0	37	204	3037.35
1.308997	1.242974	-2.977882	45	236	1	3036.64
1.570796	1.504028	0.636812	21	212	13	3036.56
0.785398	0.619654	-2.216909	204	29	27	3036.37
1.570796	1.506530	1.988858	20	38	228	3036.32
0.261799	1.569311	-3.003978	31	219	15	3035.76
-1.308997	2.588535	-2.976617	224	250	222	3035.01
2.356194	2.349581	-2.702517	216	10	21	3034.02
-1.570796	0.458961	-0.107937	218	6	227	3033.17
0.000000	0.496451	0.593859	13	214	27	3032.91
-2.094395	0.080730	-2.622036	215	38	11	3029.95
1.570796	2.164094	-2.991358	212	228	213	3029.79
1.832596	1.699788	2.452890	8	47	243	3029.49
-2.356194	2.295480	1.008277	212	250	63	3029.32
0.000000	0.418037	1.360082	223	31	28	3029.29
0.261799	1.374601	-2.456031	45	7	235	3029.17
-0.785398	1.617114	-1.572037	215	12	55	3028.76
-0.261799	0.418037	1.360082	233	35	27	3028.60
1.047198	1.301460	-0.509251	240	48	224	3028.52
0.785398	1.756530	-2.105156	25	38	230	3028.07
2.356194	1.256302	0.062705	197	20	44	3028.05
2.094395	2.863997	0.549740	38	43	0	3027.21
2.879793	2.073035	2.027405	3	235	55	3027.12
-1.308997	0.297065	2.160177	223	213	23	3026.49
-1.570796	2.588535	-2.976617	229	2	27	3025.54
2.617994	2.579248	-2.364801	15	57	9	3025.37
0.000000	0.685216	-1.712745	224	46	19	3025.16
-0.523599	2.863997	0.549740	31	227	251	3025.13
2.879793	0.685216	-1.712745	243	225	49	3025.09
1.047198	1.824694	1.850876	208	4	221	3024.74
2.356194	0.992645	-1.723759	230	15	200	3024.70
-1.047198	0.674054	1.013609	36	228	9	3024.37
1.308997	0.591903	2.010408	198	229	247	3023.78
0.785398	1.184361	0.625864	17	203	4	3023.37
1.308997	1.506530	1.988858	220	233	36	3023.13
0.261799	0.640596	-2.797608	247	31	218	3022.47
1.832596	2.455966	-0.641220	34	222	241	3021.65
1.308997	1.413430	2.550734	217	220	25	3021.64
-1.570796	0.733948	3.021411	216	40	7	3021.07
2.356194	2.349581	-2.702517	216	11	21	3020.97
-3.141593	1.555207	1.708892	236	2	46	3018.68
2.879793	0.733948	3.021411	49	21	235	3018.42
2.356194	0.960688	-0.577532	14	218	45	3018.35
-0.261799	1.510910	-0.740472	25	206	21	3018.07
-1.047198	0.297065	2.160177	34	13	245	3018.06
-0.261799	0.418037	1.360082	234	35	27	3017.91
-2.617994	2.247462	0.191623	189	4	6	3017.45
-1.832596	0.203748	0.590255	196	34	248	3016.57
0.000000	1.214854	-1.966664	233	31	32	3016.39
-0.261799	1.195355	1.200319	250	202	199	3016.38
0.261799	0.080730	-2.622036	20	201	0	3015.99
0.000000	0.619654	-2.216909	0	54	17	3014.63
-2.617994	2.247462	0.191623	189	4	5	3014.54
2.356194	2.588535	-2.976617	234	209	225	3013.40
-2.879793	2.881233	-2.582574	205	42	5	3013.32
-0.785398	1.846342	-1.796954	220	250	226	3013.27
-2.094395	1.699788	2.452890	211	229	20	3013.22
0.000000	1.310100	1.488307	232	29	48	3012.40
-0.523599	1.696674	-1.253233	201	9	46	3012.19
-2.879793	1.184361	0.625864	9	203	36	3011.90
1.047198	2.724429	-0.348782	4	202	4	3011.77
-0.261799	2.407836	1.410646	0	200	18	3011.68
2.617994	1.450119	-2.739050	209	7	57	3011.33
-0.523599	1.846342	-1.796954	214	250	55	3011.29
1.570796	1.998705	2.370472	228	204	48	3010.29
1.832596	0.080730	-2.622036	236	32	219	3010.16
1.308997	2.180315	-1.357379	40	204	30	3009.89
-1.308997	1.214854	-1.966664	7	14	211	3009.71
2.094395	0.571433	-1.188419	228	217	236	3009.69
0.000000	0.379747	-1.713059	229	54	10	3009.24
2.356194	2.587733	0.232235	209	28	6	3009.15
-1.308997	1.846342	-1.796954	239	222	50	3009.09
1.570796	1.504028	0.636812	21	212	12	3008.99
-2.617994	1.756530	-2.105156	41	243	8	3008.31
-2.617994	1.195355	1.200319	231	34	211	3007.74
0.785398	1.440580	2.260026	209	242	26	3007.52
-0.785398	2.343981	-1.040456	226	222	47	3007.42
-1.832596	2.343981	-1.040456	38	200	8	3007.36
-0.523599	0.080730	-2.622036	202	234	19	3007.22
0.785398	1.545873	-1.877082	29	35	218	3007.18
-2.879793	1.904882	-1.478089	206	221	0	3006.86
1.570796	2.984978	1.954446	209	44	245	3006.54
2.879793	0.379747	-1.713059	39	10	32	3006.23
0.523599	0.866395	-2.492918	234	44	238	3005.04
1.308997	1.014500	0.906702	41	231	16	3004.50
-0.785398	0.203748	0.590255	35	222	15	3004.38
-1.308997	0.733948	3.021411	211	241	217	3004.20
-0.261799	0.379747	-1.713059	241	58	8	3003.80
0.261799	2.138223	1.678323	40	247	10	3003.67
-1.047198	2.187132	-0.479875	44	229	248	3003.49
0.523599	0.733948	3.021411	34	222	13	3002.95
-1.047198	2.396274	-1.959260	32	30	198	3002.64
1.308997	0.709924	0.218797	35	234	219	3002.30
2.094395	2.588535	-2.976617	225	215	224	3001.49
-2.356194	2.174483	2.653697	61	15	13	3001.11
-1.308997	1.045978	0.343692	10	37	226	2999.07
2.356194	1.391910	3.030322	228	47	26	2998.91
2.356194	2.588535	-2.976617	233	210	225	2998.73
1.308997	0.591903	2.010408	198	230	247	2998.68
0.785398	0.866955	-0.931351	223	13	35	2998.67
0.785398	2.174483	2.653697	40	38	0	2998.12
0.785398	2.180315	-1.357379	15	212	222	2997.47
2.094395	0.929350	-2.910676	223	29	38	2997.35
1.570796	2.356369	3.005869	213	219	225	2997.32
-1.047198	0.591903	2.010408	238	43	22	2997.07
1.047198	1.869911	2.701025	211	236	19	2996.76
2.094395	0.929350	-2.910676	223	30	38	2995.26
-2.094395	1.836682	-0.676006	205	215	238	2994.56
0.523599	1.134796	2.434290	246	204	251	2993.01
-2.879793	2.063651	-2.044600	230	35	32	2991.50
-3.141593	1.998705	2.370472	54	19	250	2991.39
2.094395	0.615174	-0.666022	198	248	237	2990.91
2.356194	1.413347	-1.339188	249	226	54	2990.87
0.261799	1.846342	-1.796954	22	218	38	2990.82
-0.261799	0.418037	1.360082	234	34	27	2990.37
-2.094395	0.203748	0.590255	209	46	247	2988.93
1.308997	2.984978	1.954446	221	49	245	2988.89
0.523599	2.295480	1.008277	215	248	32	2988.82
-2.879793	2.089241	-0.114193	51	16	229	2988.81
-3.141593	2.407836	1.410646	222	235	29	2987.65
-1.832596	1.413430	2.550734	238	53	14	2987.41
-2.356194	2.478122	2.609777	222	1	26	2986.96
0.785398	1.194549	-0.801900	0	2	204	2986.63
-1.047198	0.080730	-2.622036	16	27	230	2986.21
-2.356194	2.174483	2.653697	61	16	13	2985.67
-2.617994	2.881233	-2.582574	195	30	8	2985.66
-2.094395	0.496451	0.593859	211	44	237	2985.12
2.356194	2.588535	-2.976617	233	211	225	2985.05
-2.617994	2.153910	-1.714959	234	38	28	2984.90
-3.141593	2.579248	-2.364801	227	50	17	2984.55
-1.308997	1.448123	-2.163292	242	20	185	2984.32
-1.308997	1.135834	-1.431087	214	229	37	2984.08
-2.356194	1.846342	-1.796954	226	27	36	2983.99
0.000000	0.290380	-0.796960	187	11	8	2983.91
1.832596	1.195355	1.200319	46	2	251	2983.85
1.832596	1.168678	2.108595	28	40	220	2983.58
1.832596	2.704512	1.488683	218	221	240	2983.01
-3.141593	2.153910	-1.714959	20	48	17	2982.08
1.832596	1.599406	1.426070	47	238	2	2982.04
2.617994	2.592629	0.909713	215	227	25	2981.58
0.523599	1.413347	-1.339188	44	11	222	2981.46
-0.785398	1.909857	-0.381669	60	224	8	2980.99
2.094395	2.456751	-1.503343	53	11	245	2980.98
1.047198	2.863997	0.549740	54	16	243	2980.65
0.785398	2.704512	1.488683	213	2	28	2980.18
0.261799	1.218453	2.777284	205	10	8	2979.89
0.261799	1.904882	-1.478089	230	36	18	2979.63
0.000000	2.863997	0.549740	211	228	42	2979.49
1.308997	1.506530	1.988858	224	35	11	2978.87
0.523599	2.704512	1.488683	215	7	27	2978.77
-1.308997	1.982574	-1.115518	232	42	24	2978.24
-2.356194	1.510910	-0.740472	190	226	235	2977.73
-0.261799	0.379747	-1.713059	1	205	37	2977.50
1.308997	1.184361	0.625864	38	234	211	2976.55
2.356194	1.869911	2.701025	203	20	37	2976.54
1.308997	2.984978	1.954446	221	50	245	2975.81
-1.832596	0.640596	-2.797608	211	37	251	2975.00
0.000000	0.615174	-0.666022	6	211	247	2974.83
-1.047198	0.961715	0.014085	226	9	37	2974.83
2.094395	2.187132	-0.479875	37	226	241	2973.86
-1.308997	1.214854	-1.966664	7	14	210	2973.58
0.261799	2.138223	1.678323	40	247	11	2973.31
-1.047198	0.080730	-2.622036	16	27	229	2972.04
1.308997	1.555207	1.708892	223	241	42	2971.42
2.879793	0.733948	3.021411	49	21	236	2971.18
2.356194	1.128190	-2.288622	221	247	59	2971.06
-2.879793	1.335669	0.897240	223	236	64	2971.04
-1.570796	0.674054	1.013609	193	4	232	2970.81
2.356194	0.906588	1.252948	240	21	30	2970.72
-0.261799	2.396274	-1.959260	228	237	219	2969.99
1.308997	1.555207	1.708892	224	241	43	2969.23
0.785398	1.184361	0.625864	229	231	201	2968.76
1.832596	0.866955	-0.931351	228	25	218	2968.73
1.832596	0.080730	-2.622036	235	33	219	2967.35
1.047198	2.343981	-1.040456	21	47	229	2966.05
0.523599	1.247695	1.809890	45	8	27	2965.93
2.094395	0.899350	-2.069907	29	32	209	2965.86
-2.617994	2.881233	-2.582574	194	27	10	2965.08
0.523599	0.910508	1.903534	242	206	230	2964.85
-2.356194	2.719179	-1.780644	218	48	11	2962.70
0.000000	0.615174	-0.666022	236	244	48	2962.39
0.000000	0.418037	1.360082	223	29	28	2962.37
1.832596	1.450119	-2.739050	52	249	251	2962.21
2.879793	0.640596	-2.797608	220	244	34	2962.20
1.308997	0.379747	-1.713059	189	240	21	2962.01
-1.832596	2.343981	-1.040456	38	200	7	2962.01
-2.094395	2.760637	2.781135	228	2	24	2961.12
-0.261799	1.325504	-1.671296	246	45	4	2960.12
-0.523599	2.063651	-2.044600	250	35	22	2960.08
1.047198	2.138223	1.678323	213	247	20	2960.00
-2.617994	0.906588	1.252948	224	41	219	2959.64
-0.261799	1.045978	0.343692	232	28	21	2959.49
0.000000	0.379747	-1.713059	228	54	9	2958.46
-2.617994	2.579248	-2.364801	203	34	20	2957.85
1.570796	2.343981	-1.040456	36	221	4	2957.33
0.261799	1.756530	-2.105156	4	205	33	2957.32
0.261799	1.218453	2.777284	205	9	8	2957.31
-0.261799	2.063651	-2.044600	40	13	214	2957.29
-2.356194	1.836682	-0.676006	196	225	236	2957.24
-1.832596	0.906588	1.252948	200	5	225	2956.69
-1.832596	1.050534	3.042579	220	41	222	2954.90
-0.261799	1.545873	-1.877082	249	41	9	2954.57
1.308997	2.579248	-2.364801	184	250	217	2954.17
-0.261799	2.396274	-1.959260	229	238	219	2953.40
-2.617994	2.251330	-2.330739	208	29	30	2952.90
2.094395	2.295480	1.008277	17	233	206	2952.43
0.523599	1.846342	-1.796954	25	218	43	2952.32
0.523599	1.218453	2.777284	202	248	10	2952.18
0.523599	0.700570	1.559208	31	201	232	2952.06
2.356194	0.960688	-0.577532	13	218	45	2950.36
1.308997	1.732874	-0.951685	45	241	248	2950.34
-2.356194	2.396274	-1.959260	210	33	26	2950.30
-0.523599	1.450119	-2.739050	247	238	62	2949.94
2.094395	1.870545	-2.976234	231	33	44	2949.80
-2.356194	1.836682	-0.676006	195	224	236	2949.00
-1.047198	2.251330	-2.330739	213	239	48	2948.27
2.356194	2.153910	-1.714959	0	216	248	2947.13
1.832596	0.496451	0.593859	239	14	212	2946.90
1.832596	0.762244	-0.273349	49	202	251	2946.83
0.785398	0.640596	-2.797608	222	36	238	2946.45
-2.617994	1.025536	1.576859	220	29	219	2945.49
1.832596	1.756530	-2.105156	10	212	32	2945.40
-2.356194	1.510910	-0.740472	190	227	235	2945.08
2.356194	1.869911	2.701025	203	20	38	2944.74
0.785398	1.569311	-3.003978	51	17	239	2944.67
-1.832596	0.850607	-1.335383	222	8	29	2944.52
0.523599	1.335669	0.897240	44	249	14	2943.44
-1.570796	0.591903	2.010408	14	203	247	2943.10
2.094395	1.977582	0.969896	238	213	209	2942.35
0.785398	1.721184	-0.153948	4	219	52	2941.85
0.261799	2.984978	1.954446	227	31	25	2940.90
0.000000	0.992645	-1.723759	205	19	243	2940.58
2.094395	0.571433	-1.188419	43	5	26	2940.22
1.570796	0.496451	0.593859	57	236	229	2940.14
-0.261799	1.374601	-2.456031	231	16	18	2939.87
2.356194	0.929350	-2.910676	23	202	225	2939.34
0.000000	2.063651	-2.044600	231	231	224	2938.02
0.000000	0.733948	3.021411	35	224	8	2937.70
-1.047198	1.982574	-1.115518	202	15	47	2937.24
-3.141593	2.001437	0.381215	38	3	214	2937.23
-2.356194	1.766067	2.153843	204	217	14	2937.16
2.094395	0.379747	-1.713059	219	223	38	2936.89
-1.047198	0.297065	2.160177	242	49	17	2935.83
-2.356194	1.836682	-0.676006	195	225	237	2935.59
-0.261799	1.869911	2.701025	30	202	4	2935.50
0.000000	1.135834	-1.431087	43	1	208	2935.48
-1.832596	2.579248	-2.364801	188	249	22	2934.75
-2.617994	0.914445	2.687814	21	224	30	2934.54
0.000000	1.658653	-2.409879	237	219	207	2934.14
-2.617994	2.664082	-1.071402	213	218	238	2933.57
-2.356194	2.247462	0.191623	189	246	6	2933.39
1.308997	1.569311	-3.003978	46	22	249	2932.94
-2.879793	1.135813	-2.658866	232	10	47	2932.93
2.879793	2.343981	-1.040456	185	19	225	2932.71
-1.047198	2.979456	-1.009304	217	232	42	2932.55
1.832596	2.356369	3.005869	224	212	224	2932.02
1.308997	2.984978	1.954446	234	58	241	2931.39
0.000000	0.831641	0.616218	4	202	1	2930.77
-0.785398	0.709924	0.218797	247	36	224	2930.75
-1.832596	0.618092	2.539118	247	46	15	2929.66
2.879793	0.685216	-1.712745	244	223	51	2929.20
2.617994	2.396274	-1.959260	11	209	242	2928.92
2.879793	2.073035	2.027405	3	235	54	2928.36
-2.094395	2.760637	2.781135	227	2	24	2928.16
-1.832596	1.050534	3.042579	221	41	222	2928.14
1.047198	0.619654	-2.216909	200	22	28	2928.12
0.000000	2.251330	-2.330739	211	23	204	2927.44
1.047198	2.664082	-1.071402	28	201	9	2927.25
-0.261799	1.433411	-1.035986	53	249	227	2926.98
-1.047198	0.080730	-2.622036	69	234	9	2926.29
-1.047198	1.948085	-2.363031	249	35	193	2926.24
-2.617994	1.875281	0.107086	17	213	16	2924.93
0.785398	0.290380	-0.796960	194	220	12	2924.66
1.570796	1.836682	-0.676006	44	237	250	2924.36
2.094395	2.724429	-0.348782	31	222	235	2924.27
0.523599	0.899350	-2.069907	215	28	33	2923.73
0.785398	0.203748	0.590255	40	4	30	2923.70
-2.094395	1.699788	2.452890	212	229	20	2923.57
-0.785398	1.846342	-1.796954	220	249	226	2922.88
-2.617994	1.836682	-0.676006	191	238	235	2922.48
0.261799	1.846342	-1.796954	233	228	228	2921.84
-0.261799	1.134497	-1.109631	48	245	220	2921.12
-3.141593	1.824694	1.850876	248	231	57	2921.08
2.356194	0.899350	-2.069907	220	233	59	2920.76
-2.617994	0.458961	-0.107937	47	25	34	2920.56
-0.261799	1.325504	-1.671296	246	45	5	2919.68
0.523599	0.864993	2.278281	187	235	249	2919.11
1.308997	2.180315	-1.357379	210	24	1	2918.74
-3.141593	1.135813	-2.658866	216	241	50	2917.85
-1.047198	2.979456	-1.009304	216	232	41	2917.62
0.261799	0.899350	-2.069907	231	40	27	2917.62
-0.785398	0.496451	0.593859	189	234	242	2917.48
-1.832596	1.555207	1.708892	248	207	32	2916.61
-2.879793	2.456751	-1.503343	17	56	7	2916.53
0.523599	2.979456	-1.009304	22	45	3	2916.10
-0.261799	1.982574	-1.115518	188	245	40	2915.99
-1.047198	0.297065	2.160177	6	48	3	2915.79
-1.047198	1.440580	2.260026	12	50	241	2915.53
1.570796	2.343981	-1.040456	36	221	3	2914.90
0.523599	1.699788	2.452890	43	229	251	2914.00
1.570796	0.831641	0.616218	211	0	231	2913.85
0.785398	2.104282	-0.813972	27	218	35	2913.76
0.523599	2.153910	-1.714959	16	37	218	2913.47
-1.047198	2.251330	-2.330739	250	203	37	2913.01
0.261799	2.115563	0.685730	5	201	251	2912.72
-1.047198	0.674054	1.013609	36	228	10	2911.85
0.523599	1.440580	2.260026	207	251	26	2911.81
-2.094395	0.370812	-2.547742	212	38	4	2911.77
2.094395	2.979456	-1.009304	234	220	35	2910.99
-2.094395	0.203748	0.590255	210	46	246	2910.30
1.570796	2.356369	3.005869	213	219	226	2909.96
-2.879793	2.592629	0.909713	48	237	11	2909.83
-0.523599	2.579248	-2.364801	245	41	2	2909.09
0.523599	0.203748	0.590255	39	1	30	2909.02
2.356194	2.115563	0.685730	42	233	224	2908.88
0.261799	2.881233	-2.582574	207	26	17	2908.20
0.785398	0.866955	-0.931351	224	14	35	2907.78
1.832596	1.168678	2.108595	225	217	39	2907.67
-0.523599	1.504028	0.636812	244	238	66	2907.34
-2.356194	1.909857	-0.381669	5	3	206	2907.04
-2.094395	1.214854	-1.966664	223	216	33	2907.01
2.094395	2.187132	-0.479875	37	226	240	2906.95
1.832596	1.168678	2.108595	224	216	40	2906.56
-0.523599	2.863997	0.549740	32	228	250	2906.55
2.617994	2.881233	-2.582574	6	63	250	2905.99
2.617994	1.504028	0.636812	6	15	188	2905.93
-1.832596	0.906588	1.252948	199	4	225	2905.15
-1.570796	0.992645	-1.723759	53	19	26	2905.12
-2.879793	0.418037	1.360082	224	53	233	2904.13
1.570796	2.343981	-1.040456	36	222	3	2903.75
-0.785398	1.045978	0.343692	195	241	5	2903.43
1.832596	0.591903	2.010408	214	212	248	2902.86
-1.308997	0.992645	-1.723759	50	25	27	2902.34
0.785398	2.174483	2.653697	40	39	0	2902.04
-3.141593	1.875281	0.107086	43	8	223	2901.93
-0.785398	0.709924	0.218797	247	36	223	2901.42
-0.523599	2.396274	-1.959260	17	44	235	2900.81
-2.617994	1.194549	-0.801900	63	3	18	2900.57
-1.570796	0.203748	0.590255	234	223	227	2900.22
-0.523599	0.762244	-0.273349	224	231	40	2899.70
1.308997	2.579248	-2.364801	184	250	216	2898.45
0.000000	0.418037	1.360082	223	30	28	2897.92
-1.308997	0.619654	-2.216909	16	29	243	2897.85
-2.879793	2.579248	-2.364801	214	44	17	2897.78
2.356194	2.115563	0.685730	42	234	224	2897.68
2.094395	2.247462	0.191623	48	220	237	2897.24
1.832596	0.591903	2.010408	214	212	249	2896.90
1.308997	1.413430	2.550734	216	220	25	2896.53
0.000000	0.864993	2.278281	52	0	245	2896.47
1.047198	1.824694	1.850876	209	4	221	2896.07
-0.785398	1.025536	1.576859	227	28	50	2895.66
-1.832596	0.618092	2.539118	214	209	30	2895.66
-3.141593	1.824694	1.850876	248	232	57	2895.44
0.523599	0.700570	1.559208	32	200	233	2895.21
0.000000	2.396274	-1.959260	20	212	18	2895.20
-0.523599	2.108018	1.311430	2	207	30	2895.15
1.308997	1.450119	-2.739050	44	237	251	2894.75
-1.570796	2.455966	-0.641220	214	237	46	2894.73
-0.785398	1.134796	2.434290	6	43	235	2894.64
-1.570796	1.658653	-2.409879	25	230	51	2894.30
-2.356194	1.448123	-2.163292	220	224	31	2894.30
0.261799	0.866955	-0.931351	13	207	239	2894.12
-0.785398	0.992645	-1.723759	22	209	10	2894.08
-1.047198	1.721184	-0.153948	37	230	7	2893.77
-3.141593	2.592629	0.909713	30	219	220	2893.56
-2.356194	0.203748	0.590255	226	3	38	2893.36
-0.523599	1.904882	-1.478089	203	1	48	2892.67
-3.141593	1.998705	2.370472	55	20	250	2892.65
2.617994	0.733948	3.021411	219	12	210	2891.94
-2.879793	1.904882	-1.478089	205	220	0	2891.82
0.523599	1.448123	-2.163292	220	36	6	2891.71
1.308997	1.809167	1.213774	227	24	214	2891.29
-0.523599	1.510910	-0.740472	230	249	48	2890.38
-1.832596	1.134796	2.434290	243	49	20	2889.70
-0.523599	1.256302	0.062705	192	236	10	2889.67
-2.617994	2.247462	0.191623	189	5	5	2889.60
0.523599	1.413430	2.550734	204	249	16	2889.33
-1.570796	1.194549	-0.801900	28	200	250	2889.07
1.832596	2.979456	-1.009304	205	26	22	2888.86
-3.141593	2.579248	-2.364801	224	47	17	2888.76
1.570796	1.766067	2.153843	235	221	39	2888.34
1.832596	1.135813	-2.658866	15	40	226	2887.52
1.832596	1.134796	2.434290	226	216	24	2886.27
-2.094395	0.960688	-0.577532	5	41	17	2886.16
1.570796	1.134497	-1.109631	40	65	249	2885.95
2.356194	1.982574	-1.115518	195	4	5	2885.69
0.000000	2.073035	2.027405	201	238	58	2885.43
2.094395	1.135813	-2.658866	229	22	42	2885.33
1.308997	2.356369	3.005869	209	228	222	2885.20
0.785398	1.050534	3.042579	52	12	19	2884.86
1.832596	0.899350	-2.069907	209	15	228	2884.76
1.832596	2.041297	-2.664597	44	4	25	2884.68
-1.047198	1.870545	-2.976234	36	36	242	2884.24
-1.570796	1.134497	-1.109631	244	39	37	2884.21
-0.523599	2.164094	-2.991358	244	217	51	2884.06
-2.094395	2.404280	-0.174044	220	251	47	2883.98
-0.261799	0.685216	-1.712745	240	52	16	2883.72
-3.141593	0.496451	0.593859	212	205	247	2883.63
-2.094395	0.961715	0.014085	41	10	233	2883.34
-1.308997	1.617114	-1.572037	224	25	52	2883.01
2.094395	0.929350	-2.910676	223	30	39	2882.37
0.000000	1.214854	-1.966664	230	29	34	2882.14
1.047198	2.588535	-2.976617	194	226	22	2882.00
-2.356194	2.343981	-1.040456	214	241	42	2881.41
-3.141593	0.640596	-2.797608	222	245	36	2880.69
-2.617994	2.396274	-1.959260	220	39	24	2880.29
-2.094395	1.555207	1.708892	48	245	242	2879.87
1.832596	2.396274	-1.959260	61	237	28	2879.75
-1.832596	2.033014	2.977192	12	202	21	2879.64
-1.570796	2.356369	3.005869	226	244	33	2879.49
2.094395	2.588535	-2.976617	225	216	224	2879.39
2.879793	2.579248	-2.364801	4	60	7	2879.29
-3.141593	1.391910	3.030322	189	238	47	2879.01
-1.308997	0.850607	-1.335383	211	251	233	2878.95
-2.094395	1.335669	0.897240	224	18	31	2878.88
2.356194	1.869911	2.701025	204	20	38	2878.47
-2.879793	1.683268	0.374177	29	23	226	2878.34
0.785398	2.063651	-2.044600	44	231	6	2878.02
-1.832596	1.982574	-1.115518	226	223	53	2877.96
-1.832596	1.574060	2.783565	220	226	34	2877.71
-1.047198	1.218453	2.777284	242	217	223	2877.25
2.879793	1.683268	0.374177	50	19	11	2876.85
-1.047198	2.089241	-0.114193	47	214	20	2876.77
0.523599	1.617114	-1.572037	219	33	0	2876.70
1.570796	1.506530	1.988858	36	18	239	2876.25
1.832596	2.104282	-0.813972	202	14	19	2875.45
2.356194	2.407836	1.410646	28	21	234	2875.41
-0.261799	0.850607	-1.335383	223	236	237	2875.14
0.000000	2.104282	-0.813972	59	25	226	2874.88
-3.141593	0.762244	-0.273349	248	193	34	2874.81
0.785398	0.203748	0.590255	40	4	31	2874.62
1.570796	2.251330	-2.330739	201	220	12	2874.55
2.356194	0.866395	-2.492918	218	3	44	2873.65
-2.617994	0.458961	-0.107937	47	26	34	2873.30
-0.261799	1.134497	-1.109631	48	246	220	2873.15
1.308997	1.599406	1.426070	236	8	58	2872.84
-0.785398	2.187132	-0.479875	46	242	249	2871.43
-1.570796	1.909857	-0.381669	222	219	38	2871.17
-2.617994	2.396274	-1.959260	222	43	23	2870.40
-0.785398	1.134796	2.434290	250	208	33	2870.04
0.785398	0.290380	-0.796960	194	221	11	2869.67
-0.785398	1.574060	2.783565	246	47	237	2869.56
1.047198	2.407836	1.410646	219	40	226	2868.80
-1.308997	2.349581	-2.702517	213	229	45	2868.74
1.570796	2.108018	1.311430	46	17	40	2868.69
2.094395	0.619654	-2.216909	216	246	36	2868.68
-1.832596	1.413430	2.550734	238	53	15	2868.33
2.617994	2.396274	-1.959260	11	208	243	2867.86
1.832596	1.195355	1.200319	45	1	0	2867.04
-1.047198	2.063651	-2.044600	17	28	188	2866.54
-0.785398	1.128190	-2.288622	8	220	47	2866.08
1.832596	1.869911	2.701025	22	32	1	2865.93
0.261799	1.872854	1.543456	235	15	48	2865.14
-3.141593	2.153910	-1.714959	19	48	18	2864.70
1.047198	0.961715	0.014085	26	201	244	2864.45
1.308997	1.218453	2.777284	251	45	24	2864.06
-3.141593	1.683268	0.374177	46	24	12	2863.86
-2.879793	1.506530	1.988858	237	0	48	2863.78
2.617994	2.592629	0.909713	215	227	24	2863.27
1.047198	1.134497	-1.109631	7	209	36	2862.99
-1.832596	2.455966	-0.641220	231	30	30	2862.67
1.308997	0.379747	-1.713059	189	240	20	2862.31
-3.141593	2.164094	-2.991358	32	206	218	2861.44
0.000000	1.606104	-0.451151	188	226	30	2860.63
2.094395	2.104282	-0.813972	34	15	230	2860.51
-2.879793	2.881233	-2.582574	205	43	5	2860.32
1.308997	1.014500	0.906702	41	231	17	2860.31
-1.047198	1.756530	-2.105156	226	250	63	2860.15
1.308997	2.478122	2.609777	228	218	31	2859.94
-1.047198	1.554776	0.100351	241	31	223	2859.83
-2.356194	1.555207	1.708892	239	13	207	2859.20
2.094395	1.128190	-2.288622	232	6	51	2859.11
-1.570796	1.977582	0.969896	20	233	39	2858.89
2.617994	1.756530	-2.105156	39	6	237	2858.82
0.523599	1.982574	-1.115518	7	202	23	2858.81
-1.047198	2.379497	0.561089	22	224	20	2858.75
1.570796	1.846342	-1.796954	25	26	212	2858.72
2.617994	2.251330	-2.330739	214	234	204	2858.63
0.785398	0.203748	0.590255	40	5	31	2858.53
2.356194	2.863997	0.549740	6	44	18	2858.43
-1.832596	1.766067	2.153843	39	230	10	2858.07
-0.261799	2.396274	-1.959260	228	238	219	2857.43
-1.308997	1.448123	-2.163292	242	21	185	2857.09
1.570796	2.587733	0.232235	41	37	7	2856.82
0.000000	1.506530	1.988858	40	16	238	2856.68
0.000000	2.881233	-2.582574	55	17	36	2856.13
-2.617994	2.073035	2.027405	230	249	40	2855.98
0.523599	1.413430	2.550734	205	250	17	2855.02
-1.570796	1.195355	1.200319	14	240	195	2854.83
1.047198	1.014500	0.906702	222	24	227	2854.78
-1.047198	1.218453	2.777284	242	216	223	2854.73
-2.094395	1.168678	2.108595	21	219	9	2853.92
-3.141593	1.756530	-2.105156	227	18	199	2853.80
0.785398	2.174483	2.653697	210	241	227	2853.05
-1.832596	0.640596	-2.797608	211	38	250	2852.99
-2.094395	1.824694	1.850876	50	3	242	2852.90
2.356194	0.866395	-2.492918	219	2	43	2852.64
0.261799	1.904882	-1.478089	231	36	18	2852.23
-0.785398	0.615174	-0.666022	3	44	227	2851.35
-0.523599	1.846342	-1.796954	214	249	55	2851.26
0.785398	1.184361	0.625864	228	231	201	2851.05
-0.785398	0.864993	2.278281	3	44	0	2850.37
0.000000	1.134497	-1.109631	33	225	37	2850.19
2.094395	0.419640	2.974122	21	36	241	2850.11
-2.879793	0.370812	-2.547742	36	6	35	2849.88
-2.356194	1.870545	-2.976234	202	224	62	2849.60
0.261799	1.869911	2.701025	24	214	9	2849.46
0.785398	1.869911	2.701025	208	245	18	2849.45
2.617994	1.977582	0.969896	40	246	218	2849.24
-3.141593	1.977582	0.969896	230	9	68	2848.91
1.308997	2.478122	2.609777	228	217	31	2848.63
-0.785398	2.187132	-0.479875	47	242	249	2848.51
-0.523599	1.450119	-2.739050	248	239	63	2848.46
1.047198	2.637879	2.121598	206	242	29	2848.31
0.523599	2.396274	-1.959260	30	221	13	2848.05
-2.879793	1.195355	1.200319	241	234	63	2847.97
0.000000	2.637879	2.121598	199	229	46	2847.93
-1.570796	2.063651	-2.044600	229	219	38	2847.73
1.047198	1.948085	-2.363031	49	240	60	2847.55
1.570796	2.174483	2.653697	226	201	43	2847.52
1.308997	1.599406	1.426070	36	2	216	2847.15
-0.523599	1.699788	2.452890	6	38	225	2846.95
1.047198	2.251330	-2.330739	251	208	236	2846.92
1.308997	2.180315	-1.357379	40	203	31	2846.84
0.785398	1.050534	3.042579	52	12	17	2846.83
-0.785398	1.741644	-2.695914	238	231	59	2846.75
2.094395	0.615174	-0.666022	198	249	237	2846.58
1.832596	0.458961	-0.107937	203	251	232	2846.36
0.523599	0.700570	1.559208	31	201	233	2846.34
1.047198	1.870545	-2.976234	56	8	24	2845.96
-0.523599	2.588535	-2.976617	228	232	39	2845.75
0.523599	0.733948	3.021411	35	223	12	2845.65
2.617994	1.683268	0.374177	51	6	8	2845.62
1.047198	0.961715	0.014085	4	68	30	2845.31
0.785398	0.640596	-2.797608	223	37	237	2845.27
-1.570796	0.618092	2.539118	236	46	16	2845.18
2.094395	1.128190	-2.288622	231	6	52	2845.06
-0.261799	2.863997	0.549740	251	62	228	2845.02
-0.785398	2.251330	-2.330739	242	34	200	2845.01
-2.094395	2.396274	-1.959260	16	35	16	2844.46
1.570796	1.367556	0.358405	18	215	21	2844.14
-1.832596	1.506530	1.988858	46	7	30	2843.93
1.570796	0.418037	1.360082	231	17	219	2843.33
-0.261799	2.063651	-2.044600	228	26	198	2843.06
1.832596	2.979456	-1.009304	205	26	23	2842.82
1.832596	0.458961	-0.107937	203	251	231	2842.37
0.261799	2.979456	-1.009304	32	38	3	2841.97
-1.047198	1.756530	-2.105156	223	250	62	2841.40
1.832596	0.619654	-2.216909	41	20	217	2841.21
2.879793	2.063651	-2.044600	230	0	193	2840.98
-1.570796	0.831641	0.616218	222	246	38	2840.88
-0.785398	1.413347	-1.339188	214	21	50	2838.79
-3.141593	0.496451	0.593859	213	206	247	2838.61
0.785398	2.104282	-0.813972	27	218	34	2838.36
-1.047198	2.724429	-0.348782	214	25	232	2838.14
1.047198	0.831641	0.616218	223	21	225	2838.02
1.308997	0.290380	-0.796960	213	30	222	2837.96
-1.570796	0.203748	0.590255	189	21	251	2837.89
-1.570796	0.591903	2.010408	14	203	246	2837.68
2.356194	1.658653	-2.409879	47	1	244	2836.72
-1.308997	2.719179	-1.780644	47	17	211	2836.23
-3.141593	1.870545	-2.976234	215	230	221	2835.98
-0.261799	2.863997	0.549740	225	30	225	2835.98
-2.617994	2.478122	2.609777	64	8	19	2835.91
-2.617994	1.310100	1.488307	248	245	64	2835.77
-2.879793	2.881233	-2.582574	206	43	5	2835.38
2.094395	1.766067	2.153843	234	225	42	2834.80
1.047198	1.869911	2.701025	211	236	20	2834.50
-0.523599	1.683268	0.374177	249	224	63	2834.50
-2.356194	2.251330	-2.330739	26	202	6	2834.50
-0.261799	2.407836	1.410646	251	200	18	2834.47
1.832596	2.455966	-0.641220	34	223	241	2833.90
-0.261799	2.863997	0.549740	225	29	225	2833.70
1.832596	0.591903	2.010408	215	212	248	2833.15
-0.261799	1.599406	1.426070	34	238	17	2832.83
-2.617994	1.367556	0.358405	221	241	45	2832.49
2.879793	1.135813	-2.658866	203	237	60	2832.42
-1.832596	1.433411	-1.035986	247	40	30	2832.38
-1.570796	1.301460	-0.509251	217	249	32	2832.21
1.570796	1.367556	0.358405	19	215	20	2831.78
-0.785398	0.458961	-0.107937	65	218	11	2831.75
0.523599	1.756530	-2.105156	221	33	14	2830.95
0.261799	0.899350	-2.069907	231	40	28	2830.94
0.261799	0.866395	-2.492918	6	49	21	2830.72
-3.141593	2.251330	-2.330739	228	41	27	2830.58
2.617994	1.135813	-2.658866	34	20	221	2830.34
2.356194	1.488617	1.159546	237	209	37	2830.29
-2.094395	1.194549	-0.801900	13	205	238	2829.73
-1.832596	2.295480	1.008277	207	4	230	2829.47
-0.523599	1.870545	-2.976234	247	224	54	2829.24
0.000000	2.396274	-1.959260	239	25	27	2828.90
-1.832596	1.025536	1.576859	60	244	33	2828.59
1.047198	2.588535	-2.976617	242	204	248	2828.34
-2.879793	1.014500	0.906702	228	226	57	2827.48
0.261799	0.866395	-2.492918	5	49	22	2827.09
-2.879793	2.579248	-2.364801	214	44	16	2826.71
-1.308997	0.297065	2.160177	2	50	13	2826.61
-1.570796	2.356369	3.005869	221	214	42	2826.59
0.261799	2.396274	-1.959260	227	34	0	2826.44
-0.785398	1.948085	-2.363031	238	34	193	2826.43
1.570796	1.242974	-2.977882	238	36	37	2826.34
0.785398	2.396274	-1.959260	241	32	225	2826.33
0.785398	1.977582	0.969896	226	25	212	2826.29
-0.785398	0.496451	0.593859	190	234	242	2826.15
1.308997	1.599406	1.426070	35	2	215	2825.88
0.000000	1.506530	1.988858	41	16	238	2825.45
-0.261799	1.184361	0.625864	235	34	18	2825.29
0.785398	2.187132	-0.479875	248	238	204	2825.19
0.523599	2.979456	-1.009304	22	44	3	2824.74
0.523599	1.413430	2.550734	205	249	16	2824.66
-1.308997	2.349581	-2.702517	213	228	46	2824.50
2.356194	0.700570	1.559208	213	9	231	2824.48
-1.308997	1.168678	2.108595	13	39	60	2824.44
-2.617994	0.674054	1.013609	243	215	51	2823.80
1.832596	0.700570	1.559208	52	8	240	2823.65
2.356194	0.864993	2.278281	239	210	29	2823.50
1.570796	2.404280	-0.174044	232	220	49	2823.28
-1.308997	1.310100	1.488307	217	229	225	2823.27
1.047198	2.719179	-1.780644	42	232	250	2822.83
-0.523599	2.760637	2.781135	39	24	242	2822.73
-0.523599	2.180315	-1.357379	52	237	19	2822.42
-1.570796	0.591903	2.010408	208	214	18	2822.35
1.832596	1.699788	2.452890	8	48	243	2822.33
1.047198	2.588535	-2.976617	194	228	22	2821.69
0.785398	2.063651	-2.044600	44	232	6	2821.24
-0.785398	2.251330	-2.330739	215	225	58	2820.76
1.570796	0.379747	-1.713059	242	207	24	2820.28
0.261799	0.685216	-1.712745	208	33	23	2820.12
-2.356194	2.579248	-2.364801	195	24	21	2819.91
-1.047198	0.640596	-2.797608	20	27	240	2819.82
-1.570796	0.733948	3.021411	216	41	7	2819.60
0.523599	2.089241	-0.114193	55	29	3	2819.56
2.094395	2.760637	2.781135	230	56	249	2819.36
-0.523599	1.732874	-0.951685	232	241	52	2819.26
-2.879793	1.335669	0.897240	222	236	64	2818.94
1.570796	0.674054	1.013609	235	19	216	2818.90
0.261799	1.050534	3.042579	26	225	43	2818.70
-1.832596	1.050534	3.042579	221	40	222	2818.61
0.785398	2.760637	2.781135	197	240	228	2818.28
-0.785398	1.134796	2.434290	249	44	1	2818.19
-0.261799	2.704512	1.488683	39	43	221	2817.87
0.261799	2.637879	2.121598	229	38	18	2817.75
-0.261799	1.135813	-2.658866	202	222	245	2817.72
0.000000	1.555207	1.708892	38	13	218	2817.63
2.879793	0.685216	-1.712745	243	224	49	2817.57
-0.261799	0.458961	-0.107937	34	221	14	2817.06
1.832596	0.619654	-2.216909	244	207	18	2816.84
2.356194	1.756530	-2.105156	246	6	61	2816.55
2.879793	0.961715	0.014085	43	227	19	2816.37
1.308997	2.393226	1.857173	226	47	234	2816.20
-1.832596	1.413430	2.550734	238	52	15	2816.11
0.261799	0.685216	-1.712745	207	32	23	2816.05
1.832596	1.766067	2.153843	14	2	201	2815.55
0.000000	0.685216	-1.712745	224	45	20	2815.24
2.617994	1.977582	0.969896	40	247	219	2815.12
2.617994	2.881233	-2.582574	6	63	249	2814.97
0.785398	2.104282	-0.813972	27	217	35	2814.92
-1.570796	0.733948	3.021411	216	40	8	2814.88
-0.261799	0.850607	-1.335383	224	232	41	2814.82
-2.356194	1.555207	1.708892	238	13	206	2814.68
-2.356194	2.396274	-1.959260	210	34	25	2814.43
-0.523599	2.295480	1.008277	17	44	250	2814.27
2.879793	2.579248	-2.364801	1	59	10	2814.22
2.094395	2.089241	-0.114193	47	238	20	2813.85
0.000000	2.587733	0.232235	54	247	11	2813.05
-1.570796	2.041297	-2.664597	239	37	205	2813.02
0.261799	1.904882	-1.478089	230	35	18	2812.60
2.879793	1.555207	1.708892	240	222	57	2812.57
0.000000	2.579248	-2.364801	222	36	7	2812.36
2.356194	1.128190	-2.288622	221	247	58	2811.37
-1.308997	2.063651	-2.044600	228	17	219	2811.21
-1.570796	1.134497	-1.109631	243	39	38	2811.17
-2.879793	2.138223	1.678323	224	232	33	2810.71
-1.570796	1.374601	-2.456031	30	4	223	2810.55
2.879793	1.325504	-1.671296	37	0	245	2810.22
-3.141593	1.998705	2.370472	55	19	250	2810.20
-0.523599	2.247462	0.191623	218	51	207	2810.20
-1.308997	1.448123	-2.163292	242	20	184	2809.42
0.261799	1.732874	-0.951685	223	29	232	2809.41
0.261799	0.910508	1.903534	236	209	230	2809.06
1.832596	0.850607	-1.335383	201	13	236	2809.05
2.094395	1.168678	2.108595	232	215	36	2808.49
1.308997	2.478122	2.609777	218	217	235	2807.36
1.308997	0.961715	0.014085	228	219	218	2807.32
2.094395	1.658653	-2.409879	239	13	57	2807.23
-2.879793	1.195355	1.200319	241	234	62	2806.91
2.617994	2.349581	-2.702517	216	243	36	2806.39
-1.570796	0.960688	-0.577532	232	42	21	2805.99
0.261799	0.418037	1.360082	203	5	224	2805.82
-2.356194	2.247462	0.191623	190	247	6	2805.74
1.308997	1.555207	1.708892	223	241	43	2805.58
2.094395	0.709924	0.218797	211	222	235	2805.41
-1.047198	0.831641	0.616218	227	0	38	2804.67
-2.356194	1.218453	2.777284	216	0	216	2804.16
0.000000	0.297065	2.160177	16	28	0	2804.05
-2.617994	1.836682	-0.676006	190	238	234	2803.54
1.047198	2.407836	1.410646	220	40	225	2803.54
2.094395	1.214854	-1.966664	46	6	244	2803.10
-2.356194	2.174483	2.653697	61	15	12	2802.90
2.879793	1.846342	-1.796954	33	9	235	2802.59
0.523599	0.910508	1.903534	243	205	230	2800.87
2.879793	2.343981	-1.040456	184	19	225	2800.65
-0.523599	1.450119	-2.739050	247	239	63	2800.56
-2.617994	0.496451	0.593859	220	30	220	2800.48
0.261799	0.899350	-2.069907	230	40	28	2800.47
2.094395	0.674054	1.013609	224	6	225	2800.25
-1.047198	1.413347	-1.339188	218	232	31	2800.04
1.570796	0.914445	2.687814	220	213	18	2799.91
-1.832596	2.587733	0.232235	59	7	235	2799.77
-0.261799	2.349581	-2.702517	205	26	214	2799.34
-2.879793	1.135813	-2.658866	233	10	47	2799.23
-0.785398	2.299159	2.264663	19	55	3	2799.09
-0.785398	2.587733	0.232235	241	38	22	2798.97
2.356194	0.960688	-0.577532	13	219	45	2798.68
1.832596	0.619654	-2.216909	220	4	35	2798.41
1.047198	1.869911	2.701025	40	225	247	2798.10
-1.308997	0.591903	2.010408	242	30	42	2798.08
-2.879793	2.719179	-1.780644	7	62	1	2797.82
-1.832596	2.089241	-0.114193	19	205	20	2797.77
-2.094395	1.335669	0.897240	224	23	214	2797.58
-0.523599	2.478122	2.609777	219	235	27	2797.19
0.785398	1.569311	-3.003978	201	220	14	2797.18
0.785398	1.809167	1.213774	44	247	42	2797.16
0.261799	1.218453	2.777284	211	206	243	2796.99
0.261799	0.419640	2.974122	50	243	32	2796.93
-1.832596	1.440580	2.260026	239	49	28	2796.86
-2.879793	1.256302	0.062705	197	234	245	2795.92
2.094395	2.379497	0.561089	37	41	11	2795.69
-2.617994	1.134497	-1.109631	221	207	228	2795.55
-1.047198	1.510910	-0.740472	33	20	242	2795.39
1.832596	0.899350	-2.069907	210	16	227	2795.32
-1.308997	1.247695	1.809890	228	35	44	2795.19
1.570796	1.135813	-2.658866	231	26	46	2794.45
-2.094395	2.579248	-2.364801	190	11	21	2794.10
0.523599	0.733948	3.021411	35	224	12	2794.04
-0.785398	1.433411	-1.035986	200	16	46	2792.63
0.000000	1.310100	1.488307	232	28	48	2792.12
0.261799	0.910508	1.903534	236	210	230	2792.08
0.000000	0.615174	-0.666022	7	210	247	2792.04
-3.141593	1.812176	0.656819	232	218	42	2791.91
2.356194	1.413347	-1.339188	250	226	54	2791.23
2.094395	1.014500	0.906702	51	247	242	2791.14
1.308997	2.073035	2.027405	228	27	19	2790.95
-2.094395	2.456751	-1.503343	219	30	43	2790.93
1.047198	2.187132	-0.479875	13	204	246	2790.76
-0.523599	1.545873	-1.877082	26	38	22	2790.22
0.523599	1.846342	-1.796954	25	218	44	2790.01
-2.617994	2.164094	-2.991358	46	17	211	2789.92
-0.261799	2.164094	-2.991358	44	239	3	2788.99
2.094395	2.760637	2.781135	41	21	11	2788.96
-2.617994	1.194549	-0.801900	63	2	18	2788.88
-0.785398	1.741644	-2.695914	238	230	60	2788.77
-1.570796	1.574060	2.783565	225	207	251	2788.59
-2.879793	2.138223	1.678323	224	231	33	2788.31
-1.047198	1.168678	2.108595	42	201	245	2788.30
-2.094395	1.310100	1.488307	7	221	61	2788.10
2.879793	0.961715	0.014085	43	227	20	2788.09
0.785398	2.724429	-0.348782	224	9	218	2787.84
2.617994	2.180315	-1.357379	11	213	238	2787.39
0.785398	1.504028	0.636812	213	30	241	2787.24
0.785398	2.407836	1.410646	209	6	26	2787.20
-0.523599	1.134796	2.434290	48	239	246	2787.18
1.832596	2.104282	-0.813972	201	13	19	2787.09
2.094395	0.866955	-0.931351	46	10	18	2786.88
0.261799	1.025536	1.576859	28	220	25	2786.80
2.356194	2.349581	-2.702517	223	210	214	2786.19
2.356194	1.658653	-2.409879	47	0	244	2786.16
2.617994	1.977582	0.969896	45	231	3	2786.04
-2.617994	1.168678	2.108595	227	225	35	2785.76
2.356194	1.050534	3.042579	214	25	31	2785.15
-1.047198	0.864993	2.278281	219	38	24	2784.99
-1.047198	1.045978	0.343692	71	250	50	2784.63
-0.261799	0.733948	3.021411	31	217	8	2784.44
-1.047198	1.998705	2.370472	24	47	245	2784.25
-3.141593	1.683268	0.374177	47	24	11	2784.00
-0.523599	1.982574	-1.115518	230	41	238	2783.45
-2.094395	2.478122	2.609777	220	240	32	2783.38
2.617994	0.733948	3.021411	218	12	210	2783.26
1.308997	0.203748	0.590255	4	215	41	2783.20
-0.523599	2.164094	-2.991358	244	218	50	2782.47
1.570796	0.914445	2.687814	220	213	17	2782.31
-1.308997	0.080730	-2.622036	20	22	230	2782.19
2.356194	1.050534	3.042579	208	21	37	2781.93
-0.785398	1.766067	2.153843	22	217	37	2781.44
0.000000	0.685216	-1.712745	225	45	20	2780.65
-0.785398	1.617114	-1.572037	214	12	55	2780.23
-2.356194	0.709924	0.218797	47	230	25	2780.17
1.047198	2.393226	1.857173	44	16	11	2779.64
1.832596	2.455966	-0.641220	33	222	241	2779.54
-2.094395	1.574060	2.783565	47	35	238	2779.25
-1.047198	1.658653	-2.409879	240	33	188	2779.19
-1.308997	1.554776	0.100351	37	35	250	2779.14
1.570796	2.089241	-0.114193	218	1	230	2779.13
-1.047198	1.870545	-2.976234	36	35	242	2779.09
2.356194	1.617114	-1.572037	243	219	215	2778.69
2.356194	2.984978	1.954446	218	218	36	2778.63
-2.356194	1.506530	1.988858	57	251	32	2778.33
-1.832596	0.458961	-0.107937	221	12	224	2778.26
-2.879793	1.256302	0.062705	196	234	245	2777.84
-0.785398	1.948085	-2.363031	237	34	193	2777.84
-2.356194	2.379497	0.561089	194	13	8	2777.73
2.617994	1.214854	-1.966664	239	243	55	2777.54
2.617994	0.992645	-1.723759	225	11	197	2777.22
0.000000	1.247695	1.809890	40	4	230	2777.19
0.261799	1.135834	-1.431087	227	43	250	2777.14
-3.141593	0.906588	1.252948	31	244	202	2777.08
-0.523599	2.478122	2.609777	219	234	27	2776.92
-0.785398	1.617114	-1.572037	214	12	56	2776.55
-0.785398	2.041297	-2.664597	212	23	209	2776.18
0.000000	1.214854	-1.966664	232	30	34	2775.92
-1.308997	0.080730	-2.622036	227	242	202	2775.66
-1.047198	0.914445	2.687814	3	44	241	2775.59
1.570796	1.374601	-2.456031	50	247	249	2775.40
0.785398	0.418037	1.360082	12	206	25	2775.21
2.094395	1.310100	1.488307	43	226	17	2775.01
-1.832596	2.115563	0.685730	38	227	251	2774.86
-3.141593	1.875281	0.107086	43	8	222	2774.38
-0.261799	0.290380	-0.796960	192	24	5	2774.31
-2.356194	2.343981	-1.040456	214	241	43	2774.13
2.356194	1.391910	3.030322	228	46	27	2773.97
-3.141593	0.080730	-2.622036	216	222	26	2773.86
-1.570796	1.766067	2.153843	229	72	13	2773.82
-1.570796	1.214854	-1.966664	203	233	240	2773.80
0.785398	2.456751	-1.503343	45	244	20	2773.22
-3.141593	1.135813	-2.658866	222	243	47	2772.59
-2.094395	0.370812	-2.547742	43	242	248	2772.56
2.356194	1.982574	-1.115518	195	5	6	2772.52
1.832596	1.824694	1.850876	41	6	45	2772.45
-2.617994	0.906588	1.252948	224	40	219	2772.44
1.308997	1.433411	-1.035986	217	194	45	2772.39
1.832596	1.050534	3.042579	44	203	246	2771.93
-0.261799	1.242974	-2.977882	4	35	24	2771.80
2.094395	1.014500	0.906702	197	229	58	2771.78
-1.047198	1.433411	-1.035986	218	234	30	2771.56
2.356194	1.135813	-2.658866	216	6	52	2771.53
-0.261799	0.571433	-1.188419	223	235	40	2771.24
0.000000	2.587733	0.232235	54	248	11	2771.13
0.000000	0.906588	1.252948	245	50	46	2770.88
-3.141593	2.704512	1.488683	13	209	224	2770.43
-3.141593	0.685216	-1.712745	246	224	51	2770.38
-3.141593	0.619654	-2.216909	234	224	46	2770.05
0.523599	1.658653	-2.409879	49	4	29	2769.89
-2.879793	2.719179	-1.780644	5	62	1	2769.62
-2.356194	1.846342	-1.796954	226	27	35	2769.58
1.308997	2.579248	-2.364801	183	250	217	2769.48
0.000000	1.846342	-1.796954	13	216	51	2769.45
-2.094395	1.756530	-2.105156	223	8	199	2769.06
0.261799	0.914445	2.687814	31	220	14	2768.87
-2.617994	2.063651	-2.044600	224	35	32	2768.79
0.261799	1.756530	-2.105156	4	206	33	2768.73
0.785398	2.579248	-2.364801	230	239	36	2768.64
-1.047198	1.756530	-2.105156	223	250	61	2768.26
0.785398	0.458961	-0.107937	40	244	24	2768.16
-1.047198	0.914445	2.687814	5	44	241	2767.72
-2.356194	0.960688	-0.577532	23	42	4	2767.67
1.047198	2.393226	1.857173	44	17	11	2767.52
0.261799	0.458961	-0.107937	15	213	15	2767.34
0.000000	1.766067	2.153843	190	236	43	2767.14
2.094395	1.301460	-0.509251	212	28	36	2766.70
-3.141593	1.448123	-2.163292	19	32	211	2766.68
-0.785398	1.696674	-1.253233	248	3	58	2766.47
-1.832596	2.138223	1.678323	44	248	32	2765.83
-1.308997	1.836682	-0.676006	228	243	49	2765.62
1.832596	2.396274	-1.959260	61	236	28	2765.49
2.356194	1.756530	-2.105156	246	7	61	2765.14
1.832596	1.606104	-0.451151	229	12	41	2765.11
-0.261799	2.349581	-2.702517	206	26	214	2764.83
2.356194	1.555207	1.708892	217	236	226	2764.55
1.570796	1.569311	-3.003978	34	11	235	2764.54
-1.832596	1.948085	-2.363031	237	18	200	2764.46
0.261799	0.290380	-0.796960	233	36	222	2764.13
0.785398	0.618092	2.539118	199	221	236	2764.04
2.356194	1.699788	2.452890	243	216	36	2763.66
0.000000	2.295480	1.008277	38	250	1	2763.58
1.570796	1.836682	-0.676006	44	238	250	2763.22
1.047198	1.310100	1.488307	233	19	40	2763.11
-0.261799	1.433411	-1.035986	53	250	227	2763.06
-2.617994	1.909857	-0.381669	188	242	246	2762.88
2.094395	1.569311	-3.003978	243	51	39	2762.43
2.879793	2.379497	0.561089	40	215	222	2762.14
0.523599	0.618092	2.539118	65	4	3	2762.02
-1.047198	1.617114	-1.572037	3	250	60	2761.90
1.570796	2.164094	-2.991358	212	228	212	2761.84
1.308997	1.218453	2.777284	251	46	24	2761.77
2.617994	0.496451	0.593859	196	237	245	2761.49
1.832596	1.998705	2.370472	237	202	48	2761.45
-1.308997	0.831641	0.616218	248	38	23	2761.44
-0.261799	1.045978	0.343692	224	233	44	2761.41
-0.261799	1.195355	1.200319	250	202	197	2761.11
0.000000	1.606104	-0.451151	188	226	31	2761.00
-1.570796	1.413430	2.550734	234	54	227	2760.89
1.832596	2.664082	-1.071402	40	231	250	2760.87
1.570796	0.914445	2.687814	0	208	43	2760.66
-2.094395	1.113094	-0.272241	44	5	242	2760.41
0.000000	0.866395	-2.492918	17	48	18	2760.15
-0.785398	1.301460	-0.509251	249	32	41	2760.14
2.094395	1.014500	0.906702	197	229	57	2759.91
0.523599	1.214854	-1.966664	215	13	38	2759.80
2.356194	0.615174	-0.666022	200	238	239	2759.74
2.617994	0.733948	3.021411	218	12	211	2759.63
-0.261799	0.571433	-1.188419	222	235	39	2759.60
-0.261799	1.450119	-2.739050	21	209	6	2759.45
-1.047198	0.914445	2.687814	3	45	241	2759.26
0.785398	1.506530	1.988858	9	47	2	2759.11
-2.094395	0.496451	0.593859	212	45	237	2758.96
1.047198	1.413347	-1.339188	211	210	57	2758.95
0.785398	0.458961	-0.107937	40	245	24	2758.80
-2.879793	2.247462	0.191623	191	18	5	2758.75
0.523599	2.664082	-1.071402	8	201	13	2758.74
1.308997	2.115563	0.685730	33	220	32	2758.19
1.047198	2.108018	1.311430	224	32	219	2757.90
0.523599	0.458961	-0.107937	210	23	227	2757.40
-2.356194	1.617114	-1.572037	7	243	70	2757.01
-1.308997	1.736875	3.023612	210	55	226	2756.99
-3.141593	1.977582	0.969896	45	2	218	2756.72
2.094395	1.134497	-1.109631	199	9	243	2756.25
1.308997	1.875281	0.107086	20	207	234	2756.16
-2.094395	2.379497	0.561089	192	251	11	2755.94
-1.308997	1.836682	-0.676006	228	242	49	2755.93
0.261799	1.846342	-1.796954	234	229	226	2755.48
1.047198	1.135834	-1.431087	208	17	245	2755.21
-2.879793	0.290380	-0.796960	34	223	249	2755.08
1.570796	0.496451	0.593859	227	219	43	2754.63
-1.308997	2.349581	-2.702517	213	229	46	2754.51
-2.617994	2.089241	-0.114193	239	229	61	2754.40
-1.570796	0.700570	1.559208	15	236	60	2754.28
-2.356194	0.866395	-2.492918	226	63	216	2754.20
-2.617994	2.187132	-0.479875	192	240	240	2754.12
2.094395	2.247462	0.191623	49	220	237	2754.09
0.261799	0.080730	-2.622036	20	202	251	2753.99
1.308997	1.875281	0.107086	20	206	234	2753.86
0.000000	0.571433	-1.188419	3	17	55	2753.67
1.308997	1.128190	-2.288622	25	34	231	2753.64
2.879793	2.863997	0.549740	236	242	45	2753.64
-3.141593	1.391910	3.030322	189	239	46	2753.60
-1.047198	2.247462	0.191623	37	213	31	2753.49
-1.570796	1.869911	2.701025	236	72	232	2753.48
-2.094395	2.396274	-1.959260	203	26	27	2753.48
0.785398	0.418037	1.360082	196	6	49	2753.42
-1.570796	1.214854	-1.966664	19	40	45	2753.24
0.523599	2.407836	1.410646	42	233	26	2753.22
1.570796	2.979456	-1.009304	225	227	30	2753.17
-2.356194	2.343981	-1.040456	215	241	42	2752.94
0.785398	2.704512	1.488683	250	60	223	2752.63
-2.879793	1.812176	0.656819	31	13	203	2752.52
-2.617994	0.458961	-0.107937	48	25	34	2752.46
-0.785398	2.579248	-2.364801	7	48	208	2752.29
2.356194	1.982574	-1.115518	196	4	6	2752.11
2.356194	0.850607	-1.335383	225	14	208	2751.79
-2.356194	2.247462	0.191623	189	247	6	2751.76
-0.785398	1.982574	-1.115518	12	204	17	2751.67
-2.879793	1.184361	0.625864	10	203	36	2751.67
1.570796	2.637879	2.121598	35	250	232	2751.60
0.261799	2.456751	-1.503343	13	208	16	2751.47
0.261799	0.615174	-0.666022	13	211	247	2751.38
0.261799	1.545873	-1.877082	21	228	49	2751.31
-2.094395	1.301460	-0.509251	199	216	247	2751.00
0.261799	2.984978	1.954446	228	31	25	2750.71
-2.356194	1.545873	-1.877082	217	243	198	2750.54
-1.047198	1.242974	-2.977882	185	19	223	2750.39
0.785398	1.050534	3.042579	53	19	16	2750.30
2.094395	0.899350	-2.069907	52	6	0	2750.15
-1.047198	1.218453	2.777284	246	204	1	2750.02
0.261799	1.194549	-0.801900	243	232	52	2749.84
-1.570796	0.700570	1.559208	14	236	60	2749.62
-2.356194	0.640596	-2.797608	231	219	43	2749.31
0.523599	1.658653	-2.409879	48	4	29	2749.17
-3.141593	2.379497	0.561089	230	50	0	2748.80
0.523599	2.138223	1.678323	43	251	11	2748.73
-1.570796	0.864993	2.278281	33	43	5	2748.73
-2.356194	2.187132	-0.479875	197	229	240	2748.55
-0.261799	2.295480	1.008277	36	241	249	2748.55
0.523599	1.504028	0.636812	40	5	248	2748.34
-1.832596	1.134796	2.434290	37	40	247	2748.33
-1.832596	2.247462	0.191623	241	13	202	2747.72
-2.617994	2.881233	-2.582574	194	31	7	2747.39
0.261799	1.606104	-0.451151	40	225	24	2746.76
0.523599	1.904882	-1.478089	25	31	222	2746.70
-0.785398	1.606104	-0.451151	60	222	6	2746.57
2.094395	0.899350	-2.069907	29	32	208	2746.17
-2.617994	0.496451	0.593859	220	31	220	2746.09
-2.617994	2.089241	-0.114193	239	230	62	2746.03
-2.879793	1.168678	2.108595	210	217	238	2745.96
0.000000	2.295480	1.008277	37	229	29	2745.88
0.261799	0.850607	-1.335383	1	2	59	2745.70
0.523599	1.658653	-2.409879	48	4	30	2745.69
-2.356194	0.618092	2.539118	47	35	247	2744.63
-2.617994	1.214854	-1.966664	42	230	49	2744.28
1.832596	2.393226	1.857173	229	54	248	2744.08
1.570796	2.407836	1.410646	202	23	229	2743.94
2.617994	0.496451	0.593859	208	251	33	2743.73
1.308997	2.863997	0.549740	233	205	37	2743.63
-1.570796	1.977582	0.969896	32	9	205	2743.59
2.617994	0.831641	0.616218	54	6	7	2743.43
-2.356194	2.478122	2.609777	17	237	197	2742.96
2.094395	1.450119	-2.739050	22	25	216	2742.76
-1.832596	1.662363	0.915448	1	211	236	2742.59
-1.832596	1.218453	2.777284	213	198	36	2742.51
2.094395	0.674054	1.013609	226	200	25	2742.17
1.047198	2.719179	-1.780644	50	1	14	2742.01
-1.308997	0.850607	-1.335383	212	251	234	2741.91
-1.570796	0.496451	0.593859	194	24	239	2741.91
2.094395	2.760637	2.781135	242	201	236	2741.85
0.000000	2.719179	-1.780644	15	211	5	2741.50
-2.356194	2.760637	2.781135	243	206	41	2741.47
2.094395	0.379747	-1.713059	218	223	38	2741.15
-1.308997	0.685216	-1.712745	52	26	17	2741.01
-0.785398	1.732874	-0.951685	198	16	41	2740.78
1.047198	0.203748	0.590255	212	45	228	2740.72
-2.617994	0.496451	0.593859	219	31	220	2740.58
1.570796	1.417623	-0.202254	43	209	17	2740.43
0.000000	2.456751	-1.503343	5	203	16	2740.40
2.617994	0.496451	0.593859	207	251	32	2740.38
0.000000	2.356369	3.005869	218	228	26	2740.02
-2.617994	1.310100	1.488307	226	25	212	2739.97
-1.832596	2.343981	-1.040456	38	199	7	2739.89
2.356194	2.984978	1.954446	249	197	240	2739.85
1.047198	0.866955	-0.931351	55	9	4	2739.63
0.261799	2.456751	-1.503343	12	208	16	2739.60
1.570796	2.089241	-0.114193	218	0	230	2739.58
0.785398	1.335669	0.897240	229	243	75	2739.55
-2.879793	2.108018	1.311430	15	244	198	2739.20
-1.308997	0.700570	1.559208	40	36	15	2739.02
2.356194	1.756530	-2.105156	242	6	64	2738.96
-1.832596	0.591903	2.010408	201	223	17	2738.71
1.047198	2.343981	-1.040456	19	46	230	2738.62
1.047198	1.488617	1.159546	243	26	47	2738.55
-1.832596	0.992645	-1.723759	239	212	45	2738.46
2.094395	1.135813	-2.658866	229	22	41	2738.34
1.047198	0.906588	1.252948	56	230	230	2738.27
0.261799	1.662363	0.915448	238	208	245	2738.23
0.000000	0.700570	1.559208	39	0	29	2737.94
0.261799	0.379747	-1.713059	29	192	220	2737.87
1.308997	1.134796	2.434290	12	198	19	2737.47
-0.785398	0.961715	0.014085	59	218	28	2737.24
-2.617994	1.977582	0.969896	232	219	33	2737.20
-2.879793	1.756530	-2.105156	8	215	40	2737.11
1.308997	0.290380	-0.796960	220	217	29	2737.07
0.000000	1.545873	-1.877082	222	14	35	2736.94
1.570796	0.960688	-0.577532	228	30	228	2736.90
1.832596	2.164094	-2.991358	220	220	214	2736.86
2.094395	1.872854	1.543456	47	240	250	2736.77
-0.785398	1.214854	-1.966664	19	207	4	2736.36
0.785398	0.619654	-2.216909	48	235	30	2736.15
0.785398	2.863997	0.549740	56	4	244	2736.10
0.261799	2.174483	2.653697	192	238	35	2735.76
-2.617994	0.418037	1.360082	6	214	46	2735.69
-0.785398	1.504028	0.636812	244	236	65	2735.66
0.261799	1.982574	-1.115518	42	31	227	2735.54
0.261799	0.080730	-2.622036	20	201	251	2735.37
-1.047198	1.998705	2.370472	25	47	245	2735.27
1.570796	2.979456	-1.009304	219	33	23	2734.78
-1.832596	0.906588	1.252948	199	5	225	2734.60
0.523599	1.904882	-1.478089	247	42	242	2734.44
0.261799	0.203748	0.590255	38	248	31	2733.75
0.000000	1.014500	0.906702	37	241	20	2733.48
1.570796	1.301460	-0.509251	38	209	34	2733.14
-0.523599	1.846342	-1.796954	24	36	28	2732.91
-2.356194	1.214854	-1.966664	222	218	39	2732.88
-1.832596	0.379747	-1.713059	19	27	234	2732.85
-3.141593	0.591903	2.010408	17	219	53	2732.73
1.047198	2.138223	1.678323	212	247	20	2732.50
2.617994	0.379747	-1.713059	40	7	32	2732.14
-1.308997	1.846342	-1.796954	239	222	49	2731.94
2.094395	2.719179	-1.780644	205	6	34	2731.86
-0.523599	1.617114	-1.572037	232	220	44	2731.61
-0.523599	1.506530	1.988858	242	203	17	2731.44
0.000000	0.496451	0.593859	12	214	27	2731.22
2.879793	1.982574	-1.115518	235	212	7	2730.01
2.356194	2.478122	2.609777	211	230	229	2729.80
2.356194	1.699788	2.452890	243	215	36	2729.79
1.570796	1.242974	-2.977882	238	35	38	2729.70
2.617994	2.863997	0.549740	246	235	51	2729.65
-1.832596	2.881233	-2.582574	186	240	11	2729.61
-0.785398	0.080730	-2.622036	190	245	227	2729.53
-1.047198	2.588535	-2.976617	226	247	32	2729.34
-1.047198	2.379497	0.561089	22	224	19	2728.75
2.094395	1.325504	-1.671296	46	3	18	2728.71
-3.141593	1.367556	0.358405	246	225	56	2728.13
1.570796	1.569311	-3.003978	34	12	234	2728.13
0.261799	1.869911	2.701025	24	214	8	2728.08
0.261799	0.640596	-2.797608	247	30	218	2727.94
1.570796	0.709924	0.218797	9	209	31	2727.42
-3.141593	1.488617	1.159546	235	247	64	2727.18
-3.141593	2.456751	-1.503343	209	243	43	2726.98
-2.094395	1.045978	0.343692	44	12	241	2726.80
-2.356194	1.846342	-1.796954	210	2	227	2726.60
-1.047198	2.588535	-2.976617	227	247	31	2726.56
-1.308997	2.979456	-1.009304	216	0	36	2726.07
0.000000	1.506530	1.988858	40	15	237	2725.92
0.000000	2.881233	-2.582574	55	17	37	2725.87
1.047198	2.863997	0.549740	54	15	243	2725.62
-1.570796	2.664082	-1.071402	46	233	233	2725.23
-0.261799	2.349581	-2.702517	206	27	214	2725.07
0.785398	0.618092	2.539118	198	241	236	2724.80
-1.832596	1.218453	2.777284	213	197	36	2724.79
2.094395	1.214854	-1.966664	46	6	245	2724.65
2.356194	1.812176	0.656819	234	218	45	2724.51
-1.570796	2.863997	0.549740	195	213	43	2723.48
-2.094395	0.418037	1.360082	228	233	50	2723.36
0.523599	1.617114	-1.572037	220	32	1	2723.12
-1.570796	1.194549	-0.801900	29	201	250	2723.12
-2.617994	2.187132	-0.479875	192	240	239	2723.07
0.523599	2.407836	1.410646	208	246	33	2722.38
2.094395	2.719179	-1.780644	42	38	23	2722.28
0.000000	2.001437	0.381215	24	206	33	2722.19
-1.570796	0.297065	2.160177	213	216	23	2722.13
-0.785398	2.299159	2.264663	176	34	9	2722.03
0.785398	2.456751	-1.503343	33	201	26	2721.98
-1.047198	1.699788	2.452890	198	34	21	2721.70
0.523599	1.741644	-2.695914	51	6	22	2721.50
1.832596	1.574060	2.783565	48	239	3	2721.49
1.570796	0.762244	-0.273349	46	5	19	2721.36
1.308997	2.041297	-2.664597	202	220	10	2720.97
-0.523599	1.554776	0.100351	234	30	38	2720.66
-2.879793	2.456751	-1.503343	18	56	7	2720.66
-2.617994	2.187132	-0.479875	192	241	239	2720.29
-3.141593	1.310100	1.488307	5	243	192	2720.02
0.000000	1.413347	-1.339188	7	249	64	2719.76
-0.785398	1.699788	2.452890	219	233	42	2719.74
1.570796	1.504028	0.636812	33	241	204	2719.28
-2.617994	0.961715	0.014085	24	49	236	2719.14
0.523599	0.960688	-0.577532	224	195	30	2718.86
-2.879793	1.736875	3.023612	191	235	50	2718.34
-1.308997	0.297065	2.160177	241	43	25	2718.33
-2.094395	2.587733	0.232235	246	207	239	2717.72
-1.832596	1.506530	1.988858	46	6	31	2717.39
-2.356194	2.579248	-2.364801	195	24	20	2717.35
-2.356194	1.045978	0.343692	27	211	1	2717.35
0.785398	1.872854	1.543456	210	1	18	2717.24
0.523599	1.488617	1.159546	45	250	13	2716.91
1.047198	2.108018	1.311430	226	34	219	2716.60
0.261799	0.290380	-0.796960	42	11	243	2716.50
0.785398	2.187132	-0.479875	248	240	205	2716.25
1.047198	1.014500	0.906702	222	23	226	2716.14
2.094395	0.297065	2.160177	247	64	240	2716.05
1.308997	2.404280	-0.174044	14	206	237	2716.03
-0.523599	1.335669	0.897240	40	29	14	2716.02
1.308997	2.104282	-0.813972	225	37	14	2715.86
2.094395	2.379497	0.561089	37	41	12	2715.61
2.617994	2.592629	0.909713	215	228	24	2715.37
-2.879793	1.504028	0.636812	49	230	15	2715.36
2.879793	0.992645	-1.723759	245	232	56	2715.19
1.832596	2.033014	2.977192	228	212	21	2715.16
2.356194	1.721184	-0.153948	45	240	229	2715.14
1.047198	1.450119	-2.739050	44	231	1	2714.73
-1.047198	1.658653	-2.409879	240	32	188	2714.70
1.047198	1.699788	2.452890	233	6	37	2714.36
-0.261799	1.135834	-1.431087	243	47	250	2714.33
0.000000	1.756530	-2.105156	27	224	61	2714.12
-0.523599	1.741644	-2.695914	44	238	27	2713.90
2.356194	1.658653	-2.409879	47	0	243	2713.85
2.356194	1.113094	-0.272241	213	242	235	2713.43
-2.879793	1.683268	0.374177	30	22	226	2713.41
1.047198	1.135834	-1.431087	209	17	244	2713.15
1.832596	1.809167	1.213774	219	13	238	2713.09
2.617994	0.203748	0.590255	204	237	24	2712.97
0.785398	2.456751	-1.503343	33	202	26	2712.84
1.047198	0.910508	1.903534	202	1	30	2712.79
2.094395	0.674054	1.013609	224	7	225	2712.74
-1.832596	0.458961	-0.107937	221	12	225	2712.43
0.785398	1.504028	0.636812	213	29	240	2712.15
0.523599	2.104282	-0.813972	7	207	240	2711.87
-2.617994	2.719179	-1.780644	231	53	10	2711.67
0.000000	1.310100	1.488307	59	241	241	2711.50
-0.523599	2.180315	-1.357379	196	249	44	2711.48
-2.094395	1.574060	2.783565	48	33	240	2711.40
1.047198	2.108018	1.311430	251	53	229	2711.25
-0.261799	0.419640	2.974122	249	31	226	2711.12
-2.617994	2.664082	-1.071402	212	218	237	2711.03
-1.832596	1.134497	-1.109631	213	240	214	2711.03
2.356194	0.615174	-0.666022	199	238	238	2710.94
1.832596	0.290380	-0.796960	42	3	30	2709.93
1.832596	2.104282	-0.813972	201	14	19	2709.82
-1.047198	0.709924	0.218797	223	238	44	2709.54
-2.356194	0.961715	0.014085	17	207	40	2709.48
-1.308997	2.719179	-1.780644	248	212	53	2709.47
2.094395	1.555207	1.708892	51	245	250	2709.05
1.832596	2.579248	-2.364801	192	232	216	2708.63
-1.570796	0.685216	-1.712745	54	19	16	2708.56
1.047198	2.404280	-0.174044	251	26	42	2708.49
2.094395	0.080730	-2.622036	48	17	239	2708.34
-1.570796	1.699788	2.452890	227	71	251	2707.84
0.785398	1.113094	-0.272241	248	232	58	2707.69
2.094395	2.979456	-1.009304	235	221	36	2707.61
0.785398	1.168678	2.108595	40	231	1	2707.52
0.523599	1.325504	-1.671296	225	43	4	2707.52
-0.785398	1.741644	-2.695914	237	231	60	2707.52
-1.570796	2.063651	-2.044600	245	27	213	2707.43
-1.832596	2.579248	-2.364801	189	248	22	2707.25
1.047198	0.080730	-2.622036	225	55	0	2707.07
0.523599	1.488617	1.159546	44	250	14	2707.02
-0.523599	2.089241	-0.114193	41	11	247	2706.96
0.000000	0.297065	2.160177	17	29	0	2706.32
2.356194	1.617114	-1.572037	242	218	215	2706.27
-2.879793	1.756530	-2.105156	9	215	40	2706.05
2.094395	2.455966	-0.641220	41	229	244	2705.92
2.879793	0.297065	2.160177	49	246	1	2705.81
1.047198	2.393226	1.857173	208	236	28	2705.42
0.523599	1.699788	2.452890	43	229	0	2705.18
0.261799	1.391910	3.030322	28	220	35	2705.10
-1.047198	1.869911	2.701025	25	45	5	2705.08
0.261799	2.719179	-1.780644	227	33	17	2705.07
1.570796	2.404280	-0.174044	232	221	50	2705.06
1.308997	1.870545	-2.976234	35	6	230	2704.79
1.047198	2.719179	-1.780644	228	226	36	2704.77
-3.141593	2.704512	1.488683	12	210	224	2704.58
1.047198	1.870545	-2.976234	56	7	24	2704.56
0.523599	0.370812	-2.547742	243	59	10	2704.18
0.261799	1.554776	0.100351	218	42	14	2703.87
-1.047198	2.247462	0.191623	37	213	30	2703.71
2.617994	1.184361	0.625864	229	207	31	2703.63
-2.094395	1.335669	0.897240	223	24	214	2703.31
-1.308997	1.247695	1.809890	228	36	45	2702.96
2.356194	1.050534	3.042579	214	25	30	2702.85
-0.523599	0.674054	1.013609	213	210	237	2702.66
2.879793	0.370812	-2.547742	215	231	33	2702.58
1.047198	1.982574	-1.115518	22	43	231	2702.58
-0.785398	2.349581	-2.702517	224	39	213	2702.22
2.879793	0.640596	-2.797608	220	246	34	2702.00
0.785398	0.591903	2.010408	67	1	242	2701.92
-0.785398	0.419640	2.974122	37	13	231	2701.81
-0.523599	0.080730	-2.622036	201	235	19	2701.54
1.047198	1.904882	-1.478089	218	30	240	2701.48
-3.141593	1.242974	-2.977882	223	210	33	2701.44
0.523599	2.396274	-1.959260	32	221	13	2701.42
0.261799	1.766067	2.153843	48	30	236	2701.41
1.832596	0.571433	-1.188419	220	222	236	2701.22
-2.879793	0.640596	-2.797608	217	229	37	2700.73
1.570796	0.685216	-1.712745	2	223	54	2700.23
-1.570796	1.367556	0.358405	216	5	34	2699.77
2.094395	0.290380	-0.796960	42	8	29	2699.16
2.094395	1.683268	0.374177	46	245	9	2698.59
-3.141593	0.700570	1.559208	235	250	47	2698.46
-3.141593	1.948085	-2.363031	38	242	25	2698.23
-3.141593	1.367556	0.358405	13	200	3	2698.17
-2.094395	1.214854	-1.966664	198	0	238	2698.16
0.000000	2.041297	-2.664597	201	11	208	2698.14
1.047198	0.674054	1.013609	10	205	17	2698.09
1.047198	1.870545	-2.976234	218	198	3	2698.02
-1.570796	2.396274	-1.959260	27	15	197	2698.00
0.261799	1.545873	-1.877082	236	44	9	2697.81
-1.047198	1.948085	-2.363031	250	35	193	2697.63
2.879793	0.080730	-2.622036	211	233	26	2697.53
2.356194	0.618092	2.539118	23	31	237	2697.26
1.570796	1.310100	1.488307	238	13	40	2697.21
1.308997	2.881233	-2.582574	213	208	1	2697.19
-1.570796	2.979456	-1.009304	213	27	237	2697.03
2.094395	2.247462	0.191623	48	220	238	2696.62
2.356194	1.555207	1.708892	218	236	225	2696.53
-1.047198	1.658653	-2.409879	240	32	189	2696.40
1.570796	2.295480	1.008277	25	27	250	2696.16
2.094395	1.025536	1.576859	234	5	39	2695.82
-1.570796	0.674054	1.013609	193	3	232	2695.81
-1.308997	1.732874	-0.951685	221	246	44	2695.77
0.000000	1.433411	-1.035986	51	10	224	2695.72
1.570796	2.404280	-0.174044	232	220	50	2695.66
-2.094395	0.458961	-0.107937	229	38	225	2695.43
0.261799	1.413347	-1.339188	197	237	55	2695.36
-0.523599	1.214854	-1.966664	26	210	5	2695.27
0.785398	1.194549	-0.801900	1	2	204	2695.16
2.094395	1.413430	2.550734	39	15	235	2694.72
-1.832596	2.356369	3.005869	225	244	33	2694.64
2.617994	2.251330	-2.330739	215	233	205	2694.55
2.617994	0.418037	1.360082	23	201	12	2694.20
-0.785398	0.618092	2.539118	24	38	251	2694.14
-1.832596	1.025536	1.576859	59	244	33	2693.86
0.000000	2.104282	-0.813972	60	25	226	2693.82
0.261799	1.025536	1.576859	28	220	24	2693.53
0.000000	2.664082	-1.071402	62	9	242	2693.48
-3.141593	1.184361	0.625864	12	227	60	2693.43
0.261799	2.041297	-2.664597	51	7	247	2693.02
-3.141593	1.413347	-1.339188	39	20	246	2692.95
2.094395	1.569311	-3.003978	242	51	39	2692.85
1.047198	1.195355	1.200319	206	15	233	2692.73
1.047198	2.456751	-1.503343	212	19	20	2692.65
1.570796	0.831641	0.616218	211	0	230	2692.34
1.047198	1.699788	2.452890	233	6	36	2692.26
-2.094395	1.168678	2.108595	22	219	9	2692.25
0.261799	0.866395	-2.492918	6	49	22	2692.22
1.570796	0.910508	1.903534	49	13	6	2691.80
-2.617994	1.617114	-1.572037	235	207	208	2691.80
1.047198	2.592629	0.909713	201	25	229	2691.40
0.523599	2.295480	1.008277	214	248	32	2691.38
1.047198	0.831641	0.616218	223	21	226	2691.28
0.261799	0.615174	-0.666022	13	212	246	2690.70
1.570796	2.881233	-2.582574	42	227	11	2690.51
-0.261799	2.719179	-1.780644	8	43	249	2690.49
0.785398	0.992645	-1.723759	225	32	232	2690.46
-1.570796	2.063651	-2.044600	244	29	212	2690.43
0.000000	2.251330	-2.330739	219	28	0	2690.27
1.832596	1.367556	0.358405	247	54	35	2690.11
-0.261799	1.732874	-0.951685	55	8	224	2689.84
1.308997	1.417623	-0.202254	29	205	16	2689.35
2.879793	1.413347	-1.339188	236	45	232	2689.27
0.523599	1.433411	-1.035986	10	232	56	2689.16
-2.879793	2.343981	-1.040456	216	247	45	2689.04
0.000000	1.766067	2.153843	191	237	43	2688.99
1.047198	2.349581	-2.702517	31	35	42	2688.96
1.570796	1.998705	2.370472	228	205	48	2688.72
0.261799	2.719179	-1.780644	226	32	17	2688.38
-0.785398	1.872854	1.543456	18	236	44	2687.97
-1.308997	0.685216	-1.712745	52	25	17	2687.91
-2.879793	0.290380	-0.796960	34	222	249	2687.72
-2.617994	1.998705	2.370472	57	250	237	2687.57
2.879793	2.073035	2.027405	3	236	54	2687.57
-0.785398	1.128190	-2.288622	42	240	44	2687.51
2.617994	2.881233	-2.582574	31	199	6	2687.43
-1.047198	1.488617	1.159546	43	2	29	2687.24
0.523599	1.617114	-1.572037	219	33	1	2687.20
1.047198	1.168678	2.108595	194	238	5	2687.11
0.000000	1.134796	2.434290	54	6	249	2686.85
2.356194	1.214854	-1.966664	238	246	52	2686.80
-2.356194	2.760637	2.781135	243	206	40	2686.77
1.047198	0.674054	1.013609	10	204	17	2686.63
-2.879793	1.256302	0.062705	205	234	41	2686.49
-2.094395	1.488617	1.159546	249	211	238	2686.35
-2.356194	2.637879	2.121598	247	42	36	2686.16
-0.523599	2.063651	-2.044600	251	35	21	2686.16
0.523599	1.247695	1.809890	45	7	27	2686.00
-1.570796	0.203748	0.590255	189	20	251	2685.69
1.308997	1.699788	2.452890	229	237	37	2685.45
-2.617994	1.025536	1.576859	220	30	219	2685.43
1.832596	2.251330	-2.330739	25	225	31	2685.39
-2.094395	1.184361	0.625864	41	22	236	2685.36
-1.308997	2.664082	-1.071402	21	224	49	2685.25
-0.523599	2.396274	-1.959260	17	44	234	2685.08
-2.356194	2.979456	-1.009304	211	249	37	2685.04
2.094395	2.984978	1.954446	191	25	248	2684.62
-0.785398	1.875281	0.107086	54	222	32	2684.18
-1.308997	1.846342	-1.796954	51	243	243	2684.11
2.094395	1.574060	2.783565	52	245	3	2683.89
-2.356194	0.370812	-2.547742	242	217	41	2683.80
-0.261799	0.080730	-2.622036	56	13	23	2683.70
1.308997	1.824694	1.850876	33	15	224	2683.64
0.523599	2.108018	1.311430	236	48	245	2683.32
1.308997	0.709924	0.218797	201	13	237	2682.93
0.000000	0.619654	-2.216909	1	54	16	2682.87
-0.523599	1.977582	0.969896	34	233	36	2682.64
-0.785398	2.295480	1.008277	47	6	230	2682.59
-2.879793	1.448123	-2.163292	9	211	35	2682.38
-2.879793	0.203748	0.590255	8	62	239	2682.37
2.879793	0.910508	1.903534	242	250	54	2682.22
-3.141593	1.555207	1.708892	237	2	46	2682.01
-0.785398	2.041297	-2.664597	213	24	209	2681.89
0.523599	0.571433	-1.188419	208	22	236	2681.79
-0.523599	1.545873	-1.877082	25	38	22	2681.73
-1.832596	1.982574	-1.115518	31	225	28	2681.66
-2.617994	2.063651	-2.044600	221	31	34	2681.65
0.785398	1.998705	2.370472	58	13	244	2681.49
-2.617994	1.134497	-1.109631	222	207	227	2681.19
1.308997	1.168678	2.108595	48	10	2	2681.15
-0.523599	2.164094	-2.991358	244	217	50	2680.94
-0.523599	2.180315	-1.357379	196	248	44	2680.79
-2.356194	0.379747	-1.713059	219	244	42	2680.78
-0.261799	1.218453	2.777284	233	39	231	2680.57
1.308997	2.115563	0.685730	32	219	33	2680.11
-1.832596	1.948085	-2.363031	237	18	199	2680.03
-1.308997	2.407836	1.410646	225	8	205	2679.88
0.000000	1.948085	-2.363031	211	14	198	2679.65
1.308997	1.732874	-0.951685	45	240	248	2679.56
-2.879793	1.335669	0.897240	223	237	64	2678.82
-1.570796	1.545873	-1.877082	210	233	235	2678.57
1.047198	2.592629	0.909713	201	25	228	2678.24
-0.785398	1.721184	-0.153948	59	223	20	2678.13
-0.785398	1.982574	-1.115518	1	45	17	2677.88
-0.523599	0.762244	-0.273349	224	231	41	2677.72
-2.094395	1.301460	-0.509251	45	5	242	2677.66
-2.094395	0.961715	0.014085	41	11	234	2677.51
-1.570796	0.290380	-0.796960	228	214	45	2677.39
1.570796	0.866955	-0.931351	207	251	239	2677.00
1.308997	1.391910	3.030322	235	17	55	2676.95
-2.879793	0.370812	-2.547742	35	6	35	2676.78
1.832596	1.450119	-2.739050	52	248	251	2676.60
2.879793	2.343981	-1.040456	185	19	226	2676.55
2.879793	1.869911	2.701025	192	9	33	2676.55
1.832596	0.458961	-0.107937	248	203	234	2676.49
0.785398	1.113094	-0.272241	247	232	58	2676.42
-3.141593	0.992645	-1.723759	38	23	24	2676.16
-1.832596	2.760637	2.781135	226	242	30	2675.98
2.879793	1.812176	0.656819	233	221	40	2675.76
-1.308997	1.214854	-1.966664	7	15	211	2675.63
-2.356194	1.555207	1.708892	2	230	62	2675.39
2.879793	1.824694	1.850876	46	11	242	2675.32
-2.879793	2.247462	0.191623	37	14	61	2675.31
-0.523599	1.134796	2.434290	52	241	249	2675.30
1.570796	2.637879	2.121598	36	250	231	2675.26
-1.047198	1.998705	2.370472	25	47	244	2675.22
1.047198	2.251330	-2.330739	251	208	237	2675.00
1.047198	1.413347	-1.339188	219	238	50	2674.96
-1.308997	0.591903	2.010408	242	29	42	2674.49
1.047198	2.153910	-1.714959	41	209	36	2674.37
0.261799	0.379747	-1.713059	205	38	15	2674.36
1.308997	2.587733	0.232235	47	31	10	2674.27
2.356194	1.413347	-1.339188	250	226	55	2673.97
2.094395	0.419640	2.974122	21	36	240	2673.89
1.047198	0.961715	0.014085	235	210	28	2673.74
0.523599	0.910508	1.903534	243	205	229	2673.71
0.000000	1.413430	2.550734	206	17	18	2673.58
0.000000	1.756530	-2.105156	2	203	34	2673.44
-1.570796	0.960688	-0.577532	232	43	21	2673.34
1.047198	2.984978	1.954446	221	23	23	2673.32
-1.832596	1.699788	2.452890	235	53	18	2673.29
-2.617994	1.168678	2.108595	227	224	35	2673.24
-3.141593	1.554776	0.100351	42	25	232	2673.01
-1.570796	0.864993	2.278281	34	44	5	2672.94
0.785398	1.417623	-0.202254	0	225	56	2672.39
1.308997	1.450119	-2.739050	45	237	251	2672.35
-0.261799	1.413430	2.550734	231	43	237	2672.23
1.832596	1.869911	2.701025	22	32	0	2672.22
0.523599	2.063651	-2.044600	39	217	44	2672.00
0.523599	1.025536	1.576859	46	8	23	2671.78
2.356194	2.115563	0.685730	43	234	224	2671.64
-1.047198	1.732874	-0.951685	232	237	48	2671.45
-2.094395	2.063651	-2.044600	209	18	37	2671.39
1.570796	0.458961	-0.107937	203	4	231	2671.37
1.570796	0.496451	0.593859	64	225	15	2671.36
-2.094395	2.404280	-0.174044	220	0	46	2671.35
0.261799	1.325504	-1.671296	233	46	4	2671.20
-0.261799	1.128190	-2.288622	28	218	17	2670.48
2.094395	0.379747	-1.713059	218	223	39	2670.37
-2.879793	1.824694	1.850876	0	236	60	2670.31
-3.141593	0.615174	-0.666022	34	218	2	2670.25
-0.261799	1.367556	0.358405	17	17	220	2669.86
-1.832596	0.914445	2.687814	237	47	14	2669.41
-1.308997	0.571433	-1.188419	13	198	6	2669.32
1.047198	1.168678	2.108595	194	239	5	2669.18
-1.832596	0.379747	-1.713059	19	28	233	2669.04
1.832596	1.050534	3.042579	44	203	247	2668.77
-1.570796	2.455966	-0.641220	215	237	47	2668.77
-1.832596	1.301460	-0.509251	25	210	35	2668.43
-2.094395	1.214854	-1.966664	40	13	251	2668.42
0.523599	0.203748	0.590255	39	0	30	2668.23
1.832596	0.906588	1.252948	37	232	226	2667.80
1.570796	0.831641	0.616218	210	0	231	2667.79
0.523599	1.014500	0.906702	230	33	51	2667.76
1.047198	1.440580	2.260026	211	232	31	2667.47
-1.570796	0.619654	-2.216909	24	24	238	2667.38
-2.094395	0.370812	-2.547742	212	38	3	2667.00
-1.832596	1.732874	-0.951685	247	56	26	2666.72
0.785398	1.247695	1.809890	55	249	7	2666.59
0.000000	1.846342	-1.796954	239	202	27	2666.49
1.308997	0.290380	-0.796960	220	216	29	2666.43
-1.047198	2.153910	-1.714959	232	22	29	2666.15
0.785398	1.870545	-2.976234	44	34	27	2666.00
2.617994	2.180315	-1.357379	12	213	239	2665.89
0.523599	1.554776	0.100351	19	234	214	2665.83
2.094395	1.824694	1.850876	218	219	23	2665.66
0.785398	2.724429	-0.348782	223	9	219	2665.62
-1.832596	0.370812	-2.547742	213	218	16	2665.61
-1.308997	1.134497	-1.109631	212	230	35	2665.59
1.570796	0.674054	1.013609	224	7	222	2665.49
2.094395	1.766067	2.153843	234	225	41	2665.46
1.308997	2.592629	0.909713	243	199	10	2665.28
-3.141593	0.700570	1.559208	234	250	46	2665.21
1.308997	1.569311	-3.003978	238	6	64	2665.15
0.000000	2.579248	-2.364801	222	35	8	2664.83
2.879793	2.379497	0.561089	57	235	232	2664.82
-1.308997	2.153910	-1.714959	56	245	8	2664.61
-1.047198	2.588535	-2.976617	227	247	32	2664.60
-1.308997	1.870545	-2.976234	227	199	59	2664.48
-1.832596	1.766067	2.153843	39	229	10	2664.46
-1.570796	1.025536	1.576859	243	191	218	2664.46
1.308997	2.089241	-0.114193	18	206	236	2664.30
-0.261799	2.760637	2.781135	58	235	241	2663.81
1.047198	0.762244	-0.273349	39	6	240	2663.49
-1.832596	2.396274	-1.959260	28	7	199	2663.47
2.356194	1.391910	3.030322	229	47	26	2663.38
-2.879793	0.831641	0.616218	18	202	34	2663.30
-0.261799	1.555207	1.708892	40	7	218	2663.17
-0.261799	1.846342	-1.796954	7	216	51	2663.02
-1.832596	1.488617	1.159546	4	210	239	2663.00
1.570796	1.242974	-2.977882	237	35	38	2662.92
1.570796	1.194549	-0.801900	25	201	43	2662.84
-1.308997	1.134497	-1.109631	233	38	39	2662.63
2.356194	0.992645	-1.723759	229	15	200	2662.54
-2.094395	1.488617	1.159546	248	210	238	2662.24
1.570796	1.450119	-2.739050	49	242	251	2662.06
-1.570796	1.134796	2.434290	46	19	15	2661.70
0.261799	1.413430	2.550734	202	5	19	2661.15
1.308997	1.367556	0.358405	224	18	60	2660.75
-1.047198	1.214854	-1.966664	240	202	245	2660.58
-1.570796	1.168678	2.108595	238	43	32	2660.52
-1.308997	0.910508	1.903534	32	40	12	2660.30
0.523599	0.899350	-2.069907	214	28	33	2660.12
-2.879793	2.592629	0.909713	235	236	40	2660.10
2.356194	2.041297	-2.664597	227	224	206	2660.09
1.047198	1.606104	-0.451151	48	26	4	2660.08
2.356194	2.587733	0.232235	239	231	50	2659.93
-2.879793	1.836682	-0.676006	54	29	251	2659.92
-1.308997	0.733948	3.021411	211	240	217	2659.87
1.308997	1.168678	2.108595	49	11	3	2659.87
0.785398	0.458961	-0.107937	40	245	25	2659.85
0.785398	1.658653	-2.409879	203	9	204	2659.65
2.094395	1.869911	2.701025	50	242	0	2659.55
2.879793	2.115563	0.685730	38	221	216	2659.14
1.308997	2.592629	0.909713	243	199	9	2659.12
2.094395	0.496451	0.593859	217	226	231	2659.10
-3.141593	2.984978	1.954446	240	208	43	2658.80
-1.832596	0.618092	2.539118	247	47	15	2658.79
2.879793	0.379747	-1.713059	241	219	44	2658.77
1.832596	0.615174	-0.666022	204	12	233	2658.74
2.617994	2.174483	2.653697	205	232	20	2658.73
-2.094395	2.587733	0.232235	63	246	235	2658.69
1.308997	0.496451	0.593859	203	244	231	2658.68
-1.047198	1.948085	-2.363031	224	236	63	2658.63
1.047198	1.025536	1.576859	37	242	49	2657.85
0.000000	1.450119	-2.739050	27	213	7	2657.84
-0.261799	0.992645	-1.723759	218	32	240	2657.81
-2.617994	0.419640	2.974122	230	183	9	2657.79
-2.356194	0.640596	-2.797608	231	220	42	2657.73
1.308997	1.135813	-2.658866	48	237	6	2657.68
2.094395	2.979456	-1.009304	235	220	35	2657.56
-2.094395	2.979456	-1.009304	208	1	224	2657.22
-1.832596	1.732874	-0.951685	38	249	250	2657.07
1.570796	1.310100	1.488307	42	3	248	2656.91
0.000000	1.413347	-1.339188	35	224	25	2656.77
0.523599	1.766067	2.153843	1	230	198	2656.51
2.879793	2.379497	0.561089	57	235	233	2656.49
0.261799	1.504028	0.636812	42	241	3	2656.26
0.785398	2.863997	0.549740	56	4	243	2656.20
0.261799	2.592629	0.909713	200	249	242	2655.78
-2.617994	1.413430	2.550734	36	45	6	2655.71
2.879793	2.089241	-0.114193	231	31	225	2655.64
1.047198	1.872854	1.543456	210	212	28	2655.53
2.094395	1.510910	-0.740472	196	6	8	2655.52
-0.785398	1.909857	-0.381669	230	18	39	2655.36
2.094395	0.762244	-0.273349	196	54	17	2655.30
-2.356194	2.041297	-2.664597	33	217	9	2655.22
-0.261799	1.025536	1.576859	50	219	224	2655.03
2.094395	2.724429	-0.348782	32	223	234	2654.98
1.570796	2.164094	-2.991358	212	227	212	2654.85
-0.785398	1.367556	0.358405	24	208	0	2654.79
-1.832596	1.134497	-1.109631	213	241	214	2654.24
-0.785398	1.184361	0.625864	236	245	59	2654.16
-0.523599	1.554776	0.100351	46	12	250	2653.89
0.785398	1.809167	1.213774	212	33	244	2653.84
2.879793	1.050534	3.042579	211	22	28	2653.63
-1.832596	0.850607	-1.335383	221	8	30	2653.60
1.308997	1.732874	-0.951685	45	240	247	2653.45
2.356194	1.812176	0.656819	235	219	45	2653.40
-2.356194	1.256302	0.062705	217	226	40	2653.30
-1.570796	2.001437	0.381215	236	193	26	2653.09
-1.047198	0.674054	1.013609	202	228	10	2653.03
0.523599	2.089241	-0.114193	55	28	3	2652.97
2.617994	1.683268	0.374177	229	222	43	2652.94
2.879793	1.555207	1.708892	242	222	57	2652.56
2.617994	1.025536	1.576859	33	51	236	2652.46
-0.785398	2.299159	2.264663	20	55	2	2652.16
-1.570796	1.448123	-2.163292	228	210	237	2652.14
-2.094395	2.456751	-1.503343	218	28	45	2651.82
1.047198	1.599406	1.426070	217	240	62	2651.73
2.356194	1.569311	-3.003978	205	251	219	2651.72
1.570796	0.906588	1.252948	211	0	229	2651.67
0.523599	0.899350	-2.069907	216	28	32	2651.67
1.570796	1.998705	2.370472	229	205	47	2651.65
2.356194	1.417623	-0.202254	26	26	240	2651.47
2.094395	2.089241	-0.114193	48	237	20	2651.30
2.879793	2.299159	2.264663	206	227	236	2651.25
0.785398	2.108018	1.311430	214	251	24	2651.07
0.000000	1.948085	-2.363031	8	201	236	2651.06
0.261799	2.063651	-2.044600	239	38	18	2650.96
0.000000	2.984978	1.954446	4	237	53	2650.61
-2.617994	1.335669	0.897240	42	242	48	2650.37
0.785398	2.153910	-1.714959	37	227	9	2650.27
1.570796	2.724429	-0.348782	240	240	50	2650.21
0.261799	1.325504	-1.671296	232	45	4	2649.99
-2.879793	1.909857	-0.381669	39	5	197	2649.97
1.832596	2.343981	-1.040456	235	18	40	2649.55
1.047198	0.619654	-2.216909	200	23	28	2649.48
2.094395	1.836682	-0.676006	195	5	18	2649.31
-1.047198	2.089241	-0.114193	36	228	5	2649.12
1.832596	2.724429	-0.348782	34	204	240	2649.09
0.785398	0.618092	2.539118	195	231	236	2649.05
-0.261799	0.379747	-1.713059	240	58	8	2648.88
2.094395	0.640596	-2.797608	218	21	217	2648.63
-0.785398	1.433411	-1.035986	201	15	46	2648.48
2.617994	2.407836	1.410646	25	28	235	2648.40
-1.832596	1.732874	-0.951685	246	56	26	2648.14
-3.141593	2.579248	-2.364801	228	50	17	2648.11
1.570796	2.138223	1.678323	48	240	247	2648.09
-1.308997	2.979456	-1.009304	215	250	35	2647.98
-1.308997	1.242974	-2.977882	211	243	32	2647.85
1.570796	1.301460	-0.509251	38	208	33	2647.76
2.879793	1.135813	-2.658866	204	237	61	2647.59
2.879793	2.164094	-2.991358	212	232	228	2647.53
0.261799	1.413430	2.550734	202	6	19	2647.50
1.047198	2.984978	1.954446	37	40	32	2647.49
0.785398	1.599406	1.426070	209	28	242	2647.41
0.261799	1.256302	0.062705	215	0	45	2647.28
0.261799	0.992645	-1.723759	210	24	28	2647.17
-1.570796	1.194549	-0.801900	29	201	249	2647.15
0.261799	1.756530	-2.105156	3	206	33	2647.11
2.617994	0.080730	-2.622036	246	207	27	2647.11
0.785398	1.504028	0.636812	213	29	241	2647.05
-1.832596	0.297065	2.160177	28	226	19	2647.05
-2.356194	1.214854	-1.966664	15	29	220	2646.73
0.261799	0.203748	0.590255	38	250	30	2646.44
0.785398	1.555207	1.708892	222	37	235	2646.34
-2.356194	2.295480	1.008277	205	31	12	2646.33
-2.356194	1.413430	2.550734	219	3	35	2645.90
-1.047198	1.135834	-1.431087	215	222	37	2645.57
-2.356194	0.080730	-2.622036	238	53	8	2645.52
-0.785398	2.295480	1.008277	48	6	230	2645.32
2.094395	0.290380	-0.796960	229	41	10	2644.98
-1.047198	0.864993	2.278281	219	37	24	2644.94
-3.141593	2.187132	-0.479875	50	241	39	2644.68
-1.832596	2.295480	1.008277	207	5	230	2644.50
-1.308997	1.045978	0.343692	10	36	225	2644.30
-2.879793	0.961715	0.014085	241	210	42	2644.21
0.000000	2.984978	1.954446	4	236	53	2644.00
2.356194	1.301460	-0.509251	37	4	235	2643.88
-1.570796	0.496451	0.593859	194	23	239	2643.88
1.308997	2.456751	-1.503343	11	187	11	2643.60
-0.785398	2.863997	0.549740	17	58	227	2643.59
1.308997	1.374601	-2.456031	216	17	224	2643.46
1.832596	2.343981	-1.040456	236	18	40	2643.45
2.094395	1.374601	-2.456031	22	206	227	2643.32
-1.832596	0.418037	1.360082	227	230	50	2643.14
0.785398	2.164094	-2.991358	30	20	218	2643.03
0.785398	2.979456	-1.009304	43	224	19	2642.84
-1.832596	2.063651	-2.044600	231	225	46	2642.64
1.308997	2.404280	-0.174044	12	199	251	2642.61
-1.832596	0.733948	3.021411	211	4	215	2642.61
-2.879793	2.719179	-1.780644	6	62	1	2642.58
2.094395	0.496451	0.593859	216	225	230	2642.46
-2.356194	1.904882	-1.478089	2	3	67	2642.30
-2.094395	2.724429	-0.348782	183	211	251	2642.21
2.094395	1.870545	-2.976234	231	33	43	2642.16
-1.570796	1.214854	-1.966664	10	195	0	2641.96
-2.356194	0.709924	0.218797	48	230	24	2641.91
2.617994	2.588535	-2.976617	32	2	226	2641.73
-1.570796	0.700570	1.559208	73	11	22	2641.55
2.094395	0.615174	-0.666022	197	248	237	2641.39
-2.094395	0.831641	0.616218	217	41	227	2641.30
1.832596	0.496451	0.593859	238	14	213	2641.18
2.094395	2.089241	-0.114193	48	238	20	2641.14
-1.832596	1.766067	2.153843	39	230	9	2640.92
-1.047198	1.045978	0.343692	2	38	227	2640.88
1.570796	0.571433	-1.188419	209	2	234	2640.85
2.356194	2.664082	-1.071402	191	36	225	2640.74
1.832596	0.831641	0.616218	212	239	232	2640.55
1.047198	1.846342	-1.796954	43	230	248	2640.37
2.617994	1.948085	-2.363031	43	251	242	2640.22
0.785398	0.418037	1.360082	13	206	25	2640.18
-2.879793	2.588535	-2.976617	215	226	232	2639.98
0.785398	2.724429	-0.348782	223	9	218	2639.85
2.617994	1.135813	-2.658866	34	20	222	2639.70
-0.261799	1.904882	-1.478089	200	240	54	2639.64
-2.879793	0.929350	-2.910676	226	5	37	2639.54
-0.523599	0.992645	-1.723759	28	212	8	2639.40
1.047198	1.599406	1.426070	217	239	63	2639.33
1.832596	2.356369	3.005869	226	215	223	2639.33
-0.523599	2.138223	1.678323	59	237	230	2639.21
1.570796	1.982574	-1.115518	58	224	44	2639.07
1.047198	2.664082	-1.071402	28	200	9	2639.05
-2.879793	0.458961	-0.107937	195	218	234	2638.95
-2.356194	2.579248	-2.364801	195	25	20	2638.82
-1.047198	1.732874	-0.951685	233	236	49	2638.64
-2.094395	1.168678	2.108595	22	219	8	2638.43
0.523599	1.014500	0.906702	222	50	40	2638.42
0.261799	2.251330	-2.330739	233	207	9	2638.18
-2.879793	1.195355	1.200319	241	234	64	2637.92
0.000000	2.396274	-1.959260	231	235	219	2637.79
1.308997	1.824694	1.850876	34	14	224	2637.77
2.356194	2.760637	2.781135	208	15	32	2637.66
0.523599	1.310100	1.488307	211	6	55	2637.63
2.356194	2.587733	0.232235	208	28	6	2637.34
-2.879793	2.592629	0.909713	235	236	39	2637.28
0.523599	1.904882	-1.478089	24	32	221	2637.08
2.879793	1.448123	-2.163292	9	208	5	2636.98
-0.261799	1.433411	-1.035986	53	250	226	2636.90
0.000000	0.458961	-0.107937	224	37	228	2636.70
1.047198	1.310100	1.488307	209	244	60	2636.61
2.879793	2.063651	-2.044600	231	0	192	2636.53
-2.617994	2.478122	2.609777	64	9	19	2636.53
2.879793	1.325504	-1.671296	37	0	246	2636.53
2.094395	0.619654	-2.216909	216	246	35	2636.31
-0.523599	1.506530	1.988858	58	215	239	2636.28
1.308997	1.134497	-1.109631	18	209	21	2636.24
-1.047198	1.869911	2.701025	24	45	5	2636.22
-2.879793	2.153910	-1.714959	218	2	35	2636.13
2.094395	1.391910	3.030322	219	35	36	2635.95
-1.832596	0.619654	-2.216909	18	11	214	2635.69
0.785398	2.001437	0.381215	218	29	21	2635.55
-0.261799	1.732874	-0.951685	5	15	209	2635.54
-1.308997	2.455966	-0.641220	43	229	233	2635.43
-1.047198	1.721184	-0.153948	36	230	7	2635.29
2.094395	2.984978	1.954446	191	24	248	2635.28
-2.617994	1.948085	-2.363031	31	247	50	2635.22
1.308997	2.863997	0.549740	247	19	214	2635.07
0.785398	0.370812	-2.547742	244	43	224	2635.07
2.094395	0.496451	0.593859	216	225	231	2635.00
1.832596	0.762244	-0.273349	214	18	233	2634.84
-0.523599	0.992645	-1.723759	223	37	240	2634.84
-0.523599	0.864993	2.278281	247	43	250	2634.77
1.308997	1.824694	1.850876	33	14	225	2634.76
2.617994	0.906588	1.252948	37	24	237	2634.72
-3.141593	1.391910	3.030322	190	238	47	2634.56
-0.523599	1.256302	0.062705	193	236	11	2634.45
2.356194	1.214854	-1.966664	238	246	53	2634.24
2.094395	1.504028	0.636812	28	225	47	2634.06
1.832596	0.762244	-0.273349	49	202	250	2633.95
2.094395	1.658653	-2.409879	45	247	244	2633.93
-2.879793	1.184361	0.625864	10	204	37	2633.65
0.785398	2.033014	2.977192	209	249	215	2633.65
0.000000	2.592629	0.909713	223	15	28	2633.36
0.523599	0.685216	-1.712745	199	22	25	2633.22
-1.832596	1.335669	0.897240	42	234	251	2633.18
0.261799	0.290380	-0.796960	41	11	243	2632.99
0.523599	1.809167	1.213774	11	36	205	2632.99
0.785398	2.704512	1.488683	213	3	28	2632.69
1.570796	0.297065	2.160177	24	60	237	2632.50
0.261799	1.683268	0.374177	32	42	31	2632.48
0.261799	1.732874	-0.951685	227	39	21	2632.38
-1.047198	1.732874	-0.951685	233	237	49	2632.30
2.879793	2.356369	3.005869	60	216	24	2632.26
2.879793	2.247462	0.191623	16	195	223	2632.18
0.523599	0.203748	0.590255	39	0	31	2632.16
-2.356194	1.909857	-0.381669	4	3	206	2632.04
-2.617994	2.251330	-2.330739	209	30	29	2631.91
-3.141593	0.866395	-2.492918	208	15	218	2631.74
-0.523599	1.128190	-2.288622	209	221	239	2631.65
-2.356194	1.014500	0.906702	224	38	218	2631.49
-1.047198	1.982574	-1.115518	216	235	43	2631.48
-0.261799	0.685216	-1.712745	241	53	16	2631.47
-1.570796	1.766067	2.153843	25	47	2	2631.41
1.832596	0.496451	0.593859	239	15	212	2631.18
1.308997	2.724429	-0.348782	58	12	25	2630.99
-1.570796	1.574060	2.783565	218	64	240	2630.25
-1.308997	1.617114	-1.572037	224	26	52	2630.09
1.308997	2.041297	-2.664597	50	20	247	2630.06
0.523599	2.247462	0.191623	56	16	14	2630.00
-2.094395	1.050534	3.042579	241	47	216	2629.86
0.000000	0.992645	-1.723759	221	34	27	2629.68
-1.047198	1.904882	-1.478089	209	13	52	2629.64
-0.261799	1.824694	1.850876	67	243	251	2629.61
-0.785398	2.251330	-2.330739	216	225	58	2629.40
-3.141593	1.875281	0.107086	42	7	222	2629.33
0.785398	0.700570	1.559208	38	208	233	2629.33
0.261799	1.195355	1.200319	3	201	8	2629.29
-3.141593	2.592629	0.909713	30	218	220	2629.28
1.308997	2.104282	-0.813972	44	235	3	2629.12
1.832596	1.367556	0.358405	226	7	219	2628.98
1.047198	1.391910	3.030322	223	190	14	2628.59
-2.094395	0.961715	0.014085	41	11	233	2628.58
0.785398	1.741644	-2.695914	52	243	36	2628.57
0.261799	2.881233	-2.582574	207	25	18	2628.48
-0.261799	1.242974	-2.977882	4	35	25	2628.35
-2.094395	0.960688	-0.577532	6	41	16	2628.27
-2.617994	0.992645	-1.723759	249	239	61	2628.11
1.570796	1.310100	1.488307	42	3	249	2627.94
-1.832596	1.025536	1.576859	233	197	218	2627.60
2.094395	1.617114	-1.572037	212	247	210	2627.20
-1.570796	2.588535	-2.976617	4	200	18	2627.19
2.879793	1.367556	0.358405	204	242	63	2627.17
-3.141593	1.948085	-2.363031	0	216	46	2627.00
0.785398	1.824694	1.850876	11	46	3	2626.97
0.000000	2.863997	0.549740	211	228	43	2626.90
2.617994	1.569311	-3.003978	58	226	232	2626.77
0.261799	0.379747	-1.713059	205	38	16	2626.61
1.047198	1.948085	-2.363031	49	240	59	2626.54
-2.094395	1.301460	-0.509251	198	215	247	2626.39
0.785398	2.164094	-2.991358	31	20	218	2626.20
2.879793	2.063651	-2.044600	31	7	76	2625.99
1.047198	1.310100	1.488307	208	243	60	2625.80
-2.094395	0.960688	-0.577532	3	41	20	2625.32
2.879793	0.762244	-0.273349	183	0	233	2625.13
2.094395	0.762244	-0.273349	13	212	40	2625.04
0.000000	2.089241	-0.114193	7	46	10	2624.88
-1.570796	2.664082	-1.071402	209	29	31	2624.69
-3.141593	1.554776	0.100351	51	240	31	2624.49
1.570796	1.256302	0.062705	210	21	249	2623.94
0.261799	1.256302	0.062705	58	243	25	2623.88
0.785398	1.658653	-2.409879	214	15	201	2623.86
1.047198	1.741644	-2.695914	53	3	31	2623.82
-0.785398	1.247695	1.809890	245	206	20	2623.79
0.785398	2.455966	-0.641220	12	206	17	2623.78
1.832596	1.440580	2.260026	218	9	220	2623.70
2.356194	2.984978	1.954446	236	203	44	2623.42
-2.879793	1.736875	3.023612	190	235	48	2623.18
-1.047198	1.510910	-0.740472	34	20	243	2623.15
1.832596	0.203748	0.590255	29	240	47	2623.11
-1.570796	0.685216	-1.712745	54	18	16	2623.04
1.832596	2.041297	-2.664597	44	4	26	2622.94
1.832596	1.367556	0.358405	248	53	35	2622.77
0.000000	0.992645	-1.723759	205	19	244	2622.60
2.094395	2.719179	-1.780644	205	5	33	2622.54
-2.356194	1.301460	-0.509251	23	47	5	2622.31
-0.785398	2.187132	-0.479875	46	241	249	2622.26
1.047198	1.488617	1.159546	243	27	48	2622.25
-3.141593	1.756530	-2.105156	209	21	235	2622.15
1.047198	0.290380	-0.796960	207	217	36	2622.02
-2.356194	0.640596	-2.797608	203	1	220	2621.95
2.879793	0.418037	1.360082	232	10	35	2621.47
2.617994	0.615174	-0.666022	62	235	48	2621.23
1.832596	0.290380	-0.796960	42	4	30	2621.10
0.523599	1.504028	0.636812	40	6	249	2621.07
1.308997	2.588535	-2.976617	201	239	216	2621.03
-0.785398	0.960688	-0.577532	0	45	235	2621.02
0.785398	1.025536	1.576859	204	229	67	2620.85
1.047198	2.637879	2.121598	206	242	30	2620.75
2.879793	0.992645	-1.723759	244	232	55	2620.58
1.308997	2.001437	0.381215	10	13	210	2620.46
0.523599	1.310100	1.488307	209	6	57	2620.40
-1.832596	0.458961	-0.107937	220	13	225	2620.32
1.832596	1.872854	1.543456	18	201	33	2620.29
-0.261799	1.658653	-2.409879	0	200	245	2620.18
2.356194	0.080730	-2.622036	34	228	32	2619.91
0.785398	0.615174	-0.666022	219	35	231	2619.77
-1.047198	1.736875	3.023612	195	42	228	2619.76
2.094395	2.704512	1.488683	50	28	19	2619.49
1.308997	1.977582	0.969896	217	15	214	2619.31
0.523599	1.977582	0.969896	229	44	246	2619.18
-0.523599	1.214854	-1.966664	26	210	4	2618.86
-1.308997	2.455966	-0.641220	221	220	54	2618.74
-2.617994	1.683268	0.374177	20	28	228	2618.72
0.523599	2.637879	2.121598	26	222	11	2618.71
2.356194	2.455966	-0.641220	237	43	226	2618.66
-1.047198	1.045978	0.343692	0	37	228	2618.59
-2.094395	1.836682	-0.676006	205	215	237	2618.52
0.261799	1.982574	-1.115518	54	29	24	2618.41
0.785398	1.569311	-3.003978	201	220	15	2618.18
-0.523599	2.108018	1.311430	1	207	30	2618.12
-1.047198	1.214854	-1.966664	239	202	245	2617.96
2.356194	2.455966	-0.641220	231	0	48	2617.40
-2.094395	1.367556	0.358405	223	17	33	2616.85
-0.261799	1.504028	0.636812	244	42	19	2616.73
-2.879793	1.824694	1.850876	228	11	28	2616.53
2.356194	1.510910	-0.740472	18	47	7	2616.51
0.261799	1.025536	1.576859	232	214	226	2616.35
0.523599	1.488617	1.159546	41	245	45	2616.00
2.617994	0.961715	0.014085	186	6	39	2615.93
2.617994	0.929350	-2.910676	219	17	34	2615.61
2.617994	1.417623	-0.202254	220	234	45	2615.60
-1.832596	2.719179	-1.780644	246	47	19	2615.51
1.308997	1.391910	3.030322	235	17	54	2615.45
-1.047198	1.310100	1.488307	9	213	24	2615.44
2.094395	1.977582	0.969896	237	213	209	2615.40
-1.308997	0.290380	-0.796960	232	250	34	2615.31
0.261799	1.310100	1.488307	52	232	220	2615.20
0.261799	0.496451	0.593859	39	245	26	2615.19
-2.094395	1.510910	-0.740472	23	59	11	2615.11
-1.832596	0.290380	-0.796960	40	25	45	2614.61
-2.879793	2.180315	-1.357379	216	18	221	2614.54
-2.617994	1.367556	0.358405	20	45	223	2614.36
0.000000	2.456751	-1.503343	5	202	17	2613.96
-0.785398	1.195355	1.200319	25	215	246	2613.94
-0.261799	2.063651	-2.044600	41	13	214	2613.76
0.785398	0.370812	-2.547742	244	43	225	2613.56
2.879793	1.998705	2.370472	206	26	14	2613.21
2.617994	1.374601	-2.456031	217	249	66	2613.18
1.308997	1.440580	2.260026	217	226	32	2613.17
-2.094395	1.732874	-0.951685	6	48	25	2612.94
1.308997	2.115563	0.685730	32	220	33	2612.85
-0.523599	1.904882	-1.478089	202	1	48	2612.32
0.523599	0.619654	-2.216909	236	6	206	2612.27
-2.879793	2.396274	-1.959260	235	46	23	2611.99
1.832596	0.379747	-1.713059	220	26	209	2611.89
0.000000	2.299159	2.264663	198	244	44	2611.62
1.832596	0.674054	1.013609	37	227	234	2611.35
2.356194	1.662363	0.915448	43	0	246	2611.29
1.047198	2.984978	1.954446	229	29	25	2611.27
-1.308997	0.733948	3.021411	212	242	217	2610.86
0.261799	2.881233	-2.582574	207	26	18	2610.74
1.047198	1.448123	-2.163292	42	249	42	2610.62
1.308997	1.374601	-2.456031	47	241	249	2610.49
2.094395	2.180315	-1.357379	198	5	3	2610.40
-1.570796	0.618092	2.539118	237	46	16	2610.25
2.879793	1.413347	-1.339188	42	11	245	2610.20
2.617994	2.404280	-0.174044	42	235	237	2610.18
0.523599	1.948085	-2.363031	49	227	36	2610.14
-1.832596	1.134497	-1.109631	214	241	213	2610.13
1.308997	0.961715	0.014085	227	219	218	2609.88
1.047198	1.194549	-0.801900	221	3	45	2609.82
1.308997	2.187132	-0.479875	22	202	245	2609.78
-1.047198	2.180315	-1.357379	61	237	10	2609.71
1.308997	0.203748	0.590255	3	214	41	2609.60
1.308997	0.080730	-2.622036	223	50	249	2609.55
-2.617994	0.914445	2.687814	22	225	30	2609.45
-0.523599	1.506530	1.988858	57	215	240	2609.40
-1.832596	2.587733	0.232235	59	8	235	2609.40
1.832596	0.297065	2.160177	7	62	239	2609.34
1.832596	0.419640	2.974122	223	241	38	2609.31
0.785398	1.417623	-0.202254	251	225	56	2609.31
-0.261799	2.592629	0.909713	217	14	32	2609.22
0.000000	0.297065	2.160177	17	28	0	2608.98
0.261799	0.615174	-0.666022	234	229	49	2608.86
-2.879793	1.846342	-1.796954	214	241	196	2608.85
2.356194	2.664082	-1.071402	191	36	224	2608.52
-1.308997	0.850607	-1.335383	212	251	233	2608.23
-3.141593	2.456751	-1.503343	13	207	245	2608.11
0.000000	0.496451	0.593859	13	214	28	2608.10
-2.617994	1.872854	1.543456	243	235	68	2607.97
-2.356194	1.367556	0.358405	37	12	214	2607.84
1.047198	1.574060	2.783565	2	234	195	2607.59
-2.879793	0.379747	-1.713059	2	200	0	2607.51
0.523599	2.108018	1.311430	42	236	34	2607.43
0.261799	1.982574	-1.115518	53	29	24	2607.42
-0.785398	1.247695	1.809890	214	23	49	2607.08
-3.141593	1.135834	-1.431087	194	39	214	2606.92
-2.094395	1.391910	3.030322	207	208	45	2606.80
2.094395	1.504028	0.636812	42	229	240	2606.78
2.879793	2.356369	3.005869	60	217	24	2606.36
-2.617994	0.910508	1.903534	19	48	5	2606.26
-1.308997	1.836682	-0.676006	228	244	49	2606.10
-1.047198	1.050534	3.042579	6	202	6	2605.95
-3.141593	2.115563	0.685730	4	200	211	2605.92
-0.785398	1.413430	2.550734	57	207	1	2605.71
1.570796	0.906588	1.252948	210	251	229	2605.67
-1.047198	1.982574	-1.115518	248	16	56	2605.63
-1.832596	2.356369	3.005869	225	245	33	2605.61
0.523599	1.732874	-0.951685	224	37	5	2605.56
0.000000	2.356369	3.005869	218	228	27	2605.48
0.785398	2.299159	2.264663	215	37	9	2605.28
-0.785398	2.881233	-2.582574	20	203	8	2605.16
-2.356194	0.458961	-0.107937	219	208	35	2605.05
0.261799	2.251330	-2.330739	234	206	9	2605.01
2.617994	1.599406	1.426070	38	218	7	2604.96
2.094395	1.504028	0.636812	42	230	239	2604.95
-2.617994	1.134497	-1.109631	221	207	227	2604.78
1.832596	2.251330	-2.330739	25	224	31	2604.76
-3.141593	2.063651	-2.044600	25	217	12	2604.43
0.785398	1.506530	1.988858	222	38	229	2604.37
-3.141593	1.413347	-1.339188	38	20	245	2604.36
2.356194	0.080730	-2.622036	34	228	31	2604.15
2.356194	1.683268	0.374177	49	251	9	2603.97
-0.523599	1.683268	0.374177	216	1	44	2603.92
1.570796	1.417623	-0.202254	42	208	17	2603.55
-0.523599	0.864993	2.278281	245	42	2	2603.43
-3.141593	2.407836	1.410646	223	234	29	2603.30
0.523599	2.295480	1.008277	249	237	56	2603.28
-2.094395	1.218453	2.777284	205	206	35	2603.17
-3.141593	0.700570	1.559208	233	250	47	2603.17
1.047198	1.184361	0.625864	209	247	220	2603.15
-2.094395	2.187132	-0.479875	203	219	239	2603.04
0.000000	2.664082	-1.071402	62	8	242	2602.98
2.356194	1.448123	-2.163292	18	22	198	2602.49
-2.094395	2.587733	0.232235	245	207	239	2602.07
-2.617994	2.001437	0.381215	247	47	19	2602.02
-1.832596	1.998705	2.370472	220	211	228	2601.87
2.879793	0.418037	1.360082	233	10	35	2601.82
-0.523599	0.674054	1.013609	213	209	237	2601.80
1.047198	1.809167	1.213774	240	32	211	2601.66
0.785398	2.664082	-1.071402	20	197	251	2601.43
-0.523599	0.591903	2.010408	230	38	19	2601.32
-3.141593	2.379497	0.561089	231	49	244	2601.31
1.832596	2.396274	-1.959260	61	237	27	2601.25
1.047198	2.174483	2.653697	27	250	42	2601.17
0.785398	1.025536	1.576859	203	229	67	2600.70
-2.094395	1.194549	-0.801900	13	45	16	2600.63
2.356194	1.433411	-1.035986	36	16	240	2600.47
-0.523599	0.496451	0.593859	195	224	242	2600.44
0.785398	1.545873	-1.877082	29	34	218	2600.05
-0.785398	1.606104	-0.451151	218	226	34	2599.88
2.356194	2.356369	3.005869	36	197	24	2599.81
-0.523599	1.014500	0.906702	37	248	233	2599.63
-1.570796	0.370812	-2.547742	22	206	13	2599.52
0.785398	2.115563	0.685730	228	210	243	2599.47
-1.832596	2.579248	-2.364801	189	249	22	2599.19
-2.879793	2.247462	0.191623	191	17	5	2599.18
-3.141593	1.128190	-2.288622	219	225	66	2599.05
-1.570796	1.766067	2.153843	228	72	13	2598.94
2.356194	0.618092	2.539118	23	32	237	2598.93
0.000000	2.174483	2.653697	225	226	37	2598.72
2.356194	2.404280	-0.174044	37	227	232	2598.70
2.879793	2.579248	-2.364801	3	60	9	2598.52
-3.141593	1.218453	2.777284	6	40	224	2598.44
-0.785398	2.881233	-2.582574	219	6	220	2598.16
1.308997	0.619654	-2.216909	57	225	243	2598.08
-1.832596	1.506530	1.988858	35	250	47	2597.98
2.879793	0.379747	-1.713059	241	218	43	2597.94
0.000000	1.413430	2.550734	205	17	19	2597.93
-1.308997	2.104282	-0.813972	251	201	36	2597.89
0.523599	1.135813	-2.658866	39	250	47	2597.68
-0.523599	2.881233	-2.582574	222	241	27	2597.27
2.617994	2.001437	0.381215	29	244	214	2597.20
-2.617994	0.899350	-2.069907	237	224	62	2597.20
-1.308997	2.760637	2.781135	228	233	36	2597.14
-2.094395	2.456751	-1.503343	218	30	44	2596.74
2.617994	2.295480	1.008277	214	228	20	2596.46
-2.094395	1.218453	2.777284	204	206	35	2596.44
2.094395	1.488617	1.159546	52	243	12	2596.36
0.785398	2.393226	1.857173	33	239	235	2596.20
0.785398	1.135834	-1.431087	215	28	242	2596.18
-0.261799	0.906588	1.252948	43	221	243	2596.18
0.000000	0.864993	2.278281	52	0	246	2595.67
-1.832596	0.992645	-1.723759	239	213	44	2595.56
2.356194	1.488617	1.159546	40	222	249	2595.44
-1.832596	1.134796	2.434290	49	14	15	2595.20
2.879793	1.128190	-2.288622	243	14	51	2595.15
2.879793	1.569311	-3.003978	211	242	217	2595.10
1.570796	1.433411	-1.035986	30	43	231	2595.07
-1.308997	2.356369	3.005869	224	208	40	2595.06
1.047198	1.809167	1.213774	240	32	210	2594.98
2.879793	1.683268	0.374177	49	237	4	2594.92
-2.617994	1.214854	-1.966664	42	231	48	2594.80
-1.570796	0.960688	-0.577532	232	43	20	2594.73
2.094395	0.866955	-0.931351	213	12	221	2594.69
-2.879793	0.618092	2.539118	236	248	54	2594.54
-2.094395	1.869911	2.701025	56	24	6	2594.44
-3.141593	1.869911	2.701025	35	211	2	2594.42
0.261799	0.640596	-2.797608	247	31	217	2594.39
-0.523599	2.456751	-1.503343	34	29	201	2594.30
0.523599	1.045978	0.343692	212	40	245	2594.25
-0.785398	2.588535	-2.976617	28	217	225	2594.14
2.879793	0.618092	2.539118	218	223	30	2594.12
-2.617994	1.574060	2.783565	24	224	22	2594.09
-0.261799	1.846342	-1.796954	221	239	226	2594.08
2.617994	2.349581	-2.702517	228	215	214	2593.53
2.879793	1.606104	-0.451151	67	230	14	2593.49
0.523599	1.846342	-1.796954	28	210	30	2593.48
0.523599	1.301460	-0.509251	243	225	49	2593.27
1.570796	1.869911	2.701025	35	14	230	2593.17
0.261799	0.203748	0.590255	38	249	31	2593.06
-2.356194	1.683268	0.374177	45	4	214	2593.05
-2.356194	2.637879	2.121598	247	42	37	2592.91
-1.832596	0.379747	-1.713059	20	27	233	2592.86
1.308997	1.450119	-2.739050	214	226	208	2592.84
2.356194	0.615174	-0.666022	200	239	238	2592.75
1.570796	1.135813	-2.658866	231	26	45	2592.63
2.617994	2.664082	-1.071402	70	236	10	2592.55
2.094395	2.881233	-2.582574	211	43	3	2592.51
-2.094395	1.025536	1.576859	16	45	38	2592.31
-2.356194	0.080730	-2.622036	240	53	7	2592.19
1.832596	2.579248	-2.364801	213	9	206	2592.14
1.047198	1.824694	1.850876	209	4	222	2592.11
-2.356194	1.510910	-0.740472	191	227	235	2592.09
-1.832596	2.592629	0.909713	15	45	251	2592.03
0.785398	2.396274	-1.959260	41	235	239	2591.95
-1.570796	1.982574	-1.115518	227	245	41	2591.70
1.308997	2.187132	-0.479875	22	203	245	2591.63
2.617994	2.349581	-2.702517	233	212	215	2591.48
-3.141593	1.218453	2.777284	4	40	226	2591.45
-1.047198	2.587733	0.232235	2	60	250	2591.23
-0.261799	2.664082	-1.071402	41	28	213	2590.96
-2.094395	0.615174	-0.666022	218	230	45	2590.89
-2.356194	0.458961	-0.107937	219	208	34	2590.88
1.570796	1.510910	-0.740472	251	44	41	2590.82
-0.261799	1.998705	2.370472	63	244	234	2590.73
1.570796	2.407836	1.410646	202	24	229	2590.71
2.879793	2.455966	-0.641220	178	32	245	2590.64
2.094395	1.433411	-1.035986	235	228	58	2590.61
-1.832596	2.396274	-1.959260	28	6	198	2590.54
2.356194	1.135813	-2.658866	216	6	53	2590.50
-0.523599	1.045978	0.343692	10	230	60	2590.50
-0.523599	2.073035	2.027405	64	224	235	2590.40
-2.356194	0.709924	0.218797	216	214	245	2590.33
-1.308997	2.478122	2.609777	218	38	236	2590.26
-1.047198	1.870545	-2.976234	36	34	242	2590.24
-0.261799	1.050534	3.042579	233	248	192	2589.98
-2.617994	2.719179	-1.780644	231	52	9	2589.85
2.094395	2.587733	0.232235	236	227	50	2589.73
-0.523599	1.128190	-2.288622	208	221	241	2589.60
-0.785398	0.370812	-2.547742	9	31	238	2589.59
0.000000	0.906588	1.252948	245	50	45	2589.05
-3.141593	1.870545	-2.976234	214	230	221	2588.79
1.047198	1.168678	2.108595	193	239	5	2588.74
1.308997	1.050534	3.042579	237	248	50	2588.59
-0.261799	1.599406	1.426070	211	243	63	2588.55
-2.617994	2.478122	2.609777	63	8	18	2588.54
2.356194	0.700570	1.559208	213	10	231	2588.50
2.356194	2.001437	0.381215	47	247	5	2588.49
-2.879793	1.391910	3.030322	250	206	5	2588.44
0.785398	1.440580	2.260026	219	36	231	2588.34
-1.832596	2.247462	0.191623	241	14	203	2588.10
-0.785398	1.870545	-2.976234	31	35	243	2588.00
0.785398	0.864993	2.278281	34	224	232	2587.86
0.785398	1.662363	0.915448	227	213	238	2587.84
-0.261799	1.545873	-1.877082	248	41	10	2587.82
-0.785398	2.396274	-1.959260	205	236	50	2587.66
-0.785398	1.433411	-1.035986	46	240	225	2587.62
-1.308997	0.866955	-0.931351	26	193	240	2587.61
-0.261799	0.458961	-0.107937	233	245	49	2587.29
-0.261799	2.164094	-2.991358	52	212	28	2587.22
-3.141593	2.164094	-2.991358	32	206	219	2587.21
0.523599	0.080730	-2.622036	249	63	250	2587.10
2.879793	2.760637	2.781135	66	229	39	2587.02
2.094395	1.135834	-1.431087	200	9	240	2586.75
1.308997	0.733948	3.021411	218	212	10	2586.75
0.785398	0.080730	-2.622036	235	60	251	2586.70
-2.356194	2.664082	-1.071402	24	210	250	2586.56
0.523599	2.664082	-1.071402	7	198	16	2586.54
0.785398	1.195355	1.200319	223	32	228	2586.33
0.523599	1.812176	0.656819	29	9	224	2586.12
2.617994	0.418037	1.360082	14	63	227	2586.01
-2.094395	1.113094	-0.272241	45	6	243	2585.92
-1.832596	2.033014	2.977192	12	202	22	2585.68
0.785398	0.370812	-2.547742	244	44	225	2585.60
1.570796	0.709924	0.218797	8	209	31	2585.57
-1.832596	2.881233	-2.582574	20	32	220	2585.49
0.261799	0.496451	0.593859	221	199	21	2585.36
1.570796	0.674054	1.013609	234	19	218	2585.32
0.523599	0.914445	2.687814	39	237	232	2585.30
0.261799	0.297065	2.160177	26	236	48	2585.19
-1.570796	2.041297	-2.664597	240	37	205	2585.03
0.785398	2.001437	0.381215	218	28	20	2584.89
-0.261799	2.592629	0.909713	38	18	235	2584.84
-1.047198	2.089241	-0.114193	48	207	18	2584.83
0.523599	0.496451	0.593859	40	250	26	2584.79
0.000000	1.846342	-1.796954	13	215	52	2584.72
-0.261799	2.089241	-0.114193	223	238	55	2584.69
-0.261799	1.184361	0.625864	225	215	40	2584.67
-2.879793	2.456751	-1.503343	18	56	6	2584.66
1.832596	0.290380	-0.796960	42	4	29	2584.24
1.047198	0.619654	-2.216909	201	23	28	2584.11
2.617994	1.617114	-1.572037	247	214	216	2584.00
-0.523599	2.349581	-2.702517	43	225	13	2583.99
-2.879793	1.846342	-1.796954	215	241	196	2583.97
-1.308997	1.617114	-1.572037	225	26	51	2583.96
1.570796	1.872854	1.543456	50	239	251	2583.94
-0.523599	1.699788	2.452890	5	38	225	2583.84
0.523599	1.662363	0.915448	9	25	200	2583.78
-2.879793	2.164094	-2.991358	200	2	60	2583.58
-0.785398	1.998705	2.370472	233	39	220	2583.43
1.308997	0.458961	-0.107937	240	212	35	2583.22
2.094395	2.863997	0.549740	29	47	10	2583.22
0.000000	2.719179	-1.780644	242	38	11	2583.21
-1.308997	0.700570	1.559208	38	40	15	2582.70
-2.879793	1.554776	0.100351	206	1	42	2582.69
2.617994	2.863997	0.549740	26	213	228	2582.46
-0.523599	1.440580	2.260026	51	246	243	2582.28
0.785398	1.450119	-2.739050	19	230	49	2582.26
-3.141593	1.809167	1.213774	40	6	215	2582.19
1.308997	1.128190	-2.288622	25	33	231	2582.19
-1.832596	2.979456	-1.009304	229	53	247	2582.11
1.308997	1.134497	-1.109631	18	208	21	2582.09
0.261799	1.662363	0.915448	238	208	244	2581.85
-2.879793	0.418037	1.360082	223	53	233	2581.79
-1.570796	2.393226	1.857173	42	196	241	2581.76
-0.785398	1.696674	-1.253233	248	3	57	2581.75
-2.879793	1.045978	0.343692	221	6	43	2581.68
2.617994	2.587733	0.232235	227	236	38	2581.50
-0.785398	0.419640	2.974122	194	16	13	2581.39
1.832596	0.615174	-0.666022	204	12	234	2581.37
-2.879793	0.640596	-2.797608	218	229	38	2580.89
0.000000	1.440580	2.260026	232	226	50	2580.63
-2.617994	0.831641	0.616218	222	214	52	2580.62
-1.570796	1.134796	2.434290	233	73	4	2580.47
1.308997	2.587733	0.232235	47	31	11	2580.29
-2.617994	1.367556	0.358405	220	241	44	2580.27
-2.356194	1.606104	-0.451151	23	47	2	2580.07
2.879793	1.050534	3.042579	210	22	28	2579.89
0.785398	1.168678	2.108595	59	250	251	2579.78
1.047198	2.724429	-0.348782	4	202	3	2579.61
-2.879793	1.214854	-1.966664	41	225	48	2579.55
1.832596	0.674054	1.013609	218	209	24	2579.51
0.523599	2.637879	2.121598	25	222	11	2579.49
-1.047198	0.831641	0.616218	226	0	37	2579.47
0.261799	2.041297	-2.664597	51	7	248	2579.28
-0.261799	1.982574	-1.115518	189	244	40	2579.26
0.000000	0.850607	-1.335383	8	7	60	2579.18
-2.356194	1.870545	-2.976234	202	224	61	2579.11
2.094395	0.290380	-0.796960	228	43	13	2579.05
-2.356194	1.050534	3.042579	243	44	219	2578.99
2.617994	1.184361	0.625864	51	6	195	2578.94
-1.047198	1.014500	0.906702	3	212	243	2578.57
-0.261799	2.719179	-1.780644	14	47	246	2578.56
-0.523599	1.555207	1.708892	221	224	43	2578.49
0.261799	2.984978	1.954446	227	31	26	2578.48
0.261799	0.961715	0.014085	38	234	4	2578.48
-1.832596	1.367556	0.358405	232	232	55	2578.33
0.261799	1.488617	1.159546	229	5	67	2578.29
2.617994	0.961715	0.014085	55	245	32	2578.28
-2.879793	1.870545	-2.976234	212	251	220	2578.22
2.094395	0.709924	0.218797	210	222	236	2578.22
0.785398	1.506530	1.988858	9	47	3	2577.82
1.047198	2.153910	-1.714959	42	212	33	2577.73
2.094395	0.700570	1.559208	43	24	238	2577.58
0.785398	1.113094	-0.272241	247	233	58	2577.25
0.261799	2.180315	-1.357379	36	43	205	2576.57
0.523599	1.310100	1.488307	212	6	54	2576.29
-0.261799	2.704512	1.488683	39	43	222	2576.06
0.000000	2.456751	-1.503343	5	203	17	2576.01
0.785398	2.588535	-2.976617	192	6	217	2575.86
-2.617994	1.168678	2.108595	15	44	4	2575.75
-0.261799	0.080730	-2.622036	51	13	41	2575.44
2.094395	1.135834	-1.431087	201	9	239	2575.26
1.047198	0.910508	1.903534	39	228	8	2575.10
-2.617994	0.910508	1.903534	193	247	11	2575.00
-0.261799	1.128190	-2.288622	28	217	17	2574.90
2.094395	2.455966	-0.641220	42	228	245	2574.90
1.308997	2.592629	0.909713	244	199	9	2574.86
-0.785398	0.914445	2.687814	47	236	1	2574.74
-3.141593	2.979456	-1.009304	64	11	1	2574.74
-2.617994	1.510910	-0.740472	187	242	233	2574.65
2.094395	1.214854	-1.966664	206	9	233	2574.59
-1.308997	2.104282	-0.813972	219	56	19	2574.59
1.047198	2.174483	2.653697	10	204	248	2574.42
-1.047198	1.836682	-0.676006	60	216	1	2574.38
-1.047198	2.587733	0.232235	32	230	11	2574.34
-0.261799	1.310100	1.488307	13	203	197	2574.24
-3.141593	1.809167	1.213774	40	6	216	2574.08
-1.570796	1.025536	1.576859	64	11	30	2574.07
-0.785398	1.836682	-0.676006	13	49	9	2574.06
0.261799	2.174483	2.653697	192	238	36	2574.00
-2.356194	1.310100	1.488307	4	217	62	2573.84
-2.879793	2.393226	1.857173	40	1	218	2573.83
2.094395	2.579248	-2.364801	32	233	26	2573.74
-2.879793	1.242974	-2.977882	28	232	42	2573.74
-1.570796	2.153910	-1.714959	8	34	16	2573.45
0.785398	1.599406	1.426070	208	8	225	2573.34
0.523599	1.440580	2.260026	45	26	241	2573.12
0.000000	1.617114	-1.572037	5	224	54	2573.09
0.785398	1.662363	0.915448	222	241	197	2573.05
0.261799	0.419640	2.974122	62	10	12	2572.40
-1.308997	1.488617	1.159546	214	238	34	2572.26
0.261799	1.413347	-1.339188	45	6	221	2572.07
2.879793	2.863997	0.549740	213	33	245	2572.06
1.047198	0.080730	-2.622036	224	55	1	2571.97
2.879793	1.836682	-0.676006	189	40	250	2571.89
-2.617994	2.984978	1.954446	27	204	249	2571.79
1.308997	0.700570	1.559208	214	5	223	2571.68
-0.523599	1.741644	-2.695914	44	239	27	2571.66
-2.879793	0.674054	1.013609	232	219	49	2571.57
2.356194	1.256302	0.062705	197	20	43	2571.54
2.879793	1.014500	0.906702	216	235	55	2571.38
-2.094395	1.948085	-2.363031	245	18	196	2571.02
2.879793	2.001437	0.381215	233	227	45	2570.92
0.000000	1.504028	0.636812	45	5	246	2570.77
-1.570796	1.948085	-2.363031	232	14	200	2570.77
1.308997	1.367556	0.358405	224	19	60	2570.60
-1.570796	1.998705	2.370472	236	78	0	2570.51
2.879793	0.992645	-1.723759	245	232	55	2570.45
-2.094395	0.831641	0.616218	237	209	54	2570.27
-1.570796	0.992645	-1.723759	53	18	25	2570.16
1.570796	1.450119	-2.739050	49	243	251	2570.10
0.261799	1.872854	1.543456	236	16	48	2570.06
2.356194	0.992645	-1.723759	230	14	200	2570.01
2.879793	1.014500	0.906702	217	235	56	2569.97
1.047198	2.299159	2.264663	34	229	25	2569.96
-1.308997	0.290380	-0.796960	231	250	35	2569.85
-2.879793	1.875281	0.107086	35	14	227	2569.78
0.523599	1.506530	1.988858	13	45	3	2569.69
1.832596	2.579248	-2.364801	204	208	28	2569.68
-1.308997	0.290380	-0.796960	232	250	35	2569.62
2.879793	1.696674	-1.253233	234	42	226	2569.58
-1.570796	2.881233	-2.582574	244	197	26	2569.48
-1.570796	1.555207	1.708892	37	1	37	2569.37
2.879793	0.203748	0.590255	202	211	235	2569.37
1.832596	0.615174	-0.666022	45	6	23	2569.37
-0.261799	0.685216	-1.712745	241	52	16	2569.31
0.785398	1.736875	3.023612	22	42	41	2569.31
-1.832596	1.218453	2.777284	233	49	9	2569.21
1.047198	1.014500	0.906702	222	23	227	2569.04
0.523599	2.588535	-2.976617	63	250	0	2569.03
2.879793	0.297065	2.160177	48	246	1	2568.83
-1.308997	1.545873	-1.877082	232	14	56	2568.81
-1.832596	2.295480	1.008277	207	4	229	2568.70
1.570796	1.555207	1.708892	215	30	7	2568.63
-0.261799	1.510910	-0.740472	25	206	20	2568.45
1.832596	1.242974	-2.977882	229	31	38	2568.38
2.356194	1.683268	0.374177	50	241	7	2568.28
2.617994	1.214854	-1.966664	238	243	55	2568.25
-2.879793	0.914445	2.687814	16	222	32	2568.24
-0.785398	0.700570	1.559208	221	208	12	2568.22
-2.094395	0.615174	-0.666022	219	230	45	2568.09
0.000000	2.153910	-1.714959	10	209	42	2567.93
1.832596	0.203748	0.590255	28	240	47	2567.60
0.785398	2.863997	0.549740	55	5	243	2567.58
-2.094395	1.218453	2.777284	205	206	36	2567.53
0.785398	0.906588	1.252948	27	202	224	2567.52
2.879793	1.836682	-0.676006	189	40	251	2567.48
1.570796	1.510910	-0.740472	217	26	228	2567.33
2.879793	2.108018	1.311430	241	13	56	2567.29
0.261799	0.297065	2.160177	230	32	232	2567.00
2.879793	2.247462	0.191623	17	194	223	2566.97
-3.141593	1.168678	2.108595	186	5	225	2566.93
0.000000	2.579248	-2.364801	223	35	5	2566.90
-2.879793	1.050534	3.042579	55	24	223	2566.79
-2.617994	1.696674	-1.253233	198	240	212	2566.77
1.570796	1.440580	2.260026	218	15	222	2566.66
0.261799	1.504028	0.636812	42	240	3	2566.58
0.523599	1.242974	-2.977882	52	245	32	2566.56
1.570796	1.417623	-0.202254	42	209	18	2566.55
2.094395	0.709924	0.218797	211	221	235	2566.54
-1.570796	1.574060	2.783565	218	63	239	2566.39
2.094395	1.617114	-1.572037	8	46	221	2565.86
-1.570796	1.391910	3.030322	234	184	53	2565.53
1.047198	1.335669	0.897240	250	203	31	2565.41
-2.094395	2.299159	2.264663	13	204	22	2565.33
-1.308997	1.756530	-2.105156	217	241	204	2565.18
-1.308997	2.356369	3.005869	226	209	42	2565.04
0.785398	1.310100	1.488307	228	21	39	2564.86
-1.308997	1.554776	0.100351	37	34	250	2564.76
-2.879793	0.674054	1.013609	232	219	48	2564.73
-2.879793	0.700570	1.559208	242	18	199	2564.48
-2.094395	1.128190	-2.288622	221	48	203	2564.42
-1.308997	1.433411	-1.035986	228	38	32	2564.39
-2.617994	0.418037	1.360082	5	214	45	2564.34
2.094395	0.203748	0.590255	238	14	213	2564.15
-1.570796	1.658653	-2.409879	24	230	51	2564.11
2.879793	0.960688	-0.577532	230	199	41	2563.83
-1.308997	1.998705	2.370472	221	74	1	2563.71
2.617994	1.756530	-2.105156	39	7	238	2563.52
2.094395	1.824694	1.850876	44	13	43	2563.40
-0.261799	1.218453	2.777284	232	39	231	2563.38
-1.570796	1.184361	0.625864	212	245	35	2563.24
0.523599	1.977582	0.969896	229	44	247	2563.19
-2.617994	2.033014	2.977192	35	39	2	2563.16
-2.356194	1.050534	3.042579	244	44	219	2563.09
-2.356194	0.961715	0.014085	17	207	41	2562.89
-0.523599	0.080730	-2.622036	202	235	19	2562.88
-1.832596	2.984978	1.954446	16	177	15	2562.87
-0.785398	0.618092	2.539118	25	37	251	2562.85
-0.785398	1.569311	-3.003978	218	49	202	2562.83
-3.141593	0.571433	-1.188419	211	231	235	2562.72
1.832596	1.977582	0.969896	26	222	43	2562.57
-2.094395	1.025536	1.576859	16	44	38	2562.54
1.832596	1.135834	-1.431087	37	17	219	2562.44
1.047198	1.195355	1.200319	212	19	230	2562.42
2.879793	2.164094	-2.991358	211	235	226	2562.08
2.617994	2.001437	0.381215	51	244	6	2562.01
-1.047198	0.591903	2.010408	239	43	22	2561.95
-2.617994	0.914445	2.687814	22	224	29	2561.64
1.570796	1.555207	1.708892	23	28	214	2561.52
-1.308997	0.864993	2.278281	229	32	35	2561.44
0.785398	1.247695	1.809890	55	248	6	2561.30
1.308997	1.506530	1.988858	221	232	38	2561.18
-1.047198	0.458961	-0.107937	205	37	243	2561.17
-2.356194	2.724429	-0.348782	39	233	16	2561.13
0.785398	2.881233	-2.582574	68	228	6	2560.95
-1.570796	2.115563	0.685730	16	223	36	2560.87
-0.523599	2.138223	1.678323	60	237	231	2560.85
-2.094395	2.379497	0.561089	238	210	245	2560.83
-0.261799	1.510910	-0.740472	26	206	20	2560.80
1.570796	2.041297	-2.664597	223	250	198	2560.80
0.000000	2.704512	1.488683	4	45	6	2560.79
-2.879793	2.033014	2.977192	18	239	42	2560.71
2.617994	2.455966	-0.641220	48	0	211	2560.70
0.261799	2.041297	-2.664597	194	3	208	2560.66
0.523599	1.134796	2.434290	245	204	251	2560.58
0.523599	1.545873	-1.877082	35	223	20	2560.51
0.000000	0.619654	-2.216909	0	53	17	2560.30
-1.308997	0.910508	1.903534	31	40	12	2560.27
-0.785398	1.214854	-1.966664	20	206	4	2560.20
-3.141593	2.456751	-1.503343	13	207	244	2560.17
-1.832596	0.929350	-2.910676	217	42	247	2560.16
2.879793	1.448123	-2.163292	8	209	6	2559.95
1.047198	1.374601	-2.456031	43	227	2	2559.91
-3.141593	2.033014	2.977192	63	223	248	2559.83
0.523599	1.135834	-1.431087	220	41	250	2559.70
2.356194	2.404280	-0.174044	37	227	233	2559.43
-0.261799	1.440580	2.260026	238	204	1	2559.18
-2.617994	1.128190	-2.288622	226	230	64	2559.10
-2.879793	1.374601	-2.456031	25	40	224	2558.82
1.308997	1.168678	2.108595	48	11	2	2558.30
0.785398	2.295480	1.008277	218	34	219	2558.22
-0.261799	0.992645	-1.723759	15	251	55	2558.15
-0.261799	2.760637	2.781135	57	235	242	2558.12
-1.832596	2.073035	2.027405	218	247	36	2558.05
0.785398	1.310100	1.488307	24	218	211	2558.05
2.617994	0.619654	-2.216909	44	246	7	2558.02
-1.570796	1.555207	1.708892	38	2	37	2558.01
-0.523599	2.704512	1.488683	20	223	31	2558.01
1.832596	1.218453	2.777284	240	216	40	2557.77
-0.785398	0.864993	2.278281	4	45	250	2557.73
-2.094395	0.733948	3.021411	29	37	238	2557.62
2.879793	1.014500	0.906702	216	235	56	2557.52
-0.261799	2.881233	-2.582574	225	239	32	2557.44
0.785398	1.391910	3.030322	54	4	31	2557.36
-1.047198	2.180315	-1.357379	234	234	50	2557.32
-2.617994	1.128190	-2.288622	226	229	63	2557.13
-2.617994	1.824694	1.850876	250	238	61	2557.00
1.832596	1.134796	2.434290	226	214	26	2556.99
-1.047198	0.618092	2.539118	51	202	4	2556.96
-1.570796	1.824694	1.850876	209	27	12	2556.83
2.879793	1.194549	-0.801900	182	38	251	2556.79
1.047198	1.982574	-1.115518	22	42	231	2556.46
0.000000	1.413347	-1.339188	8	249	64	2556.41
0.523599	0.929350	-2.910676	212	213	212	2556.23
-1.308997	2.041297	-2.664597	224	234	48	2556.13
2.617994	2.073035	2.027405	1	231	54	2556.07
1.047198	1.909857	-0.381669	11	206	27	2555.67
-3.141593	1.948085	-2.363031	51	17	11	2555.57
1.570796	0.899350	-2.069907	219	5	49	2555.51
-1.308997	2.001437	0.381215	229	25	38	2555.48
-2.617994	2.251330	-2.330739	209	29	29	2555.42
2.356194	0.080730	-2.622036	204	249	23	2555.14
-1.047198	1.662363	0.915448	232	242	63	2555.06
0.000000	2.164094	-2.991358	182	9	219	2554.89
-2.094395	0.899350	-2.069907	20	10	212	2554.89
1.832596	1.450119	-2.739050	0	46	50	2554.64
-0.785398	2.356369	3.005869	45	237	5	2554.61
-1.832596	1.904882	-1.478089	222	17	64	2554.59
1.047198	1.488617	1.159546	242	26	48	2554.51
-2.356194	2.478122	2.609777	221	1	27	2554.51
2.879793	1.413347	-1.339188	237	45	230	2554.36
0.523599	0.961715	0.014085	38	240	14	2554.30
-2.879793	1.824694	1.850876	229	10	29	2554.21
-3.141593	1.809167	1.213774	39	6	215	2554.15
2.094395	1.134497	-1.109631	22	31	224	2554.13
-1.832596	2.247462	0.191623	240	13	202	2554.06
1.832596	2.041297	-2.664597	216	205	12	2554.00
2.356194	1.555207	1.708892	218	236	226	2554.00
-1.308997	2.579248	-2.364801	215	2	221	2553.94
2.617994	1.662363	0.915448	44	7	249	2553.93
-2.617994	1.875281	0.107086	17	213	18	2553.93
2.356194	1.256302	0.062705	197	21	44	2553.80
0.261799	2.719179	-1.780644	226	32	18	2553.78
2.094395	1.128190	-2.288622	50	0	251	2553.76
2.879793	1.554776	0.100351	207	9	41	2553.74
0.261799	1.683268	0.374177	33	41	31	2553.71
1.308997	2.073035	2.027405	43	240	35	2553.69
-0.523599	0.615174	-0.666022	244	43	230	2553.56
0.785398	1.025536	1.576859	241	203	236	2553.37
1.047198	0.864993	2.278281	35	223	29	2553.24
-1.047198	1.574060	2.783565	6	49	236	2553.06
-2.879793	2.349581	-2.702517	215	225	236	2552.97
-1.308997	1.948085	-2.363031	5	35	190	2552.89
-0.261799	1.488617	1.159546	37	230	20	2552.75
-2.617994	1.875281	0.107086	17	213	17	2552.67
1.047198	2.349581	-2.702517	32	34	41	2552.59
-2.879793	1.014500	0.906702	229	226	56	2552.59
0.523599	0.850607	-1.335383	207	26	244	2552.53
-2.617994	0.831641	0.616218	224	215	51	2552.50
-2.094395	1.417623	-0.202254	42	19	235	2552.47
2.094395	0.864993	2.278281	229	208	32	2552.47
-2.356194	2.719179	-1.780644	219	48	10	2552.36
0.523599	2.664082	-1.071402	239	30	22	2552.11
1.308997	1.184361	0.625864	39	234	209	2552.08
0.785398	1.977582	0.969896	227	26	212	2552.03
-0.523599	2.396274	-1.959260	15	205	7	2551.94
1.570796	1.812176	0.656819	21	35	5	2551.91
2.094395	1.555207	1.708892	204	222	241	2551.88
-0.261799	1.812176	0.656819	26	16	202	2551.87
0.000000	1.756530	-2.105156	1	204	34	2551.84
1.832596	2.295480	1.008277	43	226	6	2551.64
1.570796	2.180315	-1.357379	202	17	1	2551.62
-3.141593	2.164094	-2.991358	32	205	218	2551.52
-2.356194	2.153910	-1.714959	213	18	221	2551.50
0.261799	2.063651	-2.044600	239	38	19	2551.50
1.308997	1.128190	-2.288622	26	33	231	2551.42
-3.141593	1.599406	1.426070	8	208	67	2551.40
2.617994	1.948085	-2.363031	225	244	197	2551.32
-1.570796	2.393226	1.857173	46	6	240	2551.22
-2.094395	1.756530	-2.105156	245	23	190	2551.11
-2.356194	2.404280	-0.174044	192	241	242	2551.00
1.832596	0.700570	1.559208	52	9	240	2550.87
1.047198	0.203748	0.590255	1	4	204	2550.79
0.000000	2.349581	-2.702517	52	211	22	2550.71
1.308997	1.696674	-1.253233	43	231	3	2550.69
-2.879793	0.929350	-2.910676	227	6	38	2550.54
-1.047198	0.762244	-0.273349	0	41	229	2550.30
0.000000	0.850607	-1.335383	9	8	61	2550.18
0.523599	0.929350	-2.910676	239	37	221	2550.17
2.879793	0.960688	-0.577532	229	199	41	2550.14
-1.570796	1.256302	0.062705	229	241	56	2550.07
-0.261799	2.033014	2.977192	218	238	32	2550.04
-1.047198	1.599406	1.426070	218	28	223	2549.63
1.047198	2.089241	-0.114193	251	32	40	2549.58
0.523599	1.391910	3.030322	30	228	41	2549.55
0.000000	2.881233	-2.582574	54	17	37	2549.50
0.261799	0.571433	-1.188419	33	251	55	2549.45
-2.356194	2.664082	-1.071402	222	213	237	2549.41
-1.308997	2.719179	-1.780644	1	197	250	2549.21
-1.570796	1.025536	1.576859	243	190	218	2549.18
2.094395	1.977582	0.969896	237	213	208	2549.10
0.261799	1.554776	0.100351	218	43	14	2548.75
0.523599	0.674054	1.013609	47	216	226	2548.50
1.047198	1.367556	0.358405	218	26	240	2548.37
1.308997	2.881233	-2.582574	219	205	2	2548.34
1.832596	2.760637	2.781135	230	36	28	2548.20
0.261799	1.555207	1.708892	11	199	6	2548.15
-1.570796	0.370812	-2.547742	243	199	239	2548.06
2.094395	0.418037	1.360082	226	240	216	2548.05
-2.617994	1.335669	0.897240	225	7	190	2548.05
-2.617994	1.617114	-1.572037	236	206	208	2548.05
-2.879793	0.418037	1.360082	50	241	241	2547.87
-2.879793	1.696674	-1.253233	195	245	213	2547.86
1.308997	1.510910	-0.740472	229	10	220	2547.68
1.047198	1.050534	3.042579	41	20	48	2547.61
-1.308997	1.732874	-0.951685	234	239	50	2547.59
0.000000	1.025536	1.576859	237	44	37	2547.40
2.094395	0.850607	-1.335383	229	24	208	2547.31
2.356194	1.301460	-0.509251	198	21	26	2547.30
2.879793	0.370812	-2.547742	215	232	33	2547.29
-1.570796	2.001437	0.381215	235	193	26	2547.26
-1.047198	0.591903	2.010408	231	29	44	2547.09
-2.879793	2.664082	-1.071402	183	226	232	2547.04
-1.570796	1.869911	2.701025	238	52	215	2546.95
-2.094395	2.356369	3.005869	46	219	3	2546.74
-1.832596	0.914445	2.687814	241	49	11	2546.64
1.832596	1.606104	-0.451151	230	12	41	2546.46
2.356194	2.153910	-1.714959	58	238	33	2546.35
2.879793	0.910508	1.903534	242	251	54	2546.32
2.617994	1.617114	-1.572037	1	244	61	2546.27
0.785398	2.407836	1.410646	212	30	12	2546.10
2.356194	0.591903	2.010408	212	25	15	2546.00
-2.356194	1.310100	1.488307	3	218	60	2546.00
-1.832596	1.982574	-1.115518	28	233	221	2545.94
-1.832596	0.700570	1.559208	32	223	14	2545.85
0.000000	1.721184	-0.153948	227	235	61	2545.75
1.047198	0.080730	-2.622036	37	239	44	2545.39
0.785398	1.662363	0.915448	4	27	203	2545.30
0.000000	0.929350	-2.910676	202	213	10	2545.17
2.879793	2.724429	-0.348782	190	45	242	2545.15
0.785398	1.135834	-1.431087	215	28	241	2545.10
2.879793	1.195355	1.200319	51	13	39	2545.07
-2.617994	2.295480	1.008277	40	222	216	2544.95
-3.141593	2.299159	2.264663	8	244	51	2544.82
-2.879793	2.455966	-0.641220	67	245	5	2544.79
1.308997	0.864993	2.278281	50	13	11	2544.78
0.523599	2.089241	-0.114193	55	29	2	2544.62
2.356194	2.356369	3.005869	36	198	23	2544.60
-1.570796	1.569311	-3.003978	37	216	250	2544.59
0.785398	1.168678	2.108595	39	230	0	2544.56
0.000000	1.050534	3.042579	238	17	206	2544.55
1.047198	2.174483	2.653697	17	203	6	2544.38
-1.570796	1.658653	-2.409879	24	231	51	2544.37
-0.523599	1.310100	1.488307	245	50	10	2544.16
2.094395	2.104282	-0.813972	22	45	3	2544.13
0.000000	2.393226	1.857173	208	250	227	2544.09
-2.094395	1.948085	-2.363031	244	18	196	2543.98
2.879793	1.448123	-2.163292	9	208	6	2543.91
-0.785398	0.458961	-0.107937	243	37	225	2543.90
1.570796	2.247462	0.191623	18	208	230	2543.84
-1.308997	0.906588	1.252948	241	197	211	2543.80
-0.261799	0.203748	0.590255	226	184	249	2543.80
-1.047198	2.719179	-1.780644	237	200	36	2543.73
2.617994	0.080730	-2.622036	247	207	26	2543.63
-0.785398	1.982574	-1.115518	1	44	17	2543.63
-1.047198	0.961715	0.014085	226	10	37	2543.48
-2.617994	1.194549	-0.801900	62	4	27	2543.47
-1.570796	1.909857	-0.381669	222	219	39	2543.30
0.261799	1.617114	-1.572037	230	41	11	2543.27
-1.308997	0.762244	-0.273349	10	40	227	2543.21
0.261799	1.658653	-2.409879	40	232	65	2543.18
-1.047198	0.418037	1.360082	247	243	65	2542.94
1.047198	1.506530	1.988858	216	239	36	2542.91
-0.261799	0.866395	-2.492918	50	3	35	2542.83
-1.047198	0.615174	-0.666022	43	202	3	2542.61
-2.617994	1.574060	2.783565	15	31	216	2542.61
1.832596	2.089241	-0.114193	41	232	19	2542.49
0.785398	1.977582	0.969896	227	25	212	2542.36
1.832596	1.662363	0.915448	30	212	3	2542.31
1.832596	0.831641	0.616218	211	239	232	2542.06
-0.261799	1.982574	-1.115518	11	42	16	2541.97
-2.356194	2.881233	-2.582574	187	16	9	2541.96
1.570796	1.014500	0.906702	213	223	25	2541.86
-0.261799	2.356369	3.005869	60	213	22	2541.84
-2.879793	0.929350	-2.910676	209	240	42	2541.78
-0.261799	1.335669	0.897240	221	25	22	2541.66
0.261799	1.448123	-2.163292	223	243	68	2541.63
-0.261799	1.555207	1.708892	210	248	223	2541.50
2.356194	2.664082	-1.071402	191	37	225	2541.36
-1.308997	0.379747	-1.713059	35	45	7	2541.32
-1.047198	1.433411	-1.035986	218	234	31	2541.31
1.832596	2.407836	1.410646	216	234	211	2541.25
0.523599	1.812176	0.656819	211	242	43	2541.12
2.094395	1.184361	0.625864	222	214	38	2541.08
2.356194	1.135813	-2.658866	37	12	212	2541.01
2.879793	0.370812	-2.547742	215	231	34	2540.95
-1.308997	0.674054	1.013609	33	220	8	2540.91
0.000000	2.295480	1.008277	38	249	1	2540.74
1.047198	1.872854	1.543456	210	211	28	2540.62
2.094395	0.850607	-1.335383	33	0	48	2540.62
-0.261799	2.001437	0.381215	29	10	239	2540.60
-0.523599	2.343981	-1.040456	212	219	10	2540.57
-0.523599	2.108018	1.311430	2	207	29	2540.56
2.617994	0.850607	-1.335383	248	223	51	2540.42
-2.879793	0.864993	2.278281	45	36	25	2540.34
2.094395	0.850607	-1.335383	35	0	46	2540.31
-0.261799	2.138223	1.678323	35	227	7	2540.24
1.047198	2.587733	0.232235	6	39	1	2540.23
1.832596	2.393226	1.857173	228	54	249	2540.01
-1.832596	0.571433	-1.188419	251	214	48	2539.79
2.094395	1.510910	-0.740472	195	5	8	2539.76
-0.785398	1.413347	-1.339188	215	21	49	2539.59
-3.141593	0.615174	-0.666022	196	4	20	2539.41
-1.832596	2.404280	-0.174044	188	207	10	2539.38
-3.141593	2.115563	0.685730	43	229	214	2539.32
1.308997	1.696674	-1.253233	218	30	240	2539.28
2.356194	1.510910	-0.740472	19	47	6	2539.25
-0.785398	0.914445	2.687814	248	43	241	2539.24
0.785398	0.906588	1.252948	27	202	223	2539.21
0.523599	0.850607	-1.335383	213	28	238	2539.08
-1.047198	1.310100	1.488307	9	212	25	2538.89
2.879793	0.762244	-0.273349	183	251	233	2538.85
-2.879793	2.251330	-2.330739	218	36	27	2538.66
-0.261799	1.555207	1.708892	210	247	222	2538.60
2.094395	1.599406	1.426070	52	242	4	2538.49
-0.785398	0.700570	1.559208	221	209	12	2538.43
-3.141593	2.063651	-2.044600	25	217	13	2538.42
-1.832596	0.992645	-1.723759	240	212	45	2538.42
2.617994	0.992645	-1.723759	226	11	198	2538.40
2.356194	2.001437	0.381215	46	248	5	2538.39
1.832596	1.696674	-1.253233	28	13	55	2538.38
-0.523599	1.683268	0.374177	249	224	64	2538.29
0.000000	0.290380	-0.796960	186	9	9	2538.28
-3.141593	2.587733	0.232235	195	54	10	2538.26
2.617994	2.379497	0.561089	215	222	19	2538.23
2.617994	1.617114	-1.572037	1	244	60	2538.17
2.094395	2.881233	-2.582574	224	189	228	2538.12
1.832596	2.295480	1.008277	210	240	27	2538.09
2.617994	1.683268	0.374177	36	221	31	2538.04
-2.356194	1.134497	-1.109631	42	229	6	2538.01
-0.261799	0.203748	0.590255	215	25	215	2537.95
-1.047198	2.396274	-1.959260	31	30	198	2537.81
-0.785398	1.242974	-2.977882	25	20	226	2537.65
-1.047198	0.960688	-0.577532	4	42	236	2537.62
2.356194	2.041297	-2.664597	227	222	207	2537.41
-1.047198	1.662363	0.915448	232	242	64	2537.37
2.617994	1.662363	0.915448	42	220	18	2537.26
-3.141593	1.683268	0.374177	47	24	12	2537.21
-3.141593	2.180315	-1.357379	214	250	39	2537.14
2.094395	1.135834	-1.431087	201	10	239	2537.09
1.832596	1.504028	0.636812	26	215	13	2536.93
1.047198	0.297065	2.160177	43	231	23	2536.86
2.094395	1.658653	-2.409879	46	247	244	2536.64
2.094395	2.587733	0.232235	26	205	231	2536.45
-0.523599	0.906588	1.252948	44	34	57	2536.41
0.000000	1.335669	0.897240	216	221	245	2536.34
0.261799	1.391910	3.030322	205	9	2	2536.24
1.832596	2.724429	-0.348782	35	203	241	2536.24
0.261799	2.153910	-1.714959	235	231	220	2536.14
1.832596	0.961715	0.014085	204	53	31	2536.04
-0.523599	2.760637	2.781135	39	24	241	2535.98
1.832596	2.164094	-2.991358	219	220	214	2535.89
-2.879793	1.766067	2.153843	55	237	242	2535.87
-0.785398	0.992645	-1.723759	22	208	9	2535.84
1.832596	2.760637	2.781135	218	21	23	2535.84
2.356194	1.168678	2.108595	43	12	49	2535.69
-2.879793	1.696674	-1.253233	180	251	222	2535.60
1.047198	0.910508	1.903534	38	229	8	2535.55
0.000000	0.290380	-0.796960	188	12	8	2535.42
2.356194	0.370812	-2.547742	45	41	249	2535.20
-1.308997	2.041297	-2.664597	223	233	50	2535.11
-1.832596	1.214854	-1.966664	41	245	57	2535.04
-2.094395	2.379497	0.561089	213	7	209	2535.02
2.356194	0.700570	1.559208	212	8	230	2534.98
-1.047198	2.456751	-1.503343	40	221	22	2534.83
-2.356194	2.295480	1.008277	213	250	63	2534.80
1.308997	2.041297	-2.664597	50	21	248	2534.80
2.879793	1.135813	-2.658866	203	237	61	2534.75
-3.141593	1.218453	2.777284	4	40	227	2534.64
2.617994	1.135813	-2.658866	34	21	221	2534.61
0.523599	1.242974	-2.977882	30	226	39	2534.59
-2.094395	2.404280	-0.174044	195	228	243	2534.49
2.356194	1.599406	1.426070	17	19	204	2534.45
-1.570796	0.618092	2.539118	238	48	15	2534.44
1.570796	1.450119	-2.739050	45	230	2	2534.42
0.000000	0.080730	-2.622036	207	223	20	2534.29
2.617994	0.929350	-2.910676	219	18	34	2534.29
-0.523599	0.419640	2.974122	35	213	240	2534.13
-0.523599	0.674054	1.013609	214	208	238	2534.09
2.617994	0.992645	-1.723759	225	11	198	2534.07
-1.047198	2.041297	-2.664597	221	33	206	2534.06
1.308997	2.187132	-0.479875	22	202	246	2533.97
2.094395	0.831641	0.616218	206	16	44	2533.89
0.000000	2.724429	-0.348782	222	231	47	2533.81
-0.785398	1.909857	-0.381669	62	223	9	2533.58
0.785398	1.014500	0.906702	38	215	0	2533.52
0.523599	1.440580	2.260026	45	27	241	2533.50
0.261799	1.168678	2.108595	63	35	4	2533.38
2.879793	1.433411	-1.035986	15	234	58	2533.25
2.094395	1.909857	-0.381669	4	52	235	2533.07
2.879793	0.831641	0.616218	231	2	53	2532.96
2.356194	2.396274	-1.959260	212	10	203	2532.90
0.000000	1.050534	3.042579	237	17	206	2532.79
1.308997	2.356369	3.005869	209	227	223	2532.77
-0.785398	2.881233	-2.582574	219	5	221	2532.76
-2.094395	2.180315	-1.357379	33	234	225	2532.70
-1.832596	2.001437	0.381215	12	41	233	2532.54
-0.785398	2.349581	-2.702517	226	220	46	2532.44
-3.141593	1.128190	-2.288622	219	226	66	2532.15
0.785398	0.866395	-2.492918	51	4	246	2532.15
0.261799	2.343981	-1.040456	235	14	215	2532.14
2.879793	2.881233	-2.582574	233	212	228	2532.07
-0.785398	1.504028	0.636812	244	235	65	2532.02
1.832596	2.187132	-0.479875	33	220	241	2531.94
2.356194	2.153910	-1.714959	0	216	249	2531.94
-2.356194	1.448123	-2.163292	219	224	31	2531.84
-0.261799	1.732874	-0.951685	4	16	209	2531.84
-1.308997	0.619654	-2.216909	16	29	242	2531.80
-0.261799	2.760637	2.781135	57	236	242	2531.76
-3.141593	1.310100	1.488307	6	243	193	2531.72
1.308997	1.335669	0.897240	239	221	58	2531.56
-2.879793	0.674054	1.013609	231	219	48	2531.42
2.617994	2.664082	-1.071402	42	31	15	2531.26
-1.832596	1.335669	0.897240	243	2	60	2531.22
2.356194	1.301460	-0.509251	38	4	235	2531.21
-0.523599	0.866955	-0.931351	247	46	237	2530.97
0.000000	1.599406	1.426070	2	12	188	2530.76
1.308997	1.736875	3.023612	231	188	13	2530.69
-1.047198	0.960688	-0.577532	4	43	236	2530.62
-2.356194	1.506530	1.988858	57	251	31	2530.53
2.879793	2.251330	-2.330739	223	231	204	2530.39
0.785398	2.089241	-0.114193	13	205	19	2530.22
-2.356194	1.721184	-0.153948	248	218	59	2530.05
2.094395	1.488617	1.159546	24	217	46	2529.96
2.356194	0.591903	2.010408	213	23	18	2529.72
-0.261799	0.961715	0.014085	237	212	242	2529.70
1.570796	0.640596	-2.797608	234	214	1	2529.45
1.570796	0.379747	-1.713059	2	52	1	2529.42
-0.261799	2.073035	2.027405	66	237	234	2529.38
1.570796	2.579248	-2.364801	198	219	28	2529.35
1.570796	1.440580	2.260026	217	15	222	2529.34
0.000000	2.719179	-1.780644	238	31	19	2529.28
-0.785398	2.379497	0.561089	36	234	248	2529.07
1.570796	1.662363	0.915448	23	209	3	2529.02
-2.356194	1.909857	-0.381669	5	2	206	2528.95
-3.141593	2.187132	-0.479875	50	240	39	2528.94
-1.570796	1.168678	2.108595	237	43	32	2528.93
-1.047198	1.662363	0.915448	232	241	64	2528.86
-1.047198	0.831641	0.616218	73	15	47	2528.75
0.785398	1.195355	1.200319	40	227	14	2528.67
2.879793	2.984978	1.954446	187	235	251	2528.60
-2.617994	1.904882	-1.478089	241	189	250	2528.55
1.047198	1.683268	0.374177	14	206	249	2528.29
1.047198	1.391910	3.030322	55	247	2	2528.26
-2.094395	1.948085	-2.363031	245	18	197	2528.19
1.570796	1.574060	2.783565	14	60	14	2528.17
1.570796	1.809167	1.213774	229	239	70	2528.10
1.308997	1.301460	-0.509251	240	213	43	2528.08
-1.570796	1.510910	-0.740472	32	212	237	2528.07
1.047198	2.089241	-0.114193	206	11	232	2528.05
-2.356194	0.418037	1.360082	78	241	26	2528.00
2.094395	2.063651	-2.044600	30	20	225	2527.97
1.308997	0.619654	-2.216909	195	10	30	2527.91
-1.047198	0.640596	-2.797608	19	27	240	2527.58
0.785398	2.396274	-1.959260	241	32	226	2527.31
1.047198	1.374601	-2.456031	43	227	3	2527.20
-0.261799	2.104282	-0.813972	183	248	27	2527.16
2.617994	1.554776	0.100351	3	200	15	2526.95
-3.141593	1.488617	1.159546	41	242	48	2526.85
1.308997	2.073035	2.027405	229	27	19	2526.82
-2.356194	1.413430	2.550734	197	216	29	2526.69
-1.570796	2.455966	-0.641220	214	236	46	2526.39
0.000000	1.184361	0.625864	233	200	211	2526.27
-0.261799	1.869911	2.701025	29	202	4	2526.22
-0.785398	0.864993	2.278281	4	44	251	2526.22
-1.570796	1.736875	3.023612	221	59	226	2526.21
2.094395	1.113094	-0.272241	208	19	46	2526.10
0.523599	1.433411	-1.035986	10	233	56	2525.92
-0.785398	1.766067	2.153843	227	239	49	2525.74
2.617994	1.812176	0.656819	44	223	12	2525.74
-1.308997	0.864993	2.278281	229	33	34	2525.64
-0.523599	0.992645	-1.723759	29	212	8	2525.60
-0.523599	2.033014	2.977192	1	217	49	2525.55
-1.832596	1.617114	-1.572037	244	33	44	2525.53
1.832596	2.404280	-0.174044	34	203	240	2525.44
-0.523599	2.033014	2.977192	1	217	48	2525.29
2.617994	0.929350	-2.910676	209	12	40	2525.21
-0.785398	1.683268	0.374177	213	229	35	2525.04
-1.047198	1.736875	3.023612	195	43	228	2524.94
-2.879793	1.301460	-0.509251	34	29	217	2524.78
-2.094395	1.391910	3.030322	216	12	23	2524.55
0.785398	1.433411	-1.035986	204	243	240	2524.38
1.047198	1.699788	2.452890	52	15	7	2524.36
-1.047198	1.310100	1.488307	8	212	25	2524.25
-1.570796	2.295480	1.008277	193	247	15	2524.23
1.047198	1.374601	-2.456031	30	4	71	2524.15
-1.832596	1.488617	1.159546	17	217	60	2524.11
-2.094395	0.458961	-0.107937	229	39	225	2524.10
1.570796	2.396274	-1.959260	60	224	27	2524.04
-0.785398	2.164094	-2.991358	225	50	207	2523.98
1.047198	1.301460	-0.509251	241	48	224	2523.88
1.047198	2.664082	-1.071402	29	200	10	2523.80
2.094395	2.579248	-2.364801	19	213	13	2523.65
2.356194	0.899350	-2.069907	220	232	59	2523.64
-0.523599	0.864993	2.278281	241	41	2	2523.63
2.356194	1.741644	-2.695914	224	22	57	2523.60
2.094395	1.756530	-2.105156	246	4	64	2523.55
-3.141593	1.504028	0.636812	214	216	68	2523.53
-2.879793	1.025536	1.576859	226	11	34	2523.50
-1.832596	1.214854	-1.966664	228	212	33	2523.42
-1.308997	2.356369	3.005869	224	209	40	2523.42
-0.261799	0.906588	1.252948	230	24	52	2523.19
-0.785398	0.906588	1.252948	15	215	20	2523.15
-0.523599	0.700570	1.559208	27	34	229	2523.10
-0.785398	1.872854	1.543456	17	236	44	2523.08
1.570796	1.721184	-0.153948	57	3	30	2522.94
1.570796	0.960688	-0.577532	251	71	8	2522.75
1.047198	0.297065	2.160177	44	231	23	2522.69
1.832596	0.960688	-0.577532	202	241	244	2522.60
1.047198	1.195355	1.200319	24	211	215	2522.54
2.879793	1.617114	-1.572037	251	211	215	2522.40
0.785398	1.574060	2.783565	39	226	250	2522.36
0.261799	1.555207	1.708892	239	32	35	2522.35
-1.570796	1.736875	3.023612	222	59	226	2522.21
1.832596	1.869911	2.701025	21	32	1	2521.96
0.000000	2.637879	2.121598	198	229	46	2521.80
1.047198	2.455966	-0.641220	2	54	11	2521.78
0.523599	1.014500	0.906702	33	208	236	2521.75
-0.523599	1.014500	0.906702	29	40	31	2521.75
-1.570796	1.488617	1.159546	43	242	17	2521.74
-3.141593	2.407836	1.410646	222	234	29	2521.72
1.047198	1.025536	1.576859	57	5	217	2521.66
-0.523599	2.115563	0.685730	32	20	215	2521.65
-2.356194	1.045978	0.343692	45	5	241	2521.57
0.000000	1.184361	0.625864	51	247	17	2521.56
2.356194	1.014500	0.906702	215	228	235	2521.49
1.570796	1.766067	2.153843	235	221	38	2521.47
-1.308997	0.685216	-1.712745	33	12	219	2521.37
0.523599	0.619654	-2.216909	237	5	206	2521.35
2.617994	2.174483	2.653697	206	232	20	2521.24
-1.308997	1.325504	-1.671296	221	33	13	2521.21
0.523599	0.080730	-2.622036	249	63	249	2521.19
-1.308997	1.325504	-1.671296	221	32	12	2521.15
2.617994	1.554776	0.100351	4	200	15	2521.15
0.000000	2.164094	-2.991358	44	6	241	2521.07
2.879793	0.866395	-2.492918	231	3	45	2521.06
1.570796	0.960688	-0.577532	202	0	242	2520.99
1.047198	1.982574	-1.115518	22	44	230	2520.86
-1.047198	1.184361	0.625864	244	238	62	2520.79
2.356194	0.370812	-2.547742	208	245	30	2520.71
-2.617994	2.073035	2.027405	230	250	39	2520.66
0.261799	1.872854	1.543456	236	15	48	2520.61
-0.523599	1.554776	0.100351	235	29	38	2520.51
1.832596	1.135834	-1.431087	36	18	220	2520.24
2.356194	2.041297	-2.664597	227	221	208	2520.22
2.617994	2.455966	-0.641220	192	47	236	2520.07
-0.523599	2.456751	-1.503343	214	204	15	2519.90
2.356194	0.906588	1.252948	19	194	244	2519.75
0.785398	2.343981	-1.040456	15	198	20	2519.71
2.879793	2.295480	1.008277	49	233	6	2519.70
0.000000	0.906588	1.252948	245	51	46	2519.68
0.000000	2.138223	1.678323	41	239	10	2519.68
2.094395	1.134497	-1.109631	199	10	243	2519.63
2.356194	1.948085	-2.363031	21	43	1	2519.53
-1.570796	2.863997	0.549740	194	213	43	2519.47
0.785398	1.391910	3.030322	54	3	30	2519.44
-2.617994	1.870545	-2.976234	11	198	246	2519.24
-1.308997	0.866955	-0.931351	27	193	240	2519.23
-1.832596	2.979456	-1.009304	221	15	31	2519.20
-2.094395	1.756530	-2.105156	247	194	250	2519.11
-0.261799	1.413430	2.550734	32	202	248	2519.05
0.523599	0.906588	1.252948	210	9	58	2518.88
-2.356194	1.310100	1.488307	3	217	60	2518.87
0.261799	1.555207	1.708892	226	30	7	2518.86
1.308997	0.850607	-1.335383	246	29	205	2518.66
-0.785398	1.870545	-2.976234	30	35	243	2518.62
0.785398	1.812176	0.656819	211	30	248	2518.61
1.308997	1.606104	-0.451151	29	206	26	2518.49
2.617994	0.831641	0.616218	230	27	30	2518.41
2.617994	2.719179	-1.780644	228	35	224	2518.33
-1.570796	0.906588	1.252948	233	203	211	2518.31
0.785398	1.014500	0.906702	38	215	1	2518.30
-2.356194	0.961715	0.014085	16	207	40	2518.22
1.570796	2.724429	-0.348782	26	197	239	2518.18
0.523599	1.134796	2.434290	247	204	251	2518.05
2.356194	1.809167	1.213774	229	241	62	2518.03
2.617994	0.418037	1.360082	14	63	226	2518.00
-1.570796	1.982574	-1.115518	226	245	41	2517.95
-1.308997	0.906588	1.252948	30	228	17	2517.95
0.785398	1.872854	1.543456	226	228	78	2517.91
0.523599	2.349581	-2.702517	236	231	50	2517.74
-2.356194	1.218453	2.777284	217	0	216	2517.70
1.308997	2.724429	-0.348782	210	235	234	2517.50
1.047198	2.456751	-1.503343	211	28	6	2517.49
-0.261799	1.809167	1.213774	219	26	21	2517.44
-1.832596	2.041297	-2.664597	63	20	227	2517.41
0.785398	2.407836	1.410646	210	6	25	2517.34
2.094395	1.736875	3.023612	2	42	16	2517.32
-2.356194	2.187132	-0.479875	197	230	239	2517.15
2.617994	2.404280	-0.174044	43	234	237	2517.13
-2.094395	1.325504	-1.671296	230	219	45	2517.09
-2.879793	1.721184	-0.153948	198	230	57	2516.83
2.094395	1.195355	1.200319	40	224	26	2516.82
2.617994	1.904882	-1.478089	12	213	236	2516.75
-1.047198	2.001437	0.381215	220	12	41	2516.71
2.879793	2.881233	-2.582574	230	54	3	2516.68
1.308997	1.766067	2.153843	39	22	232	2516.62
-3.141593	0.866395	-2.492918	33	230	8	2516.24
2.879793	1.824694	1.850876	248	229	57	2516.22
-0.261799	1.440580	2.260026	53	2	244	2516.18
-2.356194	0.618092	2.539118	218	193	239	2516.16
-0.261799	1.184361	0.625864	235	33	18	2516.12
-2.879793	2.104282	-0.813972	222	251	44	2516.10
0.261799	1.194549	-0.801900	243	232	51	2515.97
-0.261799	2.393226	1.857173	43	34	3	2515.96
-1.308997	1.510910	-0.740472	45	207	244	2515.93
2.617994	2.089241	-0.114193	21	193	226	2515.89
-1.047198	0.961715	0.014085	225	9	37	2515.84
-2.356194	0.914445	2.687814	23	51	6	2515.79
1.047198	1.025536	1.576859	56	5	217	2515.75
-1.832596	1.617114	-1.572037	220	226	205	2515.59
2.617994	0.961715	0.014085	187	5	39	2515.58
-1.047198	0.866955	-0.931351	37	197	240	2515.53
-1.308997	2.979456	-1.009304	216	1	36	2515.52
-2.094395	0.418037	1.360082	228	234	50	2515.41
2.617994	2.164094	-2.991358	219	216	34	2515.38
0.000000	1.554776	0.100351	219	240	54	2515.29
1.308997	1.683268	0.374177	220	15	217	2515.28
-2.879793	2.407836	1.410646	224	229	29	2515.16
2.617994	2.001437	0.381215	62	242	234	2515.16
-1.047198	0.418037	1.360082	232	221	50	2515.08
2.094395	0.080730	-2.622036	230	34	217	2515.06
2.617994	1.448123	-2.163292	3	208	5	2514.81
-2.879793	0.961715	0.014085	197	230	242	2514.70
-1.832596	1.948085	-2.363031	236	18	200	2514.54
-2.356194	2.033014	2.977192	60	241	3	2514.52
1.570796	2.180315	-1.357379	12	51	230	2514.50
1.832596	0.203748	0.590255	69	223	249	2514.44
-3.141593	1.242974	-2.977882	223	210	34	2514.43
-2.356194	2.033014	2.977192	60	241	4	2514.42
-1.047198	0.899350	-2.069907	10	227	48	2514.39
1.047198	1.599406	1.426070	217	239	62	2514.31
-2.094395	1.194549	-0.801900	13	44	16	2514.20
0.261799	2.138223	1.678323	41	247	11	2514.18
2.879793	1.256302	0.062705	203	1	44	2514.14
0.000000	2.379497	0.561089	34	0	239	2513.91
2.094395	2.138223	1.678323	214	224	21	2513.91
-0.261799	2.579248	-2.364801	227	32	12	2513.87
-1.047198	2.104282	-0.813972	202	23	32	2513.82
-1.832596	2.588535	-2.976617	61	15	13	2513.66
1.570796	2.724429	-0.348782	22	209	237	2513.63
2.617994	1.662363	0.915448	44	7	248	2513.59
-3.141593	1.413347	-1.339188	38	20	246	2513.52
2.879793	1.948085	-2.363031	248	214	46	2513.44
0.785398	0.914445	2.687814	56	6	23	2513.33
-1.832596	0.914445	2.687814	240	49	10	2513.20
-2.356194	2.760637	2.781135	217	9	27	2513.13
-2.356194	1.875281	0.107086	195	238	8	2513.13
-1.308997	1.242974	-2.977882	211	244	32	2513.11
2.094395	1.367556	0.358405	220	212	44	2512.81
-0.785398	2.379497	0.561089	32	228	18	2512.81
0.785398	0.850607	-1.335383	196	232	53	2512.79
-1.047198	1.391910	3.030322	16	39	234	2512.67
-1.308997	1.413430	2.550734	50	237	14	2512.60
-1.832596	1.683268	0.374177	20	223	21	2512.60
1.570796	1.374601	-2.456031	50	248	249	2512.55
0.785398	2.455966	-0.641220	11	206	16	2512.43
2.094395	1.696674	-1.253233	40	16	39	2512.37
-0.523599	1.870545	-2.976234	198	34	210	2512.27
-1.832596	1.440580	2.260026	236	179	0	2512.21
-2.356194	2.104282	-0.813972	17	213	241	2512.16
1.832596	1.998705	2.370472	201	11	8	2512.12
-2.094395	0.418037	1.360082	227	233	50	2512.05
-2.094395	1.721184	-0.153948	55	18	6	2512.04
-2.879793	1.504028	0.636812	49	229	15	2511.75
2.879793	1.195355	1.200319	51	14	39	2511.68
2.094395	1.756530	-2.105156	246	5	63	2511.66
-0.523599	1.325504	-1.671296	224	38	243	2511.65
-1.570796	1.699788	2.452890	37	14	222	2511.59
2.617994	0.866955	-0.931351	211	0	220	2511.57
-0.785398	1.699788	2.452890	219	234	42	2511.47
-0.523599	2.407836	1.410646	1	50	10	2511.44
0.261799	1.617114	-1.572037	229	41	11	2511.39
-2.879793	2.587733	0.232235	186	42	8	2511.36
-1.570796	1.247695	1.809890	47	6	28	2511.23
1.832596	2.724429	-0.348782	35	203	240	2511.07
-1.570796	2.588535	-2.976617	230	1	27	2511.03
-0.785398	1.417623	-0.202254	7	204	46	2511.02
2.879793	0.831641	0.616218	41	248	217	2511.01
2.094395	1.870545	-2.976234	230	33	45	2510.92
1.832596	1.050534	3.042579	224	243	50	2510.79
-0.785398	2.349581	-2.702517	223	39	214	2510.70
-3.141593	0.685216	-1.712745	245	224	51	2510.58
2.617994	0.571433	-1.188419	219	12	211	2510.50
-2.356194	0.733948	3.021411	211	218	39	2510.48
-2.617994	2.863997	0.549740	61	220	236	2510.47
2.356194	1.310100	1.488307	249	195	23	2510.15
0.261799	2.299159	2.264663	36	24	244	2510.13
0.261799	1.256302	0.062705	59	244	24	2509.90
-2.356194	2.164094	-2.991358	61	17	30	2509.72
1.308997	1.870545	-2.976234	35	5	231	2509.70
2.879793	0.866395	-2.492918	231	2	45	2509.68
0.785398	2.295480	1.008277	231	41	215	2509.54
0.261799	1.836682	-0.676006	237	208	31	2509.46
-0.523599	0.929350	-2.910676	209	223	227	2509.25
-1.832596	1.904882	-1.478089	232	41	44	2509.25
-0.785398	0.960688	-0.577532	0	45	236	2509.13
2.617994	0.571433	-1.188419	219	62	222	2509.12
0.000000	2.073035	2.027405	201	238	57	2508.92
0.785398	1.721184	-0.153948	238	187	232	2508.85
0.785398	2.164094	-2.991358	31	20	217	2508.74
2.094395	1.869911	2.701025	50	243	1	2508.44
-2.094395	2.478122	2.609777	220	239	32	2508.16
-1.308997	2.664082	-1.071402	21	224	50	2508.05
0.785398	2.041297	-2.664597	186	9	220	2507.72
-2.356194	1.113094	-0.272241	21	50	243	2507.60
1.832596	1.184361	0.625864	32	218	23	2507.54
0.000000	0.914445	2.687814	32	219	237	2507.51
-1.570796	0.910508	1.903534	220	251	44	2507.51
-3.141593	0.615174	-0.666022	195	4	19	2507.37
-0.523599	2.379497	0.561089	215	1	45	2507.35
-1.570796	1.948085	-2.363031	236	19	199	2506.92
1.570796	0.640596	-2.797608	204	2	238	2506.90
-2.094395	1.555207	1.708892	48	246	242	2506.78
2.094395	1.242974	-2.977882	218	25	48	2506.47
1.308997	2.587733	0.232235	46	31	11	2506.46
-1.570796	0.418037	1.360082	223	243	45	2506.40
-2.617994	0.929350	-2.910676	212	224	49	2506.35
0.785398	2.455966	-0.641220	12	206	18	2506.33
2.617994	1.846342	-1.796954	13	34	237	2506.28
1.047198	2.404280	-0.174044	223	188	240	2506.25
-3.141593	1.554776	0.100351	52	240	31	2506.22
-1.047198	2.104282	-0.813972	47	235	237	2506.14
1.570796	2.251330	-2.330739	195	220	5	2506.12
-3.141593	2.251330	-2.330739	227	41	27	2506.09
0.261799	2.379497	0.561089	207	13	211	2506.08
1.570796	1.433411	-1.035986	30	42	231	2506.06
2.879793	1.433411	-1.035986	243	205	5	2505.92
1.308997	1.982574	-1.115518	40	230	6	2505.90
-0.523599	2.299159	2.264663	6	53	4	2505.85
-1.832596	0.733948	3.021411	225	47	225	2505.81
2.094395	1.836682	-0.676006	25	44	1	2505.73
1.308997	1.045978	0.343692	45	234	17	2505.60
2.617994	2.760637	2.781135	45	245	225	2505.58
-1.832596	2.164094	-2.991358	205	211	56	2505.27
-2.617994	1.025536	1.576859	43	7	233	2505.21
-1.308997	1.599406	1.426070	234	57	239	2505.13
-1.570796	0.906588	1.252948	234	203	211	2505.10
0.000000	1.195355	1.200319	49	235	236	2504.95
1.308997	0.864993	2.278281	49	13	10	2504.93
-0.261799	0.458961	-0.107937	34	222	14	2504.91
-0.523599	1.982574	-1.115518	229	40	239	2504.87
-0.523599	1.977582	0.969896	34	232	35	2504.79
-1.308997	2.588535	-2.976617	225	250	223	2504.56
-0.785398	2.724429	-0.348782	4	200	225	2504.54
-2.879793	1.374601	-2.456031	25	40	223	2504.50
0.523599	2.455966	-0.641220	4	210	232	2504.39
-1.308997	1.195355	1.200319	204	235	201	2504.28
-2.617994	1.510910	-0.740472	193	246	231	2504.27
1.047198	2.404280	-0.174044	250	25	43	2504.24
-0.785398	2.138223	1.678323	57	231	239	2504.13
1.047198	0.674054	1.013609	59	221	1	2504.11
-3.141593	0.685216	-1.712745	247	225	51	2504.05
2.094395	2.881233	-2.582574	223	189	228	2503.85
2.356194	1.683268	0.374177	50	251	9	2503.72
-0.785398	1.699788	2.452890	223	246	43	2503.53
-0.785398	1.025536	1.576859	227	27	50	2503.43
0.785398	2.404280	-0.174044	49	35	2	2503.42
-1.308997	2.863997	0.549740	1	209	52	2503.38
0.785398	0.831641	0.616218	222	42	241	2503.36
2.356194	2.881233	-2.582574	207	201	233	2503.30
-1.308997	1.872854	1.543456	44	28	34	2503.27
0.261799	1.998705	2.370472	41	222	242	2503.18
-0.785398	1.504028	0.636812	244	236	66	2503.14
-2.356194	0.379747	-1.713059	10	18	214	2503.11
-0.785398	2.592629	0.909713	198	228	6	2503.08
-0.785398	2.379497	0.561089	31	214	41	2502.99
2.879793	1.545873	-1.877082	11	27	206	2502.99
-2.879793	2.396274	-1.959260	223	38	251	2502.86
2.879793	0.418037	1.360082	233	248	44	2502.80
-3.141593	2.138223	1.678323	217	226	34	2502.79
1.308997	0.850607	-1.335383	246	29	206	2502.69
-2.356194	0.899350	-2.069907	4	216	77	2502.68
0.261799	1.050534	3.042579	59	2	51	2502.67
-2.879793	2.153910	-1.714959	213	220	206	2502.53
2.617994	2.760637	2.781135	13	202	227	2502.50
1.832596	1.374601	-2.456031	26	210	243	2502.44
2.879793	2.153910	-1.714959	201	236	204	2502.39
-1.047198	2.295480	1.008277	208	238	231	2502.24
1.047198	0.615174	-0.666022	241	182	10	2502.10
1.047198	0.866955	-0.931351	55	10	4	2502.07
-0.523599	1.766067	2.153843	32	244	49	2502.07
0.000000	0.370812	-2.547742	207	219	16	2502.03
-0.785398	1.736875	3.023612	48	223	245	2502.02
0.785398	1.310100	1.488307	24	219	211	2502.00
-0.261799	1.683268	0.374177	224	221	219	2501.94
0.261799	1.310100	1.488307	52	232	221	2501.74
0.261799	2.251330	-2.330739	237	218	59	2501.71
0.000000	2.001437	0.381215	55	247	22	2501.69
1.308997	1.218453	2.777284	0	45	23	2501.68
-1.570796	2.579248	-2.364801	22	30	208	2501.62
0.000000	2.104282	-0.813972	59	25	225	2501.56
1.047198	1.948085	-2.363031	49	239	59	2501.54
2.356194	1.014500	0.906702	216	228	235	2501.46
-3.141593	1.450119	-2.739050	31	30	226	2501.43
2.356194	1.014500	0.906702	50	4	0	2501.13
2.356194	0.906588	1.252948	41	22	236	2501.08
2.879793	0.866395	-2.492918	231	2	44	2501.08
1.832596	1.741644	-2.695914	38	15	236	2501.07
1.047198	1.135813	-2.658866	42	229	7	2501.04
-0.523599	1.325504	-1.671296	224	38	244	2500.97
2.094395	2.343981	-1.040456	232	57	1	2500.91
1.047198	0.615174	-0.666022	235	43	27	2500.78
-1.832596	0.929350	-2.910676	217	43	248	2500.73
1.047198	0.864993	2.278281	193	229	247	2500.68
1.570796	2.138223	1.678323	46	6	41	2500.64
-2.356194	2.979456	-1.009304	19	61	240	2500.59
2.094395	1.569311	-3.003978	204	4	218	2500.57
1.047198	0.615174	-0.666022	201	20	238	2500.41
1.047198	2.356369	3.005869	40	41	4	2500.25
-2.617994	2.115563	0.685730	207	1	61	2500.02
0.000000	1.135834	-1.431087	1	236	57	2499.90
0.523599	1.872854	1.543456	219	234	64	2499.69
1.047198	1.721184	-0.153948	215	7	223	2499.49
1.570796	0.762244	-0.273349	46	5	18	2499.39
-1.832596	1.662363	0.915448	0	211	236	2499.35
1.570796	0.297065	2.160177	212	203	234	2499.33
-1.832596	1.617114	-1.572037	220	226	204	2499.02
1.570796	0.640596	-2.797608	234	215	0	2498.98
2.617994	1.554776	0.100351	42	231	30	2498.91
-3.141593	1.045978	0.343692	48	21	19	2498.87
1.570796	1.374601	-2.456031	51	247	250	2498.81
-0.785398	1.606104	-0.451151	61	222	6	2498.52
1.570796	2.455966	-0.641220	37	201	248	2498.49
1.570796	0.700570	1.559208	224	18	224	2498.39
-1.832596	1.433411	-1.035986	247	39	30	2498.33
2.356194	1.242974	-2.977882	213	9	214	2498.11
-2.094395	0.685216	-1.712745	226	16	33	2498.09
-2.356194	2.379497	0.561089	194	14	7	2498.06
-2.879793	0.290380	-0.796960	195	250	22	2497.98
-1.570796	2.295480	1.008277	194	247	15	2497.90
-3.141593	1.909857	-0.381669	231	224	59	2497.90
-1.832596	2.138223	1.678323	43	18	220	2497.61
0.261799	0.571433	-1.188419	234	38	226	2497.57
-0.261799	1.545873	-1.877082	56	248	4	2497.55
