protac_smiles_canonical,smiles_parsable,protac_name,target,target_uniprot,e3,e3_gene,e3_uniprot,cell_line_raw,cell_line_id_source,dc50_nM,pdc50,has_dc50,dmax_pct,has_dmax,derived_active,derived_active_defined,label_is_derived,doi,source_db,assay_text,treatment_time_h,comments,cell_line,depmap_id,lineage,mapping_status,has_expression
C=CC(=O)Nc1cccc(-n2c(=O)cc(C)c3cnc(Nc4ccc(N5CCN(C(=O)CCCCCCCCCCC(=O)Nc6cccc7c6C(=O)N(C6CCC(=O)NC6=O)C7=O)CC5)cc4OC)nc32)c1,True,56,,P00533,CRBN,CRBN,Q96SW2,H1975,H1975/WR,,,0,,0,,0,1,10.1016/j.ejmech.2020.112199,PROTAC-Pedia,,16.0,"Ligand IC50 is 0.26 nM (Kd), 4.0 nM (kinase activity)",NCI-H1975,ACH-000587,Lung,mapped,1.0
C=CC(=O)Nc1cccc(-n2c(=O)cc(C)c3cnc(Nc4ccc(N5CCN(C(=O)CCCCCCCCCCCNC(=O)[C@H](CC(C)C)NC(=O)[C@@H](O)[C@H](N)Cc6ccccc6)CC5)cc4OC)nc32)c1,True,57,,P00533,IAP,"BIRC2,BIRC3",P98170,H1975,H1975/WR,,,0,,0,,0,1,10.1016/j.ejmech.2020.112199,PROTAC-Pedia,,16.0,"Ligand IC50 is 0.26 nM (Kd), 4.0 nM (kinase activity)",NCI-H1975,ACH-000587,Lung,mapped,1.0
C=CC(=O)Nc1cccc(-n2c(=O)cc(C)c3cnc(Nc4ccc(N5CCN(C(=O)CCCCCCCCCCCNC(=O)c6ccc(NC(=O)[C@@H]7N[C@@H](CC(C)(C)C)[C@](C#N)(c8ccc(Cl)cc8F)[C@H]7c7cccc(Cl)c7F)c(OC)c6)CC5)cc4OC)nc32)c1,True,58,,P00533,MDM2,MDM2,Q00987,H1975,H1975/WR,264.0,6.578396073130169,1,,0,,0,1,10.1016/j.ejmech.2020.112199,PROTAC-Pedia,,16.0,"Ligand IC50 is 0.26 nM (Kd), 4.0 nM (kinase activity)",NCI-H1975,ACH-000587,Lung,mapped,1.0
C=CC(=O)Nc1cccc(-n2c(=O)cc(C)c3cnc(Nc4ccc(N5CCN(CCCCCCCCCCCCNC(=O)c6ccc(NC(=O)[C@@H]7N[C@@H](CC(C)(C)C)[C@](C#N)(c8ccc(Cl)cc8F)[C@H]7c7cccc(Cl)c7F)c(OC)c6)CC5)cc4OC)nc32)c1,True,59,,P00533,MDM2,MDM2,Q00987,H1975,H1975/WR,,,0,,0,,0,1,10.1016/j.ejmech.2020.112199,PROTAC-Pedia,,16.0,"Ligand IC50 is 0.26 nM (Kd), 4.0 nM (kinase activity)",NCI-H1975,ACH-000587,Lung,mapped,1.0
C=CC(=O)Nc1cccc(-n2c(=O)cc(C)c3cnc(Nc4ccc(N5CCN(C(=O)CCCCCCCCCCC(=O)N[C@H](C(=O)N6C[C@H](O)C[C@H]6C(=O)NCc6ccc(-c7scnc7C)cc6)C(C)(C)C)CC5)cc4OC)nc32)c1,True,60,,P00533,VHL,VHL,P40337,H1975,H1975/WR,313.0,6.504455662453552,1,,0,,0,1,10.1016/j.ejmech.2020.112199,PROTAC-Pedia,,16.0,"Ligand IC50 is 0.26 nM (Kd), 4.0 nM (kinase activity)",NCI-H1975,ACH-000587,Lung,mapped,1.0
C=CC(=O)Nc1cccc(-n2c(=O)cc(C)c3cnc(Nc4ccc(N5CCN(CCCCCCCCCCCC(=O)N[C@H](C(=O)N6C[C@H](O)C[C@H]6C(=O)NCc6ccc(-c7scnc7C)cc6)C(C)(C)C)CC5)cc4OC)nc32)c1,True,61,,P00533,VHL,VHL,P40337,H1975,H1975/WR,25.3,7.5968794788241825,1,90.0,1,1.0,1,1,10.1016/j.ejmech.2020.112199,PROTAC-Pedia,,16.0,"Ligand IC50 is 0.26 nM (Kd), 4.0 nM (kinase activity)",NCI-H1975,ACH-000587,Lung,mapped,1.0
C=CC(=O)Nc1cccc(-n2c(=O)cc(C)c3cnc(Nc4ccc(N5CCN(C(=O)CCCCCCCCCNC(=O)c6ccc(NC(=O)[C@@H]7N[C@@H](CC(C)(C)C)[C@](C#N)(c8ccc(Cl)cc8F)[C@H]7c7cccc(Cl)c7F)c(OC)c6)CC5)cc4OC)nc32)c1,True,62,,P00533,MDM2,MDM2,Q00987,H1975,H1975/WR,77.0,7.113509274827518,1,,0,,0,1,10.1016/j.ejmech.2020.112199,PROTAC-Pedia,,16.0,"Ligand IC50 is 0.26 nM (Kd), 4.0 nM (kinase activity)",NCI-H1975,ACH-000587,Lung,mapped,1.0
C=CC(=O)Nc1cccc(-n2c(=O)cc(C)c3cnc(Nc4ccc(N5CCN(C(=O)CCCCCCCNC(=O)c6ccc(NC(=O)[C@@H]7N[C@@H](CC(C)(C)C)[C@](C#N)(c8ccc(Cl)cc8F)[C@H]7c7cccc(Cl)c7F)c(OC)c6)CC5)cc4OC)nc32)c1,True,63,,P00533,MDM2,MDM2,Q00987,H1975,H1975/WR,,,0,,0,,0,1,10.1016/j.ejmech.2020.112199,PROTAC-Pedia,,16.0,"Ligand IC50 is 0.26 nM (Kd), 4.0 nM (kinase activity)",NCI-H1975,ACH-000587,Lung,mapped,1.0
C=CC(=O)Nc1cccc(-n2c(=O)cc(C)c3cnc(Nc4ccc(N5CCN(C(=O)CCCCCNC(=O)c6ccc(NC(=O)[C@@H]7N[C@@H](CC(C)(C)C)[C@](C#N)(c8ccc(Cl)cc8F)[C@H]7c7cccc(Cl)c7F)c(OC)c6)CC5)cc4OC)nc32)c1,True,64,,P00533,MDM2,MDM2,Q00987,H1975,H1975/WR,,,0,,0,,0,1,10.1016/j.ejmech.2020.112199,PROTAC-Pedia,,16.0,"Ligand IC50 is 0.26 nM (Kd), 4.0 nM (kinase activity)",NCI-H1975,ACH-000587,Lung,mapped,1.0
C=CC(=O)Nc1cccc(-n2c(=O)cc(C)c3cnc(Nc4ccc(N5CCN(C(=O)CCCCCCCCC(=O)N[C@H](C(=O)N6C[C@H](O)C[C@H]6C(=O)NCc6ccc(-c7scnc7C)cc6)C(C)(C)C)CC5)cc4OC)nc32)c1,True,65,,P00533,VHL,VHL,P40337,H1975,H1975/WR,69.0,7.161150909262744,1,,0,,0,1,10.1016/j.ejmech.2020.112199,PROTAC-Pedia,,16.0,"Ligand IC50 is 0.26 nM (Kd), 4.0 nM (kinase activity)",NCI-H1975,ACH-000587,Lung,mapped,1.0
C=CC(=O)Nc1cccc(-n2c(=O)cc(C)c3cnc(Nc4ccc(N5CCN(C(=O)CCCCCCC(=O)N[C@H](C(=O)N6C[C@H](O)C[C@H]6C(=O)NCc6ccc(-c7scnc7C)cc6)C(C)(C)C)CC5)cc4OC)nc32)c1,True,66,,P00533,VHL,VHL,P40337,H1975,H1975/WR,235.0,6.628932137728263,1,,0,,0,1,10.1016/j.ejmech.2020.112199,PROTAC-Pedia,,16.0,"Ligand IC50 is 0.26 nM (Kd), 4.0 nM (kinase activity)",NCI-H1975,ACH-000587,Lung,mapped,1.0
C=CC(=O)Nc1cccc(-n2c(=O)cc(C)c3cnc(Nc4ccc(N5CCN(C(=O)CCCCC(=O)N[C@H](C(=O)N6C[C@H](O)C[C@H]6C(=O)NCc6ccc(-c7scnc7C)cc6)C(C)(C)C)CC5)cc4OC)nc32)c1,True,67,,P00533,VHL,VHL,P40337,H1975,H1975/WR,,,0,,0,,0,1,10.1016/j.ejmech.2020.112199,PROTAC-Pedia,,16.0,"Ligand IC50 is 0.26 nM (Kd), 4.0 nM (kinase activity)",NCI-H1975,ACH-000587,Lung,mapped,1.0
C=CC(=O)Nc1cccc(-n2c(=O)cc(C)c3cnc(Nc4ccc(N5CCN(CCCCCCCCCC(=O)N[C@H](C(=O)N6C[C@H](O)C[C@H]6C(=O)NCc6ccc(-c7scnc7C)cc6)C(C)(C)C)CC5)cc4OC)nc32)c1,True,68,,P00533,VHL,VHL,P40337,H1975,H1975/WR,132.0,6.87942606879415,1,,0,,0,1,10.1016/j.ejmech.2020.112199,PROTAC-Pedia,,16.0,"Ligand IC50 is 0.26 nM (Kd), 4.0 nM (kinase activity)",NCI-H1975,ACH-000587,Lung,mapped,1.0
C=CC(=O)Nc1cccc(-n2c(=O)cc(C)c3cnc(Nc4ccc(N5CCN(CCCCCCCC(=O)N[C@H](C(=O)N6C[C@H](O)C[C@H]6C(=O)NCc6ccc(-c7scnc7C)cc6)C(C)(C)C)CC5)cc4OC)nc32)c1,True,69,,P00533,VHL,VHL,P40337,H1975,H1975/WR,466.0,6.33161408331,1,,0,,0,1,10.1016/j.ejmech.2020.112199,PROTAC-Pedia,,16.0,"Ligand IC50 is 0.26 nM (Kd), 4.0 nM (kinase activity)",NCI-H1975,ACH-000587,Lung,mapped,1.0
C=CC(=O)Nc1cccc(-n2c(=O)cc(C)c3cnc(Nc4ccc(N5CCN(CCCCCC(=O)N[C@H](C(=O)N6C[C@H](O)C[C@H]6C(=O)NCc6ccc(-c7scnc7C)cc6)C(C)(C)C)CC5)cc4OC)nc32)c1,True,70,,P00533,VHL,VHL,P40337,H1975,H1975/WR,5.9,8.229147988357855,1,100.0,1,1.0,1,1,10.1016/j.ejmech.2020.112199,PROTAC-Pedia,,16.0,"Ligand IC50 is 0.26 nM (Kd), 4.0 nM (kinase activity). EC50 of PROTAC was measured in H1975 cell line",NCI-H1975,ACH-000587,Lung,mapped,1.0
C=CC(=O)Nc1cccc(-n2c(=O)cc(C)c3cnc(Nc4ccc(N5CCN(CCCC(=O)N[C@H](C(=O)N6C[C@H](O)C[C@H]6C(=O)NCc6ccc(-c7scnc7C)cc6)C(C)(C)C)CC5)cc4OC)nc32)c1,True,71,,P00533,VHL,VHL,P40337,H1975,H1975/WR,,,0,,0,,0,1,10.1016/j.ejmech.2020.112199,PROTAC-Pedia,,16.0,"Ligand IC50 is 0.26 nM (Kd), 4.0 nM (kinase activity)",NCI-H1975,ACH-000587,Lung,mapped,1.0
COc1cc2c(OC[C@@H]3CCC(=O)N3)ncc(C#CCOCCOCCOCCC(=O)N[C@H](C(=O)N3C[C@H](O)C[C@H]3C(=O)NCc3ccc(-c4scnc4C)cc3)C(C)(C)C)c2cc1C(N)=O,True,72,,Q9NWZ3,VHL,VHL,P40337,PBMCs,PH1-PBMCs-hiPSC4F1,,,0,,0,,0,1,10.1021/acsmedchemlett.9b00219,PROTAC-Pedia,,24.0,,PBMCs,,,unmapped,0.0
COc1cc2c(OC[C@@H]3CCC(=O)N3)ncc(C#CCCCCCCCCCCC(=O)N[C@H](C(=O)N3C[C@H](O)C[C@H]3C(=O)NCc3ccc(-c4scnc4C)cc3)C(C)(C)C)c2cc1C(N)=O,True,73,,Q9NWZ3,VHL,VHL,P40337,PBMCs,PH1-PBMCs-hiPSC4F1,3000.0,5.522878745280337,1,50.0,1,0.0,1,1,10.1021/acsmedchemlett.9b00219,PROTAC-Pedia,,24.0,,PBMCs,,,unmapped,0.0
COc1cc2c(OC[C@@H]3CCC(=O)N3)ncc(C#CCOCCOCCOCCOc3cccc4c3C(=O)N(C3CCC(=O)NC3=O)C4=O)c2cc1C(N)=O,True,74,,Q9NWZ3,CRBN,CRBN,Q96SW2,PBMCs,PH1-PBMCs-hiPSC4F1,,,0,,0,,0,1,10.1021/acsmedchemlett.9b00219,PROTAC-Pedia,,24.0,,PBMCs,,,unmapped,0.0
COc1cc2c(OC[C@@H]3CCC(=O)N3)ncc(C#CCCCCCCCCCCOc3cccc4c3C(=O)N(C3CCC(=O)NC3=O)C4=O)c2cc1C(N)=O,True,75,,Q9NWZ3,CRBN,CRBN,Q96SW2,PBMCs,PH1-PBMCs-hiPSC4F1,,,0,,0,,0,1,10.1021/acsmedchemlett.9b00219,PROTAC-Pedia,,24.0,,PBMCs,,,unmapped,0.0
CN[C@@H](C)C(=O)N[C@H](C(=O)N1C[C@@H](NC(=O)CCOCCOCCOCC#Cc2cnc(OC[C@@H]3CCC(=O)N3)c3cc(OC)c(C(N)=O)cc23)C[C@H]1C(=O)N[C@@H]1CCCc2ccccc21)C1CCCCC1,True,76,,Q9NWZ3,IAP,"BIRC2,BIRC3",P98170,PBMCs,PH1-PBMCs-hiPSC4F1,,,0,,0,,0,1,10.1021/acsmedchemlett.9b00219,PROTAC-Pedia,,24.0,,PBMCs,,,unmapped,0.0
CN[C@@H](C)C(=O)N[C@H](C(=O)N1C[C@@H](NC(=O)CCCCCCCCCCC#Cc2cnc(OC[C@@H]3CCC(=O)N3)c3cc(OC)c(C(N)=O)cc23)C[C@H]1C(=O)N[C@@H]1CCCc2ccccc21)C1CCCCC1,True,77,,Q9NWZ3,IAP,"BIRC2,BIRC3",P98170,PBMCs,PH1-PBMCs-hiPSC4F1,,,0,,0,,0,1,10.1021/acsmedchemlett.9b00219,PROTAC-Pedia,,24.0,,PBMCs,,,unmapped,0.0
COc1cc2c(OC[C@@H]3CCC(=O)N3)ncc(C#CCCC(=O)N[C@H](C(=O)N3C[C@H](O)C[C@H]3C(=O)NCc3ccc(-c4scnc4C)cc3)C(C)(C)C)c2cc1C(N)=O,True,78,,Q9NWZ3,VHL,VHL,P40337,THP-1,THP-1,,,0,,0,,0,1,10.1021/acsmedchemlett.9b00219,PROTAC-Pedia,,24.0,,THP-1,ACH-000146,Myeloid,mapped,1.0
COc1cc2c(OC[C@@H]3CCC(=O)N3)ncc(C#CCCCC(=O)N[C@H](C(=O)N3C[C@H](O)C[C@H]3C(=O)NCc3ccc(-c4scnc4C)cc3)C(C)(C)C)c2cc1C(N)=O,True,79,,Q9NWZ3,VHL,VHL,P40337,THP-1,THP-1,,,0,,0,,0,1,10.1021/acsmedchemlett.9b00219,PROTAC-Pedia,,24.0,,THP-1,ACH-000146,Myeloid,mapped,1.0
CC[C@@H]1[C@H](F)C(=O)N[C@@H]1COc1ncc(C#CCCCCCCCCCCC(=O)N[C@H](C(=O)N2C[C@H](O)C[C@H]2C(=O)NCc2ccc(-c3scnc3C)cc2)C(C)(C)C)c2cc(C(N)=O)c(OC)cc12,True,80,,Q9NWZ3,VHL,VHL,P40337,PBMCs,PH1-PBMCs-hiPSC4F1,259.0,6.586700235918748,1,90.0,1,1.0,1,1,10.1021/acsmedchemlett.9b00219,PROTAC-Pedia,,24.0,,PBMCs,,,unmapped,0.0
CC[C@@H]1[C@H](F)C(=O)N[C@@H]1COc1ncc(C#CCN2CCC3(CC2)CCN(c2ncc(C(=O)N[C@H](C(=O)N4C[C@H](O)C[C@H]4C(=O)NCc4ccc(-c5scnc5C)cc4)C(C)(C)C)cn2)CC3)c2cc(C(N)=O)c(OC)cc12,True,81,,Q9NWZ3,VHL,VHL,P40337,PBMCs,PH1-PBMCs-hiPSC4F1,151.0,6.82102305270683,1,90.0,1,1.0,1,1,10.1021/acsmedchemlett.9b00219,PROTAC-Pedia,,24.0,,PBMCs,,,unmapped,0.0
Cc1nc(Nc2ncc(C(=O)Nc3c(C)cccc3Cl)s2)cc(N2CCN(CCCCCCOCCOCCOCCCCCC(=O)N[C@H](C(=O)N3C[C@H](O)C[C@H]3C(=O)NCc3ccc(-c4scnc4C)cc3)C(C)(C)C)CC2)n1,True,82,,P00519,VHL,VHL,P40337,K562,EGFP-K562,,,0,,0,,0,1,10.1021/acs.jmedchem.9b01264,PROTAC-Pedia,,24.0,,K-562,ACH-000551,Myeloid,mapped,1.0
Cc1nc(Nc2ncc(C(=O)Nc3c(C)cccc3Cl)s2)cc(N2CCN(C(=O)CCCCCOCCOCCOCCCCCC(=O)N[C@H](C(=O)N3C[C@H](O)C[C@H]3C(=O)NCc3ccc(-c4scnc4C)cc3)C(C)(C)C)CC2)n1,True,83,,P00519,VHL,VHL,P40337,K562,EGFP-K562,,,0,,0,,0,1,10.1021/acs.jmedchem.9b01264,PROTAC-Pedia,,24.0,,K-562,ACH-000551,Myeloid,mapped,1.0
Cc1nc(Nc2ncc(C(=O)Nc3c(C)cccc3Cl)s2)cc(N2CCN(C(=O)CCOCCOCCOCCOCCOCCC(=O)N[C@H](C(=O)N3C[C@H](O)C[C@H]3C(=O)NCc3ccc(-c4scnc4C)cc3)C(C)(C)C)CC2)n1,True,84,,P00519,VHL,VHL,P40337,K562,EGFP-K562,,,0,,0,,0,1,10.1021/acs.jmedchem.9b01264,PROTAC-Pedia,,24.0,,K-562,ACH-000551,Myeloid,mapped,1.0
Cc1nc(Nc2ncc(C(=O)Nc3c(C)cccc3Cl)s2)cc(N2CCN(C(=O)CCOCCOCCOCCOCCC(=O)N[C@H](C(=O)N3C[C@H](O)C[C@H]3C(=O)NCc3ccc(-c4scnc4C)cc3)C(C)(C)C)CC2)n1,True,85,,P00519,VHL,VHL,P40337,K562,EGFP-K562,,,0,,0,,0,1,10.1021/acs.jmedchem.9b01264,PROTAC-Pedia,,24.0,,K-562,ACH-000551,Myeloid,mapped,1.0
Cc1nc(Nc2ncc(C(=O)Nc3c(C)cccc3Cl)s2)cc(N2CCN(C(=O)CCOCCOCCOCCC(=O)N[C@H](C(=O)N3C[C@H](O)C[C@H]3C(=O)NCc3ccc(-c4scnc4C)cc3)C(C)(C)C)CC2)n1,True,86,,P00519,VHL,VHL,P40337,K562,EGFP-K562,,,0,,0,,0,1,10.1021/acs.jmedchem.9b01264,PROTAC-Pedia,,24.0,,K-562,ACH-000551,Myeloid,mapped,1.0
Cc1nc(Nc2ncc(C(=O)Nc3c(C)cccc3Cl)s2)cc(N2CCN(C(=O)CCOCCOCCC(=O)N[C@H](C(=O)N3C[C@H](O)C[C@H]3C(=O)NCc3ccc(-c4scnc4C)cc3)C(C)(C)C)CC2)n1,True,87,,P00519,VHL,VHL,P40337,K562,EGFP-K562,,,0,,0,,0,1,10.1021/acs.jmedchem.9b01264,PROTAC-Pedia,,24.0,,K-562,ACH-000551,Myeloid,mapped,1.0
Cc1nc(Nc2ncc(C(=O)Nc3c(C)cccc3Cl)s2)cc(N2CCN(C(=O)COCCOCC(=O)N[C@H](C(=O)N3C[C@H](O)C[C@H]3C(=O)NCc3ccc(-c4scnc4C)cc3)C(C)(C)C)CC2)n1,True,88,,P00519,VHL,VHL,P40337,K562,EGFP-K562,,,0,,0,,0,1,10.1021/acs.jmedchem.9b01264,PROTAC-Pedia,,24.0,,K-562,ACH-000551,Myeloid,mapped,1.0
Cc1nc(Nc2ncc(C(=O)Nc3c(C)cccc3Cl)s2)cc(N2CCN(C(=O)CCCCCCCCCCCCCCC(=O)N[C@H](C(=O)N3C[C@H](O)C[C@H]3C(=O)NCc3ccc(-c4scnc4C)cc3)C(C)(C)C)CC2)n1,True,89,,P00519,VHL,VHL,P40337,K562,EGFP-K562,,,0,,0,,0,1,10.1021/acs.jmedchem.9b01264,PROTAC-Pedia,,24.0,,K-562,ACH-000551,Myeloid,mapped,1.0
Cc1nc(Nc2ncc(C(=O)Nc3c(C)cccc3Cl)s2)cc(N2CCN(C(=O)CCCCCCCCCCCCC(=O)N[C@H](C(=O)N3C[C@H](O)C[C@H]3C(=O)NCc3ccc(-c4scnc4C)cc3)C(C)(C)C)CC2)n1,True,90,,P00519,VHL,VHL,P40337,K562,EGFP-K562,,,0,,0,,0,1,10.1021/acs.jmedchem.9b01264,PROTAC-Pedia,,24.0,,K-562,ACH-000551,Myeloid,mapped,1.0
Cc1nc(Nc2ncc(C(=O)Nc3c(C)cccc3Cl)s2)cc(N2CCN(C(=O)CCCCCCCCC(=O)N[C@H](C(=O)N3C[C@H](O)C[C@H]3C(=O)NCc3ccc(-c4scnc4C)cc3)C(C)(C)C)CC2)n1,True,91,,P00519,VHL,VHL,P40337,K562,EGFP-K562,10.1,7.995678626217358,1,,0,,0,1,10.1021/acs.jmedchem.9b01264,PROTAC-Pedia,,24.0,,K-562,ACH-000551,Myeloid,mapped,1.0
Cc1nc(Nc2ncc(C(=O)Nc3c(C)cccc3Cl)s2)cc(N2CCN(C(=O)CCCCCCCC(=O)N[C@H](C(=O)N3C[C@H](O)C[C@H]3C(=O)NCc3ccc(-c4scnc4C)cc3)C(C)(C)C)CC2)n1,True,92,,P00519,VHL,VHL,P40337,K562,EGFP-K562,37.9,7.421360790031928,1,,0,,0,1,10.1021/acs.jmedchem.9b01264,PROTAC-Pedia,,24.0,,K-562,ACH-000551,Myeloid,mapped,1.0
Cc1nc(Nc2ncc(C(=O)Nc3c(C)cccc3Cl)s2)cc(N2CCN(C(=O)CCCCCCC(=O)N[C@H](C(=O)N3C[C@H](O)C[C@H]3C(=O)NCc3ccc(-c4scnc4C)cc3)C(C)(C)C)CC2)n1,True,93,,P00519,VHL,VHL,P40337,K562,EGFP-K562,8.5,8.070581074285707,1,,0,,0,1,10.1021/acs.jmedchem.9b01264,PROTAC-Pedia,,24.0,,K-562,ACH-000551,Myeloid,mapped,1.0
Cc1nc(Nc2ncc(C(=O)Nc3c(C)cccc3Cl)s2)cc(N2CCN(C(=O)CCCCCC(=O)N[C@H](C(=O)N3C[C@H](O)C[C@H]3C(=O)NCc3ccc(-c4scnc4C)cc3)C(C)(C)C)CC2)n1,True,94,,P00519,VHL,VHL,P40337,K562,EGFP-K562,17.9,7.747146969020107,1,,0,,0,1,10.1021/acs.jmedchem.9b01264,PROTAC-Pedia,,24.0,,K-562,ACH-000551,Myeloid,mapped,1.0
Cc1nc(Nc2ncc(C(=O)Nc3c(C)cccc3Cl)s2)cc(N2CCN(C(=O)CCCCC(=O)N[C@H](C(=O)N3C[C@H](O)C[C@H]3C(=O)NCc3ccc(-c4scnc4C)cc3)C(C)(C)C)CC2)n1,True,95,,P00519,VHL,VHL,P40337,K562,EGFP-K562,34.7,7.459670525209126,1,,0,,0,1,10.1021/acs.jmedchem.9b01264,PROTAC-Pedia,,24.0,,K-562,ACH-000551,Myeloid,mapped,1.0
Cc1nc(Nc2ncc(C(=O)Nc3c(C)cccc3Cl)s2)cc(N2CCN(C(=O)CCCC(=O)N[C@H](C(=O)N3C[C@H](O)C[C@H]3C(=O)NCc3ccc(-c4scnc4C)cc3)C(C)(C)C)CC2)n1,True,96,,P00519,VHL,VHL,P40337,K562,EGFP-K562,40.2,7.39577394691553,1,,0,,0,1,10.1021/acs.jmedchem.9b01264,PROTAC-Pedia,,24.0,,K-562,ACH-000551,Myeloid,mapped,1.0
Cc1nc(Nc2ncc(C(=O)Nc3c(C)cccc3Cl)s2)cc(N2CCN(C(=O)CCC(=O)N[C@H](C(=O)N3C[C@H](O)C[C@H]3C(=O)NCc3ccc(-c4scnc4C)cc3)C(C)(C)C)CC2)n1,True,97,,P00519,VHL,VHL,P40337,K562,EGFP-K562,611.0,6.213958789757446,1,,0,,0,1,10.1021/acs.jmedchem.9b01264,PROTAC-Pedia,,24.0,,K-562,ACH-000551,Myeloid,mapped,1.0
Cc1nc(Nc2ncc(C(=O)Nc3c(C)cccc3Cl)s2)cc(N2CCN(C(=O)CCCc3cn(CCCC(=O)N[C@H](C(=O)N4C[C@H](O)C[C@H]4C(=O)NCc4ccc(-c5scnc5C)cc4)C(C)(C)C)nn3)CC2)n1,True,98,,P00519,VHL,VHL,P40337,K562,EGFP-K562,,,0,,0,,0,1,10.1021/acs.jmedchem.9b01264,PROTAC-Pedia,,24.0,,K-562,ACH-000551,Myeloid,mapped,1.0
Cc1nc(Nc2ncc(C(=O)Nc3c(C)cccc3Cl)s2)cc(N2CCN(C(=O)CNC(=O)CCCC(=O)N[C@H](C(=O)N3C[C@H](O)C[C@H]3C(=O)NCc3ccc(-c4scnc4C)cc3)C(C)(C)C)CC2)n1,True,99,,P00519,VHL,VHL,P40337,K562,EGFP-K562,,,0,,0,,0,1,10.1021/acs.jmedchem.9b01264,PROTAC-Pedia,,24.0,,K-562,ACH-000551,Myeloid,mapped,1.0
Cc1nc(Nc2ncc(C(=O)Nc3c(C)cccc3Cl)s2)cc(N2CCN(C(=O)CCCCNC(=O)CCCCCCCCC(=O)N[C@H](C(=O)N3C[C@H](O)C[C@H]3C(=O)NCc3ccc(-c4scnc4C)cc3)C(C)(C)C)CC2)n1,True,100,,P00519,VHL,VHL,P40337,K562,EGFP-K562,,,0,,0,,0,1,10.1021/acs.jmedchem.9b01264,PROTAC-Pedia,,24.0,,K-562,ACH-000551,Myeloid,mapped,1.0
Cc1nc(Nc2ncc(C(=O)Nc3c(C)cccc3Cl)s2)cc(N2CCN(CCCCCNC(=O)CCCCCCCCC(=O)N[C@H](C(=O)N3C[C@H](O)C[C@H]3C(=O)NCc3ccc(-c4scnc4C)cc3)C(C)(C)C)CC2)n1,True,101,,P00519,VHL,VHL,P40337,K562,EGFP-K562,,,0,,0,,0,1,10.1021/acs.jmedchem.9b01264,PROTAC-Pedia,,24.0,,K-562,ACH-000551,Myeloid,mapped,1.0
COc1cc(/C=C2\SC(=O)N(Cc3cn(CCCNC(=O)[C@@H](N)CCCNC(=N)N)nn3)C2=O)ccc1Oc1ccc(C#N)cc1C(F)(F)F,True,102,,P11474,UBR1,UBR1,Q8IWV7,MCF-7,MCF-7,5000.0,5.301029995663981,1,90.0,1,0.0,1,1,10.1074/jbc.AC119.010790,PROTAC-Pedia,,48.0,,MCF7,ACH-000019,Breast,mapped,1.0
COc1cc(/C=C2\SC(=O)N(Cc3cn(CCCNC(=O)[C@@H](N)Cc4c[nH]cn4)nn3)C2=O)ccc1Oc1ccc(C#N)cc1C(F)(F)F,True,103,,P11474,UBR1,UBR1,Q8IWV7,MCF-7,MCF-7,500.0,6.301029995663981,1,90.0,1,1.0,1,1,10.1074/jbc.AC119.010790,PROTAC-Pedia,,48.0,,MCF7,ACH-000019,Breast,mapped,1.0
CC[C@H](C)[C@H](N)c1cn([C@@H](Cc2ccc(O)cc2)C(=O)N2CCN(c3nc(NCCOCCOCCOCc4cn(CCOCCOCCOCCOCCOCCNC(=O)CN5CCN(C(=O)N6C(c7ccc(OC)cc7OC(C)C)=N[C@@H](c7ccc(Cl)cc7)[C@H]6c6ccc(Cl)cc6)CC5=O)nn4)nc(N4CCN(C(=O)[C@H](Cc5ccc(O)cc5)n5cc([C@@H](N)[C@@H](C)CC)nn5)CC4)n3)CC2)nn1,True,104,,Q16288,MDM2,MDM2,Q00987,Hs578t,Hs578T-Dox,10000.0,5.0,1,,0,0.0,1,1,10.1021/acs.molpharmaceut.9b00673,PROTAC-Pedia,,24.0,,Hs 578T,ACH-000148,Breast,mapped,1.0
CC[C@H](C)[C@H](N)c1cn([C@@H](Cc2ccc(O)cc2)C(=O)N2CCN(c3nc(NCCOCCOCCOCc4cn(CCCCCC(=O)Nc5cccc6c5C(=O)N(C5CCC(=O)NC5=O)C6=O)nn4)nc(N4CCN(C(=O)[C@H](Cc5ccc(O)cc5)n5cc([C@@H](N)[C@@H](C)CC)nn5)CC4)n3)CC2)nn1,True,105,,Q16288,CRBN,CRBN,Q96SW2,Hs578t,Hs578T-Dox,1000.0,6.0,1,100.0,1,1.0,1,1,10.1021/acs.molpharmaceut.9b00673,PROTAC-Pedia,,24.0,DC50 is between 0.1uM-1uM,Hs 578T,ACH-000148,Breast,mapped,1.0
CN[C@@H](C)C(=O)N[C@H](C(=O)N1C[C@@H](NC(=O)CCCCCCCCCn2cc(Nc3ncc(Cl)c(NCc4cc(F)ccc4F)n3)cn2)C[C@H]1C(=O)N[C@@H]1CCCc2ccccc21)C1CCCCC1,True,112,,O60674,IAP,"BIRC2,BIRC3",P98170,THP,THP-1,2500.0,5.6020599913279625,1,60.0,1,0.0,1,1,10.1016/j.bmc.2020.115326,PROTAC-Pedia,,24.0,Structutre with ligand is modeled in the paper.,THP-1,ACH-000146,Myeloid,mapped,1.0
Cc1ncsc1-c1ccc(CNC(=O)[C@H]2C[C@H](O)CN2C(=O)[C@H](NC(=O)CCCCCCCCCn2cc(Nc3ncc(Cl)c(NCc4cc(F)ccc4F)n3)cn2)C(C)(C)C)cc1,True,113,,O60674,VHL,VHL,P40337,THP,THP-1,,,0,,0,,0,1,10.1016/j.bmc.2020.115326,PROTAC-Pedia,,24.0,Structutre with ligand is modeled in the paper.,THP-1,ACH-000146,Myeloid,mapped,1.0
O=C1CCC(N2Cc3c(NC(=O)CCCCCCCCCn4cc(Nc5ncc(Cl)c(NCc6cc(F)ccc6F)n5)cn4)cccc3C2=O)C(=O)N1,True,114,,O60674,CRBN,CRBN,Q96SW2,THP,THP-1,,,0,,0,,0,1,10.1016/j.bmc.2020.115326,PROTAC-Pedia,,24.0,Structutre with ligand is modeled in the paper.,THP-1,ACH-000146,Myeloid,mapped,1.0
CN[C@@H](C)C(=O)N[C@H](C(=O)N1C[C@@H](NC(=O)COCCOCCOCCOCCn2cc(Nc3ncc(Cl)c(NCc4cc(F)ccc4F)n3)cn2)C[C@H]1C(=O)N[C@@H]1CCCc2ccccc21)C1CCCCC1,True,115,,O60674,IAP,"BIRC2,BIRC3",P98170,THP,THP-1,5000.0,5.301029995663981,1,30.0,1,0.0,1,1,10.1016/j.bmc.2020.115326,PROTAC-Pedia,,24.0,Structutre with ligand is modeled in the paper.,THP-1,ACH-000146,Myeloid,mapped,1.0
Cc1ncsc1-c1ccc(CNC(=O)[C@@H]2C[C@@H](O)CN2C(=O)[C@@H](NC(=O)COCCOCCOCCOCCn2cc(Nc3ncc(Cl)c(NCc4cc(F)ccc4F)n3)cn2)C(C)(C)C)cc1,True,116,,O60674,VHL,VHL,P40337,THP,THP-1,,,0,,0,,0,1,10.1016/j.bmc.2020.115326,PROTAC-Pedia,,24.0,Structutre with ligand is modeled in the paper.,THP-1,ACH-000146,Myeloid,mapped,1.0
O=C1CCC(N2Cc3c(NC(=O)COCCOCCOCCOCCn4cc(Nc5ncc(Cl)c(NCc6cc(F)ccc6F)n5)cn4)cccc3C2=O)C(=O)N1,True,117,,O60674,CRBN,CRBN,Q96SW2,THP,THP-1,,,0,,0,,0,1,10.1016/j.bmc.2020.115326,PROTAC-Pedia,,24.0,Structutre with ligand is modeled in the paper.,THP-1,ACH-000146,Myeloid,mapped,1.0
CN[C@@H](C)C(=O)N[C@H](C(=O)N1C[C@@H](NC(=O)CCCCCCCCCOc2cc(F)cc(CNc3nc(Nc4cnn(C)c4)ncc3Cl)c2F)C[C@H]1C(=O)N[C@@H]1CCCc2ccccc21)C1CCCCC1,True,118,,O60674,IAP,"BIRC2,BIRC3",P98170,THP,THP-1,5000.0,5.301029995663981,1,50.0,1,0.0,1,1,10.1016/j.bmc.2020.115326,PROTAC-Pedia,,24.0,Structutre with ligand is modeled in the paper.,THP-1,ACH-000146,Myeloid,mapped,1.0
Cc1ncsc1-c1ccc(CNC(=O)[C@H]2C[C@H](O)CN2C(=O)[C@H](NC(=O)CCCCCCCCCOc2cc(F)cc(CNc3nc(Nc4cnn(C)c4)ncc3Cl)c2F)C(C)(C)C)cc1,True,119,,O60674,VHL,VHL,P40337,THP,THP-1,,,0,,0,,0,1,10.1016/j.bmc.2020.115326,PROTAC-Pedia,,24.0,Structutre with ligand is modeled in the paper.,THP-1,ACH-000146,Myeloid,mapped,1.0
Cn1cc(Nc2ncc(Cl)c(NCc3cc(F)cc(OCCCCCCCCCC(=O)Nc4cccc5c4CN(C4CCC(=O)NC4=O)C5=O)c3F)n2)cn1,True,120,,O60674,CRBN,CRBN,Q96SW2,THP,THP-1,,,0,,0,,0,1,10.1016/j.bmc.2020.115326,PROTAC-Pedia,,24.0,Structutre with ligand is modeled in the paper.,THP-1,ACH-000146,Myeloid,mapped,1.0
CN[C@@H](C)C(=O)N[C@H](C(=O)N1C[C@@H](NC(=O)COCCOCCOCCOCCOc2cc(F)cc(CNc3nc(Nc4cnn(C)c4)ncc3Cl)c2F)C[C@H]1C(=O)N[C@@H]1CCCc2ccccc21)C1CCCCC1,True,121,,O60674,IAP,"BIRC2,BIRC3",P98170,THP,THP-1,5000.0,5.301029995663981,1,60.0,1,0.0,1,1,10.1016/j.bmc.2020.115326,PROTAC-Pedia,,24.0,Structutre with ligand is modeled in the paper.,THP-1,ACH-000146,Myeloid,mapped,1.0
Cc1ncsc1-c1ccc(CNC(=O)[C@@H]2C[C@@H](O)CN2C(=O)[C@@H](NC(=O)COCCOCCOCCOCCOc2cc(F)cc(CNc3nc(Nc4cnn(C)c4)ncc3Cl)c2F)C(C)(C)C)cc1,True,122,,O60674,VHL,VHL,P40337,THP,THP-1,,,0,,0,,0,1,10.1016/j.bmc.2020.115326,PROTAC-Pedia,,24.0,Structutre with ligand is modeled in the paper.,THP-1,ACH-000146,Myeloid,mapped,1.0
Cn1cc(Nc2ncc(Cl)c(NCc3cc(F)cc(OCCOCCOCCOCCOCC(=O)Nc4cccc5c4CN(C4CCC(=O)NC4=O)C5=O)c3F)n2)cn1,True,123,,O60674,CRBN,CRBN,Q96SW2,THP,THP-1,,,0,,0,,0,1,10.1016/j.bmc.2020.115326,PROTAC-Pedia,,24.0,Structutre with ligand is modeled in the paper.,THP-1,ACH-000146,Myeloid,mapped,1.0
CN[C@@H](C)C(=O)N[C@H](C(=O)N1C[C@@H](NC(=O)COCCOCCOCCOCCOCCOCCOc2cc(F)cc(CNc3nc(Nc4cnn(C)c4)ncc3Cl)c2F)C[C@H]1C(=O)N[C@@H]1CCCc2ccccc21)C1CCCCC1,True,124,,O60674,IAP,"BIRC2,BIRC3",P98170,THP,THP-1,,,0,,0,,0,1,10.1016/j.bmc.2020.115326,PROTAC-Pedia,,24.0,Structutre with ligand is modeled in the paper. IC50 of PROTAC is between 10nM-50nM.,THP-1,ACH-000146,Myeloid,mapped,1.0
Cc1ncsc1-c1ccc(CNC(=O)[C@@H]2C[C@@H](O)CN2C(=O)[C@@H](NC(=O)COCCOCCOCCOCCOCCOCCOc2cc(F)cc(CNc3nc(Nc4cnn(C)c4)ncc3Cl)c2F)C(C)(C)C)cc1,True,125,,O60674,VHL,VHL,P40337,THP,THP-1,,,0,,0,,0,1,10.1016/j.bmc.2020.115326,PROTAC-Pedia,,24.0,Structutre with ligand is modeled in the paper. IC50 of PROTAC is between 10nM-50nM.,THP-1,ACH-000146,Myeloid,mapped,1.0
Cn1cc(Nc2ncc(Cl)c(NCc3cc(F)cc(OCCOCCOCCOCCOCCOCCOCC(=O)Nc4cccc5c4CN(C4CCC(=O)NC4=O)C5=O)c3F)n2)cn1,True,126,,O60674,CRBN,CRBN,Q96SW2,THP,THP-1,,,0,,0,,0,1,10.1016/j.bmc.2020.115326,PROTAC-Pedia,,24.0,Structutre with ligand is modeled in the paper.,THP-1,ACH-000146,Myeloid,mapped,1.0
CN[C@@H](C)C(=O)N[C@H](C(=O)N1C[C@@H](NC(=O)CCCCCCCCCN2CCN(CCCOc3ccc(-c4cnc5cccc(-c6cc(F)c(CN7CCS(=O)(=O)CC7)c(F)c6)c5n4)cc3OC)CC2)C[C@H]1C(=O)N[C@@H]1CCCc2ccccc21)C1CCCCC1,True,127,,O60674,IAP,"BIRC2,BIRC3",P98170,THP,THP-1,2000.0,5.698970004336019,1,50.0,1,0.0,1,1,10.1016/j.bmc.2020.115326,PROTAC-Pedia,,24.0,DC50 is between 1uM-2uM. Dmax is for JAK1.,THP-1,ACH-000146,Myeloid,mapped,1.0
COc1cc(-c2cnc3cccc(-c4cc(F)c(CN5CCS(=O)(=O)CC5)c(F)c4)c3n2)ccc1OCCCN1CCN(CCCCCCCCCC(=O)N[C@@H](C(=O)N2C[C@@H](O)C[C@@H]2C(=O)NCc2ccc(-c3scnc3C)cc2)C(C)(C)C)CC1,True,128,,O60674,VHL,VHL,P40337,THP,THP-1,,,0,,0,,0,1,10.1016/j.bmc.2020.115326,PROTAC-Pedia,,24.0,,THP-1,ACH-000146,Myeloid,mapped,1.0
COc1cc(-c2cnc3cccc(-c4cc(F)c(CN5CCS(=O)(=O)CC5)c(F)c4)c3n2)ccc1OCCCN1CCN(CCCCCCCCCC(=O)Nc2cccc3c2CN(C2CCC(=O)NC2=O)C3=O)CC1,True,129,,O60674,CRBN,CRBN,Q96SW2,THP,THP-1,,,0,,0,,0,1,10.1016/j.bmc.2020.115326,PROTAC-Pedia,,24.0,IC50 of PROTAC is 10-100 nM,THP-1,ACH-000146,Myeloid,mapped,1.0
CN[C@@H](C)C(=O)N[C@H](C(=O)N1C[C@@H](NC(=O)COCCOCCOCCOCCN2CCN(CCCOc3ccc(-c4cnc5cccc(-c6cc(F)c(CN7CCS(=O)(=O)CC7)c(F)c6)c5n4)cc3OC)CC2)C[C@H]1C(=O)N[C@@H]1CCCc2ccccc21)C1CCCCC1,True,130,,O60674,IAP,"BIRC2,BIRC3",P98170,THP,THP-1,2500.0,5.6020599913279625,1,60.0,1,0.0,1,1,10.1016/j.bmc.2020.115326,PROTAC-Pedia,,24.0,Dmax is for JAK1,THP-1,ACH-000146,Myeloid,mapped,1.0
COc1cc(-c2cnc3cccc(-c4cc(F)c(CN5CCS(=O)(=O)CC5)c(F)c4)c3n2)ccc1OCCCN1CCN(CCOCCOCCOCCOCC(=O)N[C@@H](C(=O)N2C[C@@H](O)C[C@@H]2C(=O)NCc2ccc(-c3scnc3C)cc2)C(C)(C)C)CC1,True,131,,O60674,VHL,VHL,P40337,THP,THP-1,,,0,,0,,0,1,10.1016/j.bmc.2020.115326,PROTAC-Pedia,,24.0,IC50 of PROTAC is 10-100 nM,THP-1,ACH-000146,Myeloid,mapped,1.0
COc1cc(-c2cnc3cccc(-c4cc(F)c(CN5CCS(=O)(=O)CC5)c(F)c4)c3n2)ccc1OCCCN1CCN(CCOCCOCCOCCOCC(=O)Nc2cccc3c2CN(C2CCC(=O)NC2=O)C3=O)CC1,True,132,,O60674,CRBN,CRBN,Q96SW2,THP,THP-1,,,0,,0,,0,1,10.1016/j.bmc.2020.115326,PROTAC-Pedia,,24.0,,THP-1,ACH-000146,Myeloid,mapped,1.0
CN[C@H](C)C(=O)N[C@@H](C(=O)N1C[C@H](NC(=O)COCCOCCOCCOCCOCCOCCN2CCN(CCCOc3ccc(-c4cnc5cccc(-c6cc(F)c(CN7CCS(=O)(=O)CC7)c(F)c6)c5n4)cc3OC)CC2)C[C@@H]1C(=O)N[C@@H]1CCCc2ccccc21)C1CCCCC1,True,133,,O60674,IAP,"BIRC2,BIRC3",P98170,THP,THP-1,,,0,,0,,0,1,10.1016/j.bmc.2020.115326,PROTAC-Pedia,,24.0,,THP-1,ACH-000146,Myeloid,mapped,1.0
COc1cc(-c2cnc3cccc(-c4cc(F)c(CN5CCS(=O)(=O)CC5)c(F)c4)c3n2)ccc1OCCCN1CCN(CCOCCOCCOCCOCCOCCOCC(=O)N[C@@H](C(=O)N2C[C@@H](O)C[C@@H]2C(=O)NCc2ccc(-c3scnc3C)cc2)C(C)(C)C)CC1,True,134,,O60674,VHL,VHL,P40337,THP,THP-1,,,0,,0,,0,1,10.1016/j.bmc.2020.115326,PROTAC-Pedia,,24.0,,THP-1,ACH-000146,Myeloid,mapped,1.0
COc1cc(-c2cnc3cccc(-c4cc(F)c(CN5CCS(=O)(=O)CC5)c(F)c4)c3n2)ccc1OCCCN1CCN(CCOCCOCCOCCOCCOCCOCC(=O)Nc2cccc3c2CN(C2CCC(=O)NC2=O)C3=O)CC1,True,135,,O60674,CRBN,CRBN,Q96SW2,THP,THP-1,,,0,,0,,0,1,10.1016/j.bmc.2020.115326,PROTAC-Pedia,,24.0,IC50 of PROTAC is 10-100 nM,THP-1,ACH-000146,Myeloid,mapped,1.0
O=C1CCC(N2Cc3c(NC(=O)CCCCCCCN4CCN(c5ccc(Nc6cc7c(N8CCC(CO)CC8)nc(Nc8ccc(F)cc8)nc7cn6)nc5)CC4)cccc3C2=O)C(=O)N1,True,136,,P00533,CRBN,CRBN,Q96SW2,HCC827,HCC827,45.2,7.3448615651886175,1,87.0,1,1.0,1,1,10.1016/j.ejmech.2020.112061,PROTAC-Pedia,,48.0,IC50 of the ligand is between 1nM-34 nM (depends on EGFR mutant). EC50 of ligand is between 0.044uM-1.06 uM (cell line depandant),HCC-827,ACH-000012,Lung,mapped,1.0
O=C1CCC(N2Cc3c(NC(=O)CCCCCCN4CCN(c5ccc(Nc6cc7c(N8CCC(CO)CC8)nc(Nc8ccc(F)cc8)nc7cn6)nc5)CC4)cccc3C2=O)C(=O)N1,True,137,,P00533,CRBN,CRBN,Q96SW2,HCC827,HCC827,,,0,,0,,0,1,10.1016/j.ejmech.2020.112061,PROTAC-Pedia,,48.0,"Degredation profile isn't concentration dependent, structure with the ligand was modeled by docking. IC50 of the ligand is between 1nM-34 nM (depends on EGFR mutant). EC50 of ligand is between 0.044uM-1.06 uM (cell line depandant)",HCC-827,ACH-000012,Lung,mapped,1.0
O=C1CCC(N2Cc3c(NC(=O)CCCCCN4CCN(c5ccc(Nc6cc7c(N8CCC(CO)CC8)nc(Nc8ccc(F)cc8)nc7cn6)nc5)CC4)cccc3C2=O)C(=O)N1,True,138,,P00533,CRBN,CRBN,Q96SW2,HCC827,HCC827,,,0,,0,,0,1,10.1016/j.ejmech.2020.112061,PROTAC-Pedia,,48.0,"Degredation profile isn't concentration dependent, structure with the ligand was modeled by docking. IC50 of the ligand is between 1nM-34 nM (depends on EGFR mutant). EC50 of ligand is between 0.044uM-1.06 uM (cell line depandant)",HCC-827,ACH-000012,Lung,mapped,1.0
O=C1CCC(N2Cc3c(NC(=O)CCCCN4CCN(c5ccc(Nc6cc7c(N8CCC(CO)CC8)nc(Nc8ccc(F)cc8)nc7cn6)nc5)CC4)cccc3C2=O)C(=O)N1,True,139,,P00533,CRBN,CRBN,Q96SW2,HCC827,HCC827,,,0,,0,,0,1,10.1016/j.ejmech.2020.112061,PROTAC-Pedia,,48.0,"Degredation profile isn't concentration dependent, structure with the ligand was modeled by docking. IC50 of the ligand is between 1nM-34 nM (depends on EGFR mutant). EC50 of ligand is between 0.044uM-1.06 uM (cell line depandant)",HCC-827,ACH-000012,Lung,mapped,1.0
O=C1CCC(N2Cc3c(NC(=O)CCCCCCCn4cc(CN5CCN(c6ccc(Nc7cc8c(N9CCC(CO)CC9)nc(Nc9ccc(F)cc9)nc8cn7)nc6)CC5)nn4)cccc3C2=O)C(=O)N1,True,140,,P00533,CRBN,CRBN,Q96SW2,HCC827,HCC827,,,0,,0,,0,1,10.1016/j.ejmech.2020.112061,PROTAC-Pedia,,48.0,"Degredation profile isn't concentration dependent, structure with the ligand was modeled by docking. IC50 of the ligand is between 1nM-34 nM (depends on EGFR mutant). EC50 of ligand is between 0.044uM-1.06 uM (cell line depandant)",HCC-827,ACH-000012,Lung,mapped,1.0
O=C(CN1CCN(c2ccc(Nc3cc4c(N5CCC(CO)CC5)nc(Nc5ccc(F)cc5)nc4cn3)nc2)CC1)NCCC(=O)Nc1cccc2c1CN(C1CCC(=O)NC1=O)C2=O,True,141,,P00533,CRBN,CRBN,Q96SW2,HCC827,HCC827,,,0,,0,,0,1,10.1016/j.ejmech.2020.112061,PROTAC-Pedia,,48.0,"Degredation profile isn't concentration dependent, structure with the ligand was modeled by docking. IC50 of the ligand is between 1nM-34 nM (depends on EGFR mutant). EC50 of ligand is between 0.044uM-1.06 uM (cell line depandant)",HCC-827,ACH-000012,Lung,mapped,1.0
CN(C)C1CCN(c2ccc(Nc3cc4c(N5CCN(CCCCCCCC(=O)Nc6cccc7c6CN(C6CCC(=O)NC6=O)C7=O)CC5)nc(Nc5ccc(F)cc5)nc4cn3)nc2)CC1,True,142,,P00533,CRBN,CRBN,Q96SW2,HCC827,HCC827,,,0,,0,,0,1,10.1016/j.ejmech.2020.112061,PROTAC-Pedia,,48.0,"Degredation profile isn't concentration dependent, structure with the ligand was modeled by docking. IC50 of the ligand is between 1nM-34 nM (depends on EGFR mutant). EC50 of ligand is between 0.044uM-1.06 uM (cell line depandant)",HCC-827,ACH-000012,Lung,mapped,1.0
CN(C)C1CCN(c2ccc(Nc3cc4c(N5CCN(CC(=O)NCCC(=O)Nc6cccc7c6CN(C6CCC(=O)NC6=O)C7=O)CC5)nc(Nc5ccc(F)cc5)nc4cn3)nc2)CC1,True,143,,P00533,CRBN,CRBN,Q96SW2,HCC827,HCC827,,,0,,0,,0,1,10.1016/j.ejmech.2020.112061,PROTAC-Pedia,,48.0,"Degredation profile isn't concentration dependent, structure with the ligand was modeled by docking. IC50 of the ligand is between 1nM-34 nM (depends on EGFR mutant). EC50 of ligand is between 0.044uM-1.06 uM (cell line depandant)",HCC-827,ACH-000012,Lung,mapped,1.0
Cc1ncsc1-c1ccc(CNC(=O)[C@@H]2C[C@@H](O)CN2C(=O)[C@@H](NC(=O)CCCCCCN2CCN(c3ccc(Nc4cc5c(N6CCC(CO)CC6)nc(Nc6ccc(F)cc6)nc5cn4)nc3)CC2)C(C)(C)C)cc1,True,144,,P00533,VHL,VHL,P40337,HCC827,HCC827,34.8,7.458420756053419,1,98.0,1,1.0,1,1,10.1016/j.ejmech.2020.112061,PROTAC-Pedia,,48.0,Structure with the ligand was modeled by docking. IC50 of the ligand is between 1nM-34 nM (depends on EGFR mutant). EC50 of ligand is between 0.044uM-1.06 uM (cell line depandant),HCC-827,ACH-000012,Lung,mapped,1.0
Cc1ncsc1-c1ccc(CNC(=O)[C@@H]2C[C@@H](O)CN2C(=O)[C@@H](NC(=O)CCCCN2CCN(c3ccc(Nc4cc5c(N6CCC(CO)CC6)nc(Nc6ccc(F)cc6)nc5cn4)nc3)CC2)C(C)(C)C)cc1,True,145,,P00533,VHL,VHL,P40337,HCC827,HCC827,,,0,,0,,0,1,10.1016/j.ejmech.2020.112061,PROTAC-Pedia,,48.0,"Degredation profile isn't concentration dependent, structure with the ligand was modeled by docking. IC50 of the ligand is between 1nM-34 nM (depends on EGFR mutant). EC50 of ligand is between 0.044uM-1.06 uM (cell line depandant)",HCC-827,ACH-000012,Lung,mapped,1.0
Cc1ncsc1-c1ccc(CNC(=O)[C@@H]2C[C@@H](O)CN2C(=O)[C@@H](NCCOCCOCCOCCN2CCN(c3ccc(Nc4cc5c(N6CCC(CO)CC6)nc(Nc6ccc(F)cc6)nc5cn4)nc3)CC2)C(C)(C)C)cc1,True,146,,P00533,VHL,VHL,P40337,HCC827,HCC827,,,0,,0,,0,1,10.1016/j.ejmech.2020.112061,PROTAC-Pedia,,48.0,"Degredation profile isn't concentration dependent, structure with the ligand was modeled by docking. IC50 of the ligand is between 1nM-34 nM (depends on EGFR mutant). EC50 of ligand is between 0.044uM-1.06 uM (cell line depandant)",HCC-827,ACH-000012,Lung,mapped,1.0
Cc1ncsc1-c1ccc(CNC(=O)[C@@H]2C[C@@H](O)CN2C(=O)[C@@H](NCCOCCOCCN2CCN(c3ccc(Nc4cc5c(N6CCC(CO)CC6)nc(Nc6ccc(F)cc6)nc5cn4)nc3)CC2)C(C)(C)C)cc1,True,147,,P00533,VHL,VHL,P40337,HCC827,HCC827,,,0,,0,,0,1,10.1016/j.ejmech.2020.112061,PROTAC-Pedia,,48.0,"Degredation profile isn't concentration dependent, structure with the ligand was modeled by docking. IC50 of the ligand is between 1nM-34 nM (depends on EGFR mutant). EC50 of ligand is between 0.044uM-1.06 uM (cell line depandant)",HCC-827,ACH-000012,Lung,mapped,1.0
Cc1ncsc1-c1ccc(CNC(=O)[C@@H]2C[C@@H](O)CN2C(=O)[C@@H](NCCOCCOCCn2cc(CN3CCN(c4ccc(Nc5cc6c(N7CCC(CO)CC7)nc(Nc7ccc(F)cc7)nc6cn5)nc4)CC3)nn2)C(C)(C)C)cc1,True,148,,P00533,VHL,VHL,P40337,HCC827,HCC827,,,0,,0,,0,1,10.1016/j.ejmech.2020.112061,PROTAC-Pedia,,48.0,"Degredation profile isn't concentration dependent, structure with the ligand was modeled by docking. IC50 of the ligand is between 1nM-34 nM (depends on EGFR mutant). EC50 of ligand is between 0.044uM-1.06 uM (cell line depandant)",HCC-827,ACH-000012,Lung,mapped,1.0
Cc1cc(C2CC2)cc2ccn(-c3cccc(-c4cc(Nc5ccc(N6CCN(CCOCCOCCNC(=O)CNc7cccc8c7C(=O)N(C7CCC(=O)NC7=O)C8=O)CC6)cn5)c(=O)n(C)c4)c3CO)c(=O)c12,True,160,,Q06187,CRBN,CRBN,Q96SW2,MOLM14,MOLM-14,40.0,7.3979400086720375,1,90.0,1,1.0,1,1,10.1016/j.chembiol.2017.10.005,PROTAC-Pedia,,4.0,IC50 of ligand is 4 nM (BTK inhibition)/ 0.3 nM (binding). EC50 of ligand is 20-30 nM (B-cell signaling).,MOLM-14,ACH-001574,Myeloid,mapped,1.0
Cc1ncsc1-c1ccc(CNC(=O)[C@@H]2C[C@@H](O)CN2C(=O)[C@@H](NC(=O)COCCCCOc2ccc(Nc3ncc(Br)c(NCCCN(C)C(=O)C4CCC4)n3)cc2)C(C)(C)C)cc1,True,161,,Q9UHD2,VHL,VHL,P40337,Panc02.13,,1000.0,6.0,1,,0,,0,1,10.1021/acs.jmedchem.7b00635,PROTAC-Pedia,,16.0,,Panc 02.13,ACH-000031,Pancreas,mapped,1.0
Cc1ncsc1-c1ccc(CNC(=O)[C@@H]2C[C@@H](O)CN2C(=O)[C@@H](NC(=O)COCCOCCOc2ccc(Nc3ncc(Br)c(NCCCN(C)C(=O)C4CCC4)n3)cc2)C(C)(C)C)cc1,True,162,,Q9UHD2,VHL,VHL,P40337,Panc02.13,,1000.0,6.0,1,,0,,0,1,10.1021/acs.jmedchem.7b00635,PROTAC-Pedia,,16.0,,Panc 02.13,ACH-000031,Pancreas,mapped,1.0
Cc1ncsc1-c1ccc(CNC(=O)[C@@H]2C[C@@H](O)CN2C(=O)[C@@H](NC(=O)CCCCCOCCOc2ccc(Nc3ncc(Br)c(NCCCN(C)C(=O)C4CCC4)n3)cc2)C(C)(C)C)cc1,True,163,,Q9UHD2,VHL,VHL,P40337,Panc02.13,,1000.0,6.0,1,,0,,0,1,10.1021/acs.jmedchem.7b00635,PROTAC-Pedia,,16.0,,Panc 02.13,ACH-000031,Pancreas,mapped,1.0
Cc1ncsc1-c1ccc(CNC(=O)[C@@H]2C[C@@H](O)CN2C(=O)[C@@H](NC(=O)COCCCOCCCOc2ccc(Nc3ncc(Br)c(NCCCN(C)C(=O)C4CCC4)n3)cc2)C(C)(C)C)cc1,True,164,,Q9UHD2,VHL,VHL,P40337,Panc02.13,,1000.0,6.0,1,,0,,0,1,10.1021/acs.jmedchem.7b00635,PROTAC-Pedia,,16.0,,Panc 02.13,ACH-000031,Pancreas,mapped,1.0
Cc1ncsc1-c1ccc(CNC(=O)[C@@H]2C[C@@H](O)CN2C(=O)[C@@H](NC(=O)COCCOCCOCCOc2ccc(Nc3ncc(Br)c(NCCCN(C)C(=O)C4CCC4)n3)cc2)C(C)(C)C)cc1,True,165,,Q9UHD2,VHL,VHL,P40337,Panc02.13,,1000.0,6.0,1,,0,,0,1,10.1021/acs.jmedchem.7b00635,PROTAC-Pedia,,16.0,,Panc 02.13,ACH-000031,Pancreas,mapped,1.0
Cc1ncsc1-c1ccc(CNC(=O)[C@@H]2C[C@@H](O)CN2C(=O)[C@@H](NC(=O)COCCCOCCCCCOc2ccc(Nc3ncc(Br)c(NCCCN(C)C(=O)C4CCC4)n3)cc2)C(C)(C)C)cc1,True,166,,Q9UHD2,VHL,VHL,P40337,Panc02.13,,88.0,7.055517327849832,1,79.0,1,1.0,1,1,10.1021/acs.jmedchem.7b00635,PROTAC-Pedia,,16.0,,Panc 02.13,ACH-000031,Pancreas,mapped,1.0
Cc1ncsc1-c1ccc(CNC(=O)[C@@H]2C[C@@H](O)CN2C(=O)[C@@H](NC(=O)COCCOCCOCCCCOc2ccc(Nc3ncc(Br)c(NCCCN(C)C(=O)C4CCC4)n3)cc2)C(C)(C)C)cc1,True,167,,Q9UHD2,VHL,VHL,P40337,Panc02.13,,71.0,7.1487416512809245,1,86.0,1,1.0,1,1,10.1021/acs.jmedchem.7b00635,PROTAC-Pedia,,16.0,,Panc 02.13,ACH-000031,Pancreas,mapped,1.0
Cc1ncsc1-c1ccc(CNC(=O)[C@@H]2C[C@@H](O)CN2C(=O)[C@@H](NC(=O)COCCOCCOCCOCCOc2ccc(Nc3ncc(Br)c(NCCCN(C)C(=O)C4CCC4)n3)cc2)C(C)(C)C)cc1,True,168,,Q9UHD2,VHL,VHL,P40337,Panc02.13,,103.0,6.987162775294828,1,92.0,1,1.0,1,1,10.1021/acs.jmedchem.7b00635,PROTAC-Pedia,,16.0,,Panc 02.13,ACH-000031,Pancreas,mapped,1.0
Cc1ncsc1-c1ccc(CNC(=O)[C@@H]2C[C@@H](O)CN2C(=O)[C@@H](NC(=O)CCCCCOCCCCOCCCCOc2ccc(Nc3ncc(Br)c(NCCCN(C)C(=O)C4CCC4)n3)cc2)C(C)(C)C)cc1,True,170,,Q9UHD2,VHL,VHL,P40337,Panc02.13,,95.0,7.022276394711152,1,90.0,1,1.0,1,1,10.1021/acs.jmedchem.7b00635,PROTAC-Pedia,,16.0,,Panc 02.13,ACH-000031,Pancreas,mapped,1.0
Cc1ncsc1-c1ccc(CNC(=O)[C@@H]2C[C@@H](O)CN2C(=O)[C@@H](NC(=O)COCCOCCOCCOCCOCCOc2ccc(Nc3ncc(Br)c(NCCCN(C)C(=O)C4CCC4)n3)cc2)C(C)(C)C)cc1,True,171,,Q9UHD2,VHL,VHL,P40337,Panc02.13,,29.0,7.5376020021010435,1,96.0,1,1.0,1,1,10.1021/acs.jmedchem.7b00635,PROTAC-Pedia,,16.0,,Panc 02.13,ACH-000031,Pancreas,mapped,1.0
Cc1ncsc1-c1ccc(CNC(=O)[C@@H]2C[C@@H](O)CN2C(=O)[C@@H](NC(=O)COCCOCCCCOCCCCOCCOc2ccc(Nc3ncc(Br)c(NCCCN(C)C(=O)C4CCC4)n3)cc2)C(C)(C)C)cc1,True,172,,Q9UHD2,VHL,VHL,P40337,Panc02.13,,6.0,8.221848749616356,1,96.0,1,1.0,1,1,10.1021/acs.jmedchem.7b00635,PROTAC-Pedia,,16.0,,Panc 02.13,ACH-000031,Pancreas,mapped,1.0
Cc1ncsc1-c1ccc(CNC(=O)[C@@H]2C[C@@H](O)CN2C(=O)[C@@H](NC(=O)CCOCCCOCCCOCCCOCCCOc2ccc(Nc3ncc(Br)c(NCCCN(C)C(=O)C4CCC4)n3)cc2)C(C)(C)C)cc1,True,173,,Q9UHD2,VHL,VHL,P40337,Panc02.13,,25.0,7.6020599913279625,1,96.0,1,1.0,1,1,10.1021/acs.jmedchem.7b00635,PROTAC-Pedia,,16.0,,Panc 02.13,ACH-000031,Pancreas,mapped,1.0
Cc1ncsc1-c1ccc(CNC(=O)[C@@H]2C[C@@H](O)CN2C(=O)[C@@H](NC(=O)COCCOCCOCCOCCOCCOCCOc2ccc(Nc3ncc(Br)c(NCCCN(C)C(=O)C4CCC4)n3)cc2)C(C)(C)C)cc1,True,174,,Q9UHD2,VHL,VHL,P40337,Panc02.13,,34.0,7.468521082957745,1,96.0,1,1.0,1,1,10.1021/acs.jmedchem.7b00635,PROTAC-Pedia,,16.0,,Panc 02.13,ACH-000031,Pancreas,mapped,1.0
Cc1ncsc1-c1ccc(CNC(=O)[C@@H]2C[C@@H](O)CN2C(=O)[C@@H](NC(=O)COCCOCCCCOCCCCOCCOCCOc2ccc(Nc3ncc(Br)c(NCCCN(C)C(=O)C4CCC4)n3)cc2)C(C)(C)C)cc1,True,175,,Q9UHD2,VHL,VHL,P40337,Panc02.13,,3.0,8.522878745280337,1,96.0,1,1.0,1,1,10.1021/acs.jmedchem.7b00635,PROTAC-Pedia,,16.0,,Panc 02.13,ACH-000031,Pancreas,mapped,1.0
Cc1ncsc1-c1ccc(CNC(=O)[C@@H]2C[C@@H](O)CN2C(=O)[C@@H](NC(=O)COCCCCCOCCCCOCCCCOCCCCOCCCCCOc2ccc(Nc3ncc(Br)c(NCCCN(C)C(=O)C4CCC4)n3)cc2)C(C)(C)C)cc1,True,176,,Q9UHD2,VHL,VHL,P40337,Panc02.13,,292.0,6.534617148551582,1,76.0,1,1.0,1,1,10.1021/acs.jmedchem.7b00635,PROTAC-Pedia,,16.0,,Panc 02.13,ACH-000031,Pancreas,mapped,1.0
Cc1ncsc1-c1ccc(CNC(=O)[C@@H]2C[C@@H](O)CN2C(=O)[C@@H](NC(=O)COCCCOCCCCOCCCOc2ccc(Nc3nccc(NCCCN(C)C(=O)C4CCC4)n3)cc2)C(C)(C)C)cc1,True,177,,Q9UHD2,VHL,VHL,P40337,Panc02.13,,1000.0,6.0,1,,0,,0,1,10.1021/acs.jmedchem.7b00635,PROTAC-Pedia,,16.0,,Panc 02.13,ACH-000031,Pancreas,mapped,1.0
Cc1ncsc1-c1ccc(CNC(=O)[C@@H]2C[C@@H](O)CN2C(=O)[C@@H](NC(=O)COCCCOCCCCOCCCOc2ccc(Nc3ncc(F)c(NCCCN(C)C(=O)C4CCC4)n3)cc2)C(C)(C)C)cc1,True,178,,Q9UHD2,VHL,VHL,P40337,Panc02.13,,282.0,6.549750891680639,1,74.0,1,1.0,1,1,10.1021/acs.jmedchem.7b00635,PROTAC-Pedia,,16.0,,Panc 02.13,ACH-000031,Pancreas,mapped,1.0
Cc1ncsc1-c1ccc(CNC(=O)[C@@H]2C[C@@H](O)CN2C(=O)[C@@H](NC(=O)COCCCOCCCCOCCCOc2ccc(Nc3ncc(Cl)c(NCCCN(C)C(=O)C4CCC4)n3)cc2)C(C)(C)C)cc1,True,179,,Q9UHD2,VHL,VHL,P40337,Panc02.13,,10.0,8.0,1,96.0,1,1.0,1,1,10.1021/acs.jmedchem.7b00635,PROTAC-Pedia,,16.0,,Panc 02.13,ACH-000031,Pancreas,mapped,1.0
Cc1ncsc1-c1ccc(CNC(=O)[C@@H]2C[C@@H](O)CN2C(=O)[C@@H](NC(=O)COCCCOCCCCOCCCOc2ccc(Nc3ncc(I)c(NCCCN(C)C(=O)C4CCC4)n3)cc2)C(C)(C)C)cc1,True,180,,Q9UHD2,VHL,VHL,P40337,Panc02.13,,3.0,8.522878745280337,1,96.0,1,1.0,1,1,10.1021/acs.jmedchem.7b00635,PROTAC-Pedia,,16.0,,Panc 02.13,ACH-000031,Pancreas,mapped,1.0
Cc1ncsc1-c1ccc(CNC(=O)[C@@H]2C[C@@H](O)CN2C(=O)[C@@H](NC(=O)COCCCOCCCCOCCCOc2ccc(Nc3ncc(C(F)(F)F)c(NCCCN(C)C(=O)C4CCC4)n3)cc2)C(C)(C)C)cc1,True,181,,Q9UHD2,VHL,VHL,P40337,Panc02.13,,29.0,7.5376020021010435,1,96.0,1,1.0,1,1,10.1021/acs.jmedchem.7b00635,PROTAC-Pedia,,16.0,,Panc 02.13,ACH-000031,Pancreas,mapped,1.0
Cc1cnc(Nc2ccc(OCCCOCCCCOCCCOCC(=O)N[C@H](C(=O)N3C[C@H](O)C[C@H]3C(=O)NCc3ccc(-c4scnc4C)cc3)C(C)(C)C)cc2)nc1NCCCN(C)C(=O)C1CCC1,True,182,,Q9UHD2,VHL,VHL,P40337,Panc02.13,,92.0,7.036212172654444,1,89.0,1,1.0,1,1,10.1021/acs.jmedchem.7b00635,PROTAC-Pedia,,16.0,,Panc 02.13,ACH-000031,Pancreas,mapped,1.0
CCc1cnc(Nc2ccc(OCCCOCCCCOCCCOCC(=O)N[C@H](C(=O)N3C[C@H](O)C[C@H]3C(=O)NCc3ccc(-c4scnc4C)cc3)C(C)(C)C)cc2)nc1NCCCN(C)C(=O)C1CCC1,True,183,,Q9UHD2,VHL,VHL,P40337,Panc02.13,,121.0,6.91721462968355,1,77.0,1,1.0,1,1,10.1021/acs.jmedchem.7b00635,PROTAC-Pedia,,16.0,,Panc 02.13,ACH-000031,Pancreas,mapped,1.0
Cc1ncsc1-c1ccc(CNC(=O)[C@@H]2C[C@@H](O)CN2C(=O)[C@@H](NC(=O)COCCCOCCCCOCCCOc2ccc(Nc3ncc(C4CCC4)c(NCCCN(C)C(=O)C4CCC4)n3)cc2)C(C)(C)C)cc1,True,184,,Q9UHD2,VHL,VHL,P40337,Panc02.13,,544.0,6.2644011003018205,1,70.0,1,1.0,1,1,10.1021/acs.jmedchem.7b00635,PROTAC-Pedia,,16.0,,Panc 02.13,ACH-000031,Pancreas,mapped,1.0
C=Cc1cnc(Nc2ccc(OCCCOCCCCOCCCOCC(=O)N[C@H](C(=O)N3C[C@H](O)C[C@H]3C(=O)NCc3ccc(-c4scnc4C)cc3)C(C)(C)C)cc2)nc1NCCCN(C)C(=O)C1CCC1,True,185,,Q9UHD2,VHL,VHL,P40337,Panc02.13,,48.0,7.318758762624412,1,96.0,1,1.0,1,1,10.1021/acs.jmedchem.7b00635,PROTAC-Pedia,,16.0,,Panc 02.13,ACH-000031,Pancreas,mapped,1.0
Cc1ncsc1-c1ccc(CNC(=O)[C@@H]2C[C@@H](O)CN2C(=O)[C@@H](NC(=O)COCCCOCCCCOCCCOc2ccc(Nc3ncc(C4CC4)c(NCCCN(C)C(=O)C4CCC4)n3)cc2)C(C)(C)C)cc1,True,186,,Q9UHD2,VHL,VHL,P40337,Panc02.13,,65.0,7.187086643357144,1,96.0,1,1.0,1,1,10.1021/acs.jmedchem.7b00635,PROTAC-Pedia,,16.0,,Panc 02.13,ACH-000031,Pancreas,mapped,1.0
Cc1ncsc1-c1ccc(CNC(=O)[C@@H]2C[C@@H](O)CN2C(=O)CNC(=O)COCCCOCCCCOCCCOc2ccc(Nc3ncc(Br)c(NCCCN(C)C(=O)C4CCC4)n3)cc2)cc1,True,187,,Q9UHD2,VHL,VHL,P40337,Panc02.13,,1000.0,6.0,1,,0,,0,1,10.1021/acs.jmedchem.7b00635,PROTAC-Pedia,,16.0,,Panc 02.13,ACH-000031,Pancreas,mapped,1.0
Cc1ncsc1-c1ccc(CNC(=O)[C@@H]2C[C@@H](O)CN2C(=O)[C@H](C)NC(=O)COCCCOCCCCOCCCOc2ccc(Nc3ncc(Br)c(NCCCN(C)C(=O)C4CCC4)n3)cc2)cc1,True,188,,Q9UHD2,VHL,VHL,P40337,Panc02.13,,1000.0,6.0,1,34.0,1,0.0,1,1,10.1021/acs.jmedchem.7b00635,PROTAC-Pedia,,16.0,,Panc 02.13,ACH-000031,Pancreas,mapped,1.0
CC[C@H](NC(=O)COCCCOCCCCOCCCOc1ccc(Nc2ncc(Br)c(NCCCN(C)C(=O)C3CCC3)n2)cc1)C(=O)N1C[C@H](O)C[C@H]1C(=O)NCc1ccc(-c2scnc2C)cc1,True,189,,Q9UHD2,VHL,VHL,P40337,Panc02.13,,864.0,6.063486257521107,1,71.0,1,1.0,1,1,10.1021/acs.jmedchem.7b00635,PROTAC-Pedia,,16.0,,Panc 02.13,ACH-000031,Pancreas,mapped,1.0
CCC[C@H](NC(=O)COCCCOCCCCOCCCOc1ccc(Nc2ncc(Br)c(NCCCN(C)C(=O)C3CCC3)n2)cc1)C(=O)N1C[C@H](O)C[C@H]1C(=O)NCc1ccc(-c2scnc2C)cc1,True,190,,Q9UHD2,VHL,VHL,P40337,Panc02.13,,288.0,6.540607512240769,1,75.0,1,1.0,1,1,10.1021/acs.jmedchem.7b00635,PROTAC-Pedia,,16.0,,Panc 02.13,ACH-000031,Pancreas,mapped,1.0
Cc1ncsc1-c1ccc(CNC(=O)[C@@H]2C[C@@H](O)CN2C(=O)[C@@H](NC(=O)COCCCOCCCCOCCCOc2ccc(Nc3ncc(Br)c(NCCCN(C)C(=O)C4CCC4)n3)cc2)C(C)C)cc1,True,191,,Q9UHD2,VHL,VHL,P40337,Panc02.13,,44.0,7.356547323513812,1,88.0,1,1.0,1,1,10.1021/acs.jmedchem.7b00635,PROTAC-Pedia,,16.0,,Panc 02.13,ACH-000031,Pancreas,mapped,1.0
Cc1cc(C)nc(SCC(=O)Nc2ncc(Cc3cccc(OCc4cn(CCCCNC(=O)COc5cccc6c5C(=O)N(C5CCC(=O)NC5=O)C6=O)nn4)c3)s2)n1,True,192,,Q8IXJ6,CRBN,CRBN,Q96SW2,HeLa,HeLa,,,0,39.0,1,0.0,1,1,10.1021/acs.jmedchem.6b01872,PROTAC-Pedia,,6.0,,HeLa,ACH-001086,Cervix,mapped,1.0
O=C1CCC(N2C(=O)c3cccc(OCCCCCOc4ccc(CC(=O)Nc5cc(C6CCC6)[nH]n5)cc4)c3C2=O)C(=O)N1,True,193,,P50750,CRBN,CRBN,Q96SW2,HCT116,HCT116-53BPI(+/-),,,0,65.0,1,,0,1,10.1039/c7cc03879h,PROTAC-Pedia,,6.0,,HCT 116,ACH-000971,Bowel,mapped,1.0
Cc1ncsc1-c1ccc(CNC(=O)[C@@H]2C[C@@H](O)CN2C(=O)[C@@H](NC(=O)COCCOCCOCCOCCOc2cc3nccc(Nc4ccc5scnc5c4)c3cc2S(=O)(=O)C(C)(C)C)C(C)(C)C)cc1,True,194,,O43353,VHL,VHL,P40337,Human THP-1 monocytes,THP-1,1.4,8.853871964321762,1,95.0,1,1.0,1,1,10.1038/nchembio.1858,PROTAC-Pedia,,16.0,PROTAC_ERRα is efficacious in mice,Human THP-1 monocytes,,,unmapped,0.0
COc1cc(C=C2SC(=O)N(CCOCCC(=O)N[C@H](C(=O)N3C[C@H](O)C[C@H]3C(=O)NCc3ccc(-c4scnc4C)cc3)C(C)(C)C)C2=O)ccc1Oc1ccc(C#N)cc1C(F)(F)F,True,195,,P11474,VHL,VHL,P40337,MCF-7 breast cancer cells,MCF-7,100.0,7.0,1,86.0,1,1.0,1,1,10.1038/nchembio.1858,PROTAC-Pedia,,8.0,"protein reduction by nearly 50% was observed as early as 1 h post‐treatment, and almost complete degradation was achieved after 4 h of treatment",MCF-7 breast cancer cells,,,unmapped,0.0
Nc1ncnc2c1c(-c1ccc(Oc3ccccc3)cc1)nn2C1CCN(CCOCCOCC(=O)Nc2ccc3c(c2)CN(C2CCC(=O)NC2=O)C3=O)CC1,True,196,,Q06187,CRBN,CRBN,Q96SW2,NAMALWA,Namalwa,7.9,8.102372908709558,1,95.0,1,1.0,1,1,10.1016/j.bmcl.2019.126877,PROTAC-Pedia,,24.0,"IC50 of ligand is 51.0 nM (WT BTK), 30.7 (C481S)",NAMALWA,ACH-000944,Lymphoid,mapped,1.0
Nc1ncnc2c1c(-c1ccc(Oc3ccccc3)cc1)nn2C1CCN(CCCCCCOCCOCC(=O)Nc2cccc3c2C(=O)N(C2CCC(=O)NC2=O)C3=O)CC1,True,197,,Q06187,CRBN,CRBN,Q96SW2,NAMALWA,Namalwa,80.6,7.09366495819491,1,96.0,1,1.0,1,1,10.1021/acs.biochem.8b00391,PROTAC-Pedia,,,"IC50 of ligand is 51.0 nM (WT BTK), 30.7 (C481S)",NAMALWA,ACH-000944,Lymphoid,mapped,1.0
Nc1ncnc2c1c(-c1ccc(Oc3ccccc3)cc1)nn2C1CCN(CCCCOCCCCOCC(=O)Nc2cccc3c2C(=O)N(C2CCC(=O)NC2=O)C3=O)CC1,True,198,,Q06187,CRBN,CRBN,Q96SW2,NAMALWA,Namalwa,90.1,7.045275209020937,1,93.0,1,1.0,1,1,10.1021/acs.biochem.8b00391,PROTAC-Pedia,,,"IC50 of ligand is 51.0 nM (WT BTK), 30.7 (C481S)",NAMALWA,ACH-000944,Lymphoid,mapped,1.0
Nc1ncnc2c1c(-c1ccc(Oc3ccccc3)cc1)nn2C1CCN(CCCOCCCOCCC(=O)Nc2cccc3c2C(=O)N(C2CCC(=O)NC2=O)C3=O)CC1,True,199,,Q06187,CRBN,CRBN,Q96SW2,NAMALWA,Namalwa,68.3,7.165579296318468,1,95.0,1,1.0,1,1,10.1021/acs.biochem.8b00391,PROTAC-Pedia,,,"IC50 of ligand is 51.0 nM (WT BTK), 30.7 (C481S)",NAMALWA,ACH-000944,Lymphoid,mapped,1.0
Nc1ncnc2c1c(-c1ccc(Oc3ccccc3)cc1)nn2C1CCN(CCOCCOCC(=O)Nc2cccc3c2C(=O)N(C2CCC(=O)NC2=O)C3=O)CC1,True,200,,Q06187,CRBN,CRBN,Q96SW2,NAMALWA,Namalwa,,,0,,0,,0,1,10.1021/acs.biochem.8b00391,PROTAC-Pedia,,,"IC50 of ligand is 51.0 nM (WT BTK), 30.7 (C481S)",NAMALWA,ACH-000944,Lymphoid,mapped,1.0
Nc1ncnc2c1c(-c1ccc(Oc3ccccc3)cc1)nn2C1CCN(CCOCC(=O)Nc2cccc3c2C(=O)N(C2CCC(=O)NC2=O)C3=O)CC1,True,201,,Q06187,CRBN,CRBN,Q96SW2,NAMALWA,Namalwa,,,0,,0,,0,1,10.1021/acs.biochem.8b00391,PROTAC-Pedia,,,"IC50 of ligand is 51.0 nM (WT BTK), 30.7 (C481S)",NAMALWA,ACH-000944,Lymphoid,mapped,1.0
Nc1ncnc2c1c(-c1ccc(Oc3ccccc3)cc1)nn2C1CCN(CCCCOCCCCOCC(=O)Nc2ccc3c(c2)C(=O)N(C2CCC(=O)NC2=O)C3=O)CC1,True,203,,Q06187,CRBN,CRBN,Q96SW2,NAMALWA,Namalwa,11.6,7.935542010773082,1,99.0,1,1.0,1,1,10.1021/acs.biochem.8b00391,PROTAC-Pedia,,,"IC50 of ligand is 51.0 nM (WT BTK), 30.7 (C481S)",NAMALWA,ACH-000944,Lymphoid,mapped,1.0
Cc1ccc(NC(=O)c2ccc(CN3CCN(CCCCCCOCCOCCOCCCCCC(=O)N[C@H](C(=O)N4C[C@H](O)C[C@H]4C(=O)NCc4ccc(-c5scnc5C)cc4)C(C)(C)C)CC3)cc2)cc1Nc1nccc(-c2cccnc2)n1,True,207,,P00519,VHL,VHL,P40337,K562 CML,K562/GM-CSF,,,0,,0,,0,1,10.1002/anie.201507634,PROTAC-Pedia,,24.0,,K562 CML,,,unmapped,0.0
Cc1ccc(NC(=O)c2ccc(CN3CCN(CCCCCCOCCOCC(=O)N[C@H](C(=O)N4C[C@H](O)C[C@H]4C(=O)NCc4ccc(-c5scnc5C)cc4)C(C)(C)C)CC3)cc2)cc1Nc1nccc(-c2cccnc2)n1,True,208,,P00519,VHL,VHL,P40337,K562 CML,K562/GM-CSF,,,0,,0,,0,1,10.1002/anie.201507634,PROTAC-Pedia,,24.0,,K562 CML,,,unmapped,0.0
Cc1ccc(NC(=O)c2ccc(CN3CCN(CCCCCCOCCOCCOCCOCCOCCOCC(=O)N[C@H](C(=O)N4C[C@H](O)C[C@H]4C(=O)NCc4ccc(-c5scnc5C)cc4)C(C)(C)C)CC3)cc2)cc1Nc1nccc(-c2cccnc2)n1,True,209,,P00519,VHL,VHL,P40337,K562 CML,K562/GM-CSF,,,0,,0,,0,1,10.1002/anie.201507634,PROTAC-Pedia,,24.0,,K562 CML,,,unmapped,0.0
Cc1ccc(NC(=O)c2ccc(CN3CCN(CCCCCCOCCCCCOCCCCCC(=O)N[C@H](C(=O)N4C[C@H](O)C[C@H]4C(=O)NCc4ccc(-c5scnc5C)cc4)C(C)(C)C)CC3)cc2)cc1Nc1nccc(-c2cccnc2)n1,True,210,,P00519,VHL,VHL,P40337,K562 CML,K562/GM-CSF,,,0,,0,,0,1,10.1002/anie.201507634,PROTAC-Pedia,,24.0,,K562 CML,,,unmapped,0.0
Cc1ccc(NC(=O)c2ccc(CN3CCN(CCCCCCOCCOCCOCCCCCC(=O)Nc4cccc5c4C(=O)N(C4CCC(=O)NC4=O)C5=O)CC3)cc2)cc1Nc1nccc(-c2cccnc2)n1,True,211,,P00519,CRBN,CRBN,Q96SW2,K562 CML,K562/GM-CSF,,,0,,0,,0,1,10.1002/anie.201507634,PROTAC-Pedia,,24.0,,K562 CML,,,unmapped,0.0
Cc1ccc(NC(=O)c2ccc(CN3CCN(CCCCCCOCCOCC(=O)Nc4cccc5c4C(=O)N(C4CCC(=O)NC4=O)C5=O)CC3)cc2)cc1Nc1nccc(-c2cccnc2)n1,True,212,,P00519,CRBN,CRBN,Q96SW2,K562 CML,K562/GM-CSF,,,0,,0,,0,1,10.1002/anie.201507634,PROTAC-Pedia,,24.0,,K562 CML,,,unmapped,0.0
Cc1ccc(NC(=O)c2ccc(CN3CCN(CCCCCCOCCOCCOCCOCCOCCOCC(=O)Nc4cccc5c4C(=O)N(C4CCC(=O)NC4=O)C5=O)CC3)cc2)cc1Nc1nccc(-c2cccnc2)n1,True,213,,P00519,CRBN,CRBN,Q96SW2,K562 CML,K562/GM-CSF,,,0,,0,,0,1,10.1002/anie.201507634,PROTAC-Pedia,,24.0,,K562 CML,,,unmapped,0.0
Cc1ccc(NC(=O)c2ccc(CN3CCN(CCCCCCOCCCCCOCCCCCC(=O)Nc4cccc5c4C(=O)N(C4CCC(=O)NC4=O)C5=O)CC3)cc2)cc1Nc1nccc(-c2cccnc2)n1,True,214,,P00519,CRBN,CRBN,Q96SW2,K562 CML,K562/GM-CSF,,,0,,0,,0,1,10.1002/anie.201507634,PROTAC-Pedia,,24.0,,K562 CML,,,unmapped,0.0
COc1cc(Nc2c(C#N)cnc3cc(OCCCN4CCN(CCCCCCOCCOCCOCCCCCC(=O)N[C@H](C(=O)N5C[C@H](O)C[C@H]5C(=O)NCc5ccc(-c6scnc6C)cc5)C(C)(C)C)CC4)c(OC)cc23)c(Cl)cc1Cl,True,215,,P00519,VHL,VHL,P40337,K562 CML,K562/GM-CSF,,,0,,0,,0,1,10.1002/anie.201507634,PROTAC-Pedia,,24.0,,K562 CML,,,unmapped,0.0
COc1cc(Nc2c(C#N)cnc3cc(OCCCN4CCN(CCCCCCOCCOCC(=O)N[C@H](C(=O)N5C[C@H](O)C[C@H]5C(=O)NCc5ccc(-c6scnc6C)cc5)C(C)(C)C)CC4)c(OC)cc23)c(Cl)cc1Cl,True,216,,P00519,VHL,VHL,P40337,K562 CML,K562/GM-CSF,,,0,,0,,0,1,10.1002/anie.201507634,PROTAC-Pedia,,24.0,,K562 CML,,,unmapped,0.0
COc1cc(Nc2c(C#N)cnc3cc(OCCCN4CCN(CCCCCCOCCOCCOCCOCCOCCOCC(=O)N[C@H](C(=O)N5C[C@H](O)C[C@H]5C(=O)NCc5ccc(-c6scnc6C)cc5)C(C)(C)C)CC4)c(OC)cc23)c(Cl)cc1Cl,True,217,,P00519,VHL,VHL,P40337,K562 CML,K562/GM-CSF,,,0,,0,,0,1,10.1002/anie.201507634,PROTAC-Pedia,,24.0,,K562 CML,,,unmapped,0.0
COc1cc(Nc2c(C#N)cnc3cc(OCCCN4CCN(CCCCCCOCCCCCOCCCCCC(=O)N[C@H](C(=O)N5C[C@H](O)C[C@H]5C(=O)NCc5ccc(-c6scnc6C)cc5)C(C)(C)C)CC4)c(OC)cc23)c(Cl)cc1Cl,True,218,,P00519,VHL,VHL,P40337,K562 CML,K562/GM-CSF,,,0,,0,,0,1,10.1002/anie.201507634,PROTAC-Pedia,,24.0,,K562 CML,,,unmapped,0.0
COc1cc(Nc2c(C#N)cnc3cc(OCCCN4CCN(CCCCCCOCCOCCOCCCCCC(=O)Nc5cccc6c5C(=O)N(C5CCC(=O)NC5=O)C6=O)CC4)c(OC)cc23)c(Cl)cc1Cl,True,219,,P00519,CRBN,CRBN,Q96SW2,K562 CML,K562/GM-CSF,,,0,,0,,0,1,10.1002/anie.201507634,PROTAC-Pedia,,24.0,c-ABL and BCR-ABL degredation,K562 CML,,,unmapped,0.0
COc1cc(Nc2c(C#N)cnc3cc(OCCCN4CCN(CCCCCCOCCOCC(=O)Nc5cccc6c5C(=O)N(C5CCC(=O)NC5=O)C6=O)CC4)c(OC)cc23)c(Cl)cc1Cl,True,220,,P00519,CRBN,CRBN,Q96SW2,K562 CML,K562/GM-CSF,,,0,,0,,0,1,10.1002/anie.201507634,PROTAC-Pedia,,24.0,c-ABL and BCR-ABL degredation,K562 CML,,,unmapped,0.0
COc1cc(Nc2c(C#N)cnc3cc(OCCCN4CCN(CCCCCCOCCOCCOCCOCCOCCOCC(=O)Nc5cccc6c5C(=O)N(C5CCC(=O)NC5=O)C6=O)CC4)c(OC)cc23)c(Cl)cc1Cl,True,221,,P00519,CRBN,CRBN,Q96SW2,K562 CML,K562/GM-CSF,,,0,,0,,0,1,10.1002/anie.201507634,PROTAC-Pedia,,24.0,c-ABL and BCR-ABL degredation,K562 CML,,,unmapped,0.0
COc1cc(Nc2c(C#N)cnc3cc(OCCCN4CCN(CCCCCCOCCCCCOCCCCCC(=O)Nc5cccc6c5C(=O)N(C5CCC(=O)NC5=O)C6=O)CC4)c(OC)cc23)c(Cl)cc1Cl,True,222,,P00519,CRBN,CRBN,Q96SW2,K562 CML,K562/GM-CSF,,,0,,0,,0,1,10.1002/anie.201507634,PROTAC-Pedia,,24.0,c-ABL and BCR-ABL degredation,K562 CML,,,unmapped,0.0
Cc1nc(Nc2ncc(C(=O)Nc3c(C)cccc3Cl)s2)cc(N2CCN(CCCCCCOCCOCC(=O)N[C@H](C(=O)N3C[C@H](O)C[C@H]3C(=O)NCc3ccc(-c4scnc4C)cc3)C(C)(C)C)CC2)n1,True,223,,P00519,VHL,VHL,P40337,K562 CML,K562/GM-CSF,,,0,,0,,0,1,10.1002/anie.201507634,PROTAC-Pedia,,24.0,c-ABL degredation,K562 CML,,,unmapped,0.0
Cc1nc(Nc2ncc(C(=O)Nc3c(C)cccc3Cl)s2)cc(N2CCN(CCCCCCOCCOCCOCCOCCOCCOCC(=O)N[C@H](C(=O)N3C[C@H](O)C[C@H]3C(=O)NCc3ccc(-c4scnc4C)cc3)C(C)(C)C)CC2)n1,True,224,,P00519,VHL,VHL,P40337,K562 CML,K562/GM-CSF,,,0,,0,,0,1,10.1002/anie.201507634,PROTAC-Pedia,,24.0,c-ABL degredation,K562 CML,,,unmapped,0.0
Cc1nc(Nc2ncc(C(=O)Nc3c(C)cccc3Cl)s2)cc(N2CCN(CCCCCCOCCCCCOCCCCCC(=O)N[C@H](C(=O)N3C[C@H](O)C[C@H]3C(=O)NCc3ccc(-c4scnc4C)cc3)C(C)(C)C)CC2)n1,True,225,,P00519,VHL,VHL,P40337,K562 CML,K562/GM-CSF,,,0,,0,,0,1,10.1002/anie.201507634,PROTAC-Pedia,,24.0,c-ABL degredation,K562 CML,,,unmapped,0.0
Cc1nc(Nc2ncc(C(=O)Nc3c(C)cccc3Cl)s2)cc(N2CCN(CCCCCCOCCOCCOCCCCCC(=O)Nc3cccc4c3C(=O)N(C3CCC(=O)NC3=O)C4=O)CC2)n1,True,226,,P00519,CRBN,CRBN,Q96SW2,K562 CML,K562/GM-CSF,,,0,,0,,0,1,10.1002/anie.201507634,PROTAC-Pedia,,24.0,c-ABL and BCR-ABL degredation,K562 CML,,,unmapped,0.0
Cc1nc(Nc2ncc(C(=O)Nc3c(C)cccc3Cl)s2)cc(N2CCN(CCCCCCOCCOCC(=O)Nc3cccc4c3C(=O)N(C3CCC(=O)NC3=O)C4=O)CC2)n1,True,227,,P00519,CRBN,CRBN,Q96SW2,K562 CML,K562/GM-CSF,,,0,,0,,0,1,10.1002/anie.201507634,PROTAC-Pedia,,24.0,c-ABL and BCR-ABL degredation,K562 CML,,,unmapped,0.0
Cc1nc(Nc2ncc(C(=O)Nc3c(C)cccc3Cl)s2)cc(N2CCN(CCCCCCOCCOCCOCCOCCOCCOCC(=O)Nc3cccc4c3C(=O)N(C3CCC(=O)NC3=O)C4=O)CC2)n1,True,228,,P00519,CRBN,CRBN,Q96SW2,K562 CML,K562/GM-CSF,,,0,,0,,0,1,10.1002/anie.201507634,PROTAC-Pedia,,24.0,c-ABL and BCR-ABL degredation,K562 CML,,,unmapped,0.0
Cc1nc(Nc2ncc(C(=O)Nc3c(C)cccc3Cl)s2)cc(N2CCN(CCCCCCOCCCCCOCCCCCC(=O)Nc3cccc4c3C(=O)N(C3CCC(=O)NC3=O)C4=O)CC2)n1,True,229,,P00519,CRBN,CRBN,Q96SW2,K562 CML,K562/GM-CSF,,,0,,0,,0,1,10.1002/anie.201507634,PROTAC-Pedia,,24.0,c-ABL and BCR-ABL degredation,K562 CML,,,unmapped,0.0
COc1cc(-c2cn(C)c(=O)c3cc(C(=N)NC4CCS(=O)(=O)CC4)sc23)ccc1OC(=O)NCCCCNC(=O)COc1cccc2c1C(=O)N(C1CCC(=O)NC1=O)C2=O,True,230,,Q9H8M2,CRBN,CRBN,Q96SW2,MOLM-13,MOLM-13,,,0,,0,,0,1,10.1002/anie.201611281,PROTAC-Pedia,,4.0,,MOLM-13,ACH-000362,Myeloid,mapped,1.0
COc1cc(-c2cn(C)c(=O)c3cc(C(=N)NC4CCS(=O)(=O)CC4)sc23)ccc1OC(=O)NCCCCCCCCNC(=O)COc1cccc2c1C(=O)N(C1CCC(=O)NC1=O)C2=O,True,231,,Q9H8M2,CRBN,CRBN,Q96SW2,MOLM-13,MOLM-13,,,0,,0,,0,1,10.1002/anie.201611281,PROTAC-Pedia,,4.0,,MOLM-13,ACH-000362,Myeloid,mapped,1.0
COc1ccc(-c2cn(C)c(=O)c3cc(C(=N)NC4CCS(=O)(=O)CC4)sc23)cc1OCC(=O)NCCCOCCOCCOCCCNC(=O)COc1cccc2c1C(=O)N(C1CCC(=O)NC1=O)C2=O,True,232,,Q9H8M2,CRBN,CRBN,Q96SW2,MOLM-13,MOLM-13,,,0,,0,,0,1,10.1002/anie.201611281,PROTAC-Pedia,,4.0,,MOLM-13,ACH-000362,Myeloid,mapped,1.0
COc1ccc(-c2cn(C)c(=O)c3cc(C(=N)NC4CCS(=O)(=O)CC4)sc23)cc1OCC(=O)NCCCCCCOc1cccc2c1C(=O)N(C1CCC(=O)NC1=O)C2=O,True,233,,Q9H8M2,CRBN,CRBN,Q96SW2,MOLM-13,MOLM-13,,,0,,0,,0,1,10.1002/anie.201611281,PROTAC-Pedia,,4.0,,MOLM-13,ACH-000362,Myeloid,mapped,1.0
COc1ccc(-c2cn(C)c(=O)c3cc(C(=N)NC4CCS(=O)(=O)CC4)sc23)cc1OCC(=O)N1CCC(C2CCN(C(=O)Oc3cccc4c3C(=O)N(C3CCC(=O)NC3=O)C4=O)CC2)CC1,True,234,,Q9H8M2,CRBN,CRBN,Q96SW2,MOLM-13,MOLM-13,,,0,,0,,0,1,10.1002/anie.201611281,PROTAC-Pedia,,4.0,,MOLM-13,ACH-000362,Myeloid,mapped,1.0
COc1ccc(-c2cn(C)c(=O)c3cc(C(=N)NC4CCS(=O)(=O)CC4)sc23)cc1OCC(=O)NCCOCCOCCOCCN[C@H](C(=O)N1C[C@H](O)C[C@H]1C(=O)NCc1ccc(-c2scnc2C)cc1)C(C)(C)C,True,235,,Q9H8M2,VHL,VHL,P40337,MOLM-13,MOLM-13,,,0,,0,,0,1,10.1002/anie.201611281,PROTAC-Pedia,,4.0,,MOLM-13,ACH-000362,Myeloid,mapped,1.0
COc1ccc(-c2cn(C)c(=O)c3cc(C(=N)NC4CCS(=O)(=O)CC4)sc23)cc1OCC(=O)NCCOCCOCCN[C@H](C(=O)N1C[C@H](O)C[C@H]1C(=O)NCc1ccc(-c2scnc2C)cc1)C(C)(C)C,True,236,,Q9H8M2,VHL,VHL,P40337,MOLM-13,MOLM-13,,,0,,0,,0,1,10.1002/anie.201611281,PROTAC-Pedia,,4.0,,MOLM-13,ACH-000362,Myeloid,mapped,1.0
COc1ccc(-c2cn(C)c(=O)c3cc(C(=N)NC4CCS(=O)(=O)CC4)sc23)cc1OCC(=O)NCCCCCCCCNc1ccc2c(c1)C(=O)N(C1CCC(=O)NC1=O)C2=O,True,237,,Q9H8M2,CRBN,CRBN,Q96SW2,MOLM-13,MOLM-13,,,0,,0,,0,1,10.1002/anie.201611281,PROTAC-Pedia,,4.0,,MOLM-13,ACH-000362,Myeloid,mapped,1.0
COc1ccc(-c2cn(C)c(=O)c3cc(C(=N)NC4CCS(=O)(=O)CC4)sc23)cc1OCC(=O)NCCCCCCCCNc1cccc2c1C(=O)N(C1CCC(=O)NC1=O)C2=O,True,238,,Q9H8M2,CRBN,CRBN,Q96SW2,MOLM-13,MOLM-13,,,0,,0,,0,1,10.1002/anie.201611281,PROTAC-Pedia,,4.0,,MOLM-13,ACH-000362,Myeloid,mapped,1.0
COc1ccc(-c2cn(C)c(=O)c3cc(C(=N)NC4CCS(=O)(=O)CC4)sc23)cc1OCC(=O)NCCCCCCCCNc1cccc2c1CN(C1CCC(=O)NC1=O)C2=O,True,239,,Q9H8M2,CRBN,CRBN,Q96SW2,MOLM-13,MOLM-13,,,0,,0,,0,1,10.1002/anie.201611281,PROTAC-Pedia,,4.0,,MOLM-13,ACH-000362,Myeloid,mapped,1.0
COc1cc(-c2cn(C)c(=O)c3cnccc23)cc(OC)c1CN(C)CC(=O)NCCCCCCNc1ccc2c(c1)C(=O)N(C1CCC(=O)NC1=O)C2=O,True,240,,Q9H8M2,CRBN,CRBN,Q96SW2,MOLM-13,MOLM-13,,,0,,0,,0,1,10.1002/anie.201611281,PROTAC-Pedia,,4.0,,MOLM-13,ACH-000362,Myeloid,mapped,1.0
COc1cc(-c2cn(C)c(=O)c3cnccc23)cc(OC)c1CN(C)CC(=O)NCCCCCCCCNc1cccc2c1C(=O)N(C1CCC(=O)NC1=O)C2=O,True,241,,Q9H8M2,CRBN,CRBN,Q96SW2,MOLM-13,MOLM-13,,,0,,0,,0,1,10.1002/anie.201611281,PROTAC-Pedia,,4.0,,MOLM-13,ACH-000362,Myeloid,mapped,1.0
COc1cc(-c2cn(C)c(=O)c3cnccc23)cc(OC)c1CN(C)CC(=O)NCCOCCOCCOCC(=O)N[C@H](C(=O)N1C[C@H](O)C[C@H]1C(=O)NCc1ccc(-c2scnc2C)cc1)C(C)(C)C,True,242,,Q9H8M2,VHL,VHL,P40337,MOLM-13,MOLM-13,,,0,,0,,0,1,10.1002/anie.201611281,PROTAC-Pedia,,4.0,,MOLM-13,ACH-000362,Myeloid,mapped,1.0
COc1cc(-c2cn(C)c(=O)c3cnccc23)cc(OC)c1CN(C)CC(=O)NCCCCCCCCNC(=O)COc1cccc2c1C(=O)N(C1CCC(=O)NC1=O)C2=O,True,243,,Q9H8M2,CRBN,CRBN,Q96SW2,MOLM-13,MOLM-13,,,0,,0,,0,1,10.1002/anie.201611281,PROTAC-Pedia,,4.0,,MOLM-13,ACH-000362,Myeloid,mapped,1.0
COc1cc(-c2cn(C)c(=O)c3cnccc23)cc(OC)c1CN(C)CC(=O)NCCOCCOCCNc1cccc2c1C(=O)N(C1CCC(=O)NC1=O)C2=O,True,244,,Q9H8M2,CRBN,CRBN,Q96SW2,MOLM-13,MOLM-13,,,0,,0,,0,1,10.1002/anie.201611281,PROTAC-Pedia,,4.0,,MOLM-13,ACH-000362,Myeloid,mapped,1.0
CC(C)(C)c1cnc(CSc2cnc(NC(=O)C3CCN(CC(=O)NCCOCCOCCOCCNc4cccc5c4C(=O)N(C4CCC(=O)NC4=O)C5=O)CC3)s2)o1,True,245,,P50750,CRBN,CRBN,Q96SW2,MOLT4,MOLT4/P,,,0,,0,,0,1,10.1038/nchembio.2538,PROTAC-Pedia,,6.0,tested competition with ligand and with thalidomide. EC for ligand and PROTAC was measured in MOLT-4 cell line.,MOLT-4,ACH-001127,Lymphoid,mapped,0.0
N#CC1(CNc2cccc(-c3cc(N[C@H]4CC[C@H](NCC(=O)NCCOCCOCCOCCCNc5cccc6c5C(=O)N(C5CCC(=O)NC5=O)C6=O)CC4)ncc3Cl)n2)CCOCC1,True,246,,P50750,CRBN,CRBN,Q96SW2,MOLT4,MOLT4/P,,,0,,0,,0,1,10.1038/nchembio.2538,PROTAC-Pedia,,6.0,EC50 of ligand is measured on MOLT-4 cell line,MOLT-4,ACH-001127,Lymphoid,mapped,0.0
N#CC1(CNc2cccc(-c3cc(N[C@H]4CC[C@H](NCCCCCCNc5cccc6c5C(=O)C(C5CCC(=O)NC5=O)C6=O)CC4)ncc3Cl)n2)CCOCC1,True,247,,P50750,CRBN,CRBN,Q96SW2,MOLT4,MOLT4/P,,,0,,0,,0,1,10.1038/nchembio.2538,PROTAC-Pedia,,24.0,achieved full degradation after 24hrs with addition of off-target CDK10 degradation. EC50 of ligand is measured on MOLT-4 cell line,MOLT-4,ACH-001127,Lymphoid,mapped,0.0
N#CC1(CNc2cccc(-c3cc(N[C@H]4CC[C@H](NCCCCCCNC(=O)CNc5cccc6c5C(=O)N(C5CCC(=O)NC5=O)C6=O)CC4)ncc3Cl)n2)CCOCC1,True,248,,P50750,CRBN,CRBN,Q96SW2,MOLT4,MOLT4/P,,,0,,0,,0,1,10.1038/nchembio.2538,PROTAC-Pedia,,6.0,EC50 of ligand is measured on MOLT-4 cell line,MOLT-4,ACH-001127,Lymphoid,mapped,0.0
N#CC1(CNc2cccc(-c3cc(N[C@H]4CC[C@H](NCCCC(=O)NCCCCOc5ccc6c(c5)C(=O)N(C5CCC(=O)NC5=O)C6=O)CC4)ncc3Cl)n2)CCOCC1,True,249,,P50750,CRBN,CRBN,Q96SW2,MOLT4,MOLT4/P,,,0,,0,,0,1,10.1038/nchembio.2538,PROTAC-Pedia,,6.0,EC50 of ligand is measured on MOLT-4 cell line,MOLT-4,ACH-001127,Lymphoid,mapped,0.0
Cc1nn(C)c(COc2ccc(N3CCN(S(=O)(=O)N(C)C)CC3)cc2)c1-c1cccc2c(CCCOc3cccc4ccccc34)c(C(=O)O)n(CCN3CCN(C(=O)CCC(=O)NCCCOCCOCCOCCCNC(=O)COc4cccc5c4C(=O)N(C4CCC(=O)NC4=O)C5=O)CC3)c12,True,250,,Q07820,CRBN,CRBN,Q96SW2,,,,,0,,0,,0,1,10.1021/acs.jmedchem.9b00455,PROTAC-Pedia,,,,,,,,
Cc1nn(C)c(COc2ccc(N3CCN(S(=O)(=O)N(C)C)CC3)cc2)c1-c1cccc2c(CCCOc3cccc4ccccc34)c(C(=O)O)n(CCN3CCN(C(=O)COc4cccc5c4C(=O)N(C4CCC(=O)NC4=O)C5=O)CC3)c12,True,251,,Q07820,CRBN,CRBN,Q96SW2,OPM2,OPM-2,,,0,,0,,0,1,10.1021/acs.jmedchem.9b00455,PROTAC-Pedia,,48.0,,OPM-2,ACH-000024,Lymphoid,mapped,1.0
Cc1nn(C)c(COc2ccc(N3CCN(S(=O)(=O)N(C)C)CC3)cc2)c1-c1cccc2c(CCCOc3cccc4ccccc34)c(C(=O)NCCCCNC(=O)COc3cccc4c3C(=O)N(C3CCC(=O)NC3=O)C4=O)n(CCN3CCOCC3)c12,True,252,,Q07820,CRBN,CRBN,Q96SW2,,,,,0,,0,,0,1,10.1021/acs.jmedchem.9b00455,PROTAC-Pedia,,,,,,,,
Cc1nn(C)c(COc2ccc(N3CCN(C(=O)CCNC(=O)CCCOCCOCCOCCCNC(=O)COc4cccc5c4C(=O)N(C4CCC(=O)NC4=O)C5=O)CC3)cc2)c1-c1cccc2c(CCCOc3cccc4ccccc34)c(C(=O)O)n(CCN3CCOCC3)c12,True,253,,Q07820,CRBN,CRBN,Q96SW2,,,,,0,,0,,0,1,10.1021/acs.jmedchem.9b00455,PROTAC-Pedia,,,modest to poor activity,,,,,
Cc1nn(C)c(COc2ccc(N3CCN(C(=O)COc4cccc5c4C(=O)N(C4CCC(=O)NC4=O)C5=O)CC3)cc2)c1-c1cccc2c(CCCOc3cccc4ccccc34)c(C(=O)O)n(CCN3CCOCC3)c12,True,254,,Q07820,CRBN,CRBN,Q96SW2,,,,,0,,0,,0,1,10.1021/acs.jmedchem.9b00455,PROTAC-Pedia,,,modest to poor activity,,,,,
Cc1nn(C)c(COc2ccc(N3CCN(C(=O)CCCNC(=O)COc4cccc5c4C(=O)N(C4CCC(=O)NC4=O)C5=O)CC3)cc2)c1-c1cccc2c(CCCOc3cccc4ccccc34)c(C(=O)O)n(CCN3CCOCC3)c12,True,255,,Q07820,CRBN,CRBN,Q96SW2,,,,,0,,0,,0,1,10.1021/acs.jmedchem.9b00455,PROTAC-Pedia,,,modest to poor activity,,,,,
Cc1ncsc1-c1ccc(CNC(=O)[C@@H]2C[C@@H](O)CN2C(=O)[C@@H](NC(=O)C2(F)CC2)C(C)(C)C)c(OCCOCCOCCN2CCN(c3cc(-c4ccccc4O)nnc3N)CC2)c1,True,256,,P51531,VHL,VHL,P40337,MV-4-11,MV4-11,300.0,6.522878745280337,1,70.0,1,1.0,1,1,10.1038/s41589-019-0294-6,PROTAC-Pedia,,,"poor cellular permeability, ternary complex crystal structure: 6HAY (VCB:PROTAC 1:SMARCA2). DC50 is SMARCA2 300nM, SMARCA4 250nM. DCmax isSMARCA2 65%, SMARCA4 70%.",MV4-11,ACH-000045,Myeloid,mapped,1.0
Cc1ncsc1-c1ccc(CNC(=O)[C@@H]2C[C@@H](O)CN2C(=O)[C@@H](NC(=O)C2(F)CC2)C(C)(C)C)c(OCCc2ccc(CN3CCN(c4cc(-c5ccccc5O)nnc4N)CC3)cc2)c1,True,257,,P51531,VHL,VHL,P40337,,,,,0,,0,,0,1,10.1038/s41589-019-0294-6,PROTAC-Pedia,,,"ternary complex crystal structure: 6HAX (VCB:PROTAC 2:SMARCA2BD), 6HAR2 (VCB:PROTAC 2:SMARCA4BD)",,,,,
C[C@@H]1C[C@@H](O)c2ncnc(C3CCN(C(=O)[C@H](CNCCCCCCCCCCc4cccc5c4CN(C4CCC(=O)NC4=O)C5=O)c4ccc(Cl)cc4)CC3)c21,True,259,,P31750,CRBN,CRBN,Q96SW2,MDA-MB-468,MDA-MB-468,2.0,8.698970004336019,1,,0,,0,1,10.1016/j.chembiol.2019.11.014,PROTAC-Pedia,,12.0,"IC50 of ligand is AKT1 5 nM, AKT2 18 nM, AKT3 8 nM. EC50 of ligand is 0.229-12.9 uM (cell dependant). EC50 of PROTAC is 0.016-1.65 uM (cell dependant). EC50 of PROTAC is AKT1 2 nM, AKT2 6.8 nM, AKT3 3.5 nM.",MDA-MB-468,ACH-000849,Breast,mapped,1.0
O=C(NC1CCNCC1)c1n[nH]cc1NC(=O)c1c(Cl)cccc1Cl,True,260,,P24941,CRBN,CRBN,Q96SW2,PC-3,PC-3,,,0,,0,,0,1,10.1016/j.ejmech.2019.111952,PROTAC-Pedia,,12.0,,PC-3,ACH-000090,Prostate,mapped,1.0
O=C(COc1cccc2c1C(=O)N(C1CCC(=O)NC1=O)C2=O)NCCCCCC(=O)N1CCC(NC(=O)c2n[nH]cc2NC(=O)c2c(Cl)cccc2Cl)CC1,True,261,,P24941,CRBN,CRBN,Q96SW2,PC-3,PC-3,,,0,,0,,0,1,10.1016/j.ejmech.2019.111952,PROTAC-Pedia,,12.0,,PC-3,ACH-000090,Prostate,mapped,1.0
O=C(CCC(=O)N1CCC(NC(=O)c2n[nH]cc2NC(=O)c2c(Cl)cccc2Cl)CC1)NCCNc1cccc2c1C(=O)N(C1CCC(=O)NC1=O)C2=O,True,262,,P24941,CRBN,CRBN,Q96SW2,PC-3,PC-3,,,0,,0,,0,1,10.1016/j.ejmech.2019.111952,PROTAC-Pedia,,12.0,,PC-3,ACH-000090,Prostate,mapped,1.0
O=C(CCC(=O)N1CCC(NC(=O)c2n[nH]cc2NC(=O)c2c(Cl)cccc2Cl)CC1)NCCCCNc1cccc2c1C(=O)N(C1CCC(=O)NC1=O)C2=O,True,263,,P24941,CRBN,CRBN,Q96SW2,PC-3,PC-3,,,0,,0,,0,1,10.1016/j.ejmech.2019.111952,PROTAC-Pedia,,12.0,,PC-3,ACH-000090,Prostate,mapped,1.0
O=C(CCC(=O)N1CCC(NC(=O)c2n[nH]cc2NC(=O)c2c(Cl)cccc2Cl)CC1)NCCCCCCNc1cccc2c1C(=O)N(C1CCC(=O)NC1=O)C2=O,True,264,,P24941,CRBN,CRBN,Q96SW2,PC-3,PC-3,,,0,,0,,0,1,10.1016/j.ejmech.2019.111952,PROTAC-Pedia,,12.0,,PC-3,ACH-000090,Prostate,mapped,1.0
O=C(CCC(=O)N1CCC(NC(=O)c2n[nH]cc2NC(=O)c2c(Cl)cccc2Cl)CC1)NCCNC(=O)COc1cccc2c1C(=O)N(C1CCC(=O)NC1=O)C2=O,True,265,,P24941,CRBN,CRBN,Q96SW2,PC-3,PC-3,,,0,,0,,0,1,10.1016/j.ejmech.2019.111952,PROTAC-Pedia,,12.0,,PC-3,ACH-000090,Prostate,mapped,1.0
O=C(CCC(=O)N1CCC(NC(=O)c2n[nH]cc2NC(=O)c2c(Cl)cccc2Cl)CC1)NCCCCNC(=O)COc1cccc2c1C(=O)N(C1CCC(=O)NC1=O)C2=O,True,266,,P24941,CRBN,CRBN,Q96SW2,PC-3,PC-3,,,0,,0,,0,1,10.1016/j.ejmech.2019.111952,PROTAC-Pedia,,12.0,,PC-3,ACH-000090,Prostate,mapped,1.0
O=C(CCC(=O)N1CCC(NC(=O)c2n[nH]cc2NC(=O)c2c(Cl)cccc2Cl)CC1)NCCCCCCNC(=O)COc1cccc2c1C(=O)N(C1CCC(=O)NC1=O)C2=O,True,267,,P24941,CRBN,CRBN,Q96SW2,PC-3,PC-3,,,0,,0,,0,1,10.1016/j.ejmech.2019.111952,PROTAC-Pedia,,12.0,,PC-3,ACH-000090,Prostate,mapped,1.0
O=C(COc1cccc2c1C(=O)N(C1CCC(=O)NC1=O)C2=O)NCCOCCOCC(=O)N1CCC(NC(=O)c2n[nH]cc2NC(=O)c2c(Cl)cccc2Cl)CC1,True,268,,P24941,CRBN,CRBN,Q96SW2,PC-3,PC-3,,,0,,0,,0,1,10.1016/j.ejmech.2019.111952,PROTAC-Pedia,,12.0,Controls were done against CDK2. tested competition with ligand and with pomalidomide,PC-3,ACH-000090,Prostate,mapped,1.0
O=C(CCC(=O)N1CCC(NC(=O)c2n[nH]cc2NC(=O)c2c(Cl)cccc2Cl)CC1)NCCCOCCOCCOCCNC(=O)COc1cccc2c1C(=O)N(C1CCC(=O)NC1=O)C2=O,True,269,,P24941,CRBN,CRBN,Q96SW2,PC-3,PC-3,,,0,,0,,0,1,10.1016/j.ejmech.2019.111952,PROTAC-Pedia,,12.0,,PC-3,ACH-000090,Prostate,mapped,1.0
O=C(COc1cccc2c1C(=O)N(C1CCC(=O)NC1=O)C2=O)NCCCC(=O)N1CCN(Cc2ccc(NC(=O)c3n[nH]cc3Nc3ncnc4[nH]ccc34)cc2)CC1,True,270,,P24941,CRBN,CRBN,Q96SW2,PC-3,PC-3,,,0,,0,,0,1,10.1016/j.ejmech.2019.111952,PROTAC-Pedia,,12.0,,PC-3,ACH-000090,Prostate,mapped,1.0
O=C(COc1cccc2c1C(=O)N(C1CCC(=O)NC1=O)C2=O)NCCCCCC(=O)N1CCN(Cc2ccc(NC(=O)c3n[nH]cc3Nc3ncnc4[nH]ccc34)cc2)CC1,True,271,,P24941,CRBN,CRBN,Q96SW2,PC-3,PC-3,,,0,,0,,0,1,10.1016/j.ejmech.2019.111952,PROTAC-Pedia,,12.0,,PC-3,ACH-000090,Prostate,mapped,1.0
O=C(CCC(=O)N1CCN(Cc2ccc(NC(=O)c3n[nH]cc3Nc3ncnc4[nH]ccc34)cc2)CC1)NCCNc1cccc2c1C(=O)N(C1CCC(=O)NC1=O)C2=O,True,272,,P24941,CRBN,CRBN,Q96SW2,PC-3,PC-3,62.0,7.2076083105017466,1,,0,,0,1,10.1016/j.ejmech.2019.111952,PROTAC-Pedia,,12.0,"preferentially degrades CDK9 over CDK2. Controls were done against CDK2 and CDK9. tested competition with ligand and with pomalidomide. DC50 is CDK2: 62 nM, CDK9: 33 nM.",PC-3,ACH-000090,Prostate,mapped,1.0
O=C(CCC(=O)N1CCN(Cc2ccc(NC(=O)c3n[nH]cc3Nc3ncnc4[nH]ccc34)cc2)CC1)NCCCCNc1cccc2c1C(=O)N(C1CCC(=O)NC1=O)C2=O,True,273,,P24941,CRBN,CRBN,Q96SW2,PC-3,PC-3,,,0,,0,,0,1,10.1016/j.ejmech.2019.111952,PROTAC-Pedia,,12.0,,PC-3,ACH-000090,Prostate,mapped,1.0
O=C(CCC(=O)N1CCN(Cc2ccc(NC(=O)c3n[nH]cc3Nc3ncnc4[nH]ccc34)cc2)CC1)NCCCCCCNc1cccc2c1C(=O)N(C1CCC(=O)NC1=O)C2=O,True,274,,P24941,CRBN,CRBN,Q96SW2,PC-3,PC-3,,,0,,0,,0,1,10.1016/j.ejmech.2019.111952,PROTAC-Pedia,,12.0,,PC-3,ACH-000090,Prostate,mapped,1.0
O=C(CCC(=O)N1CCN(Cc2ccc(NC(=O)c3n[nH]cc3Nc3ncnc4[nH]ccc34)cc2)CC1)NCCNC(=O)COc1cccc2c1C(=O)N(C1CCC(=O)NC1=O)C2=O,True,275,,P24941,CRBN,CRBN,Q96SW2,PC-3,PC-3,,,0,,0,,0,1,10.1016/j.ejmech.2019.111952,PROTAC-Pedia,,12.0,,PC-3,ACH-000090,Prostate,mapped,1.0
O=C(CCC(=O)N1CCN(Cc2ccc(NC(=O)c3n[nH]cc3Nc3ncnc4[nH]ccc34)cc2)CC1)NCCCCNC(=O)COc1cccc2c1C(=O)N(C1CCC(=O)NC1=O)C2=O,True,276,,P24941,CRBN,CRBN,Q96SW2,PC-3,PC-3,,,0,,0,,0,1,10.1016/j.ejmech.2019.111952,PROTAC-Pedia,,12.0,,PC-3,ACH-000090,Prostate,mapped,1.0
O=C(CCC(=O)N1CCN(Cc2ccc(NC(=O)c3n[nH]cc3Nc3ncnc4[nH]ccc34)cc2)CC1)NCCCCCCNC(=O)COc1cccc2c1C(=O)N(C1CCC(=O)NC1=O)C2=O,True,277,,P24941,CRBN,CRBN,Q96SW2,PC-3,PC-3,,,0,,0,,0,1,10.1016/j.ejmech.2019.111952,PROTAC-Pedia,,12.0,,PC-3,ACH-000090,Prostate,mapped,1.0
O=C(COc1cccc2c1C(=O)N(C1CCC(=O)NC1=O)C2=O)NCCOCCOCC(=O)N1CCN(Cc2ccc(NC(=O)c3n[nH]cc3Nc3ncnc4[nH]ccc34)cc2)CC1,True,278,,P24941,CRBN,CRBN,Q96SW2,PC-3,PC-3,,,0,,0,,0,1,10.1016/j.ejmech.2019.111952,PROTAC-Pedia,,12.0,,PC-3,ACH-000090,Prostate,mapped,1.0
O=C(CCC(=O)N1CCN(Cc2ccc(NC(=O)c3n[nH]cc3Nc3ncnc4[nH]ccc34)cc2)CC1)NCCCOCCOCCOCCNC(=O)COc1cccc2c1C(=O)N(C1CCC(=O)NC1=O)C2=O,True,279,,P24941,CRBN,CRBN,Q96SW2,PC-3,PC-3,,,0,,0,,0,1,10.1016/j.ejmech.2019.111952,PROTAC-Pedia,,12.0,,PC-3,ACH-000090,Prostate,mapped,1.0
O=C(CCC(=O)N1CCN(Cc2ccc(NC(=O)c3n[nH]cc3Nc3ncnc4[nH]ccc34)cc2)CC1)NCCNc1cccc2c1CN(C1CCC(=O)NC1=O)C2=O,True,280,,P24941,CRBN,CRBN,Q96SW2,PC-3,PC-3,,,0,,0,,0,1,10.1016/j.ejmech.2019.111952,PROTAC-Pedia,,12.0,,PC-3,ACH-000090,Prostate,mapped,1.0
O=C(CCC(=O)N1CCN(Cc2ccc(NC(=O)c3n[nH]cc3Nc3ncnc4[nH]ccc34)cc2)CC1)NCCNc1ccc2c(c1)C(=O)N(C1CCC(=O)NC1=O)C2=O,True,281,,P24941,CRBN,CRBN,Q96SW2,PC-3,PC-3,,,0,,0,,0,1,10.1016/j.ejmech.2019.111952,PROTAC-Pedia,,12.0,,PC-3,ACH-000090,Prostate,mapped,1.0
Cc1ncsc1-c1ccc(CNC(=O)[C@@H]2C[C@@H](O)CN2C(=O)[C@@H](NC(=O)CCNC(=O)c2ccc(-c3cnc(NCc4ccco4)n4cnnc34)cc2)C(C)(C)C)cc1,True,282,,O75530,VHL,VHL,P40337,HeLa,HeLa,,,0,47.0,1,0.0,1,1,10.1016/j.chembiol.2019.11.006,PROTAC-Pedia,,24.0,,HeLa,ACH-001086,Cervix,mapped,1.0
Cc1ncsc1-c1ccc(CNC(=O)[C@@H]2C[C@@H](O)CN2C(=O)[C@@H](NC(=O)CCCCNC(=O)c2ccc(-c3cnc(NCc4ccco4)n4cnnc34)cc2)C(C)(C)C)cc1,True,284,,O75530,VHL,VHL,P40337,HeLa,HeLa,,,0,24.0,1,0.0,1,1,10.1016/j.chembiol.2019.11.006,PROTAC-Pedia,,24.0,,HeLa,ACH-001086,Cervix,mapped,1.0
Cc1ncsc1-c1ccc(CNC(=O)[C@@H]2C[C@@H](O)CN2C(=O)[C@@H](NC(=O)CCOCCOCCNC(=O)c2ccc(-c3cnc(NCc4ccco4)n4cnnc34)cc2)C(C)(C)C)cc1,True,285,,O75530,VHL,VHL,P40337,HeLa,HeLa,,,0,0.03,1,0.0,1,1,10.1016/j.chembiol.2019.11.006,PROTAC-Pedia,,24.0,,HeLa,ACH-001086,Cervix,mapped,1.0
Cc1ncsc1-c1ccc(CNC(=O)[C@@H]2C[C@@H](O)CN2C(=O)[C@@H](NC(=O)COCCOCCOCCNC(=O)c2ccc(-c3cnc(NCc4ccco4)n4cnnc34)cc2)C(C)(C)C)cc1,True,286,,O75530,VHL,VHL,P40337,HeLa,HeLa,,,0,0.04,1,0.0,1,1,10.1016/j.chembiol.2019.11.006,PROTAC-Pedia,,24.0,,HeLa,ACH-001086,Cervix,mapped,1.0
Cc1ncsc1-c1ccc(CNC(=O)[C@@H]2C[C@@H](O)CN2C(=O)[C@@H](NC(=O)CCOCCOCCOCCOCCNC(=O)c2ccc(-c3cnc(NCc4ccco4)n4cnnc34)cc2)C(C)(C)C)cc1,True,287,,O75530,VHL,VHL,P40337,HeLa,HeLa,,,0,29.0,1,0.0,1,1,10.1016/j.chembiol.2019.11.006,PROTAC-Pedia,,24.0,,HeLa,ACH-001086,Cervix,mapped,1.0
O=C1CCC(N2C(=O)c3cccc(NCCOCCOCCNC(=O)c4ccc(CN(CC5CCCCC5)S(=O)(=O)c5ccc(S(=O)(=O)N(Cc6ccc(Cl)cc6)C6CCCC6)cc5)cc4)c3C2=O)C(=O)N1,True,288,,O43924,CRBN,CRBN,Q96SW2,Jurkat,Jurkat,,,0,,0,,0,1,10.1002/anie.201913904,PROTAC-Pedia,,48.0,"proteomics of PDEdelta degradation show upregulation of enzymes involved in lipid metabolism - deltasonamide 1 also causes this. IC50 Deltasonamide 1 is 203 pM, and of the Bn derivative is 8 nM.",JURKAT,ACH-000995,Lymphoid,mapped,1.0
O=C1CCC(N2C(=O)c3cccc(NCCOCCOCCOCCNC(=O)c4ccc(CN(CC5CCCCC5)S(=O)(=O)c5ccc(S(=O)(=O)N(Cc6ccc(Cl)cc6)C6CCCC6)cc5)cc4)c3C2=O)C(=O)N1,True,289,,O43924,CRBN,CRBN,Q96SW2,Jurkat,Jurkat,,,0,,0,,0,1,10.1002/anie.201913904,PROTAC-Pedia,,48.0,"proteomics of PDEdelta degradation show upregulation of enzymes involved in lipid metabolism - deltasonamide 1 also causes this. IC50 Deltasonamide 1 is 203 pM, and of the Bn derivative is 8 nM.",JURKAT,ACH-000995,Lymphoid,mapped,1.0
Cc1cc([C@H](C(=O)N2C[C@@H](O)C[C@@H]2C(=O)N[C@@H](CC(=O)N2CCC(N3CCC(C#Cc4ccc(C(=O)N[C@H]5C(C)(C)[C@H](Oc6ccc(C#N)c(Cl)c6)C5(C)C)cc4)CC3)CC2)c2ccc(-c3scnc3C)cc2)C(C)C)on1,True,292,,P10275,VHL,VHL,P40337,LNCaP,LNCaP,7.2,8.142667503568731,1,99.0,1,1.0,1,1,10.1021/acs.jmedchem.9b01393,PROTAC-Pedia,,24.0,,LNCaP clone FGC,ACH-000977,Prostate,mapped,1.0
C#Cc1ccc([C@H](CC(=O)N2CCC(N3CCC(C#Cc4ccc(C(=O)N[C@H]5C(C)(C)[C@H](Oc6ccc(C#N)c(Cl)c6)C5(C)C)cc4)CC3)CC2)NC(=O)[C@H]2C[C@H](O)CN2C(=O)[C@@H](c2cc(C)no2)C(C)C)cc1,True,293,,P10275,VHL,VHL,P40337,LNCaP,LNCaP,,,0,99.0,1,,0,1,10.1021/acs.jmedchem.9b01393,PROTAC-Pedia,,6.0,,LNCaP clone FGC,ACH-000977,Prostate,mapped,1.0
Cc1cc([C@H](C(=O)N2C[C@@H](O)C[C@@H]2C(=O)N[C@@H](CC(=O)N2CCC(N3CCC(C#Cc4ccc(C(=O)N[C@H]5C(C)(C)[C@H](Oc6ccc(C#N)c(Cl)c6)C5(C)C)cc4)CC3)CC2)c2ccc(C#N)cc2)C(C)C)on1,True,294,,P10275,VHL,VHL,P40337,LNCaP,LNCaP,,,0,99.0,1,,0,1,10.1021/acs.jmedchem.9b01393,PROTAC-Pedia,,6.0,,LNCaP clone FGC,ACH-000977,Prostate,mapped,1.0
Cc1cc([C@H](C(=O)N2C[C@@H](O)C[C@@H]2C(=O)N[C@@H](CC(=O)N2CCC(N3CCC(C#Cc4ccc(C(=O)N[C@H]5C(C)(C)[C@H](Oc6ccc(C#N)c(Cl)c6)C5(C)C)cc4)CC3)CC2)c2ccc(Br)cc2)C(C)C)on1,True,295,,P10275,VHL,VHL,P40337,LNCaP,LNCaP,,,0,95.0,1,,0,1,10.1021/acs.jmedchem.9b01393,PROTAC-Pedia,,6.0,,LNCaP clone FGC,ACH-000977,Prostate,mapped,1.0
Cc1cc([C@H](C(=O)N2C[C@@H](O)C[C@@H]2C(=O)N[C@@H](CC(=O)N2CCC(N3CCC(C#Cc4ccc(C(=O)N[C@H]5C(C)(C)[C@H](Oc6ccc(C#N)c(Cl)c6)C5(C)C)cc4)CC3)CC2)c2ccc(Cl)cc2)C(C)C)on1,True,296,,P10275,VHL,VHL,P40337,LNCaP,LNCaP,,,0,99.0,1,,0,1,10.1021/acs.jmedchem.9b01393,PROTAC-Pedia,,6.0,,LNCaP clone FGC,ACH-000977,Prostate,mapped,1.0
Cc1cc([C@H](C(=O)N2C[C@@H](O)C[C@@H]2C(=O)N[C@@H](CC(=O)N2CCC(N3CCC(C#Cc4ccc(C(=O)N[C@H]5C(C)(C)[C@H](Oc6ccc(C#N)c(Cl)c6)C5(C)C)cc4)CC3)CC2)c2ccc(F)cc2)C(C)C)on1,True,297,,P10275,VHL,VHL,P40337,LNCaP,LNCaP,,,0,99.0,1,,0,1,10.1021/acs.jmedchem.9b01393,PROTAC-Pedia,,6.0,,LNCaP clone FGC,ACH-000977,Prostate,mapped,1.0
Cc1cc([C@H](C(=O)N2C[C@@H](O)C[C@@H]2C(=O)N[C@@H](CC(=O)N2CCC(N3CCC(C#Cc4ccc(C(=O)N[C@H]5C(C)(C)[C@H](Oc6ccc(C#N)c(Cl)c6)C5(C)C)cc4)CC3)CC2)c2ccccc2)C(C)C)on1,True,298,,P10275,VHL,VHL,P40337,LNCaP,LNCaP,,,0,99.0,1,,0,1,10.1021/acs.jmedchem.9b01393,PROTAC-Pedia,,6.0,,LNCaP clone FGC,ACH-000977,Prostate,mapped,1.0
CC(=O)NC[C@H](C(=O)N1C[C@@H](O)C[C@@H]1C(=O)N[C@@H](CC(=O)N1CCC(N2CCC(C#Cc3ccc(C(=O)N[C@H]4C(C)(C)[C@H](Oc5ccc(C#N)c(Cl)c5)C4(C)C)cc3)CC2)CC1)c1ccccc1)C(C)C,True,299,,P10275,VHL,VHL,P40337,LNCaP,LNCaP,,,0,11.0,1,0.0,1,1,10.1021/acs.jmedchem.9b01393,PROTAC-Pedia,,6.0,,LNCaP clone FGC,ACH-000977,Prostate,mapped,1.0
Cc1cc([C@H](C(=O)N2C[C@@H](O)C[C@@H]2C(=O)N[C@@H](CC(=O)N2CCC(N3CC(C#Cc4ccc(C(=O)N[C@H]5C(C)(C)[C@H](Oc6ccc(C#N)c(Cl)c6)C5(C)C)cc4)C3)CC2)c2ccccc2)C(C)C)on1,True,300,,P10275,VHL,VHL,P40337,LNCaP,LNCaP,,,0,86.0,1,,0,1,10.1021/acs.jmedchem.9b01393,PROTAC-Pedia,,6.0,,LNCaP clone FGC,ACH-000977,Prostate,mapped,1.0
Cc1cc([C@H](C(=O)N2C[C@@H](O)C[C@@H]2C(=O)N[C@@H](CC(=O)N2CC(N3CCC(C#Cc4ccc(C(=O)N[C@H]5C(C)(C)[C@H](Oc6ccc(C#N)c(Cl)c6)C5(C)C)cc4)CC3)C2)c2ccccc2)C(C)C)on1,True,301,,P10275,VHL,VHL,P40337,LNCaP,LNCaP,,,0,68.0,1,,0,1,10.1021/acs.jmedchem.9b01393,PROTAC-Pedia,,6.0,,LNCaP clone FGC,ACH-000977,Prostate,mapped,1.0
Cc1cc([C@H](C(=O)N2C[C@@H](O)C[C@@H]2C(=O)N[C@@H](CC(=O)N2CCC(C#Cc3ccc(C(=O)N[C@H]4C(C)(C)[C@H](Oc5ccc(C#N)c(Cl)c5)C4(C)C)cc3)CC2)c2ccccc2)C(C)C)on1,True,302,,P10275,VHL,VHL,P40337,LNCaP,LNCaP,0.5352,9.271483895240234,1,99.0,1,1.0,1,1,10.1021/acs.jmedchem.9b01393,PROTAC-Pedia,,24.0,,LNCaP clone FGC,ACH-000977,Prostate,mapped,1.0
Cc1cc([C@H](C(=O)N2C[C@@H](O)C[C@@H]2C(=O)N[C@@H](CC(=O)N2CCC(C3CN(c4ccc(C(=O)N[C@H]5C(C)(C)[C@H](Oc6ccc(C#N)c(Cl)c6)C5(C)C)cc4)C3)CC2)c2ccccc2)C(C)C)on1,True,303,,P10275,VHL,VHL,P40337,LNCaP,LNCaP,,,0,99.0,1,,0,1,10.1021/acs.jmedchem.9b01393,PROTAC-Pedia,,6.0,,LNCaP clone FGC,ACH-000977,Prostate,mapped,1.0
Cc1cc([C@H](C(=O)N2C[C@@H](O)C[C@@H]2C(=O)N[C@@H](CC(=O)N2CCC(N3CC(c4ccc(C(=O)N[C@H]5C(C)(C)[C@H](Oc6ccc(C#N)c(Cl)c6)C5(C)C)cc4)C3)CC2)c2ccccc2)C(C)C)on1,True,304,,P10275,VHL,VHL,P40337,LNCaP,LNCaP,,,0,99.0,1,,0,1,10.1021/acs.jmedchem.9b01393,PROTAC-Pedia,,6.0,,LNCaP clone FGC,ACH-000977,Prostate,mapped,1.0
Cc1cc([C@H](C(=O)N2C[C@@H](O)C[C@@H]2C(=O)N[C@@H](CC(=O)N2CCC(c3ccc(C(=O)N[C@H]4C(C)(C)[C@H](Oc5ccc(C#N)c(Cl)c5)C4(C)C)cc3)CC2)c2ccccc2)C(C)C)on1,True,305,,P10275,VHL,VHL,P40337,LNCaP,LNCaP,,,0,99.0,1,,0,1,10.1021/acs.jmedchem.9b01393,PROTAC-Pedia,,6.0,,LNCaP clone FGC,ACH-000977,Prostate,mapped,1.0
Cc1cc([C@H](C(=O)N2C[C@@H](O)C[C@@H]2C(=O)N[C@@H](CC(=O)N2CCN(c3ccc(C(=O)N[C@H]4C(C)(C)[C@H](Oc5ccc(C#N)c(Cl)c5)C4(C)C)cc3)CC2)c2ccccc2)C(C)C)on1,True,306,,P10275,VHL,VHL,P40337,LNCaP,LNCaP,,,0,99.0,1,,0,1,10.1021/acs.jmedchem.9b01393,PROTAC-Pedia,,6.0,,LNCaP clone FGC,ACH-000977,Prostate,mapped,1.0
Cc1cc([C@H](C(=O)N2C[C@@H](O)C[C@@H]2C(=O)N[C@@H](CC(=O)N2CCC(C#Cc3ccc(C(=O)N[C@H]4C(C)(C)[C@H](Oc5ccc(C#N)c(Cl)c5)C4(C)C)cc3)CC2)c2ccc(-c3scnc3C)cc2)C(C)C)on1,True,307,,P10275,VHL,VHL,P40337,LNCaP,LNCaP,,,0,99.0,1,,0,1,10.1021/acs.jmedchem.9b01393,PROTAC-Pedia,,6.0,,LNCaP clone FGC,ACH-000977,Prostate,mapped,1.0
Cc1cc([C@H](C(=O)N2C[C@@H](O)C[C@@H]2C(=O)N[C@@H](CC(=O)N2CCC(C#Cc3ccc(C(=O)N[C@H]4C(C)(C)[C@H](Oc5ccc(C#N)c(Cl)c5)C4(C)C)cc3)CC2)c2ccc(F)cc2)C(C)C)on1,True,308,,P10275,VHL,VHL,P40337,LNCaP,LNCaP,,,0,99.0,1,,0,1,10.1021/acs.jmedchem.9b01393,PROTAC-Pedia,,6.0,,LNCaP clone FGC,ACH-000977,Prostate,mapped,1.0
Cc1cc([C@H](C(=O)N2C[C@@H](O)C[C@@H]2C(=O)N[C@@H](CC(=O)N2CCC(C#Cc3ccc(C(=O)N[C@H]4C(C)(C)[C@H](Oc5ccc(C#N)c(Cl)c5)C4(C)C)cc3)CC2)c2ccc(Cl)cc2)C(C)C)on1,True,309,,P10275,VHL,VHL,P40337,LNCaP,LNCaP,,,0,99.0,1,,0,1,10.1021/acs.jmedchem.9b01393,PROTAC-Pedia,,6.0,,LNCaP clone FGC,ACH-000977,Prostate,mapped,1.0
Cc1cc([C@H](C(=O)N2C[C@@H](O)C[C@@H]2C(=O)N[C@@H](CC(=O)N2CCC(C#Cc3ccc(C(=O)N[C@H]4C(C)(C)[C@H](Oc5ccc(C#N)c(Cl)c5)C4(C)C)cc3)CC2)c2ccc(Br)cc2)C(C)C)on1,True,310,,P10275,VHL,VHL,P40337,LNCaP,LNCaP,,,0,99.0,1,,0,1,10.1021/acs.jmedchem.9b01393,PROTAC-Pedia,,6.0,,LNCaP clone FGC,ACH-000977,Prostate,mapped,1.0
Cc1cc([C@H](C(=O)N2C[C@@H](O)C[C@@H]2C(=O)N[C@@H](CC(=O)N2CCC(C#Cc3ccc(C(=O)N[C@H]4C(C)(C)[C@H](Oc5ccc(C#N)c(Cl)c5)C4(C)C)cc3)CC2)c2ccc(C#N)cc2)C(C)C)on1,True,311,,P10275,VHL,VHL,P40337,LNCaP,LNCaP,,,0,99.0,1,,0,1,10.1021/acs.jmedchem.9b01393,PROTAC-Pedia,,6.0,,LNCaP clone FGC,ACH-000977,Prostate,mapped,1.0
C#Cc1ccc([C@H](CC(=O)N2CCC(C#Cc3ccc(C(=O)N[C@H]4C(C)(C)[C@H](Oc5ccc(C#N)c(Cl)c5)C4(C)C)cc3)CC2)NC(=O)[C@H]2C[C@H](O)CN2C(=O)[C@@H](c2cc(C)no2)C(C)C)cc1,True,312,,P10275,VHL,VHL,P40337,LNCaP,LNCaP,,,0,99.0,1,,0,1,10.1021/acs.jmedchem.9b01393,PROTAC-Pedia,,6.0,,LNCaP clone FGC,ACH-000977,Prostate,mapped,1.0
CC(=O)N[C@H](C(=O)N1C[C@@H](O)C[C@@H]1C(=O)N[C@@H](CC(=O)N1CCC(C#Cc2ccc(C(=O)N[C@H]3C(C)(C)[C@H](Oc4ccc(C#N)c(Cl)c4)C3(C)C)cc2)CC1)c1ccccc1)C(C)C,True,313,,P10275,VHL,VHL,P40337,LNCaP,LNCaP,,,0,5.0,1,0.0,1,1,10.1021/acs.jmedchem.9b01393,PROTAC-Pedia,,6.0,,LNCaP clone FGC,ACH-000977,Prostate,mapped,1.0
CCN(CCOCCOCCOCC(=O)N[C@H](C(=O)N1C[C@H](O)C[C@H]1C(=O)N[C@@H](C)c1ccc(-c2scnc2C)cc1)C(C)(C)C)CCOc1ccc(C(=O)c2c(-c3ccc(O)cc3)sc3cc(O)ccc23)cc1,True,314,,P03372,VHL,VHL,P40337,MCF7,MCF7 AREc32,,,0,,0,,0,1,10.1007/s10549-020-05564-y,PROTAC-Pedia,,24.0,also tested degradation for two common mutants of ERa. EC50 of PROTAC was measured in MCF-7 cell line.,MCF7,ACH-000019,Breast,mapped,1.0
CC/C(=C(\c1ccccc1)c1ccc(OCCN(CC)CCCCCC(=O)N[C@H](C(=O)N2C[C@H](O)C[C@H]2C(=O)N[C@@H](C)c2ccc(-c3scnc3C)cc2)C(C)(C)C)cc1)c1ccccc1,True,315,,P03372,VHL,VHL,P40337,MCF7,MCF7 AREc32,,,0,,0,,0,1,10.1007/s10549-020-05564-y,PROTAC-Pedia,,24.0,also tested degradation for two common mutants of ERa. EC50 of PROTAC was measured in MCF-7 cell line.,MCF7,ACH-000019,Breast,mapped,1.0
Cc1sc2c(c1C)C(c1ccc(Cl)cc1)=N[C@@H](CC(=O)NCCOCCOCCNc1cccc3nnn(C4CCC(=O)NC4=O)c(=O)c13)c1nnc(C)n1-2,True,318,,O60885,CRBN,CRBN,Q96SW2,22Rv1,22Rv1,,,0,36.0,1,0.0,1,1,10.1016/j.ejmech.2019.01.023,PROTAC-Pedia,,24.0,,22Rv1,ACH-000956,Prostate,mapped,1.0
Cc1sc2c(c1C)C(c1ccc(Cl)cc1)=N[C@@H](CC(=O)NCCCCCCCCNc1cccc3nnn(C4CCC(=O)NC4=O)c(=O)c13)c1nnc(C)n1-2,True,319,,O60885,CRBN,CRBN,Q96SW2,22Rv1,22Rv1,,,0,63.0,1,,0,1,10.1016/j.ejmech.2019.01.023,PROTAC-Pedia,,24.0,,22Rv1,ACH-000956,Prostate,mapped,1.0
Cc1sc2c(c1C)C(c1ccc(Cl)cc1)=N[C@@H](CC(=O)Nc1ccc(OCCOCCOCCNc3cccc4nnn(C5CCC(=O)NC5=O)c(=O)c34)cc1)c1nnc(C)n1-2,True,320,,O60885,CRBN,CRBN,Q96SW2,22Rv1,22Rv1,3.3,8.481486060122112,1,100.0,1,1.0,1,1,10.1016/j.ejmech.2019.01.023,PROTAC-Pedia,,24.0,,22Rv1,ACH-000956,Prostate,mapped,1.0
Cc1sc2c(c1C)C(c1ccc(Cl)cc1)=N[C@@H](CC(=O)Nc1cccc(OCCOCCOCCNc3cccc4nnn(C5CCC(=O)NC5=O)c(=O)c34)c1)c1nnc(C)n1-2,True,321,,O60885,CRBN,CRBN,Q96SW2,22Rv1,22Rv1,0.32,9.494850021680094,1,100.0,1,1.0,1,1,10.1016/j.ejmech.2019.01.023,PROTAC-Pedia,,24.0,,22Rv1,ACH-000956,Prostate,mapped,1.0
COc1ccc(C2=NC(c3ccc(Cl)cc3)C(c3ccc(Cl)cc3)N2C(=O)N2CCN(CC(=O)NCCOCCOCCOCC(=O)Nc3ccc(OCC(C)(O)C(=O)Nc4ccc([N+](=O)[O-])c(C(F)(F)F)c4)cc3)C(=O)C2)c(OC(C)C)c1,True,322,,P10275,MDM2,MDM2,Q00987,HeLa,HeLa,,,0,,0,,0,1,10.1016/j.bmcl.2008.07.114,PROTAC-Pedia,,7.0,,HeLa,ACH-001086,Cervix,mapped,1.0
CC(=O)c1c(C)c2cnc(Nc3ccc(N4CCN(CC(=O)NCCOCCOCCOCCNc5cccc6c5C(=O)N(C5CCC(=O)NC5=O)C6=O)CC4)cn3)nc2n(C2CCCC2)c1=O,True,325,,P11802,CRBN,CRBN,Q96SW2,AML cells,OCI-AML-1,,,0,100.0,1,,0,1,10.1016/j.chembiol.2018.11.006,PROTAC-Pedia,,4.0,,AML cells,,,unmapped,0.0
O=C(CCCCCCC(=O)N/N=C/c1ccc(OCCn2cc(CNc3cccc4c3C(=O)N(C3CCC(=O)NC3=O)C4=O)nn2)cc1)NO,True,329,,Q9UBN7,CRBN,CRBN,Q96SW2,MCF-7,MCF-7,,,0,,0,,0,1,10.1016/j.bmcl.2018.05.057,PROTAC-Pedia,,12.0,,MCF7,ACH-000019,Breast,mapped,1.0
O=C(CCCCCCC(=O)N/N=C/c1ccc(OCCOCCn2cc(CNc3cccc4c3C(=O)N(C3CCC(=O)NC3=O)C4=O)nn2)cc1)NO,True,330,,Q9UBN7,CRBN,CRBN,Q96SW2,MCF-7,MCF-7,,,0,,0,,0,1,10.1016/j.bmcl.2018.05.057,PROTAC-Pedia,,12.0,,MCF7,ACH-000019,Breast,mapped,1.0
O=C(CCCCCCC(=O)N/N=C/c1ccc(OCCOCCOCCOCCn2cc(CNc3cccc4c3C(=O)N(C3CCC(=O)NC3=O)C4=O)nn2)cc1)NO,True,332,,Q9UBN7,CRBN,CRBN,Q96SW2,MCF-7,MCF-7,,,0,,0,,0,1,10.1016/j.bmcl.2018.05.057,PROTAC-Pedia,,12.0,,MCF7,ACH-000019,Breast,mapped,1.0
Cc1sc2c(c1C)C(c1ccc(Cl)cc1)=N[C@@H](CC(=O)NCCn1cc(COc3cccc4c3C(=O)N(C3CCC(=O)NC3=O)C4=O)nn1)c1nnc(C)n1-2,True,333,,O60885,CRBN,CRBN,Q96SW2,H661,NCI-H661,490.0,6.309803919971486,1,,0,,0,1,10.1021/acs.jmedchem.6b01781,PROTAC-Pedia,,4.0,,NCI-H661,ACH-000853,Lung,mapped,1.0
Cc1sc2c(c1C)C(c1ccc(Cl)cc1)=N[C@@H](CC(=O)NCCn1cc(COCCOc3cccc4c3C(=O)N(C3CCC(=O)NC3=O)C4=O)nn1)c1nnc(C)n1-2,True,334,,O60885,CRBN,CRBN,Q96SW2,H661,NCI-H661,5000.0,5.301029995663981,1,,0,0.0,1,1,10.1021/acs.jmedchem.6b01781,PROTAC-Pedia,,4.0,,NCI-H661,ACH-000853,Lung,mapped,1.0
Cc1sc2c(c1C)C(c1ccc(Cl)cc1)=N[C@@H](CC(=O)NCCn1cc(COCCOCCOc3cccc4c3C(=O)N(C3CCC(=O)NC3=O)C4=O)nn1)c1nnc(C)n1-2,True,335,,O60885,CRBN,CRBN,Q96SW2,H661,NCI-H661,5000.0,5.301029995663981,1,,0,0.0,1,1,10.1021/acs.jmedchem.6b01781,PROTAC-Pedia,,4.0,,NCI-H661,ACH-000853,Lung,mapped,1.0
Cc1sc2c(c1C)C(c1ccc(Cl)cc1)=N[C@@H](CC(=O)NCCn1cc(COCCOCCOCCOc3cccc4c3C(=O)N(C3CCC(=O)NC3=O)C4=O)nn1)c1nnc(C)n1-2,True,336,,O60885,CRBN,CRBN,Q96SW2,H661,NCI-H661,450.0,6.346787486224656,1,,0,,0,1,10.1021/acs.jmedchem.6b01781,PROTAC-Pedia,,4.0,,NCI-H661,ACH-000853,Lung,mapped,1.0
Cc1sc2c(c1C)C(c1ccc(Cl)cc1)=N[C@@H](CC(=O)NCCn1cc(COCCOCCOCCOCCOc3cccc4c3C(=O)N(C3CCC(=O)NC3=O)C4=O)nn1)c1nnc(C)n1-2,True,337,,O60885,CRBN,CRBN,Q96SW2,H661,NCI-H661,200.0,6.698970004336019,1,90.0,1,1.0,1,1,10.1021/acs.jmedchem.6b01781,PROTAC-Pedia,,4.0,,NCI-H661,ACH-000853,Lung,mapped,1.0
Cc1ncsc1-c1ccc(CNC(=O)[C@@H]2C[C@@H](O)CN2C(=O)[C@@H](NC(=O)COCc2cn(CCNC(=O)C[C@@H]3N=C(c4ccc(Cl)cc4)c4c(sc(C)c4C)-n4c(C)nnc43)nn2)C(C)(C)C)cc1,True,338,,O60885,VHL,VHL,P40337,H661,NCI-H661,59.0,7.229147988357855,1,,0,,0,1,10.1021/acs.jmedchem.6b01781,PROTAC-Pedia,,4.0,,NCI-H661,ACH-000853,Lung,mapped,1.0
Cc1ncsc1-c1ccc(CNC(=O)[C@@H]2C[C@@H](O)CN2C(=O)[C@@H](NC(=O)COCCOCc2cn(CCNC(=O)C[C@@H]3N=C(c4ccc(Cl)cc4)c4c(sc(C)c4C)-n4c(C)nnc43)nn2)C(C)(C)C)cc1,True,339,,O60885,VHL,VHL,P40337,H661,NCI-H661,83.0,7.080921907623926,1,,0,,0,1,10.1021/acs.jmedchem.6b01781,PROTAC-Pedia,,4.0,,NCI-H661,ACH-000853,Lung,mapped,1.0
Cc1ncsc1-c1ccc(CNC(=O)[C@@H]2C[C@@H](O)CN2C(=O)[C@@H](NC(=O)COCCOCCOCc2cn(CCNC(=O)C[C@@H]3N=C(c4ccc(Cl)cc4)c4c(sc(C)c4C)-n4c(C)nnc43)nn2)C(C)(C)C)cc1,True,340,,O60885,VHL,VHL,P40337,H661,NCI-H661,240.0,6.619788758288394,1,,0,,0,1,10.1021/acs.jmedchem.6b01781,PROTAC-Pedia,,4.0,,NCI-H661,ACH-000853,Lung,mapped,1.0
Cc1ncsc1-c1ccc(CNC(=O)[C@@H]2C[C@@H](O)CN2C(=O)[C@@H](NC(=O)COCCOCCOCCOCc2cn(CCNC(=O)C[C@@H]3N=C(c4ccc(Cl)cc4)c4c(sc(C)c4C)-n4c(C)nnc43)nn2)C(C)(C)C)cc1,True,341,,O60885,VHL,VHL,P40337,H661,NCI-H661,460.0,6.337242168318426,1,,0,,0,1,10.1021/acs.jmedchem.6b01781,PROTAC-Pedia,,4.0,,NCI-H661,ACH-000853,Lung,mapped,1.0
Cc1ncsc1-c1ccc(CNC(=O)[C@@H]2C[C@@H](O)CN2C(=O)[C@@H](NC(=O)COCCOCCOCCOCCOCc2cn(CCNC(=O)C[C@@H]3N=C(c4ccc(Cl)cc4)c4c(sc(C)c4C)-n4c(C)nnc43)nn2)C(C)(C)C)cc1,True,342,,O60885,VHL,VHL,P40337,H661,NCI-H661,630.0,6.200659450546418,1,,0,,0,1,10.1021/acs.jmedchem.6b01781,PROTAC-Pedia,,4.0,,NCI-H661,ACH-000853,Lung,mapped,1.0
Cc1ncsc1-c1ccc(CNC(=O)[C@@H]2C[C@@H](O)CN2C(=O)[C@@H](NC(=O)COCCOCCOCCNC(=O)C[C@@H]2N=C(c3ccc(Cl)cc3)c3c(sc(C)c3C)-n3c(C)nnc32)C(C)(C)C)cc1,True,347,,O60885,VHL,VHL,P40337,Hela,HeLa,,,0,,0,,0,1,10.1038/nchembio.2329,PROTAC-Pedia,,24.0,,HeLa,ACH-001086,Cervix,mapped,1.0
Cc1ncsc1-c1ccc(CNC(=O)[C@@H]2C[C@@H](O)CN2C(=O)[C@@H](NC(=O)COCCOCCOCCOCCNC(=O)C[C@@H]2N=C(c3ccc(Cl)cc3)c3c(sc(C)c3C)-n3c(C)nnc32)C(C)(C)C)cc1,True,348,,O60885,VHL,VHL,P40337,Hela,HeLa,,,0,,0,,0,1,10.1038/nchembio.2329,PROTAC-Pedia,,24.0,,HeLa,ACH-001086,Cervix,mapped,1.0
Cc1ncsc1-c1ccc(CNC(=O)[C@@H]2C[C@@H](O)CN2C(=O)[C@@H](NC(=O)[C@@H](Cc2ccccc2)NC(=O)COCCOCCOCCNC(=O)C[C@@H]2N=C(c3ccc(Cl)cc3)c3c(sc(C)c3C)-n3c(C)nnc32)C(C)(C)C)cc1,True,349,,O60885,VHL,VHL,P40337,Hela,HeLa,,,0,,0,,0,1,10.1038/nchembio.2329,PROTAC-Pedia,,24.0,,HeLa,ACH-001086,Cervix,mapped,1.0
Cc1ncsc1-c1ccc(CNC(=O)[C@@H]2C[C@@H](O)CN2C(=O)[C@@H](NC(=O)COCCOCCNC(=O)C[C@@H]2N=C(c3ccc(Cl)cc3)c3c(sc(C)c3C)-n3c(C)nnc32)C(C)(C)C)cc1,True,350,,O60885,VHL,VHL,P40337,Hela,HeLa,,,0,,0,,0,1,10.1038/nchembio.2329,PROTAC-Pedia,,24.0,,HeLa,ACH-001086,Cervix,mapped,1.0
CC(=O)N[C@H](C(=O)N1C[C@H](O)C[C@H]1C(=O)NCc1ccc(-c2scnc2C)cc1)C(C)(C)SCCCCCCNC(=O)C[C@@H]1N=C(c2ccc(Cl)cc2)c2c(sc(C)c2C)-n2c(C)nnc21,True,351,,O60885,VHL,VHL,P40337,Hela,HeLa,,,0,,0,,0,1,10.1038/nchembio.2329,PROTAC-Pedia,,24.0,,HeLa,ACH-001086,Cervix,mapped,1.0
CC(=O)N[C@H](C(=O)N1C[C@H](O)C[C@H]1C(=O)NCc1ccc(-c2scnc2C)cc1)C(C)(C)SCCCCNC(=O)C[C@@H]1N=C(c2ccc(Cl)cc2)c2c(sc(C)c2C)-n2c(C)nnc21,True,352,,O60885,VHL,VHL,P40337,Hela,HeLa,,,0,,0,,0,1,10.1038/nchembio.2329,PROTAC-Pedia,,24.0,,HeLa,ACH-001086,Cervix,mapped,1.0
CC(=O)N[C@H](C(=O)N1C[C@H](O)C[C@H]1C(=O)NCc1ccc(-c2scnc2C)cc1)C(C)(C)SCCOCCNC(=O)C[C@@H]1N=C(c2ccc(Cl)cc2)c2c(sc(C)c2C)-n2c(C)nnc21,True,353,,O60885,VHL,VHL,P40337,Hela,HeLa,,,0,,0,,0,1,10.1038/nchembio.2329,PROTAC-Pedia,,24.0,,HeLa,ACH-001086,Cervix,mapped,1.0
CC(=O)N[C@H](C(=O)N1C[C@H](O)C[C@H]1C(=O)NCc1ccc(-c2scnc2C)cc1)C(C)(C)SCCCOCCCNC(=O)C[C@@H]1N=C(c2ccc(Cl)cc2)c2c(sc(C)c2C)-n2c(C)nnc21,True,354,,O60885,VHL,VHL,P40337,Hela,HeLa,,,0,,0,,0,1,10.1038/nchembio.2329,PROTAC-Pedia,,24.0,,HeLa,ACH-001086,Cervix,mapped,1.0
CC(=O)N[C@H](C(=O)N1C[C@H](O)C[C@H]1C(=O)NCc1ccc(-c2scnc2C)cc1)C(C)(C)SCCCCOCCNC(=O)C[C@@H]1N=C(c2ccc(Cl)cc2)c2c(sc(C)c2C)-n2c(C)nnc21,True,355,,O60885,VHL,VHL,P40337,Hela,HeLa,,,0,,0,,0,1,10.1038/nchembio.2329,PROTAC-Pedia,,24.0,,HeLa,ACH-001086,Cervix,mapped,1.0
CC(=O)N[C@H](C(=O)N1C[C@H](O)C[C@H]1C(=O)NCc1ccc(-c2scnc2C)cc1)C(C)(C)SCCOCCOCCNC(=O)C[C@@H]1N=C(c2ccc(Cl)cc2)c2c(sc(C)c2C)-n2c(C)nnc21,True,356,,O60885,VHL,VHL,P40337,Hela,HeLa,,,0,,0,,0,1,10.1038/nchembio.2329,PROTAC-Pedia,,24.0,,HeLa,ACH-001086,Cervix,mapped,1.0
Cc1ncsc1-c1ccc(CNC(=O)[C@@H]2C[C@@H](O)CN2C(=O)[C@@H](NC(=O)COCCOCCOCCOc2ccc(N3C(=S)N(c4ccc(C#N)c(C(F)(F)F)c4)C(=O)C3(C)C)cc2)C(C)(C)C)cc1,True,357,,P10275,VHL,VHL,P40337,VCaP,VCaP,,,0,47.0,1,0.0,1,1,10.1038/s42003-018-0105-8,PROTAC-Pedia,,20.0,,VCaP,ACH-000115,Prostate,mapped,1.0
Cc1ncsc1-c1ccc(CNC(=O)[C@@H]2C[C@@H](O)CN2C(=O)[C@@H](NC(=O)COCCCOCCCCCOc2ccc(N3C(=S)N(c4ccc(C#N)c(C(F)(F)F)c4)C(=O)C3(C)C)cc2)C(C)(C)C)cc1,True,358,,P10275,VHL,VHL,P40337,VCaP,VCaP,15.0,7.823908740944319,1,76.0,1,1.0,1,1,10.1038/s42003-018-0105-8,PROTAC-Pedia,,20.0,,VCaP,ACH-000115,Prostate,mapped,1.0
Cc1ncsc1-c1ccc(CNC(=O)[C@@H]2C[C@@H](O)CN2C(=O)[C@@H](NC(=O)COCCCCOc2ccc(-c3ccc(N4C(=S)N(c5ccc(C#N)c(C(F)(F)F)c5)C(=O)C4(C)C)cc3)cc2)C(C)(C)C)cc1,True,359,,P10275,VHL,VHL,P40337,VCaP,VCaP,5.0,8.301029995663981,1,98.0,1,1.0,1,1,10.1038/s42003-018-0105-8,PROTAC-Pedia,,20.0,,VCaP,ACH-000115,Prostate,mapped,1.0
CN1CC(Nc2cnn(C)c(=O)c2Br)CC(c2ccc(C(=O)N(C)CCCN(C)c3ccc(CCCOc4cccc5c4C(=O)N(C4CCC(=O)NC4=O)C5=O)cc3)cc2)C1,True,360,,Q92830,CRBN,CRBN,Q96SW2,THP1,PSC-THP1,3.0,8.522878745280337,1,91.0,1,1.0,1,1,10.1021/acschembio.8b00705,PROTAC-Pedia,,18.0,DC50 is 1.5nM/3nM. DCmax is 97%/91%.,THP-1,ACH-000146,Myeloid,mapped,1.0
CN1C[C@H](Nc2cnn(C)c(=O)c2Br)C[C@H](c2ccc(C(=O)N(C)CCCN(C)c3ccc(CCCOc4cccc5c4C(=O)N(C4CCC(=O)NC4=O)C5=O)cc3)cc2)C1,True,361,,Q92830,CRBN,CRBN,Q96SW2,THP1,PSC-THP1,,,0,97.0,1,,0,1,10.1021/acschembio.8b00705,PROTAC-Pedia,,18.0,,THP-1,ACH-000146,Myeloid,mapped,1.0
CN1C[C@@H](Nc2cnn(C)c(=O)c2Br)C[C@@H](c2ccc(C(=O)N(C)CCCN(C)c3ccc(CCCOc4cccc5c4C(=O)N(C4CCC(=O)NC4=O)C5=O)cc3)cc2)C1,True,362,,Q92830,CRBN,CRBN,Q96SW2,THP1,PSC-THP1,,,0,38.0,1,0.0,1,1,10.1021/acschembio.8b00705,PROTAC-Pedia,,18.0,only slightly active,THP-1,ACH-000146,Myeloid,mapped,1.0
Cc1ncsc1-c1ccc(CNC(=O)[C@@H]2C[C@@H](O)CN2C(=O)[C@@H](NC(=O)COCCOc2ccc(Nc3ncc(C(F)(F)F)c(NCc4cccc(N(C)S(C)(=O)=O)c4)n3)cc2)C(C)(C)C)cc1,True,363,,Q05397,VHL,VHL,P40337,PC3,HNC PC3,23.2,7.634512015109101,1,99.0,1,1.0,1,1,10.1021/jacs.8b08008,PROTAC-Pedia,,24.0,,PC-3,ACH-000090,Prostate,mapped,1.0
Cc1ncsc1-c1ccc(CNC(=O)[C@@H]2C[C@@H](O)CN2C(=O)[C@@H](NC(=O)COCCCOc2ccc(Nc3ncc(C(F)(F)F)c(NCc4cccc(N(C)S(C)(=O)=O)c4)n3)cc2)C(C)(C)C)cc1,True,364,,Q05397,VHL,VHL,P40337,PC3,HNC PC3,7.6,8.119186407719209,1,99.0,1,1.0,1,1,10.1021/jacs.8b08008,PROTAC-Pedia,,24.0,,PC-3,ACH-000090,Prostate,mapped,1.0
Cc1ncsc1-c1ccc(CNC(=O)[C@@H]2C[C@@H](O)CN2C(=O)[C@@H](NC(=O)CCOCCCOc2ccc(Nc3ncc(C(F)(F)F)c(NCc4cccc(N(C)S(C)(=O)=O)c4)n3)cc2)C(C)(C)C)cc1,True,366,,Q05397,VHL,VHL,P40337,PC3,HNC PC3,4.0,8.397940008672037,1,99.0,1,1.0,1,1,10.1021/jacs.8b08008,PROTAC-Pedia,,24.0,,PC-3,ACH-000090,Prostate,mapped,1.0
Cc1ncsc1-c1ccc(CNC(=O)[C@@H]2C[C@@H](O)CN2C(=O)[C@@H](NC(=O)CCOCCOCCOc2ccc(Nc3ncc(C(F)(F)F)c(NCc4cccc(N(C)S(C)(=O)=O)c4)n3)cc2)C(C)(C)C)cc1,True,367,,Q05397,VHL,VHL,P40337,PC3,HNC PC3,20.8,7.681936665037238,1,99.0,1,1.0,1,1,10.1021/jacs.8b08008,PROTAC-Pedia,,24.0,,PC-3,ACH-000090,Prostate,mapped,1.0
Cc1ncsc1-c1ccc(CNC(=O)[C@@H]2C[C@@H](O)CN2C(=O)[C@@H](NC(=O)CCOCCOCCOCCOCCOc2ccc(Nc3ncc(C(F)(F)F)c(NCc4cccc(N(C)S(C)(=O)=O)c4)n3)cc2)C(C)(C)C)cc1,True,368,,Q05397,VHL,VHL,P40337,PC3,HNC PC3,48.1,7.317854923626168,1,91.0,1,1.0,1,1,10.1021/jacs.8b08008,PROTAC-Pedia,,24.0,,PC-3,ACH-000090,Prostate,mapped,1.0
CN(c1cccc(CNc2nc(Nc3ccc(OCCCOCCC(=O)NCCOc4cccc5c4C(=O)N(C4CCC(=O)NC4=O)C5=O)cc3)ncc2C(F)(F)F)c1)S(C)(=O)=O,True,369,,Q05397,CRBN,CRBN,Q96SW2,PC3,HNC PC3,8.2,8.086186147616283,1,98.0,1,1.0,1,1,10.1021/jacs.8b08008,PROTAC-Pedia,,24.0,,PC-3,ACH-000090,Prostate,mapped,1.0
CN(c1cccc(CNc2nc(Nc3ccc(OCCOCCOCCC(=O)NCCOc4cccc5c4C(=O)N(C4CCC(=O)NC4=O)C5=O)cc3)ncc2C(F)(F)F)c1)S(C)(=O)=O,True,370,,Q05397,CRBN,CRBN,Q96SW2,PC3,HNC PC3,26.7,7.573488738635425,1,99.0,1,1.0,1,1,10.1021/jacs.8b08008,PROTAC-Pedia,,24.0,,PC-3,ACH-000090,Prostate,mapped,1.0
CN(c1cccc(CNc2nc(Nc3ccc(OCCOCCOCCOCCOCCC(=O)NCCOc4cccc5c4C(=O)N(C4CCC(=O)NC4=O)C5=O)cc3)ncc2C(F)(F)F)c1)S(C)(=O)=O,True,371,,Q05397,CRBN,CRBN,Q96SW2,PC3,HNC PC3,10.0,8.0,1,87.0,1,1.0,1,1,10.1021/jacs.8b08008,PROTAC-Pedia,,24.0,,PC-3,ACH-000090,Prostate,mapped,1.0
Cc1ncsc1-c1ccc2c(c1)OCCOCCOC[C@@H](NC(=O)C[C@@H]1N=C(c3ccc(Cl)cc3)c3c(sc(C)c3C)-n3c(C)nnc31)COCCOCCOCC(=O)N[C@@H](C(C)(C)C)C(=O)N1C[C@H](O)C[C@H]1C(=O)NC2,True,372,,O60885,VHL,VHL,P40337,hela,HeLa,125.0,6.903089986991944,1,90.0,1,1.0,1,1,10.1002/anie.201914396,PROTAC-Pedia,,18.0,they heva a ternary complex crystal structure but dont give PDB. DC50 is between 25-125nM,HeLa,ACH-001086,Cervix,mapped,1.0
Cc1nc(CCC(=O)NCCCCC(=O)N[C@H](C(=O)N2C[C@H](O)C[C@H]2C(=O)NCc2ccc(-c3scnc3C)cc2)C(C)(C)C)ccc1-c1cnc(NCc2c(F)ccc3c2CCO3)n2cnnc12,True,373,,O75530,VHL,VHL,P40337,Karpas422,Karpas-422,,,0,100.0,1,,0,1,10.1016/j.chembiol.2019.11.004,PROTAC-Pedia,,48.0,,KARPAS-422,ACH-000315,Lymphoid,mapped,1.0
Cc1nc(CCC(=O)NCCOc2ccc(OCC(=O)N[C@H](C(=O)N3C[C@H](O)C[C@H]3C(=O)NCc3ccc(-c4scnc4C)cc3)C(C)(C)C)cc2)ccc1-c1cnc(NCc2c(F)ccc3c2CCO3)n2cnnc12,True,374,,O75530,VHL,VHL,P40337,Karpas422,Karpas-422,,,0,100.0,1,,0,1,10.1016/j.chembiol.2019.11.004,PROTAC-Pedia,,48.0,,KARPAS-422,ACH-000315,Lymphoid,mapped,1.0
N#CC1=C(NCCC(=O)NCCNc2cccc3c2C(=O)N(C2CCC(=O)NC2=O)C3=O)c2ccc(Sc3ccc(Br)cc3)c3cccc(c23)C1=O,True,377,,Q07820,CRBN,CRBN,Q96SW2,hela,HeLa,,,0,,0,,0,1,10.1021/acs.jmedchem.9b00919,PROTAC-Pedia,,12.0,"IC50 error: for ligand ± 0.87 uM, for PROTAC ± 3.66 uM",HeLa,ACH-001086,Cervix,mapped,1.0
N#CC1=C(NCCC(=O)NCCCCNc2cccc3c2C(=O)N(C2CCC(=O)NC2=O)C3=O)c2ccc(Sc3ccc(Br)cc3)c3cccc(c23)C1=O,True,378,,Q07820,CRBN,CRBN,Q96SW2,hela,HeLa,,,0,,0,,0,1,10.1021/acs.jmedchem.9b00919,PROTAC-Pedia,,12.0,"IC50 error: for ligand ± 0.87 uM, for PROTAC ± 2.13 uM",HeLa,ACH-001086,Cervix,mapped,1.0
N#CC1=C(NCCC(=O)NCCCCCCNc2cccc3c2C(=O)N(C2CCC(=O)NC2=O)C3=O)c2ccc(Sc3ccc(Br)cc3)c3cccc(c23)C1=O,True,379,,Q07820,CRBN,CRBN,Q96SW2,hela,HeLa,,,0,,0,,0,1,10.1021/acs.jmedchem.9b00919,PROTAC-Pedia,,12.0,"IC50 error: for ligand ± 0.87 uM, for PROTAC ± 0.58 uM",HeLa,ACH-001086,Cervix,mapped,1.0
N#CC1=C(NCCC(=O)NCCCCCC(=O)NCCCCCCNc2cccc3c2C(=O)N(C2CCC(=O)NC2=O)C3=O)c2ccc(Sc3ccc(Br)cc3)c3cccc(c23)C1=O,True,380,,Q07820,CRBN,CRBN,Q96SW2,hela,HeLa,,,0,,0,,0,1,10.1021/acs.jmedchem.9b00919,PROTAC-Pedia,,12.0,"IC50 error: for ligand ± 0.87 uM, for PROTAC ± 4.44 uM",HeLa,ACH-001086,Cervix,mapped,1.0
N#CC1=C(NCCC(=O)NCCOCCOCCNc2cccc3c2C(=O)N(C2CCC(=O)NC2=O)C3=O)c2ccc(Sc3ccc(Br)cc3)c3cccc(c23)C1=O,True,381,,Q07820,CRBN,CRBN,Q96SW2,hela,HeLa,,,0,,0,,0,1,10.1021/acs.jmedchem.9b00919,PROTAC-Pedia,,12.0,"IC50 error: for ligand ± 0.87 uM, for PROTAC ± 0.89 uM",HeLa,ACH-001086,Cervix,mapped,1.0
O=C(CCCCC(=O)NCCN1C(=O)c2cccc3c(Sc4ccc(Br)cc4)ccc(c23)C1=O)NCCNc1cccc2c1C(=O)N(C1CCC(=O)NC1=O)C2=O,True,382,,Q07820,CRBN,CRBN,Q96SW2,hela,HeLa,,,0,,0,,0,1,10.1021/acs.jmedchem.9b00919,PROTAC-Pedia,,12.0,"IC50 error: for ligand ± 1.39 uM, for PROTAC ± 4.33 uM",HeLa,ACH-001086,Cervix,mapped,1.0
O=C(CCCCC(=O)NCCN1C(=O)c2cccc3c(Sc4ccc(Br)cc4)ccc(c23)C1=O)NCCCCNc1cccc2c1C(=O)N(C1CCC(=O)NC1=O)C2=O,True,383,,Q07820,CRBN,CRBN,Q96SW2,hela,HeLa,,,0,,0,,0,1,10.1021/acs.jmedchem.9b00919,PROTAC-Pedia,,12.0,"IC50 error: for ligand ± 1.39 uM, for PROTAC ± 2.90 uM",HeLa,ACH-001086,Cervix,mapped,1.0
O=C(CCCCC(=O)NCCN1C(=O)c2cccc3c(Sc4ccc(Br)cc4)ccc(c23)C1=O)NCCCCCCNc1cccc2c1C(=O)N(C1CCC(=O)NC1=O)C2=O,True,384,,Q07820,CRBN,CRBN,Q96SW2,hela,HeLa,,,0,,0,,0,1,10.1021/acs.jmedchem.9b00919,PROTAC-Pedia,,12.0,"IC50 error: for ligand ± 1.39 uM, for PROTAC ± 0.27 uM",HeLa,ACH-001086,Cervix,mapped,1.0
O=C(CCCCCNc1cccc2c1C(=O)N(C1CCC(=O)NC1=O)C2=O)NCCCCCCNC(=O)CCCCC(=O)NCCN1C(=O)c2cccc3c(Sc4ccc(Br)cc4)ccc(c23)C1=O,True,385,,Q07820,CRBN,CRBN,Q96SW2,hela,HeLa,,,0,,0,,0,1,10.1021/acs.jmedchem.9b00919,PROTAC-Pedia,,12.0,"IC50 error: for ligand ± 1.39 uM, for PROTAC ± 4.57 uM",HeLa,ACH-001086,Cervix,mapped,1.0
O=C(CCCCC(=O)NCCN1C(=O)c2cccc3c(Sc4ccc(Br)cc4)ccc(c23)C1=O)NCCOCCOCCNc1cccc2c1C(=O)N(C1CCC(=O)NC1=O)C2=O,True,386,,Q07820,CRBN,CRBN,Q96SW2,hela,HeLa,3000.0,5.522878745280337,1,,0,0.0,1,1,10.1021/acs.jmedchem.9b00919,PROTAC-Pedia,,12.0,"IC50 error: for ligand ± 1.39 uM, for PROTAC ± 1.36 uM",HeLa,ACH-001086,Cervix,mapped,1.0
O=C(CCCCC(=O)NCCN1C(=O)c2cccc3c(Sc4ccc(Br)cc4)ccc(c23)C1=O)NCCCCCCCCNc1cccc2c1C(=O)N(C1CCC(=O)NC1=O)C2=O,True,387,,Q07820,CRBN,CRBN,Q96SW2,hela,HeLa,,,0,,0,,0,1,10.1021/acs.jmedchem.9b00919,PROTAC-Pedia,,12.0,"IC50 error: for ligand ± 1.39 uM, for PROTAC ± 2.28 uM",HeLa,ACH-001086,Cervix,mapped,1.0
C=CC(=O)N1C[C@H](n2nc(-c3ccc(Oc4ccccc4)cc3)c3c(N)ncnc32)C[C@H]1C(=O)OCCOCCOCC(=O)Nc1cccc2c1C(=O)N(C1CCC(=O)NC1=O)C2=O,True,401,,Q06187,CRBN,CRBN,Q96SW2,K562,EGFP-K562,,,0,50.0,1,0.0,1,1,10.1039/c9cc08238g,PROTAC-Pedia,,24.0,Covalent Protac,K-562,ACH-000551,Myeloid,mapped,1.0
C=CC(=O)N1C[C@H](n2nc(-c3ccc(Oc4ccccc4)cc3)c3c(N)ncnc32)C[C@H]1C(=O)OCCOCCOCCOCC(=O)Nc1cccc2c1C(=O)N(C1CCC(=O)NC1=O)C2=O,True,402,,Q06187,CRBN,CRBN,Q96SW2,K562,EGFP-K562,,,0,50.0,1,0.0,1,1,10.1039/c9cc08238g,PROTAC-Pedia,,24.0,Covalent Protac,K-562,ACH-000551,Myeloid,mapped,1.0
C=CC(=O)N1C[C@H](n2nc(-c3ccc(Oc4ccccc4)cc3)c3c(N)ncnc32)C[C@H]1C(=O)OCCOCCOCCOCCOCC(=O)Nc1cccc2c1C(=O)N(C1CCC(=O)NC1=O)C2=O,True,403,,Q06187,CRBN,CRBN,Q96SW2,K562,EGFP-K562,,,0,50.0,1,0.0,1,1,10.1039/c9cc08238g,PROTAC-Pedia,,24.0,Covalent Protac,K-562,ACH-000551,Myeloid,mapped,1.0
C=CC(=O)N1C[C@H](n2nc(-c3ccc(Oc4ccccc4)cc3)c3c(N)ncnc32)C[C@H]1C(=O)OCCOCCOCCOCCOCCOCC(=O)Nc1cccc2c1C(=O)N(C1CCC(=O)NC1=O)C2=O,True,404,,Q06187,CRBN,CRBN,Q96SW2,K562,EGFP-K562,,,0,50.0,1,0.0,1,1,10.1039/c9cc08238g,PROTAC-Pedia,,24.0,Covalent Protac,K-562,ACH-000551,Myeloid,mapped,1.0
C=CC(=O)N1C[C@H](n2nc(-c3ccc(Oc4ccccc4)cc3)c3c(N)ncnc32)C[C@H]1C(=O)NCCCCNc1cccc2c1C(=O)N(C1CCC(=O)NC1=O)C2=O,True,405,,Q06187,CRBN,CRBN,Q96SW2,K562,EGFP-K562,,,0,50.0,1,0.0,1,1,10.1039/c9cc08238g,PROTAC-Pedia,,24.0,Covalent Protac,K-562,ACH-000551,Myeloid,mapped,1.0
C=CC(=O)N1C[C@H](n2nc(-c3ccc(Oc4ccccc4)cc3)c3c(N)ncnc32)C[C@H]1C(=O)NCCCCCCNc1cccc2c1C(=O)N(C1CCC(=O)NC1=O)C2=O,True,406,,Q06187,CRBN,CRBN,Q96SW2,K562,EGFP-K562,,,0,50.0,1,0.0,1,1,10.1039/c9cc08238g,PROTAC-Pedia,,24.0,Covalent Protac,K-562,ACH-000551,Myeloid,mapped,1.0
C=CC(=O)N1C[C@H](n2nc(-c3ccc(Oc4ccccc4)cc3)c3c(N)ncnc32)C[C@H]1C(=O)NCCCCCCCCNc1cccc2c1C(=O)N(C1CCC(=O)NC1=O)C2=O,True,407,,Q06187,CRBN,CRBN,Q96SW2,K562,EGFP-K562,,,0,50.0,1,0.0,1,1,10.1039/c9cc08238g,PROTAC-Pedia,,24.0,Covalent Protac,K-562,ACH-000551,Myeloid,mapped,1.0
C=CC(=O)N1C[C@H](n2nc(-c3ccc(Oc4ccccc4)cc3)c3c(N)ncnc32)C[C@H]1C(=O)NCCCCCCCCCCCCNc1cccc2c1C(=O)N(C1CCC(=O)NC1=O)C2=O,True,408,,Q06187,CRBN,CRBN,Q96SW2,K562,EGFP-K562,,,0,50.0,1,0.0,1,1,10.1039/c9cc08238g,PROTAC-Pedia,,24.0,Covalent Protac,K-562,ACH-000551,Myeloid,mapped,1.0
C=CC(=O)N[C@@H](CCC(=O)OCCOCCOCC(=O)Nc1cccc2c1C(=O)N(C1CCC(=O)NC1=O)C2=O)C(=O)Nc1cccc(Nc2ncc(NC(=O)c3cc(NC(=O)c4cccc(C)c4)ccc3C)cn2)c1,True,409,,Q06187,CRBN,CRBN,Q96SW2,K562,EGFP-K562,,,0,,0,,0,1,10.1039/c9cc08238g,PROTAC-Pedia,,24.0,Covalent Protac,K-562,ACH-000551,Myeloid,mapped,1.0
C=CC(=O)N[C@@H](CCC(=O)OCCOCCOCCOCCOCC(=O)Nc1cccc2c1C(=O)N(C1CCC(=O)NC1=O)C2=O)C(=O)Nc1cccc(Nc2ncc(NC(=O)c3cc(NC(=O)c4cccc(C)c4)ccc3C)cn2)c1,True,410,,Q06187,CRBN,CRBN,Q96SW2,K562,EGFP-K562,,,0,,0,,0,1,10.1039/c9cc08238g,PROTAC-Pedia,,24.0,Covalent Protac,K-562,ACH-000551,Myeloid,mapped,1.0
C=CC(=O)N[C@@H](CCC(=O)NCCCCNc1cccc2c1C(=O)N(C1CCC(=O)NC1=O)C2=O)C(=O)Nc1cccc(Nc2ncc(NC(=O)c3cc(NC(=O)c4cccc(C)c4)ccc3C)cn2)c1,True,411,,Q06187,CRBN,CRBN,Q96SW2,K562,EGFP-K562,,,0,,0,,0,1,10.1039/c9cc08238g,PROTAC-Pedia,,24.0,Covalent Protac,K-562,ACH-000551,Myeloid,mapped,1.0
C=CC(=O)N[C@@H](CCC(=O)NCCCCCCCCNc1cccc2c1C(=O)N(C1CCC(=O)NC1=O)C2=O)C(=O)Nc1cccc(Nc2ncc(NC(=O)c3cc(NC(=O)c4cccc(C)c4)ccc3C)cn2)c1,True,412,,Q06187,CRBN,CRBN,Q96SW2,K562,EGFP-K562,300.0,6.522878745280337,1,75.0,1,1.0,1,1,10.1039/c9cc08238g,PROTAC-Pedia,,24.0,Covalent Protac,K-562,ACH-000551,Myeloid,mapped,1.0
C=CC(=O)N1C[C@@H](n2nc(-c3ccc(Oc4ccccc4)cc3)c3c(N)ncnc32)C[C@H]1C(=O)OCCOCCOCC(=O)N[C@H](C(=O)N1C[C@H](O)C[C@H]1C(=O)NCc1ccc(-c2scnc2C)cc1)C(C)(C)C,True,413,,Q06187,VHL,VHL,P40337,K562,EGFP-K562,136.0,6.866461091629782,1,88.0,1,1.0,1,1,10.1039/c9cc08238g,PROTAC-Pedia,,24.0,Covalent Protac,K-562,ACH-000551,Myeloid,mapped,1.0
C=CC(=O)N[C@H](CCC(=O)NCCCCCCCC(=O)N[C@H](C(=O)N1C[C@H](O)CC1C(=O)NCc1ccc(-c2scnc2C)cc1)C(C)(C)C)C(=O)Nc1cccc(Nc2ncc(NC(=O)c3cc(NC(=O)c4cccc(C)c4)ccc3C)cn2)c1,True,414,,Q06187,VHL,VHL,P40337,K562,EGFP-K562,,,0,,0,,0,1,10.1039/c9cc08238g,PROTAC-Pedia,,24.0,Covalent Protac,K-562,ACH-000551,Myeloid,mapped,1.0
CCC(=O)N1C[C@H](n2nc(-c3ccc(Oc4ccccc4)cc3)c3c(N)ncnc32)C[C@H]1C(=O)OCCOCCOCC(=O)N[C@H](C(=O)N1C[C@H](O)CC1C(=O)NCc1ccc(-c2scnc2C)cc1)C(C)(C)C,True,415,,Q06187,VHL,VHL,P40337,K562,EGFP-K562,,,0,,0,,0,1,10.1039/c9cc08238g,PROTAC-Pedia,,24.0,Non covalent control,K-562,ACH-000551,Myeloid,mapped,1.0
CCC(=O)N[C@@H](CCC(=O)NCCCCCCCCNc1cccc2c1C(=O)N(C1CCC(=O)NC1=O)C2=O)C(=O)Nc1cccc(Nc2ncc(NC(=O)c3cc(NC(=O)c4cccc(C)c4)ccc3C)cn2)c1,True,416,,Q06187,CRBN,CRBN,Q96SW2,K562,EGFP-K562,,,0,,0,,0,1,10.1039/c9cc08238g,PROTAC-Pedia,,24.0,Non covalent control,K-562,ACH-000551,Myeloid,mapped,1.0
CC(=O)c1c(C)c2cnc(Nc3ccc(N4CCN(Cc5cn(CCOCCOCCNc6cccc7c6C(=O)N(C6CCC(=O)NC6=O)C7=O)nn5)CC4)cn3)nc2n(C2CCCC2)c1=O,True,417,,Q00534,CRBN,CRBN,Q96SW2,,,,,0,,0,,0,1,10.1021/acs.jmedchem.9b00871,PROTAC-Pedia,,,,,,,,
CC(=O)c1c(C)c2cnc(Nc3ccc(N4CCN(Cc5cn(CCOCCOCCOCCNc6cccc7c6C(=O)N(C6CCC(=O)NC6=O)C7=O)nn5)CC4)cn3)nc2n(C2CCCC2)c1=O,True,418,,Q00534,CRBN,CRBN,Q96SW2,,,,,0,,0,,0,1,10.1021/acs.jmedchem.9b00871,PROTAC-Pedia,,,,,,,,
CC(=O)c1c(C)c2cnc(Nc3ccc(N4CCN(Cc5cn(CCOCCOCCOCCOCCNc6cccc7c6C(=O)N(C6CCC(=O)NC6=O)C7=O)nn5)CC4)cn3)nc2n(C2CCCC2)c1=O,True,419,,Q00534,CRBN,CRBN,Q96SW2,,,,,0,,0,,0,1,10.1021/acs.jmedchem.9b00871,PROTAC-Pedia,,,,,,,,
CC(=O)c1c(C)c2cnc(Nc3ccc(N4CCN(CC(=O)NCCOCCNc5cccc6c5C(=O)N(C5CCC(=O)NC5=O)C6=O)CC4)cn3)nc2n(C2CCCC2)c1=O,True,420,,Q00534,CRBN,CRBN,Q96SW2,,,1.1,8.958607314841775,1,,0,,0,1,10.1021/acs.jmedchem.9b00871,PROTAC-Pedia,,,DC50 for CDK4 > 100 nM,,,,,
CC(=O)c1c(C)c2cnc(Nc3ccc(N4CCN(CC(=O)NCCOCCOCCNc5cccc6c5C(=O)N(C5CCC(=O)NC5=O)C6=O)CC4)cn3)nc2n(C2CCCC2)c1=O,True,421,,Q00534,CRBN,CRBN,Q96SW2,,,24.2,7.616184634019569,1,,0,,0,1,10.1021/acs.jmedchem.9b00871,PROTAC-Pedia,,,DC50 for CDK4 > 100 nM,,,,,
CC(=O)c1c(C)c2cnc(Nc3ccc(N4CCN(CC(=O)NCCOCCOCCOCCOCCNc5cccc6c5C(=O)N(C5CCC(=O)NC5=O)C6=O)CC4)cn3)nc2n(C2CCCC2)c1=O,True,422,,Q00534,CRBN,CRBN,Q96SW2,,,31.0,7.508638306165727,1,,0,,0,1,10.1021/acs.jmedchem.9b00871,PROTAC-Pedia,,,DC50 for CDK4 > 100 nM,,,,,
CC(=O)c1c(C)c2cnc(Nc3ccc(N4CCN(Cc5cn(CCOCCNc6cccc7c6C(=O)N(C6CCC(=O)NC6=O)C7=O)nn5)CC4)cn3)nc2n(C2CCCC2)c1=O,True,423,,Q00534,CRBN,CRBN,Q96SW2,U251,U251-TR3,2.1,8.67778070526608,1,89.0,1,1.0,1,1,10.1021/acs.jmedchem.9b00871,PROTAC-Pedia,,,DC50 for CDK4 > 100 nM. EC50 of PROTAC is 10nM in MM.lS 8nM in Mino.,U-251 MG,ACH-000232,CNS/Brain,mapped,1.0
CC(=O)c1c(C)c2cnc(Nc3ccc(N4CCN(Cc5cn(CCCCCNc6cccc7c6C(=O)N(C6CCC(=O)NC6=O)C7=O)nn5)CC4)cn3)nc2n(C2CCCC2)c1=O,True,424,,Q00534,CRBN,CRBN,Q96SW2,,,5.3,8.275724130399212,1,,0,,0,1,10.1021/acs.jmedchem.9b00871,PROTAC-Pedia,,,DC50 for CDK4 > 100 nM,,,,,
CC(=O)c1c(C)c2cnc(Nc3ccc(N4CCN(Cc5cn(CCCCCCNc6cccc7c6C(=O)N(C6CCC(=O)NC6=O)C7=O)nn5)CC4)cn3)nc2n(C2CCCC2)c1=O,True,425,,Q00534,CRBN,CRBN,Q96SW2,,,10.6,7.97469413473523,1,,0,,0,1,10.1021/acs.jmedchem.9b00871,PROTAC-Pedia,,,DC50 for CDK4 > 100 nM,,,,,
CC(=O)c1c(C)c2cnc(Nc3ccc(N4CCN(CCOCCOCCNc5cccc6c5C(=O)N(C5CCC(=O)NC5=O)C6=O)CC4)cn3)nc2n(C2CCCC2)c1=O,True,426,,Q00534,CRBN,CRBN,Q96SW2,,,1.6,8.795880017344075,1,,0,,0,1,10.1021/acs.jmedchem.9b00871,PROTAC-Pedia,,,DC50 for CDK4 > 100 nM,,,,,
CC(=O)c1c(C)c2cnc(Nc3ccc(N4CCN(Cc5cn(CCCCCCc6cccc7c6CN(C6CCC(=O)NC6=O)C7=O)nn5)CC4)cn3)nc2n(C2CCCC2)c1=O,True,427,,Q00534,CRBN,CRBN,Q96SW2,,,1.7,8.769551078621726,1,,0,,0,1,10.1021/acs.jmedchem.9b00871,PROTAC-Pedia,,,DC50 for CDK4 > 50 nM,,,,,
CC(=O)c1c(C)c2cnc(Nc3ccc(N4CCN(Cc5cn(CCCCC#Cc6cccc7c6C(=O)N(C6CCC(=O)NC6=O)C7=O)nn5)CC4)cn3)nc2n(C2CCCC2)c1=O,True,428,,Q00534,CRBN,CRBN,Q96SW2,,,81.6,7.088309841246139,1,,0,,0,1,10.1021/acs.jmedchem.9b00871,PROTAC-Pedia,,,DC50 for CDK4 > 100 nM,,,,,
CC(=O)c1c(C)c2cnc(Nc3ccc(N4CCN(Cc5cn(CCCCCC#Cc6cccc7c6C(=O)N(C6CCC(=O)NC6=O)C7=O)nn5)CC4)cn3)nc2n(C2CCCC2)c1=O,True,429,,Q00534,CRBN,CRBN,Q96SW2,,,86.8,7.061480274823508,1,,0,,0,1,10.1021/acs.jmedchem.9b00871,PROTAC-Pedia,,,DC50 for CDK4 > 100 nM,,,,,
COc1ccc(C2=N[C@H](c3ccc(Cl)cc3)[C@H](c3ccc(Cl)cc3)N2C(=O)N2CCN(CC(=O)NCCOCCn3cc(CN4CCN(c5ccc(Nc6ncc7c(C)c(C(C)=O)c(=O)n(C8CCCC8)c7n6)nc5)CC4)nn3)C(=O)C2)c(OC(C)C)c1,True,430,,Q00534,MDM2,MDM2,Q00987,,,,,0,,0,,0,1,10.1021/acs.jmedchem.9b00871,PROTAC-Pedia,,,,,,,,
COc1ccc(C2=N[C@H](c3ccc(Cl)cc3)[C@H](c3ccc(Cl)cc3)N2C(=O)N2CCN(CC(=O)NCCOCCOCCn3cc(CN4CCN(c5ccc(Nc6ncc7c(C)c(C(C)=O)c(=O)n(C8CCCC8)c7n6)nc5)CC4)nn3)C(=O)C2)c(OC(C)C)c1,True,431,,Q00534,MDM2,MDM2,Q00987,,,,,0,,0,,0,1,10.1021/acs.jmedchem.9b00871,PROTAC-Pedia,,,,,,,,
COc1ccc(C2=N[C@H](c3ccc(Cl)cc3)[C@H](c3ccc(Cl)cc3)N2C(=O)N2CCN(CC(=O)NCCOCCOCCOCCn3cc(CN4CCN(c5ccc(Nc6ncc7c(C)c(C(C)=O)c(=O)n(C8CCCC8)c7n6)nc5)CC4)nn3)C(=O)C2)c(OC(C)C)c1,True,432,,Q00534,MDM2,MDM2,Q00987,,,,,0,,0,,0,1,10.1021/acs.jmedchem.9b00871,PROTAC-Pedia,,,,,,,,
CC(=O)c1c(C)c2cnc(Nc3ccc(N4CCN(Cc5cn(CCOCCNC(=O)CCC(=O)NC(C(=O)N6C[C@H](O)C[C@H]6C(=O)NCc6ccc(-c7scnc7C)cc6)C(C)(C)C)nn5)CC4)cn3)nc2n(C2CCCC2)c1=O,True,433,,Q00534,VHL,VHL,P40337,,,,,0,,0,,0,1,10.1021/acs.jmedchem.9b00871,PROTAC-Pedia,,,,,,,,
CC(=O)c1c(C)c2cnc(Nc3ccc(N4CCN(Cc5cn(CCOCCOCCNC(=O)CCC(=O)NC(C(=O)N6C[C@H](O)C[C@H]6C(=O)NCc6ccc(-c7scnc7C)cc6)C(C)(C)C)nn5)CC4)cn3)nc2n(C2CCCC2)c1=O,True,434,,Q00534,VHL,VHL,P40337,,,,,0,,0,,0,1,10.1021/acs.jmedchem.9b00871,PROTAC-Pedia,,,,,,,,
CC(=O)c1c(C)c2cnc(Nc3ccc(N4CCN(Cc5cn(CCOCCOCCOCCNC(=O)CCC(=O)NC(C(=O)N6C[C@H](O)C[C@H]6C(=O)NCc6ccc(-c7scnc7C)cc6)C(C)(C)C)nn5)CC4)cn3)nc2n(C2CCCC2)c1=O,True,435,,Q00534,VHL,VHL,P40337,,,,,0,,0,,0,1,10.1021/acs.jmedchem.9b00871,PROTAC-Pedia,,,,,,,,
CC(=O)c1c(C)c2cnc(Nc3ccc(N4CCN(Cc5cn(CCOCCOCCOCCOCCNC(=O)CCC(=O)NC(C(=O)N6C[C@H](O)C[C@H]6C(=O)NCc6ccc(-c7scnc7C)cc6)C(C)(C)C)nn5)CC4)cn3)nc2n(C2CCCC2)c1=O,True,436,,Q00534,VHL,VHL,P40337,,,,,0,,0,,0,1,10.1021/acs.jmedchem.9b00871,PROTAC-Pedia,,,,,,,,
CN(C)C(=O)c1cc2cnc(Nc3ccc(N4CCN(Cc5cn(CCOCCNc6cccc7c6C(=O)N(C6CCC(=O)NC6=O)C7=O)nn5)CC4)cn3)nc2n1C1CCCC1,True,437,,Q00534,CRBN,CRBN,Q96SW2,,,,,0,,0,,0,1,10.1021/acs.jmedchem.9b00871,PROTAC-Pedia,,,,,,,,
CN(C)C(=O)c1cc2cnc(Nc3ccc(N4CCN(Cc5cn(CCOCCOCCNc6cccc7c6C(=O)N(C6CCC(=O)NC6=O)C7=O)nn5)CC4)cn3)nc2n1C1CCCC1,True,438,,Q00534,CRBN,CRBN,Q96SW2,,,,,0,,0,,0,1,10.1021/acs.jmedchem.9b00871,PROTAC-Pedia,,,,,,,,
CN(C)C(=O)c1cc2cnc(Nc3ccc(N4CCN(Cc5cn(CCOCCOCCOCCNc6cccc7c6C(=O)N(C6CCC(=O)NC6=O)C7=O)nn5)CC4)cn3)nc2n1C1CCCC1,True,439,,Q00534,CRBN,CRBN,Q96SW2,,,,,0,,0,,0,1,10.1021/acs.jmedchem.9b00871,PROTAC-Pedia,,,,,,,,
Cc1nc2c(F)cc(-c3nc(Nc4ccc(CN5CCN(c6cn(CCOCCNc7cccc8c7C(=O)N(C7CCC(=O)NC7=O)C8=O)nn6)CC5)cn4)ncc3F)cc2n1C(C)C,True,440,,Q00534,CRBN,CRBN,Q96SW2,,,8.6,8.065501548756432,1,,0,,0,1,10.1021/acs.jmedchem.9b00871,PROTAC-Pedia,,,DC50 for CDK4 > 500 nM,,,,,
Cc1nc2c(F)cc(-c3nc(Nc4ccc(CN5CCN(c6cn(CCOCCOCCNc7cccc8c7C(=O)N(C7CCC(=O)NC7=O)C8=O)nn6)CC5)cn4)ncc3F)cc2n1C(C)C,True,441,,Q00534,CRBN,CRBN,Q96SW2,,,129.7,6.88706002391592,1,,0,,0,1,10.1021/acs.jmedchem.9b00871,PROTAC-Pedia,,,DC50 for CDK4 > 500 nM,,,,,
Cc1nc2c(F)cc(-c3nc(Nc4ccc(CN5CCN(c6cn(CCOCCOCCOCCNc7cccc8c7C(=O)N(C7CCC(=O)NC7=O)C8=O)nn6)CC5)cn4)ncc3F)cc2n1C(C)C,True,442,,Q00534,CRBN,CRBN,Q96SW2,,,271.9,6.5655907924125,1,,0,,0,1,10.1021/acs.jmedchem.9b00871,PROTAC-Pedia,,,DC50 for CDK4 > 500 nM,,,,,
Cc1nc2c(F)cc(-c3nc(Nc4ccc(CN5CCN(c6cn(CCOCCOCCOCCOCCNc7cccc8c7C(=O)N(C7CCC(=O)NC7=O)C8=O)nn6)CC5)cn4)ncc3F)cc2n1C(C)C,True,443,,Q00534,CRBN,CRBN,Q96SW2,,,145.5,6.837137006678074,1,,0,,0,1,10.1021/acs.jmedchem.9b00871,PROTAC-Pedia,,,DC50 for CDK4 > 500 nM,,,,,
Cc1ncsc1-c1ccc(CNC(=O)[C@@H]2C[C@@H](O)CN2C(=O)[C@@H](NC(=O)COCCOCCNc2cccc3c2C(=O)N(C2CCC(=O)NC2=O)C3=O)C(C)(C)C)cc1,True,444,,Q96SW2,VHL,VHL,P40337,,,,,0,20.0,1,0.0,1,1,10.1039/c8cc09541h,PROTAC-Pedia,,,,,,,,
Cc1ncsc1-c1ccc(CNC(=O)[C@@H]2C[C@@H](O)CN2C(=O)[C@@H](NC(=O)COCCOCCOCCNc2cccc3c2C(=O)N(C2CCC(=O)NC2=O)C3=O)C(C)(C)C)cc1,True,445,,Q96SW2,VHL,VHL,P40337,,,,,0,20.0,1,0.0,1,1,10.1039/c8cc09541h,PROTAC-Pedia,,,,,,,,
Cc1ncsc1-c1ccc(CNC(=O)[C@@H]2C[C@@H](O)CN2C(=O)[C@@H](NC(=O)CCCCOCCOCCOCCNc2cccc3c2C(=O)N(C2CCC(=O)NC2=O)C3=O)C(C)(C)C)cc1,True,446,,Q96SW2,VHL,VHL,P40337,,,,,0,20.0,1,0.0,1,1,10.1039/c8cc09541h,PROTAC-Pedia,,,,,,,,
Cc1ncsc1-c1ccc(CNC(=O)[C@@H]2C[C@@H](O)CN2C(=O)[C@@H](NC(=O)CCCCOCCCCCOCCCCCCNc2cccc3c2C(=O)N(C2CCC(=O)NC2=O)C3=O)C(C)(C)C)cc1,True,447,,Q96SW2,VHL,VHL,P40337,MM1S,MM1.S,1.5,8.823908740944319,1,90.0,1,1.0,1,1,10.1039/c8cc09541h,PROTAC-Pedia,,24.0,,MM1-S,ACH-000763,Lymphoid,mapped,1.0
Cc1ncsc1-c1ccc(CNC(=O)[C@@H]2C[C@@H](O)CN2C(=O)[C@@H](NC(=O)CCCCCOCCCCCCOCCCCCCNc2cccc3c2C(=O)N(C2CCC(=O)NC2=O)C3=O)C(C)(C)C)cc1,True,448,,Q96SW2,VHL,VHL,P40337,,,,,0,90.0,1,,0,1,10.1039/c8cc09541h,PROTAC-Pedia,,,,,,,,
Cc1ncsc1-c1ccc(CNC(=O)[C@@H]2C[C@@H](O)CN2C(=O)[C@@H](NC(=O)CCCCCOCCCCOCCCCOCCCCNc2cccc3c2C(=O)N(C2CCC(=O)NC2=O)C3=O)C(C)(C)C)cc1,True,449,,Q96SW2,VHL,VHL,P40337,,,,,0,90.0,1,,0,1,10.1039/c8cc09541h,PROTAC-Pedia,,,,,,,,
Cc1ncsc1-c1ccc(CNC(=O)[C@@H]2C[C@@H](O)CN2C(=O)[C@@H](NC(=O)CCCCCOCCOCCOCCOCCOCCOCCCCCCNc2cccc3c2C(=O)N(C2CCC(=O)NC2=O)C3=O)C(C)(C)C)cc1,True,450,,Q96SW2,VHL,VHL,P40337,,,,,0,90.0,1,,0,1,10.1039/c8cc09541h,PROTAC-Pedia,,,,,,,,
Cc1ncsc1-c1ccc(CNC(=O)[C@@H]2C[C@@H](O)CN2C(=O)[C@@H](NC(=O)CCCCCOCCCCOCCCCOCCCCOCCCCCCNc2cccc3c2C(=O)N(C2CCC(=O)NC2=O)C3=O)C(C)(C)C)cc1,True,451,,Q96SW2,VHL,VHL,P40337,,,,,0,90.0,1,,0,1,10.1039/c8cc09541h,PROTAC-Pedia,,,,,,,,
Nc1ncnc2c1c(-c1ccc(Oc3ccccc3)cc1)nn2[C@@H]1CCCN(CC(=O)NCCOCCOCC(=O)NCCOCCOc2cccc3c2C(=O)N(C2CCC(=O)NC2=O)C3=O)C1,True,452,,Q06187,CRBN,CRBN,Q96SW2,Ramos,Ramos,,,0,85.0,1,,0,1,10.1039/c8cc08716d,PROTAC-Pedia,,16.0,,Ramos,ACH-001636,Lymphoid,mapped,1.0
Nc1ncnc2c1c(-c1ccc(Oc3ccccc3)cc1)nn2[C@@H]1CCCN(CC(=O)NCCOCCOc2cccc3c2C(=O)N(C2CCC(=O)NC2=O)C3=O)C1,True,453,,Q06187,CRBN,CRBN,Q96SW2,Ramos,Ramos,,,0,,0,,0,1,10.1039/c8cc08716d,PROTAC-Pedia,,16.0,,Ramos,ACH-001636,Lymphoid,mapped,1.0
Nc1ncnc2c1c(-c1ccc(Oc3ccccc3)cc1)nn2[C@@H]1CCCN(CC(=O)NCCOCCOCCC(=O)NCCOCCOCC(=O)NCCOCCOc2cccc3c2C(=O)N(C2CCC(=O)NC2=O)C3=O)C1,True,454,,Q06187,CRBN,CRBN,Q96SW2,Ramos,Ramos,,,0,,0,,0,1,10.1039/c8cc08716d,PROTAC-Pedia,,16.0,,Ramos,ACH-001636,Lymphoid,mapped,1.0
COc1cc(C(=O)NCCOCCOCCOCCNC(=O)C[C@@H]2N=C(c3ccc(Cl)cc3)c3c(sc(C)c3C)-n3c(C)nnc32)ccc1NC(=O)[C@@H]1N[C@@H](CC(C)(C)C)[C@](C#N)(c2ccc(Cl)cc2F)[C@H]1c1cccc(Cl)c1F,True,461,,O60885,MDM2,MDM2,Q00987,HCT116,HCT116-53BPI(+/-),32.0,7.494850021680094,1,98.0,1,1.0,1,1,10.1158/0008-5472.CAN-18-2918,PROTAC-Pedia,,24.0,,HCT 116,ACH-000971,Bowel,mapped,1.0
NC(=O)c1cccc2cn(-c3ccc(-c4cn(CCOCCOCCOCCOCCNc5cccc6c5C(=O)N(C5CCC(=O)NC5=O)C6=O)nn4)cc3)nc12,True,462,,P09874,CRBN,CRBN,Q96SW2,MDA-MB-231,MDA-MB-231,,,0,,0,,0,1,10.1039/c8cc07813k,PROTAC-Pedia,,,,MDA-MB-231,ACH-000768,Breast,mapped,1.0
Cc1ncsc1-c1ccc(CNC(=O)[C@H]2C[C@H](O)CN2C(=O)C(NC(=O)CCC(=O)NCCOCCOCCOCCn2cc(-c3ccc(-n4cc5cccc(C(N)=O)c5n4)cc3)nn2)C(C)(C)C)cc1,True,463,,P09874,VHL,VHL,P40337,MDA-MB-231,MDA-MB-231,,,0,,0,,0,1,10.1039/c8cc07813k,PROTAC-Pedia,,,,MDA-MB-231,ACH-000768,Breast,mapped,1.0
COc1ccc(C2=N[C@@H](c3ccc(Cl)cc3)[C@@H](c3ccc(Cl)cc3)N2C(=O)N2CCN(CC(=O)NCCOCCOCCOCCOCCn3cc(-c4ccc(-n5cc6cccc(C(N)=O)c6n5)cc4)nn3)C(=O)C2)cc1OC(C)C,True,464,,P09874,MDM2,MDM2,Q00987,MDA-MB-231,MDA-MB-231,,,0,,0,,0,1,10.1039/c8cc07813k,PROTAC-Pedia,,48.0,"EC50 of PROTAC is 8.45 ± 0.54uM (24h treatment), 6.12 ± 0.204uM (48h treatment)",MDA-MB-231,ACH-000768,Breast,mapped,1.0
O=C1CCC(N2C(=O)c3cccc(NCCOCCOCCOCCOCCn4cc(CCCC(=O)N5CCN(C(=O)c6cc(Cc7n[nH]c(=O)c8ccccc78)ccc6F)CC5)nn4)c3C2=O)C(=O)N1,True,465,,P09874,CRBN,CRBN,Q96SW2,MDA-MB-231,MDA-MB-231,,,0,,0,,0,1,10.1039/c8cc07813k,PROTAC-Pedia,,,,MDA-MB-231,ACH-000768,Breast,mapped,1.0
COc1ccc(C2=N[C@H](c3ccc(Cl)cc3)[C@H](c3ccc(Cl)cc3)N2C(=O)N2CCN(CC(=O)NCCOCCOCCOCCOCCn3cc(CCCC(=O)N4CCN(C(=O)c5cc(Cc6n[nH]c(=O)c7ccccc67)ccc5F)CC4)nn3)C(=O)C2)cc1OC(C)C,True,466,,P09874,MDM2,MDM2,Q00987,MDA-MB-231,MDA-MB-231,,,0,,0,,0,1,10.1039/c8cc07813k,PROTAC-Pedia,,,,MDA-MB-231,ACH-000768,Breast,mapped,1.0
Cc1cc(C(C(=O)N2C[C@H](O)CC2C(=O)NC(CC(=O)N2CCC(N3CCC(C#Cc4ccc(C(=O)NC5C(C)(C)C(Oc6ccc(C#N)c(Cl)c6)C5(C)C)cc4)CC3)CC2)c2ccc(-c3scnc3C)cc2)C(C)C)on1,True,468,,P10275,VHL,VHL,P40337,LnCap,LNCaP,8.0,8.096910013008056,1,,0,,0,1,10.1016/j.neo.2019.12.003,PROTAC-Pedia,,6.0,,LNCaP clone FGC,ACH-000977,Prostate,mapped,1.0
Cc1cc(C(C(=O)N2C[C@H](O)CC2C(=O)NC(CC(=O)N2CCC(N3CCC(C#Cc4ccc(N5C(=S)N(c6cnc(C#N)c(C(F)(F)F)c6)C(=O)C56CCC6)cc4)CC3)CC2)c2ccc(-c3scnc3C)cc2)C(C)C)on1,True,469,,P10275,VHL,VHL,P40337,LnCap,LNCaP,,,0,,0,,0,1,10.1016/j.neo.2019.12.003,PROTAC-Pedia,,6.0,,LNCaP clone FGC,ACH-000977,Prostate,mapped,1.0
Cc1cc(C(C(=O)N2C[C@H](O)CC2C(=O)NC(CC(=O)N2CCC(N3CCC(C#Cc4ccc(N5C(=S)N(c6ccc(C#N)c(C(F)(F)F)c6)C(=O)C5(C)C)cc4)CC3)CC2)c2ccc(-c3scnc3C)cc2)C(C)C)on1,True,470,,P10275,VHL,VHL,P40337,LnCap,LNCaP,,,0,,0,,0,1,10.1016/j.neo.2019.12.003,PROTAC-Pedia,,6.0,,LNCaP clone FGC,ACH-000977,Prostate,mapped,1.0
Cc1cc(C(C(=O)N2C[C@H](O)CC2C(=O)NC(CC(=O)N2CCC(N3CCC(C#Cc4ccc(S(=O)(=O)CC(C)(O)C(=O)Nc5ccc(C#N)c(C(F)(F)F)c5)cc4)CC3)CC2)c2ccc(-c3scnc3C)cc2)C(C)C)on1,True,471,,P10275,VHL,VHL,P40337,LnCap,LNCaP,,,0,,0,,0,1,10.1016/j.neo.2019.12.003,PROTAC-Pedia,,6.0,,LNCaP clone FGC,ACH-000977,Prostate,mapped,1.0
Cc1ncsc1-c1ccc(CNC(=O)[C@@H]2C[C@@H](O)CN2C(=O)[C@@H](NC(=O)COCCNC(=O)c2cccc(-c3cc(Nc4ccc(OC(F)(F)F)cc4)ncn3)c2)C(C)(C)C)cc1,True,474,,P00519,VHL,VHL,P40337,K562,EGFP-K562,2000.0,5.698970004336019,1,85.0,1,0.0,1,1,10.1158/0008-5472.CAN-19-1236,PROTAC-Pedia,,18.0,,K-562,ACH-000551,Myeloid,mapped,1.0
Cc1ncsc1-c1ccc(CNC(=O)[C@@H]2C[C@@H](O)CN2C(=O)[C@@H](NC(=O)COCCOc2cccc(-c3cc(Nc4ccc(OC(F)(F)F)cc4)ncn3)c2)C(C)(C)C)cc1,True,475,,P00519,VHL,VHL,P40337,K562,EGFP-K562,340.0,6.468521082957745,1,95.0,1,1.0,1,1,10.1158/0008-5472.CAN-19-1236,PROTAC-Pedia,,18.0,,K-562,ACH-000551,Myeloid,mapped,1.0
COc1c(O)cc(O)c2c(=O)cc(-c3ccc(OCCCCCC(=O)Nc4cccc5c4C(=O)N(C4CCC(=O)NC4=O)C5=O)cc3)oc12,True,476,,P50750,CRBN,CRBN,Q96SW2,MCF-7,MCF-7,,,0,,0,,0,1,10.1016/j.bioorg.2018.08.028,PROTAC-Pedia,,24.0,EC50 of ligand and PROTAC was measured in MCF-7 cell line,MCF7,ACH-000019,Breast,mapped,1.0
COc1c(O)cc(O)c2c(=O)cc(-c3ccc(OCCCCCCC(=O)Nc4cccc5c4C(=O)N(C4CCC(=O)NC4=O)C5=O)cc3)oc12,True,477,,P50750,CRBN,CRBN,Q96SW2,MCF-7,MCF-7,,,0,,0,,0,1,10.1016/j.bioorg.2018.08.028,PROTAC-Pedia,,24.0,EC50 of ligand and PROTAC was measured in MCF-7 cell line,MCF7,ACH-000019,Breast,mapped,1.0
COc1c(O)cc(O)c2c(=O)cc(-c3ccc(OCCCCCCCC(=O)Nc4cccc5c4C(=O)N(C4CCC(=O)NC4=O)C5=O)cc3)oc12,True,478,,P50750,CRBN,CRBN,Q96SW2,MCF-7,MCF-7,,,0,,0,,0,1,10.1016/j.bioorg.2018.08.028,PROTAC-Pedia,,24.0,EC50 of ligand and PROTAC was measured in MCF-7 cell line,MCF7,ACH-000019,Breast,mapped,1.0
COc1c(O)cc(O)c2c(=O)cc(-c3ccc(OCCCCCCCCCC(=O)Nc4cccc5c4C(=O)N(C4CCC(=O)NC4=O)C5=O)cc3)oc12,True,479,,P50750,CRBN,CRBN,Q96SW2,MCF-7,MCF-7,,,0,,0,,0,1,10.1016/j.bioorg.2018.08.028,PROTAC-Pedia,,24.0,EC50 of ligand and PROTAC was measured in MCF-7 cell line,MCF7,ACH-000019,Breast,mapped,1.0
COc1c(O)cc(O)c2c(=O)cc(-c3ccc(OCc4cn(CCCCCC(=O)Nc5cccc6c5C(=O)N(C5CCC(=O)NC5=O)C6=O)nn4)cc3)oc12,True,480,,P50750,CRBN,CRBN,Q96SW2,MCF-7,MCF-7,,,0,,0,,0,1,10.1016/j.bioorg.2018.08.028,PROTAC-Pedia,,24.0,EC50 of ligand and PROTAC was measured in MCF-7 cell line,MCF7,ACH-000019,Breast,mapped,1.0
COc1c(O)cc(O)c2c(=O)cc(-c3ccc(OCc4cn(CCCCCCC(=O)Nc5cccc6c5C(=O)N(C5CCC(=O)NC5=O)C6=O)nn4)cc3)oc12,True,481,,P50750,CRBN,CRBN,Q96SW2,MCF-7,MCF-7,,,0,,0,,0,1,10.1016/j.bioorg.2018.08.028,PROTAC-Pedia,,24.0,EC50 of ligand and PROTAC was measured in MCF-7 cell line,MCF7,ACH-000019,Breast,mapped,1.0
COc1c(O)cc(O)c2c(=O)cc(-c3ccc(OCc4cn(CCCCCCCC(=O)Nc5cccc6c5C(=O)N(C5CCC(=O)NC5=O)C6=O)nn4)cc3)oc12,True,482,,P50750,CRBN,CRBN,Q96SW2,MCF-7,MCF-7,,,0,,0,,0,1,10.1016/j.bioorg.2018.08.028,PROTAC-Pedia,,24.0,EC50 of ligand and PROTAC was measured in MCF-7 cell line,MCF7,ACH-000019,Breast,mapped,1.0
COc1c(O)cc(O)c2c(=O)cc(-c3ccc(OCc4cn(CCCCCCCCCC(=O)Nc5cccc6c5C(=O)N(C5CCC(=O)NC5=O)C6=O)nn4)cc3)oc12,True,483,,P50750,CRBN,CRBN,Q96SW2,MCF-7,MCF-7,,,0,,0,,0,1,10.1016/j.bioorg.2018.08.028,PROTAC-Pedia,,24.0,EC50 of ligand and PROTAC was measured in MCF-7 cell line,MCF7,ACH-000019,Breast,mapped,1.0
Cc1ccc(F)c(S(=O)(=O)Nc2ccc(-c3nc(OC[C@H]4CN(CCOCCOCCOCC(=O)N[C@H](C(=O)N5C[C@H](O)C[C@H]5C(=O)NCc5ccc(-c6scnc6C)cc5)C(C)(C)C)CCO4)c4cn[nH]c4n3)cc2)c1,True,484,,Q96BR1,VHL,VHL,P40337,HEK293,HEK293,,,0,77.0,1,,0,1,10.1021/acschembio.9b00505,PROTAC-Pedia,,48.0,,HEK293,,,unmapped,0.0
COc1ccc(Cl)c(S(=O)(=O)Nc2ccc(-c3nc(OC[C@H]4CN(CCOCCOCCOCC(=O)N[C@H](C(=O)N5C[C@H](O)C[C@H]5C(=O)NCc5ccc(-c6scnc6C)cc5)C(C)(C)C)CCO4)c4c(C)n[nH]c4n3)cc2)c1,True,485,,Q96BR1,VHL,VHL,P40337,HEK293,HEK293,,,0,16.0,1,0.0,1,1,10.1021/acschembio.9b00505,PROTAC-Pedia,,48.0,,HEK293,,,unmapped,0.0
Cc1ccc(F)c(S(=O)(=O)Nc2ccc(-c3nc(OC[C@H]4CN(CCOCCOCCOCC(=O)NCCNc5cccc6c5C(=O)N(C5CCC(=O)NC5=O)C6=O)CCO4)c4cn[nH]c4n3)cc2)c1,True,486,,Q96BR1,CRBN,CRBN,Q96SW2,HEK293,HEK293,,,0,30.0,1,0.0,1,1,10.1021/acschembio.9b00505,PROTAC-Pedia,,48.0,,HEK293,,,unmapped,0.0
COc1ccc(Cl)c(S(=O)(=O)Nc2ccc(-c3nc(OC[C@H]4CN(CCOCCOCCOCC(=O)NCCNc5cccc6c5C(=O)N(C5CCC(=O)NC5=O)C6=O)CCO4)c4c(C)n[nH]c4n3)cc2)c1,True,487,,Q96BR1,CRBN,CRBN,Q96SW2,HEK293,HEK293,,,0,16.0,1,0.0,1,1,10.1021/acschembio.9b00505,PROTAC-Pedia,,48.0,,HEK293,,,unmapped,0.0
Cc1ccc(F)c(S(=O)(=O)Nc2ccc(-c3nc(OC[C@H]4CN(CCOCCOCC(=O)N[C@H](C(=O)N5C[C@H](O)C[C@H]5C(=O)NCc5ccc(-c6scnc6C)cc5)C(C)(C)C)CCO4)c4cn[nH]c4n3)cc2)c1,True,488,,Q96BR1,VHL,VHL,P40337,HEK293,HEK293,,,0,64.0,1,,0,1,10.1021/acschembio.9b00505,PROTAC-Pedia,,48.0,,HEK293,,,unmapped,0.0
Cc1ccc(F)c(S(=O)(=O)Nc2ccc(-c3nc(OC[C@H]4CN(CCOCCOCCOCCOCC(=O)N[C@H](C(=O)N5C[C@H](O)C[C@H]5C(=O)NCc5ccc(-c6scnc6C)cc5)C(C)(C)C)CCO4)c4cn[nH]c4n3)cc2)c1,True,489,,Q96BR1,VHL,VHL,P40337,HEK293,HEK293,,,0,80.0,1,,0,1,10.1021/acschembio.9b00505,PROTAC-Pedia,,48.0,,HEK293,,,unmapped,0.0
Cc1ccc(F)c(S(=O)(=O)Nc2ccc(-c3nc(OC[C@H]4CN(CCOCCOCCOCCOCCOCC(=O)N[C@H](C(=O)N5C[C@H](O)C[C@H]5C(=O)NCc5ccc(-c6scnc6C)cc5)C(C)(C)C)CCO4)c4cn[nH]c4n3)cc2)c1,True,490,,Q96BR1,VHL,VHL,P40337,HEK293,HEK293,,,0,63.0,1,,0,1,10.1021/acschembio.9b00505,PROTAC-Pedia,,48.0,,HEK293,,,unmapped,0.0
Cc1ccc(F)c(S(=O)(=O)Nc2ccc(-c3nc(OC[C@H]4CN(CCCCCCOCCOCCOCCOCC(=O)N[C@H](C(=O)N5C[C@H](O)C[C@H]5C(=O)NCc5ccc(-c6scnc6C)cc5)C(C)(C)C)CCO4)c4cn[nH]c4n3)cc2)c1,True,492,,Q96BR1,VHL,VHL,P40337,HEK293,HEK293,,,0,88.0,1,,0,1,10.1021/acschembio.9b00505,PROTAC-Pedia,,48.0,,HEK293,,,unmapped,0.0
Cc1ccc(F)c(S(=O)(=O)Nc2ccc(-c3nc(OC[C@H]4CN(CCCCCCOCCCCCCOCC(=O)N[C@H](C(=O)N5C[C@H](O)C[C@H]5C(=O)NCc5ccc(-c6scnc6C)cc5)C(C)(C)C)CCO4)c4cn[nH]c4n3)cc2)c1,True,493,,Q96BR1,VHL,VHL,P40337,HEK293,HEK293,,,0,91.0,1,,0,1,10.1021/acschembio.9b00505,PROTAC-Pedia,,48.0,,HEK293,,,unmapped,0.0
COc1ccc(Cl)c(S(=O)(=O)Nc2ccc(-c3nc(OC[C@H]4CN(CCCCCCOCCOCCOCCOCC(=O)N[C@H](C(=O)N5C[C@H](O)C[C@H]5C(=O)NCc5ccc(-c6scnc6C)cc5)C(C)(C)C)CCO4)c4c(C)n[nH]c4n3)cc2)c1,True,494,,Q96BR1,VHL,VHL,P40337,HEK293,HEK293,,,0,71.0,1,,0,1,10.1021/acschembio.9b00505,PROTAC-Pedia,,48.0,,HEK293,,,unmapped,0.0
COc1ccc(Cl)c(S(=O)(=O)Nc2ccc(-c3nc(OC[C@H]4CN(CCCCCCOCCCCCCOCC(=O)N[C@H](C(=O)N5C[C@H](O)C[C@H]5C(=O)NCc5ccc(-c6scnc6C)cc5)C(C)(C)C)CCO4)c4cn[nH]c4n3)cc2)c1,True,495,,Q96BR1,VHL,VHL,P40337,HEK293,HEK293,,,0,71.0,1,,0,1,10.1021/acschembio.9b00505,PROTAC-Pedia,,48.0,,HEK293,,,unmapped,0.0
O=C1CCC(N2C(=O)c3cccc(NCCOCCOCc4cn(CCCC(=O)N5CCN(CC#Cc6ccc(OCCCc7sc(N8CCc9cccc(C(=O)Nc%10nc%11ccccc%11s%10)c9C8)nc7C(=O)O)c(F)c6)CC5)nn4)c3C2=O)C(=O)N1,True,496,,Q07817,CRBN,CRBN,Q96SW2,MOLT4,MOLT4/P,50.0,7.301029995663981,1,85.0,1,1.0,1,1,10.1039/c9cc07217a,PROTAC-Pedia,,16.0,"Selective BCLXL degradation: only in MOLT4 cells, not platelets",MOLT-4,ACH-001127,Lymphoid,mapped,0.0
COc1cc(/C=C(\C#N)C(=O)NCCN[C@H](C(=O)N2C[C@H](O)C[C@H]2C(=O)NCc2ccc(-c3scnc3C)cc2)C(C)(C)C)ccc1OCc1ccc(C(F)(F)F)cc1C(F)(F)F,True,497,,P62508,VHL,VHL,P40337,MDA-MB-231,MDA-MB-231,,,0,50.0,1,0.0,1,1,10.1021/acsmedchemlett.9b00025,PROTAC-Pedia,,4.0,DCmax was measured in 100nM,MDA-MB-231,ACH-000768,Breast,mapped,1.0
COc1cc(/C=C(\C#N)C(=O)NCCCN[C@H](C(=O)N2C[C@H](O)C[C@H]2C(=O)NCc2ccc(-c3scnc3C)cc2)C(C)(C)C)ccc1OCc1ccc(C(F)(F)F)cc1C(F)(F)F,True,498,,P62508,VHL,VHL,P40337,MDA-MB-231,MDA-MB-231,,,0,85.0,1,,0,1,10.1021/acsmedchemlett.9b00025,PROTAC-Pedia,,4.0,DCmax was measured in 100nM,MDA-MB-231,ACH-000768,Breast,mapped,1.0
COc1cc(/C=C(\C#N)C(=O)NCCCCN[C@H](C(=O)N2C[C@H](O)C[C@H]2C(=O)NCc2ccc(-c3scnc3C)cc2)C(C)(C)C)ccc1OCc1ccc(C(F)(F)F)cc1C(F)(F)F,True,499,,P62508,VHL,VHL,P40337,MDA-MB-231,MDA-MB-231,,,0,96.0,1,,0,1,10.1021/acsmedchemlett.9b00025,PROTAC-Pedia,,4.0,"selective towards ERRa (tested also against ERRb, ERRg). DCmax was measured in 100nM",MDA-MB-231,ACH-000768,Breast,mapped,1.0
COc1cc(/C=C(\C#N)C(=O)NCCCCCN[C@H](C(=O)N2C[C@H](O)C[C@H]2C(=O)NCc2ccc(-c3scnc3C)cc2)C(C)(C)C)ccc1OCc1ccc(C(F)(F)F)cc1C(F)(F)F,True,500,,P62508,VHL,VHL,P40337,MDA-MB-231,MDA-MB-231,,,0,78.0,1,,0,1,10.1021/acsmedchemlett.9b00025,PROTAC-Pedia,,4.0,DCmax was measured in 100nM,MDA-MB-231,ACH-000768,Breast,mapped,1.0
COc1cc(/C=C(\C#N)C(=O)NCCCCCCN[C@H](C(=O)N2C[C@H](O)C[C@H]2C(=O)NCc2ccc(-c3scnc3C)cc2)C(C)(C)C)ccc1OCc1ccc(C(F)(F)F)cc1C(F)(F)F,True,501,,P62508,VHL,VHL,P40337,MDA-MB-231,MDA-MB-231,,,0,71.0,1,,0,1,10.1021/acsmedchemlett.9b00025,PROTAC-Pedia,,4.0,DCmax was measured in 100nM,MDA-MB-231,ACH-000768,Breast,mapped,1.0
COc1cc(/C=C(\C#N)C(=O)NCCCCCCCN[C@H](C(=O)N2C[C@H](O)C[C@H]2C(=O)NCc2ccc(-c3scnc3C)cc2)C(C)(C)C)ccc1OCc1ccc(C(F)(F)F)cc1C(F)(F)F,True,502,,P62508,VHL,VHL,P40337,MDA-MB-231,MDA-MB-231,,,0,9.0,1,0.0,1,1,10.1021/acsmedchemlett.9b00025,PROTAC-Pedia,,4.0,DCmax was measured in 100nM,MDA-MB-231,ACH-000768,Breast,mapped,1.0
COc1cc(/C=C(\C#N)C(=O)NCCOCN[C@H](C(=O)N2C[C@H](O)C[C@H]2C(=O)NCc2ccc(-c3scnc3C)cc2)C(C)(C)C)ccc1OCc1ccc(C(F)(F)F)cc1C(F)(F)F,True,503,,P62508,VHL,VHL,P40337,MDA-MB-231,MDA-MB-231,,,0,92.0,1,,0,1,10.1021/acsmedchemlett.9b00025,PROTAC-Pedia,,4.0,DCmax was measured in 100nM,MDA-MB-231,ACH-000768,Breast,mapped,1.0
COc1cc(/C=C(\C#N)C(=O)NCCOCCN[C@H](C(=O)N2C[C@H](O)C[C@H]2C(=O)NCc2ccc(-c3scnc3C)cc2)C(C)(C)C)ccc1OCc1ccc(C(F)(F)F)cc1C(F)(F)F,True,504,,P62508,VHL,VHL,P40337,MDA-MB-231,MDA-MB-231,,,0,89.0,1,,0,1,10.1021/acsmedchemlett.9b00025,PROTAC-Pedia,,4.0,DCmax was measured in 100nM,MDA-MB-231,ACH-000768,Breast,mapped,1.0
COc1cc(/C=C(\C#N)C(=O)NCCOCCOCCN[C@H](C(=O)N2C[C@H](O)C[C@H]2C(=O)NCc2ccc(-c3scnc3C)cc2)C(C)(C)C)ccc1OCc1ccc(C(F)(F)F)cc1C(F)(F)F,True,505,,P62508,VHL,VHL,P40337,MDA-MB-231,MDA-MB-231,,,0,19.0,1,0.0,1,1,10.1021/acsmedchemlett.9b00025,PROTAC-Pedia,,4.0,DCmax was measured in 100 nM,MDA-MB-231,ACH-000768,Breast,mapped,1.0
COc1cc(/C=C(\C#N)C(=O)NCCOCCOCCOCCN[C@H](C(=O)N2C[C@H](O)C[C@H]2C(=O)NCc2ccc(-c3scnc3C)cc2)C(C)(C)C)ccc1OCc1ccc(C(F)(F)F)cc1C(F)(F)F,True,506,,P62508,VHL,VHL,P40337,MDA-MB-231,MDA-MB-231,,,0,10.0,1,0.0,1,1,10.1021/acsmedchemlett.9b00025,PROTAC-Pedia,,4.0,DCmax was measured in 100 nM,MDA-MB-231,ACH-000768,Breast,mapped,1.0
COc1cc(/C=C(\C#N)C(=O)NCCCCNc2cccc3c2C(=O)N(C2CCC(=O)NC2=O)C3=O)ccc1OCc1ccc(C(F)(F)F)cc1C(F)(F)F,True,507,,P62508,CRBN,CRBN,Q96SW2,MDA-MB-231,MDA-MB-231,,,0,,0,,0,1,10.1021/acsmedchemlett.9b00025,PROTAC-Pedia,,,,MDA-MB-231,ACH-000768,Breast,mapped,1.0
COc1cc(/C=C(\C#N)C(=O)NCCCCCCNc2cccc3c2C(=O)N(C2CCC(=O)NC2=O)C3=O)ccc1OCc1ccc(C(F)(F)F)cc1C(F)(F)F,True,508,,P62508,CRBN,CRBN,Q96SW2,MDA-MB-231,MDA-MB-231,,,0,,0,,0,1,10.1021/acsmedchemlett.9b00025,PROTAC-Pedia,,,,MDA-MB-231,ACH-000768,Breast,mapped,1.0
COc1cc(/C=C(\C#N)C(=O)NCCOCCOCCNc2cccc3c2C(=O)N(C2CCC(=O)NC2=O)C3=O)ccc1OCc1ccc(C(F)(F)F)cc1C(F)(F)F,True,509,,P62508,CRBN,CRBN,Q96SW2,MDA-MB-231,MDA-MB-231,,,0,,0,,0,1,10.1021/acsmedchemlett.9b00025,PROTAC-Pedia,,,,MDA-MB-231,ACH-000768,Breast,mapped,1.0
COc1cc(/C=C(\C#N)C(=O)NCCOCCOCCOCCNc2cccc3c2C(=O)N(C2CCC(=O)NC2=O)C3=O)ccc1OCc1ccc(C(F)(F)F)cc1C(F)(F)F,True,510,,P62508,CRBN,CRBN,Q96SW2,MDA-MB-231,MDA-MB-231,,,0,,0,,0,1,10.1021/acsmedchemlett.9b00025,PROTAC-Pedia,,,,MDA-MB-231,ACH-000768,Breast,mapped,1.0
COc1cc(/C=C(\C#N)C(=O)NCCCOCCCCOCCCNc2cccc3c2C(=O)N(C2CCC(=O)NC2=O)C3=O)ccc1OCc1ccc(C(F)(F)F)cc1C(F)(F)F,True,511,,P62508,CRBN,CRBN,Q96SW2,MDA-MB-231,MDA-MB-231,,,0,,0,,0,1,10.1021/acsmedchemlett.9b00025,PROTAC-Pedia,,,,MDA-MB-231,ACH-000768,Breast,mapped,1.0
COc1cc(/C=C(\C#N)C(=O)NCCCOCCOCCOCCCNc2cccc3c2C(=O)N(C2CCC(=O)NC2=O)C3=O)ccc1OCc1ccc(C(F)(F)F)cc1C(F)(F)F,True,512,,P62508,CRBN,CRBN,Q96SW2,MDA-MB-231,MDA-MB-231,,,0,,0,,0,1,10.1021/acsmedchemlett.9b00025,PROTAC-Pedia,,,,MDA-MB-231,ACH-000768,Breast,mapped,1.0
COc1cc(/C=C(\C#N)C(=O)NCCOCCOCCOCCOCCNc2cccc3c2C(=O)N(C2CCC(=O)NC2=O)C3=O)ccc1OCc1ccc(C(F)(F)F)cc1C(F)(F)F,True,513,,P62508,CRBN,CRBN,Q96SW2,MDA-MB-231,MDA-MB-231,,,0,,0,,0,1,10.1021/acsmedchemlett.9b00025,PROTAC-Pedia,,,,MDA-MB-231,ACH-000768,Breast,mapped,1.0
COc1cc(/C=C(\C#N)C(=O)NCCOCCOCCOCCOCCOCCNc2cccc3c2C(=O)N(C2CCC(=O)NC2=O)C3=O)ccc1OCc1ccc(C(F)(F)F)cc1C(F)(F)F,True,514,,P62508,CRBN,CRBN,Q96SW2,MDA-MB-231,MDA-MB-231,,,0,,0,,0,1,10.1021/acsmedchemlett.9b00025,PROTAC-Pedia,,,,MDA-MB-231,ACH-000768,Breast,mapped,1.0
COc1cc(/C=C(\C#N)C(=O)NCCCCNC(=O)[C@@H](CC(C)C)NC(=O)[C@@H](O)[C@H](N)Cc2ccccc2)ccc1OCc1ccc(C(F)(F)F)cc1C(F)(F)F,True,515,,P62508,IAP,"BIRC2,BIRC3",P98170,MDA-MB-231,MDA-MB-231,,,0,,0,,0,1,10.1021/acsmedchemlett.9b00025,PROTAC-Pedia,,,,MDA-MB-231,ACH-000768,Breast,mapped,1.0
COc1cc(/C=C(\C#N)C(=O)NCCOCCOCCNC(=O)[C@@H](CC(C)C)NC(=O)[C@@H](O)[C@H](N)Cc2ccccc2)ccc1OCc1ccc(C(F)(F)F)cc1C(F)(F)F,True,516,,P62508,IAP,"BIRC2,BIRC3",P98170,MDA-MB-231,MDA-MB-231,,,0,,0,,0,1,10.1021/acsmedchemlett.9b00025,PROTAC-Pedia,,,,MDA-MB-231,ACH-000768,Breast,mapped,1.0
COc1ccc(C2=N[C@@H](c3ccc(Cl)cc3)[C@@H](c3ccc(Cl)cc3)N2C(=O)N2CCN(CC(=O)CCNC(=O)/C(C#N)=C/c3ccc(OCc4ccc(C(F)(F)F)cc4C(F)(F)F)c(OC)c3)C(=O)C2)c(OC(C)C)c1,True,517,,P62508,MDM2,MDM2,Q00987,MDA-MB-231,MDA-MB-231,,,0,,0,,0,1,10.1021/acsmedchemlett.9b00025,PROTAC-Pedia,,,,MDA-MB-231,ACH-000768,Breast,mapped,1.0
COc1ccc(C2=N[C@@H](c3ccc(Cl)cc3)[C@@H](c3ccc(Cl)cc3)N2C(=O)N2CCN(CC(=O)NCCCCCNC(=O)/C(C#N)=C/c3ccc(OCc4ccc(C(F)(F)F)cc4C(F)(F)F)c(OC)c3)C(=O)C2)c(OC(C)C)c1,True,518,,P62508,MDM2,MDM2,Q00987,MDA-MB-231,MDA-MB-231,,,0,,0,,0,1,10.1021/acsmedchemlett.9b00025,PROTAC-Pedia,,,,MDA-MB-231,ACH-000768,Breast,mapped,1.0
CCN(CCOCCOCCOCC#Cc1cccc2c1CN(C1CCC(=O)NC1=O)C2=O)CCOc1ccc(C(=O)c2c(-c3ccc(O)cc3)sc3cc(O)ccc23)cc1,True,519,,P03372,CRBN,CRBN,Q96SW2,MCF-7,MCF-7,,,0,,0,,0,1,10.1021/acs.jmedchem.8b01572,PROTAC-Pedia,,4.0,EC50 of ligand was measured in MCF7 cells. DCmax was measured in 1 nM,MCF7,ACH-000019,Breast,mapped,1.0
CCN(CCCCCCC#Cc1cccc2c1CN(C1CCC(=O)NC1=O)C2=O)CCOc1ccc(C(=O)c2c(-c3ccc(O)cc3)sc3cc(O)ccc23)cc1,True,520,,P03372,CRBN,CRBN,Q96SW2,MCF-7,MCF-7,,,0,,0,,0,1,10.1021/acs.jmedchem.8b01572,PROTAC-Pedia,,4.0,EC50 of ligand was measured in MCF7 cells. DCmax was measured in 1 nM.,MCF7,ACH-000019,Breast,mapped,1.0
CCN(CCOCCOCCOCCC(=O)N[C@H](C(=O)N1C[C@H](O)C[C@H]1C(=O)N[C@@H](C)c1ccc(-c2scnc2C)cc1)C(C)(C)C)CCOc1ccc(C(=O)c2c(-c3ccc(O)cc3)sc3cc(O)ccc23)cc1,True,521,,P03372,VHL,VHL,P40337,MCF-7,MCF-7,,,0,,0,,0,1,10.1021/acs.jmedchem.8b01572,PROTAC-Pedia,,4.0,EC50 of ligand was measured in MCF7 cells. DCmax was measured in 1 nM (at 10 nM 99.4 %).,MCF7,ACH-000019,Breast,mapped,1.0
CCN(CCCCCCCC(=O)N[C@H](C(=O)N1C[C@H](O)C[C@H]1C(=O)N[C@@H](C)c1ccc(-c2scnc2C)cc1)C(C)(C)C)CCOc1ccc(C(=O)c2c(-c3ccc(O)cc3)sc3cc(O)ccc23)cc1,True,522,,P03372,VHL,VHL,P40337,MCF-7,MCF-7,,,0,79.0,1,,0,1,10.1021/acs.jmedchem.8b01572,PROTAC-Pedia,,4.0,EC50 of ligand was measured in MCF7 cells. DCmax was measured in 1 nM (at 10 nM 99.6 %).,MCF7,ACH-000019,Breast,mapped,1.0
CCN(CCCC(=O)N[C@H](C(=O)N1C[C@H](O)C[C@H]1C(=O)N[C@@H](C)c1ccc(-c2scnc2C)cc1)C(C)(C)C)CCOc1ccc(C(=O)c2c(-c3ccc(O)cc3)sc3cc(O)ccc23)cc1,True,523,,P03372,VHL,VHL,P40337,MCF-7,MCF-7,,,0,37.0,1,0.0,1,1,10.1021/acs.jmedchem.8b01572,PROTAC-Pedia,,4.0,EC50 of ligand was measured in MCF7 cells. DCmax was measured in 1 nM.,MCF7,ACH-000019,Breast,mapped,1.0
CCN(CCCCC(=O)N[C@H](C(=O)N1C[C@H](O)C[C@H]1C(=O)N[C@@H](C)c1ccc(-c2scnc2C)cc1)C(C)(C)C)CCOc1ccc(C(=O)c2c(-c3ccc(O)cc3)sc3cc(O)ccc23)cc1,True,524,,P03372,VHL,VHL,P40337,MCF-7,MCF-7,,,0,10.0,1,0.0,1,1,10.1021/acs.jmedchem.8b01572,PROTAC-Pedia,,4.0,EC50 of ligand was measured in MCF7 cells. DCmax was measured in 1 nM.,MCF7,ACH-000019,Breast,mapped,1.0
CCN(CCCCCC(=O)N[C@H](C(=O)N1C[C@H](O)C[C@H]1C(=O)N[C@@H](C)c1ccc(-c2scnc2C)cc1)C(C)(C)C)CCOc1ccc(C(=O)c2c(-c3ccc(O)cc3)sc3cc(O)ccc23)cc1,True,525,,P03372,VHL,VHL,P40337,MCF-7,MCF-7,,,0,74.0,1,,0,1,10.1021/acs.jmedchem.8b01572,PROTAC-Pedia,,4.0,EC50 of ligand was measured in MCF7 cells. DCmax was measured in 1 nM.,MCF7,ACH-000019,Breast,mapped,1.0
CCN(CCCCCCC(=O)N[C@H](C(=O)N1C[C@H](O)C[C@H]1C(=O)N[C@@H](C)c1ccc(-c2scnc2C)cc1)C(C)(C)C)CCOc1ccc(C(=O)c2c(-c3ccc(O)cc3)sc3cc(O)ccc23)cc1,True,526,,P03372,VHL,VHL,P40337,MCF-7,MCF-7,,,0,68.0,1,,0,1,10.1021/acs.jmedchem.8b01572,PROTAC-Pedia,,4.0,EC50 of ligand was measured in MCF7 cells. DCmax was measured in 1 nM.,MCF7,ACH-000019,Breast,mapped,1.0
CCN(CCCCCCCCC(=O)N[C@H](C(=O)N1C[C@H](O)C[C@H]1C(=O)N[C@@H](C)c1ccc(-c2scnc2C)cc1)C(C)(C)C)CCOc1ccc(C(=O)c2c(-c3ccc(O)cc3)sc3cc(O)ccc23)cc1,True,527,,P03372,VHL,VHL,P40337,MCF-7,MCF-7,,,0,77.0,1,,0,1,10.1021/acs.jmedchem.8b01572,PROTAC-Pedia,,4.0,EC50 of ligand was measured in MCF7 cells. DCmax was measured in 1 nM.,MCF7,ACH-000019,Breast,mapped,1.0
CCN(CCCCCCCCCC(=O)N[C@H](C(=O)N1C[C@H](O)C[C@H]1C(=O)N[C@@H](C)c1ccc(-c2scnc2C)cc1)C(C)(C)C)CCOc1ccc(C(=O)c2c(-c3ccc(O)cc3)sc3cc(O)ccc23)cc1,True,528,,P03372,VHL,VHL,P40337,MCF-7,MCF-7,,,0,75.0,1,,0,1,10.1021/acs.jmedchem.8b01572,PROTAC-Pedia,,4.0,EC50 of ligand was measured in MCF7 cells. DCmax was measured in 1 nM.,MCF7,ACH-000019,Breast,mapped,1.0
Cc1ncsc1-c1ccc([C@H](C)NC(=O)[C@@H]2C[C@@H](O)CN2C(=O)[C@@H](NC(=O)CCCCCCCN(C)CCOc2ccc(C(=O)c3c(-c4ccc(O)cc4)sc4cc(O)ccc34)cc2)C(C)(C)C)cc1,True,529,,P03372,VHL,VHL,P40337,MCF-7,MCF-7,,,0,73.0,1,,0,1,10.1021/acs.jmedchem.8b01572,PROTAC-Pedia,,4.0,EC50 of ligand was measured in MCF7 cells. DCmax was measured in 1 nM (at 10 nM 0 %).,MCF7,ACH-000019,Breast,mapped,1.0
Cc1ncsc1-c1ccc([C@H](C)NC(=O)[C@@H]2C[C@@H](O)CN2C(=O)[C@@H](NC(=O)CCCCCCCN(CCOc2ccc(C(=O)c3c(-c4ccc(O)cc4)sc4cc(O)ccc34)cc2)C(C)C)C(C)(C)C)cc1,True,530,,P03372,VHL,VHL,P40337,MCF-7,MCF-7,,,0,72.0,1,,0,1,10.1021/acs.jmedchem.8b01572,PROTAC-Pedia,,4.0,EC50 of ligand was measured in MCF7 cells. DCmax was measured in 1 nM (at 10 nM > 99 %).,MCF7,ACH-000019,Breast,mapped,1.0
Cc1ncsc1-c1ccc([C@H](C)NC(=O)[C@@H]2C[C@@H](O)CN2C(=O)[C@@H](NC(=O)CCCCCCCN(CCOc2ccc(C(=O)c3c(-c4ccc(O)cc4)sc4cc(O)ccc34)cc2)C(C)(C)C)C(C)(C)C)cc1,True,531,,P03372,VHL,VHL,P40337,MCF-7,MCF-7,,,0,79.0,1,,0,1,10.1021/acs.jmedchem.8b01572,PROTAC-Pedia,,4.0,EC50 of ligand was measured in MCF7 cells. DCmax was measured in 1 nM (at 10 nM > 99 %).,MCF7,ACH-000019,Breast,mapped,1.0
Cc1ncsc1-c1ccc([C@H](C)NC(=O)[C@@H]2C[C@@H](O)CN2C(=O)[C@@H](NC(=O)CCCCCCCN(CCOc2ccc(C(=O)c3c(-c4ccc(O)cc4)sc4cc(O)ccc34)cc2)C2CC2)C(C)(C)C)cc1,True,532,,P03372,VHL,VHL,P40337,MCF-7,MCF-7,,,0,80.0,1,,0,1,10.1021/acs.jmedchem.8b01572,PROTAC-Pedia,,4.0,EC50 of ligand was measured in MCF7 cells. DCmax was measured in 1 nM (at 10 nM > 99 %).,MCF7,ACH-000019,Breast,mapped,1.0
Cc1ncsc1-c1ccc([C@H](C)NC(=O)[C@@H]2C[C@@H](O)CN2C(=O)[C@@H](NC(=O)CCCCCCCN(CCOc2ccc(C(=O)c3c(-c4ccc(O)cc4)sc4cc(O)ccc34)cc2)C2CCC2)C(C)(C)C)cc1,True,533,,P03372,VHL,VHL,P40337,MCF-7,MCF-7,,,0,85.0,1,,0,1,10.1021/acs.jmedchem.8b01572,PROTAC-Pedia,,4.0,EC50 of ligand was measured in MCF7 cells. DCmax was measured in 1 nM (at 10 nM > 99 %).,MCF7,ACH-000019,Breast,mapped,1.0
Cc1ncsc1-c1ccc([C@H](C)NC(=O)[C@@H]2C[C@@H](O)CN2C(=O)[C@@H](NC(=O)CCCCCCCN(CCOc2ccc(C(=O)c3c(-c4ccc(O)cc4)sc4cc(O)ccc34)cc2)C2CCCC2)C(C)(C)C)cc1,True,534,,P03372,VHL,VHL,P40337,MCF-7,MCF-7,,,0,25.0,1,0.0,1,1,10.1021/acs.jmedchem.8b01572,PROTAC-Pedia,,4.0,EC50 of ligand was measured in MCF7 cells. DCmax was measured in 1 nM (at 10 nM > 99 %).,MCF7,ACH-000019,Breast,mapped,1.0
Cc1ncsc1-c1ccc([C@H](C)NC(=O)[C@@H]2C[C@@H](O)CN2C(=O)[C@@H](NC(=O)CCCCCCCN(CCOc2ccc(C(=O)c3c(-c4ccc(O)cc4)sc4cc(O)ccc34)cc2)C2CCCCC2)C(C)(C)C)cc1,True,535,,P03372,VHL,VHL,P40337,MCF-7,MCF-7,,,0,32.0,1,0.0,1,1,10.1021/acs.jmedchem.8b01572,PROTAC-Pedia,,4.0,EC50 of ligand was measured in MCF7 cells. DCmax was measured in 1 nM (at 10 nM > 99 %).,MCF7,ACH-000019,Breast,mapped,1.0
Cc1ncsc1-c1ccc([C@H](C)NC(=O)[C@@H]2C[C@@H](O)CN2C(=O)[C@@H](NC(=O)CCCCCCCN(CCOc2ccc(C(=O)c3c(-c4ccc(O)cc4)sc4cc(O)ccc34)cc2)CC2CCC2)C(C)(C)C)cc1,True,536,,P03372,VHL,VHL,P40337,MCF-7,MCF-7,,,0,24.0,1,0.0,1,1,10.1021/acs.jmedchem.8b01572,PROTAC-Pedia,,4.0,EC50 of ligand was measured in MCF7 cells. DCmax was measured in 1 nM (at 10 nM > 99 %).,MCF7,ACH-000019,Breast,mapped,1.0
CCN(CCOCCOCCC(=O)N[C@H](C(=O)N1C[C@H](O)C[C@H]1C(=O)N[C@@H](C)c1ccc(-c2scnc2C)cc1)C(C)(C)C)CCOc1ccc(C(=O)c2c(-c3ccc(O)cc3)sc3cc(O)ccc23)cc1,True,537,,P03372,VHL,VHL,P40337,MCF-7,MCF-7,,,0,,0,,0,1,10.1021/acs.jmedchem.8b01572,PROTAC-Pedia,,4.0,EC50 of ligand was measured in MCF7 cells. DCmax was measured in 1 nM (at 10 nM > 97.6 %).,MCF7,ACH-000019,Breast,mapped,1.0
CCN(CCOCCOCC(=O)N[C@H](C(=O)N1C[C@H](O)C[C@H]1C(=O)N[C@@H](C)c1ccc(-c2scnc2C)cc1)C(C)(C)C)CCOc1ccc(C(=O)c2c(-c3ccc(O)cc3)sc3cc(O)ccc23)cc1,True,538,,P03372,VHL,VHL,P40337,MCF-7,MCF-7,,,0,6.0,1,0.0,1,1,10.1021/acs.jmedchem.8b01572,PROTAC-Pedia,,4.0,EC50 of ligand was measured in MCF7 cells. DCmax was measured in 1 nM (at 10 nM > 99.6 %).,MCF7,ACH-000019,Breast,mapped,1.0
CCN(CCCCCOCC(=O)N[C@H](C(=O)N1C[C@H](O)C[C@H]1C(=O)N[C@@H](C)c1ccc(-c2scnc2C)cc1)C(C)(C)C)CCOc1ccc(C(=O)c2c(-c3ccc(O)cc3)sc3cc(O)ccc23)cc1,True,539,,P03372,VHL,VHL,P40337,MCF-7,MCF-7,0.43,9.366531544420413,1,92.0,1,1.0,1,1,10.1021/acs.jmedchem.8b01572,PROTAC-Pedia,,4.0,"EC50 of PROTAC was measured in MCF7 cell line. DC50 is 0.17 nM MCF-7, 0.43 T47D. EC50 of ligand was measured in MCF7 cells. DCmax was measured in 1 nM (at 5 nM > 95 %).",MCF7,ACH-000019,Breast,mapped,1.0
CCN(CCOc1ccc(C(=O)c2c(-c3ccc(O)cc3)sc3cc(O)ccc23)cc1)CCC1CCN(CCCC(=O)N[C@H](C(=O)N2C[C@H](O)C[C@H]2C(=O)N[C@@H](C)c2ccc(-c3scnc3C)cc2)C(C)(C)C)CC1,True,540,,P03372,VHL,VHL,P40337,MCF-7,MCF-7,,,0,,0,,0,1,10.1021/acs.jmedchem.8b01572,PROTAC-Pedia,,4.0,EC50 of ligand was measured in MCF7 cells. DCmax was measured in 1 nM.,MCF7,ACH-000019,Breast,mapped,1.0
CCN(CCOc1ccc(C(=O)c2c(-c3ccc(O)cc3)sc3cc(O)ccc23)cc1)CCN1CCN(CCCC(=O)N[C@H](C(=O)N2C[C@H](O)C[C@H]2C(=O)N[C@@H](C)c2ccc(-c3scnc3C)cc2)C(C)(C)C)CC1,True,541,,P03372,VHL,VHL,P40337,MCF-7,MCF-7,,,0,,0,,0,1,10.1021/acs.jmedchem.8b01572,PROTAC-Pedia,,4.0,EC50 of ligand was measured in MCF7 cells. DCmax was measured in 1 nM (at 10 nM 50 %).,MCF7,ACH-000019,Breast,mapped,1.0
CCN(CCCC#Cc1cnn(CCC(=O)N[C@H](C(=O)N2C[C@H](O)C[C@H]2C(=O)N[C@@H](C)c2ccc(-c3scnc3C)cc2)C(C)(C)C)c1)CCOc1ccc(C(=O)c2c(-c3ccc(O)cc3)sc3cc(O)ccc23)cc1,True,542,,P03372,VHL,VHL,P40337,MCF-7,MCF-7,,,0,30.0,1,0.0,1,1,10.1021/acs.jmedchem.8b01572,PROTAC-Pedia,,4.0,EC50 of ligand was measured in MCF7 cells. DCmax was measured in 1 nM (at 10 nM 99.5 %).,MCF7,ACH-000019,Breast,mapped,1.0
CCN(CCC#Cc1cnn(CC(=O)N[C@H](C(=O)N2C[C@H](O)C[C@H]2C(=O)N[C@@H](C)c2ccc(-c3scnc3C)cc2)C(C)(C)C)c1)CCOc1ccc(C(=O)c2c(-c3ccc(O)cc3)sc3cc(O)ccc23)cc1,True,543,,P03372,VHL,VHL,P40337,MCF-7,MCF-7,,,0,,0,,0,1,10.1021/acs.jmedchem.8b01572,PROTAC-Pedia,,4.0,EC50 of ligand was measured in MCF7 cells. DCmax was measured in 1 nM (at 10 nM 55 %).,MCF7,ACH-000019,Breast,mapped,1.0
CCN(CCCCc1cnn(CC(=O)N[C@H](C(=O)N2C[C@H](O)C[C@H]2C(=O)N[C@@H](C)c2ccc(-c3scnc3C)cc2)C(C)(C)C)c1)CCOc1ccc(C(=O)c2c(-c3ccc(O)cc3)sc3cc(O)ccc23)cc1,True,544,,P03372,VHL,VHL,P40337,MCF-7,MCF-7,,,0,1.0,1,0.0,1,1,10.1021/acs.jmedchem.8b01572,PROTAC-Pedia,,4.0,EC50 of ligand was measured in MCF7 cells. DCmax was measured in 1 nM (at 10 nM 80 %).,MCF7,ACH-000019,Breast,mapped,1.0
CC/C(=C(\c1ccc(O)cc1)c1ccc(OCCN(CC)CCCCCCCC(=O)N[C@H](C(=O)N2C[C@H](O)C[C@H]2C(=O)N[C@@H](C)c2ccc(-c3scnc3C)cc2)C(C)(C)C)cc1)c1ccccc1,True,545,,P03372,VHL,VHL,P40337,MCF-7,MCF-7,,,0,45.0,1,0.0,1,1,10.1021/acs.jmedchem.8b01572,PROTAC-Pedia,,4.0,DCmax was measured in 1 nM (at 76 nM 80 %).,MCF7,ACH-000019,Breast,mapped,1.0
CC/C(=C(\c1ccccc1)c1ccc(OCCN(CC)CCCCCCCC(=O)N[C@H](C(=O)N2C[C@H](O)C[C@H]2C(=O)N[C@@H](C)c2ccc(-c3scnc3C)cc2)C(C)(C)C)cc1)c1ccccc1,True,546,,P03372,VHL,VHL,P40337,MCF-7,MCF-7,,,0,,0,,0,1,10.1021/acs.jmedchem.8b01572,PROTAC-Pedia,,4.0,DCmax was measured in 1 nM (at 10 nM 3 %).,MCF7,ACH-000019,Breast,mapped,1.0
CCN(CCCCCCCC(=O)N[C@H](C(=O)N1C[C@H](O)C[C@H]1C(=O)N[C@@H](C)c1ccc(-c2scnc2C)cc1)C(C)(C)C)CCOc1ccc(Cn2c(-c3ccc(O)cc3)c(C)c3cc(O)ccc32)cc1,True,547,,P03372,VHL,VHL,P40337,MCF-7,MCF-7,,,0,26.0,1,0.0,1,1,10.1021/acs.jmedchem.8b01572,PROTAC-Pedia,,4.0,DCmax was measured in 1 nM (at 90 nM 3 %).,MCF7,ACH-000019,Breast,mapped,1.0
CCN(CCCCCCCC(=O)N[C@H](C(=O)N1C[C@H](O)C[C@H]1C(=O)N[C@@H](C)c1ccc(-c2scnc2C)cc1)C(C)(C)C)CCOc1ccc([C@@H]2c3ccc(O)cc3CC[C@@H]2c2ccccc2)cc1,True,548,,P03372,VHL,VHL,P40337,MCF-7,MCF-7,,,0,26.0,1,0.0,1,1,10.1021/acs.jmedchem.8b01572,PROTAC-Pedia,,4.0,DCmax was measured in 1 nM (at 10 nM 95 %).,MCF7,ACH-000019,Breast,mapped,1.0
CCN(CCCCCCCC(=O)N[C@H](C(=O)N1C[C@H](O)C[C@H]1C(=O)NCc1ccc(-c2scnc2C)cc1)C(C)(C)C)CCOc1ccc(C(=O)c2c(-c3ccc(O)cc3)sc3cc(O)ccc23)cc1,True,549,,P03372,VHL,VHL,P40337,MCF-7,MCF-7,,,0,21.0,1,0.0,1,1,10.1021/acs.jmedchem.8b01572,PROTAC-Pedia,,4.0,EC50 of ligand was measured in MCF7 cells. DCmax was measured in 1 nM (at 10 nM 29 %).,MCF7,ACH-000019,Breast,mapped,1.0
CCN(CCCCCCCC(=O)N[C@H](C(=O)N1C[C@H](O)C[C@H]1C(=O)N[C@@H](C)c1ccc(Cl)cc1)C(C)(C)C)CCOc1ccc(C(=O)c2c(-c3ccc(O)cc3)sc3cc(O)ccc23)cc1,True,550,,P03372,VHL,VHL,P40337,MCF-7,MCF-7,,,0,1.0,1,0.0,1,1,10.1021/acs.jmedchem.8b01572,PROTAC-Pedia,,4.0,EC50 of ligand was measured in MCF7 cells. DCmax was measured in 1 nM.,MCF7,ACH-000019,Breast,mapped,1.0
CCN(CCCCCCCC(=O)N[C@H](C(=O)N1C[C@H](O)C[C@H]1C(=O)N[C@@H](C)c1ccc(C#N)cc1)C(C)(C)C)CCOc1ccc(C(=O)c2c(-c3ccc(O)cc3)sc3cc(O)ccc23)cc1,True,551,,P03372,VHL,VHL,P40337,MCF-7,MCF-7,,,0,,0,,0,1,10.1021/acs.jmedchem.8b01572,PROTAC-Pedia,,4.0,EC50 of ligand was measured in MCF7 cells. DCmax was measured in 1 nM.,MCF7,ACH-000019,Breast,mapped,1.0
C#Cc1ccc([C@H](C)NC(=O)[C@@H]2C[C@@H](O)CN2C(=O)[C@@H](NC(=O)CCCCCCCN(CC)CCOc2ccc(C(=O)c3c(-c4ccc(O)cc4)sc4cc(O)ccc34)cc2)C(C)(C)C)cc1,True,552,,P03372,VHL,VHL,P40337,MCF-7,MCF-7,,,0,10.0,1,0.0,1,1,10.1021/acs.jmedchem.8b01572,PROTAC-Pedia,,4.0,EC50 of ligand was measured in MCF7 cells. DCmax was measured in 1 nM (at 10 nM 76 %).,MCF7,ACH-000019,Breast,mapped,1.0
CCN(CCCCCCCC(=O)N[C@H](C(=O)N1C[C@H](O)C[C@H]1C(=O)N[C@@H](C)c1ccc(C2CC2)cc1)C(C)(C)C)CCOc1ccc(C(=O)c2c(-c3ccc(O)cc3)sc3cc(O)ccc23)cc1,True,553,,P03372,VHL,VHL,P40337,MCF-7,MCF-7,,,0,,0,,0,1,10.1021/acs.jmedchem.8b01572,PROTAC-Pedia,,4.0,EC50 of ligand was measured in MCF7 cells. DCmax was measured in 1 nM.,MCF7,ACH-000019,Breast,mapped,1.0
CCN(CCCCCCCC(=O)N[C@H](C(=O)N1C[C@H](O)C[C@H]1C(=O)N[C@@H](C)c1ccc(C(C)C)cc1)C(C)(C)C)CCOc1ccc(C(=O)c2c(-c3ccc(O)cc3)sc3cc(O)ccc23)cc1,True,554,,P03372,VHL,VHL,P40337,MCF-7,MCF-7,,,0,,0,,0,1,10.1021/acs.jmedchem.8b01572,PROTAC-Pedia,,4.0,EC50 of ligand was measured in MCF7 cells. DCmax was measured in 1 nM.,MCF7,ACH-000019,Breast,mapped,1.0
CCN(CCCCCCCC(=O)N[C@H](C(=O)N1C[C@H](O)C[C@H]1C(=O)N[C@@H](C)c1ccc(C(C)(C)C)cc1)C(C)(C)C)CCOc1ccc(C(=O)c2c(-c3ccc(O)cc3)sc3cc(O)ccc23)cc1,True,555,,P03372,VHL,VHL,P40337,MCF-7,MCF-7,,,0,,0,,0,1,10.1021/acs.jmedchem.8b01572,PROTAC-Pedia,,4.0,EC50 of ligand was measured in MCF7 cells. DCmax was measured in 1 nM.,MCF7,ACH-000019,Breast,mapped,1.0
CC(=O)c1c(C)c2cnc(Nc3ccc(N4CCN(C(=O)NCCCCNc5cccc6c5C(=O)N(C5CCC(=O)NC5=O)C6=O)CC4)cn3)nc2n(C2CCCC2)c1=O,True,556,,Q00534,CRBN,CRBN,Q96SW2,MiaPaCa2,MIA PaCa-2,,,0,,0,,0,1,10.1016/j.bmcl.2019.03.035,PROTAC-Pedia,,24.0,,MIA PaCa-2,ACH-000601,Pancreas,mapped,1.0
CC(=O)c1c(C)c2cnc(Nc3ccc(N4CCN(C(=O)NCCCCCCCCNc5cccc6c5C(=O)N(C5CCC(=O)NC5=O)C6=O)CC4)cn3)nc2n(C2CCCC2)c1=O,True,557,,Q00534,CRBN,CRBN,Q96SW2,MiaPaCa2,MIA PaCa-2,,,0,,0,,0,1,10.1016/j.bmcl.2019.03.035,PROTAC-Pedia,,24.0,,MIA PaCa-2,ACH-000601,Pancreas,mapped,1.0
CC(=O)c1c(C)c2cnc(Nc3ccc(N4CCN(CCCCCC(=O)Nc5cccc6c5C(=O)N(C5CCC(=O)NC5=O)C6=O)CC4)cn3)nc2n(C2CCCC2)c1=O,True,558,,Q00534,CRBN,CRBN,Q96SW2,MiaPaCa2,MIA PaCa-2,,,0,,0,,0,1,10.1016/j.bmcl.2019.03.035,PROTAC-Pedia,,24.0,,MIA PaCa-2,ACH-000601,Pancreas,mapped,1.0
CC(=O)c1c(C)c2cnc(Nc3ccc(N4CCN(CCOCCOCCONc5cccc6c5C(=O)N(C5CCC(=O)NC5=O)C6=O)CC4)cn3)nc2n(C2CCCC2)c1=O,True,559,,Q00534,CRBN,CRBN,Q96SW2,MiaPaCa2,MIA PaCa-2,,,0,,0,,0,1,10.1016/j.bmcl.2019.03.035,PROTAC-Pedia,,24.0,,MIA PaCa-2,ACH-000601,Pancreas,mapped,1.0
COc1cc(N2CCN(C(=O)CCCCCCC(=O)N[C@H](C(=O)N3C[C@H](O)C[C@H]3C(=O)NCc3ccc(-c4scnc4C)cc3)C(C)(C)C)CC2)ccc1Nc1ncc(Cl)c(Nc2ccccc2P(C)(C)=O)n1,True,563,,Q9UM73,VHL,VHL,P40337,SR,SR,50000.0,4.301029995663981,1,,0,0.0,1,1,10.1016/j.ejmech.2020.112190,PROTAC-Pedia,,,"EC50 of ligand is 2.7 ± 0.4nM (SF cells), 58.2 ± 20.7 nM (H2228 cells).",SR,,,unmapped,0.0
COc1cc(N2CCN(C(=O)CCCCCCCC(=O)N[C@H](C(=O)N3C[C@H](O)C[C@H]3C(=O)NCc3ccc(-c4scnc4C)cc3)C(C)(C)C)CC2)ccc1Nc1ncc(Cl)c(Nc2ccccc2P(C)(C)=O)n1,True,564,,Q9UM73,VHL,VHL,P40337,SR,SR,15.0,7.823908740944319,1,,0,,0,1,10.1016/j.ejmech.2020.112190,PROTAC-Pedia,,,"EC50 of ligand is 2.7 ± 0.4nM (SF cells), 58.2 ± 20.7 nM (H2228 cells).",SR,,,unmapped,0.0
COc1cc(N2CCN(C(=O)CCCCCCCCC(=O)N[C@H](C(=O)N3C[C@H](O)C[C@H]3C(=O)NCc3ccc(-c4scnc4C)cc3)C(C)(C)C)CC2)ccc1Nc1ncc(Cl)c(Nc2ccccc2P(C)(C)=O)n1,True,565,,Q9UM73,VHL,VHL,P40337,SR,SR,50000.0,4.301029995663981,1,,0,0.0,1,1,10.1016/j.ejmech.2020.112190,PROTAC-Pedia,,,"EC50 of ligand is 2.7 ± 0.4nM (SF cells), 58.2 ± 20.7 nM (H2228 cells).",SR,,,unmapped,0.0
COc1cc(N2CCC(NC(=O)CCCCCCC(=O)N[C@H](C(=O)N3C[C@H](O)C[C@H]3C(=O)NCc3ccc(-c4scnc4C)cc3)C(C)(C)C)CC2)ccc1Nc1ncc(Cl)c(Nc2ccccc2P(C)(C)=O)n1,True,566,,Q9UM73,VHL,VHL,P40337,SR,SR,9.1,8.040958607678906,1,,0,,0,1,10.1016/j.ejmech.2020.112190,PROTAC-Pedia,,,"EC50 of ligand is 2.7 ± 0.4nM (SF cells), 58.2 ± 20.7 nM (H2228 cells).",SR,,,unmapped,0.0
COc1cc(N2CCC(NC(=O)CCCCCCCC(=O)N[C@H](C(=O)N3C[C@H](O)C[C@H]3C(=O)NCc3ccc(-c4scnc4C)cc3)C(C)(C)C)CC2)ccc1Nc1ncc(Cl)c(Nc2ccccc2P(C)(C)=O)n1,True,567,,Q9UM73,VHL,VHL,P40337,SR,SR,20.9,7.679853713888946,1,,0,,0,1,10.1016/j.ejmech.2020.112190,PROTAC-Pedia,,,"EC50 of ligand is 2.7 ± 0.4nM (SF cells), 58.2 ± 20.7 nM (H2228 cells).",SR,,,unmapped,0.0
COc1cc(N2CCC(NC(=O)CCCCCCCCC(=O)N[C@H](C(=O)N3C[C@H](O)C[C@H]3C(=O)NCc3ccc(-c4scnc4C)cc3)C(C)(C)C)CC2)ccc1Nc1ncc(Cl)c(Nc2ccccc2P(C)(C)=O)n1,True,568,,Q9UM73,VHL,VHL,P40337,SR,SR,7.2,8.142667503568731,1,,0,,0,1,10.1016/j.ejmech.2020.112190,PROTAC-Pedia,,,"EC50 of ligand is 2.7 ± 0.4nM (SF cells), 58.2 ± 20.7 nM (H2228 cells).",SR,,,unmapped,0.0
COc1cc(N2CCC(N3CCN(C(=O)CCCCCCC(=O)N[C@H](C(=O)N4C[C@H](O)C[C@H]4C(=O)NCc4ccc(-c5scnc5C)cc4)C(C)(C)C)CC3)CC2)ccc1Nc1ncc(Cl)c(Nc2ccccc2P(C)(C)=O)n1,True,569,,Q9UM73,VHL,VHL,P40337,SR,SR,11.4,7.943095148663527,1,,0,,0,1,10.1016/j.ejmech.2020.112190,PROTAC-Pedia,,,"EC50 of ligand is 2.7 ± 0.4nM (SF cells), 58.2 ± 20.7 nM (H2228 cells).",SR,,,unmapped,0.0
COc1cc(N2CCC(N3CCN(C(=O)CCCCCCCC(=O)N[C@H](C(=O)N4C[C@H](O)C[C@H]4C(=O)NCc4ccc(-c5scnc5C)cc4)C(C)(C)C)CC3)CC2)ccc1Nc1ncc(Cl)c(Nc2ccccc2P(C)(C)=O)n1,True,570,,Q9UM73,VHL,VHL,P40337,SR,SR,25.1,7.600326278518962,1,,0,,0,1,10.1016/j.ejmech.2020.112190,PROTAC-Pedia,,,"EC50 of ligand is 2.7 ± 0.4nM (SF cells), 58.2 ± 20.7 nM (H2228 cells).",SR,,,unmapped,0.0
COc1cc(N2CCC(N3CCN(C(=O)CCCCCCCCC(=O)N[C@H](C(=O)N4C[C@H](O)C[C@H]4C(=O)NCc4ccc(-c5scnc5C)cc4)C(C)(C)C)CC3)CC2)ccc1Nc1ncc(Cl)c(Nc2ccccc2P(C)(C)=O)n1,True,571,,Q9UM73,VHL,VHL,P40337,SR,SR,7.5,8.1249387366083,1,,0,,0,1,10.1016/j.ejmech.2020.112190,PROTAC-Pedia,,,"EC50 of ligand is 2.7 ± 0.4nM (SF cells), 58.2 ± 20.7 nM (H2228 cells).",SR,,,unmapped,0.0
Cc1ncsc1-c1ccc(CNC(=O)[C@@H]2C[C@@H](O)CN2C(=O)[C@@H](NC(=O)CCCCCOCCCCOCCCCOc2cc3ncnc(Nc4ccc(F)c(Cl)c4)c3cc2NC(=O)/C=C/CN(C)C)C(C)(C)C)cc1,True,575,,P00533,VHL,VHL,P40337,H1975,H1975/WR,215.8,6.665948559653108,1,79.1,1,1.0,1,1,10.1016/j.chembiol.2017.09.009,PROTAC-Pedia,,24.0,,NCI-H1975,ACH-000587,Lung,mapped,1.0
Cc1ncsc1-c1ccc(CNC(=O)[C@@H]2C[C@@H](O)CN2C(=O)[C@@H](NC(=O)COCCOCCOCCOc2ccc(-c3ccc4ncnc(Nc5ccc(OCc6cccc(F)c6)c(Cl)c5)c4c3)cc2)C(C)(C)C)cc1,True,576,,P00533,VHL,VHL,P40337,OVCAR8,OVCAR-8,,,0,,0,,0,1,10.1016/j.chembiol.2017.09.009,PROTAC-Pedia,,24.0,,OVCAR-8,ACH-000696,Ovary/Fallopian Tube,mapped,1.0
CN[C@@H](C)C(=O)N[C@H](C(=O)N1C[C@@H](NC(=O)COCCOCCOCCOCCN2CCN(C/C=C/C(=O)N3CCC[C@@H](n4nc(-c5ccc(-c6ccccc6)cc5)c5c(N)ncnc54)C3)CC2)C[C@H]1C(=O)N[C@@H]1CCCc2ccccc21)C1CCCCC1,True,585,,Q06187,IAP,"BIRC2,BIRC3",P98170,THP-1,THP-1,,,0,,0,,0,1,10.1021/acschembio.8b01094,PROTAC-Pedia,,16.0,,THP-1,ACH-000146,Myeloid,mapped,1.0
CN[C@@H](C)C(=O)N[C@H](C(=O)N1C[C@@H](NC(=O)COCCOCCOCCOCCN2CCN(CCCC(=O)N3CCC[C@@H](n4nc(-c5ccc(-c6ccccc6)cc5)c5c(N)ncnc54)C3)CC2)C[C@H]1C(=O)N[C@@H]1CCCc2ccccc21)C1CCCCC1,True,586,,Q06187,IAP,"BIRC2,BIRC3",P98170,THP-1,THP-1,200.0,6.698970004336019,1,,0,,0,1,10.1021/acschembio.8b01094,PROTAC-Pedia,,16.0,,THP-1,ACH-000146,Myeloid,mapped,1.0
Nc1ncnc2c1c(-c1ccc(Oc3ccccc3)cc1)nn2[C@@H]1CCCN(C(=O)/C=C/CN2CCN(CCNC(=O)CCCCn3cc(COCCC(=O)Nc4cccc5c4CN(C4CCC(=O)NC4=O)C5=O)nn3)CC2)C1,True,587,,Q06187,CRBN,CRBN,Q96SW2,Ramos,Ramos,,,0,,0,,0,1,10.1021/acschembio.8b01094,PROTAC-Pedia,,24.0,covalent,Ramos,ACH-001636,Lymphoid,mapped,1.0
Nc1ncnc2c1c(-c1ccc(Oc3ccccc3)cc1)nn2[C@@H]1CCCN(C(=O)CCCNC(=O)CCCCn2cc(COCCC(=O)Nc3cccc4c3CN(C3CCC(=O)NC3=O)C4=O)nn2)C1,True,588,,Q06187,CRBN,CRBN,Q96SW2,Ramos,Ramos,,,0,,0,,0,1,10.1021/acschembio.8b01094,PROTAC-Pedia,,24.0,,Ramos,ACH-001636,Lymphoid,mapped,1.0
COc1cc(-c2cn(C)c(=O)c3cnccc23)cc(OC)c1CN1CCN(CCOCCOCC(=O)N[C@H](C(=O)N2C[C@H](O)C[C@H]2C(=O)NCc2ccc(-c3scnc3C)cc2)C(C)(C)C)CC1,True,590,,Q9H8M2,VHL,VHL,P40337,Hella,IH-1,,,0,32.0,1,0.0,1,1,10.1021/acs.jmedchem.8b01413,PROTAC-Pedia,,16.0,Engagment was tested in-vitro,HeLa,ACH-001086,Cervix,mapped,1.0
COc1cc(-c2cn(C)c(=O)c3cnccc23)cc(OC)c1CN1CCN(CCOCCOCCOCCOCC(=O)N[C@H](C(=O)N2C[C@H](O)C[C@H]2C(=O)NCc2ccc(-c3scnc3C)cc2)C(C)(C)C)CC1,True,591,,Q9H8M2,VHL,VHL,P40337,Hella,IH-1,,,0,,0,,0,1,10.1021/acs.jmedchem.8b01413,PROTAC-Pedia,,16.0,,HeLa,ACH-001086,Cervix,mapped,1.0
COc1cc(-c2cn(C)c(=O)c3cnccc23)cc(OC)c1CN1CCN(CCOCCOCCOCCOCCOCC(=O)N[C@H](C(=O)N2C[C@H](O)C[C@H]2C(=O)NCc2ccc(-c3scnc3C)cc2)C(C)(C)C)CC1,True,592,,Q9H8M2,VHL,VHL,P40337,Hella,IH-1,,,0,46.0,1,0.0,1,1,10.1021/acs.jmedchem.8b01413,PROTAC-Pedia,,16.0,,HeLa,ACH-001086,Cervix,mapped,1.0
COc1cc(-c2cn(C)c(=O)c3cnccc23)cc(OC)c1CN1CCN(CCCCCOCCOCC(=O)N[C@H](C(=O)N2C[C@H](O)C[C@H]2C(=O)NCc2ccc(-c3scnc3C)cc2)C(C)(C)C)CC1,True,593,,Q9H8M2,VHL,VHL,P40337,Hella,IH-1,,,0,20.0,1,0.0,1,1,10.1021/acs.jmedchem.8b01413,PROTAC-Pedia,,16.0,,HeLa,ACH-001086,Cervix,mapped,1.0
COc1cc(-c2cn(C)c(=O)c3cnccc23)cc(OC)c1CN1CCN(CCOCCOCCOCC(=O)N[C@H](C(=O)N2C[C@H](O)C[C@H]2C(=O)NCc2ccc(-c3scnc3C)cc2)C(C)(C)C)CC1,True,594,,Q9H8M2,VHL,VHL,P40337,Hella,IH-1,,,0,,0,,0,1,10.1021/acs.jmedchem.8b01413,PROTAC-Pedia,,16.0,,HeLa,ACH-001086,Cervix,mapped,1.0
COc1cc(-c2cn(C)c(=O)c3cnccc23)cc(OC)c1CN1CCN(C(=O)COCCOCCOCC(=O)N[C@H](C(=O)N2C[C@H](O)C[C@H]2C(=O)NCc2ccc(-c3scnc3C)cc2)C(C)(C)C)CC1,True,595,,Q9H8M2,VHL,VHL,P40337,Hella,IH-1,,,0,5.0,1,0.0,1,1,10.1021/acs.jmedchem.8b01413,PROTAC-Pedia,,16.0,,HeLa,ACH-001086,Cervix,mapped,1.0
COc1cc(-c2cn(C)c(=O)c3cnccc23)cc(OC)c1CN1CCN(CCOCCOCCOc2cc(-c3scnc3C)ccc2CNC(=O)[C@@H]2C[C@@H](O)CN2C(=O)[C@@H](NC(=O)C2(F)CC2)C(C)(C)C)CC1,True,596,,Q9H8M2,VHL,VHL,P40337,Hella,IH-1,560.0,6.251811972993799,1,10.0,1,0.0,1,1,10.1021/acs.jmedchem.8b01413,PROTAC-Pedia,,16.0,Engagment was tested in-vitro,HeLa,ACH-001086,Cervix,mapped,1.0
COc1cc(-c2cn(C)c(=O)c3cnccc23)cc(OC)c1CN1CCN(CCOCCOCCOc2cc(-c3scnc3C)ccc2CNC(=O)[C@@H]2C[C@@H](O)CN2C(=O)[C@@H](NC(=O)C2(C#N)CC2)C(C)(C)C)CC1,True,597,,Q9H8M2,VHL,VHL,P40337,Hella,IH-1,,,0,12.0,1,0.0,1,1,10.1021/acs.jmedchem.8b01413,PROTAC-Pedia,,16.0,,HeLa,ACH-001086,Cervix,mapped,1.0
COc1cc(-c2cn(C)c(=O)c3cnccc23)cc(OC)c1CN1CCN(CCOCCOCCOc2cc(-c3scnc3C)ccc2CNC(=O)[C@@H]2C[C@@H](O)CN2C(=O)[C@@H](NC(C)=O)C(C)(C)C)CC1,True,598,,Q9H8M2,VHL,VHL,P40337,Hella,IH-1,,,0,5.0,1,0.0,1,1,10.1021/acs.jmedchem.8b01413,PROTAC-Pedia,,16.0,,HeLa,ACH-001086,Cervix,mapped,1.0
COc1cc(-c2cn(C)c(=O)c3cnccc23)cc(OC)c1CN1CCN(CCOCCOCCOCCOCCOc2cc(-c3scnc3C)ccc2CNC(=O)[C@@H]2C[C@@H](O)CN2C(=O)[C@@H](NC(=O)C2(F)CC2)C(C)(C)C)CC1,True,599,,Q9H8M2,VHL,VHL,P40337,Hella,IH-1,,,0,,0,,0,1,10.1021/acs.jmedchem.8b01413,PROTAC-Pedia,,16.0,,HeLa,ACH-001086,Cervix,mapped,1.0
COc1cc(-c2cn(C)c(=O)c3cnccc23)cc(OC)c1CN1CCN(CCOCCOCCOCCOCCOc2cc(-c3scnc3C)ccc2CNC(=O)[C@@H]2C[C@@H](O)CN2C(=O)[C@@H](NC(=O)C2(C#N)CC2)C(C)(C)C)CC1,True,600,,Q9H8M2,VHL,VHL,P40337,Hella,IH-1,,,0,11.0,1,0.0,1,1,10.1021/acs.jmedchem.8b01413,PROTAC-Pedia,,16.0,,HeLa,ACH-001086,Cervix,mapped,1.0
COc1cc(-c2cn(C)c(=O)c3cnccc23)cc(OC)c1CN1CCN(CCOCCOCCOCCOCCOc2cc(-c3scnc3C)ccc2CNC(=O)[C@@H]2C[C@@H](O)CN2C(=O)[C@@H](NC(C)=O)C(C)(C)C)CC1,True,601,,Q9H8M2,VHL,VHL,P40337,Hella,IH-1,,,0,2.0,1,0.0,1,1,10.1021/acs.jmedchem.8b01413,PROTAC-Pedia,,16.0,,HeLa,ACH-001086,Cervix,mapped,1.0
O=C1CCC(N2C(=O)c3cccc(NCCCOCCOCCCNc4cccc5c4C(=O)N(C4CCC(=O)NC4=O)C5=O)c3C2=O)C(=O)N1,True,622,,Q96SW2,CRBN,CRBN,Q96SW2,MM1S,MM1.S,,,0,,0,,0,1,10.1021/acschembio.8b00693,PROTAC-Pedia,,16.0,,MM1-S,ACH-000763,Lymphoid,mapped,1.0
O=C1CCC(N2C(=O)c3cccc(NCCCOCCCCOCCCNc4cccc5c4C(=O)N(C4CCC(=O)NC4=O)C5=O)c3C2=O)C(=O)N1,True,623,,Q96SW2,CRBN,CRBN,Q96SW2,MM1S,MM1.S,,,0,,0,,0,1,10.1021/acschembio.8b00693,PROTAC-Pedia,,16.0,,MM1-S,ACH-000763,Lymphoid,mapped,1.0
O=C1CCC(N2C(=O)c3cccc(NCCCOCCOCCOCCCNc4cccc5c4C(=O)N(C4CCC(=O)NC4=O)C5=O)c3C2=O)C(=O)N1,True,624,,Q96SW2,CRBN,CRBN,Q96SW2,MM1S,MM1.S,,,0,,0,,0,1,10.1021/acschembio.8b00693,PROTAC-Pedia,,16.0,,MM1-S,ACH-000763,Lymphoid,mapped,1.0
O=C1CCC(N2C(=O)c3cccc(NCCOCCNc4cccc5c4C(=O)N(C4CCC(=O)NC4=O)C5=O)c3C2=O)C(=O)N1,True,625,,Q96SW2,CRBN,CRBN,Q96SW2,MM1S,MM1.S,,,0,,0,,0,1,10.1021/acschembio.8b00693,PROTAC-Pedia,,16.0,,MM1-S,ACH-000763,Lymphoid,mapped,1.0
O=C1CCC(N2C(=O)c3cccc(OCCOCCOCCOc4cccc5c4C(=O)N(C4CCC(=O)NC4=O)C5=O)c3C2=O)C(=O)N1,True,626,,Q96SW2,CRBN,CRBN,Q96SW2,MM1S,MM1.S,,,0,,0,,0,1,10.1021/acschembio.8b00693,PROTAC-Pedia,,16.0,,MM1-S,ACH-000763,Lymphoid,mapped,1.0
O=C1CCC(N2C(=O)c3ccc(C(=O)NCCOCCOCCNC(=O)c4ccc5c(c4)C(=O)N(C4CCC(=O)NC4=O)C5=O)cc3C2=O)C(=O)N1,True,627,,Q96SW2,CRBN,CRBN,Q96SW2,MM1S,MM1.S,,,0,,0,,0,1,10.1021/acschembio.8b00693,PROTAC-Pedia,,16.0,,MM1-S,ACH-000763,Lymphoid,mapped,1.0
O=C1CCC(N2C(=O)c3cccc(NCCCCNC(=O)c4ccc(NC(=O)[C@@H]5NC6(CCCCC6)[C@@]6(C(=O)Nc7cc(Cl)ccc76)[C@H]5c5cccc(Cl)c5F)cc4)c3C2=O)C(=O)N1,True,651,,Q00987,CRBN,CRBN,Q96SW2,RS4;11,RS4;11,,,0,90.0,1,,0,1,10.1021/acs.jmedchem.8b00909,PROTAC-Pedia,,2.0,EC50 of ligand and PROTAC was measured in RS4;11 cell line.,RS4;11,ACH-000874,Lymphoid,mapped,1.0
O=C1CCC(N2C(=O)c3cccc(NCCOCCOCCNC(=O)c4ccc(NC(=O)[C@@H]5NC6(CCCCC6)[C@@]6(C(=O)Nc7cc(Cl)ccc76)[C@H]5c5cccc(Cl)c5F)cc4)c3C2=O)C(=O)N1,True,652,,Q00987,CRBN,CRBN,Q96SW2,RS4;11,RS4;11,,,0,97.0,1,,0,1,10.1021/acs.jmedchem.8b00909,PROTAC-Pedia,,2.0,EC50 of ligand and PROTAC was measured in RS4;11 cell line.,RS4;11,ACH-000874,Lymphoid,mapped,1.0
O=C1CCC(N2Cc3c(NC(=O)c4ccc(NC(=O)[C@@H]5NC6(CCCCC6)[C@@]6(C(=O)Nc7cc(Cl)ccc76)[C@H]5c5cccc(Cl)c5F)cc4)cccc3C2=O)C(=O)N1,True,653,,Q00987,CRBN,CRBN,Q96SW2,RS4;11,RS4;11,,,0,10.0,1,0.0,1,1,10.1021/acs.jmedchem.8b00909,PROTAC-Pedia,,2.0,EC50 of ligand and PROTAC was measured in RS4;11 cell line.,RS4;11,ACH-000874,Lymphoid,mapped,1.0
O=C1CCC(N2C(=O)c3cccc(NCCNC(=O)c4ccc(NC(=O)[C@@H]5NC6(CCCCC6)[C@@]6(C(=O)Nc7cc(Cl)ccc76)[C@H]5c5cccc(Cl)c5F)cc4)c3C2=O)C(=O)N1,True,654,,Q00987,CRBN,CRBN,Q96SW2,RS4;11,RS4;11,,,0,60.0,1,,0,1,10.1021/acs.jmedchem.8b00909,PROTAC-Pedia,,2.0,EC50 of ligand and PROTAC was measured in RS4;11 cell line.,RS4;11,ACH-000874,Lymphoid,mapped,1.0
O=C1CCC(N2C(=O)c3cccc(NCCCNC(=O)c4ccc(NC(=O)[C@@H]5NC6(CCCCC6)[C@@]6(C(=O)Nc7cc(Cl)ccc76)[C@H]5c5cccc(Cl)c5F)cc4)c3C2=O)C(=O)N1,True,655,,Q00987,CRBN,CRBN,Q96SW2,RS4;11,RS4;11,,,0,70.0,1,,0,1,10.1021/acs.jmedchem.8b00909,PROTAC-Pedia,,2.0,EC50 of ligand and PROTAC was measured in RS4;11 cell line.,RS4;11,ACH-000874,Lymphoid,mapped,1.0
O=C1CCC(N2C(=O)c3cccc(NCCCCCNC(=O)c4ccc(NC(=O)[C@@H]5NC6(CCCCC6)[C@@]6(C(=O)Nc7cc(Cl)ccc76)[C@H]5c5cccc(Cl)c5F)cc4)c3C2=O)C(=O)N1,True,656,,Q00987,CRBN,CRBN,Q96SW2,RS4;11,RS4;11,,,0,80.0,1,,0,1,10.1021/acs.jmedchem.8b00909,PROTAC-Pedia,,2.0,EC50 of ligand and PROTAC was measured in RS4;11 cell line.,RS4;11,ACH-000874,Lymphoid,mapped,1.0
O=C1CCC(N2C(=O)c3cccc(NCCCCCCNC(=O)c4ccc(NC(=O)[C@@H]5NC6(CCCCC6)[C@@]6(C(=O)Nc7cc(Cl)ccc76)[C@H]5c5cccc(Cl)c5F)cc4)c3C2=O)C(=O)N1,True,657,,Q00987,CRBN,CRBN,Q96SW2,RS4;11,RS4;11,,,0,40.0,1,0.0,1,1,10.1021/acs.jmedchem.8b00909,PROTAC-Pedia,,2.0,EC50 of ligand and PROTAC was measured in RS4;11 cell line.,RS4;11,ACH-000874,Lymphoid,mapped,1.0
O=C1CCC(N2C(=O)c3cccc(NCCCCCCCNC(=O)c4ccc(NC(=O)[C@@H]5NC6(CCCCC6)[C@@]6(C(=O)Nc7cc(Cl)ccc76)[C@H]5c5cccc(Cl)c5F)cc4)c3C2=O)C(=O)N1,True,658,,Q00987,CRBN,CRBN,Q96SW2,RS4;11,RS4;11,,,0,30.0,1,0.0,1,1,10.1021/acs.jmedchem.8b00909,PROTAC-Pedia,,2.0,EC50 of ligand and PROTAC was measured in RS4;11 cell line.,RS4;11,ACH-000874,Lymphoid,mapped,1.0
O=C1CCC(N2C(=O)c3cccc(NCCOCCNC(=O)c4ccc(NC(=O)[C@@H]5NC6(CCCCC6)[C@@]6(C(=O)Nc7cc(Cl)ccc76)[C@H]5c5cccc(Cl)c5F)cc4)c3C2=O)C(=O)N1,True,659,,Q00987,CRBN,CRBN,Q96SW2,RS4;11,RS4;11,,,0,70.0,1,,0,1,10.1021/acs.jmedchem.8b00909,PROTAC-Pedia,,2.0,EC50 of ligand and PROTAC was measured in RS4;11 cell line.,RS4;11,ACH-000874,Lymphoid,mapped,1.0
O=C1CCC(N2C(=O)c3cccc(NCCOCCOCCOCCNC(=O)c4ccc(NC(=O)[C@@H]5NC6(CCCCC6)[C@@]6(C(=O)Nc7cc(Cl)ccc76)[C@H]5c5cccc(Cl)c5F)cc4)c3C2=O)C(=O)N1,True,660,,Q00987,CRBN,CRBN,Q96SW2,RS4;11,RS4;11,,,0,70.0,1,,0,1,10.1021/acs.jmedchem.8b00909,PROTAC-Pedia,,2.0,EC50 of ligand and PROTAC was measured in RS4;11 cell line.,RS4;11,ACH-000874,Lymphoid,mapped,1.0
O=C1CCC(N2Cc3cc(C#CCCCNC(=O)c4ccc(NC(=O)[C@@H]5NC6(CCCCC6)[C@@]6(C(=O)Nc7cc(Cl)ccc76)[C@H]5c5cccc(Cl)c5F)cc4)ccc3C2=O)C(=O)N1,True,663,,Q00987,CRBN,CRBN,Q96SW2,RS4;11,RS4;11,,,0,80.0,1,,0,1,10.1021/acs.jmedchem.8b00909,PROTAC-Pedia,,2.0,EC50 of ligand and PROTAC was measured in RS4;11 cell line.,RS4;11,ACH-000874,Lymphoid,mapped,1.0
O=C1CCC(N2Cc3ccc(C#CCCCNC(=O)c4ccc(NC(=O)[C@@H]5NC6(CCCCC6)[C@@]6(C(=O)Nc7cc(Cl)ccc76)[C@H]5c5cccc(Cl)c5F)cc4)cc3C2=O)C(=O)N1,True,664,,Q00987,CRBN,CRBN,Q96SW2,RS4;11,RS4;11,,,0,80.0,1,,0,1,10.1021/acs.jmedchem.8b00909,PROTAC-Pedia,,2.0,EC50 of ligand and PROTAC was measured in RS4;11 cell line.,RS4;11,ACH-000874,Lymphoid,mapped,1.0
Cc1ncsc1-c1ccc(CNC(=O)[C@@H]2C[C@@H](O)CN2C(=O)[C@@H](NC(=O)CCOCCOCCOCCNC(=O)c2ccc(NC(=O)[C@@H]3NC4(CCCCC4)[C@@]4(C(=O)Nc5cc(Cl)ccc54)[C@H]3c3cccc(Cl)c3F)cc2)C(C)(C)C)cc1,True,665,,Q00987,VHL,VHL,P40337,RS4;11,RS4;11,,,0,,0,,0,1,10.1021/acs.jmedchem.8b00909,PROTAC-Pedia,,2.0,EC50 of ligand and PROTAC was measured in RS4;11 cell line.,RS4;11,ACH-000874,Lymphoid,mapped,1.0
Cc1ncsc1-c1ccc(CNC(=O)[C@@H]2C[C@@H](O)CN2C(=O)[C@@H](NC(=O)CCNC(=O)c2ccc(N3C(=S)N(c4ccc(C#N)c(C(F)(F)F)c4)C(=O)C3(C)C)cc2F)C(C)(C)C)cc1,True,666,,P10275,VHL,VHL,P40337,LNCaP,LNCaP,,,0,35.0,1,0.0,1,1,10.1021/acs.jmedchem.8b01631,PROTAC-Pedia,,6.0,"EC50 of ligand is LNCaP 25 nM, VCaP 87.4 nM, 22RV1 > 10 uM",LNCaP clone FGC,ACH-000977,Prostate,mapped,1.0
Cc1ncsc1-c1ccc(CNC(=O)[C@@H]2C[C@@H](O)CN2C(=O)[C@@H](NC(=O)CCCNC(=O)c2ccc(N3C(=S)N(c4ccc(C#N)c(C(F)(F)F)c4)C(=O)C3(C)C)cc2F)C(C)(C)C)cc1,True,667,,P10275,VHL,VHL,P40337,LNCaP,LNCaP,,,0,33.0,1,0.0,1,1,10.1021/acs.jmedchem.8b01631,PROTAC-Pedia,,6.0,"EC50 of ligand is LNCaP 25 nM, VCaP 87.4 nM, 22RV1 > 10 uM",LNCaP clone FGC,ACH-000977,Prostate,mapped,1.0
Cc1ncsc1-c1ccc(CNC(=O)[C@@H]2C[C@@H](O)CN2C(=O)[C@@H](NC(=O)CCCCNC(=O)c2ccc(N3C(=S)N(c4ccc(C#N)c(C(F)(F)F)c4)C(=O)C3(C)C)cc2F)C(C)(C)C)cc1,True,668,,P10275,VHL,VHL,P40337,LNCaP,LNCaP,,,0,25.0,1,0.0,1,1,10.1021/acs.jmedchem.8b01631,PROTAC-Pedia,,6.0,"EC50 of ligand is LNCaP 25 nM, VCaP 87.4 nM, 22RV1 > 10 uM",LNCaP clone FGC,ACH-000977,Prostate,mapped,1.0
Cc1ncsc1-c1ccc(CNC(=O)[C@@H]2C[C@@H](O)CN2C(=O)[C@@H](NC(=O)CCCCCNC(=O)c2ccc(N3C(=S)N(c4ccc(C#N)c(C(F)(F)F)c4)C(=O)C3(C)C)cc2F)C(C)(C)C)cc1,True,669,,P10275,VHL,VHL,P40337,LNCaP,LNCaP,,,0,29.0,1,0.0,1,1,10.1021/acs.jmedchem.8b01631,PROTAC-Pedia,,6.0,"EC50 of ligand is LNCaP 25 nM, VCaP 87.4 nM, 22RV1 > 10 uM",LNCaP clone FGC,ACH-000977,Prostate,mapped,1.0
Cc1ncsc1-c1ccc(CNC(=O)[C@@H]2C[C@@H](O)CN2C(=O)[C@@H](NC(=O)CCCCCCNC(=O)c2ccc(N3C(=S)N(c4ccc(C#N)c(C(F)(F)F)c4)C(=O)C3(C)C)cc2F)C(C)(C)C)cc1,True,670,,P10275,VHL,VHL,P40337,LNCaP,LNCaP,,,0,84.0,1,,0,1,10.1021/acs.jmedchem.8b01631,PROTAC-Pedia,,6.0,"EC50 of ligand is LNCaP 25 nM, VCaP 87.4 nM, 22RV1 > 10 uM",LNCaP clone FGC,ACH-000977,Prostate,mapped,1.0
Cc1ncsc1-c1ccc(CNC(=O)[C@@H]2C[C@@H](O)CN2C(=O)[C@@H](NC(=O)CCCCCCCNC(=O)c2ccc(N3C(=S)N(c4ccc(C#N)c(C(F)(F)F)c4)C(=O)C3(C)C)cc2F)C(C)(C)C)cc1,True,671,,P10275,VHL,VHL,P40337,LNCaP,LNCaP,,,0,65.0,1,,0,1,10.1021/acs.jmedchem.8b01631,PROTAC-Pedia,,6.0,"EC50 of ligand is LNCaP 25 nM, VCaP 87.4 nM, 22RV1 > 10 uM",LNCaP clone FGC,ACH-000977,Prostate,mapped,1.0
Cc1ncsc1-c1ccc(CNC(=O)[C@@H]2C[C@@H](O)CN2C(=O)[C@@H](NC(=O)CCCCCCCCNC(=O)c2ccc(N3C(=S)N(c4ccc(C#N)c(C(F)(F)F)c4)C(=O)C3(C)C)cc2F)C(C)(C)C)cc1,True,672,,P10275,VHL,VHL,P40337,LNCaP,LNCaP,,,0,87.0,1,,0,1,10.1021/acs.jmedchem.8b01631,PROTAC-Pedia,,6.0,"EC50 of ligand is LNCaP 25 nM, VCaP 87.4 nM, 22RV1 > 10 uM",LNCaP clone FGC,ACH-000977,Prostate,mapped,1.0
Cc1ncsc1-c1ccc(CNC(=O)[C@@H]2C[C@@H](O)CN2C(=O)[C@@H](NC(=O)CCCCCCCCCNC(=O)c2ccc(N3C(=S)N(c4ccc(C#N)c(C(F)(F)F)c4)C(=O)C3(C)C)cc2F)C(C)(C)C)cc1,True,673,,P10275,VHL,VHL,P40337,LNCaP,LNCaP,,,0,88.0,1,,0,1,10.1021/acs.jmedchem.8b01631,PROTAC-Pedia,,6.0,"EC50 of ligand is LNCaP 25 nM, VCaP 87.4 nM, 22RV1 > 10 uM",LNCaP clone FGC,ACH-000977,Prostate,mapped,1.0
Cc1ncsc1-c1ccc(CNC(=O)[C@@H]2C[C@@H](O)CN2C(=O)[C@@H](NC(=O)CCCCCCCCCCNC(=O)c2ccc(N3C(=S)N(c4ccc(C#N)c(C(F)(F)F)c4)C(=O)C3(C)C)cc2F)C(C)(C)C)cc1,True,674,,P10275,VHL,VHL,P40337,LNCaP,LNCaP,,,0,86.0,1,,0,1,10.1021/acs.jmedchem.8b01631,PROTAC-Pedia,,6.0,"EC50 of ligand is LNCaP 25 nM, VCaP 87.4 nM, 22RV1 > 10 uM",LNCaP clone FGC,ACH-000977,Prostate,mapped,1.0
Cc1ncsc1-c1ccc(CNC(=O)[C@@H]2C[C@@H](O)CN2C(=O)[C@@H](NC(=O)CCCCCCCCCCCNC(=O)c2ccc(N3C(=S)N(c4ccc(C#N)c(C(F)(F)F)c4)C(=O)C3(C)C)cc2F)C(C)(C)C)cc1,True,675,,P10275,VHL,VHL,P40337,LNCaP,LNCaP,,,0,75.0,1,,0,1,10.1021/acs.jmedchem.8b01631,PROTAC-Pedia,,6.0,"EC50 of ligand is LNCaP 25 nM, VCaP 87.4 nM, 22RV1 > 10 uM",LNCaP clone FGC,ACH-000977,Prostate,mapped,1.0
Cc1ncsc1-c1ccc(CNC(=O)[C@@H]2C[C@@H](O)CN2C(=O)[C@@H](NC(=O)CCOCCOCCNC(=O)c2ccc(N3C(=S)N(c4ccc(C#N)c(C(F)(F)F)c4)C(=O)C3(C)C)cc2F)C(C)(C)C)cc1,True,676,,P10275,VHL,VHL,P40337,LNCaP,LNCaP,,,0,40.0,1,0.0,1,1,10.1021/acs.jmedchem.8b01631,PROTAC-Pedia,,6.0,"EC50 of ligand is LNCaP 25 nM, VCaP 87.4 nM, 22RV1 > 10 uM",LNCaP clone FGC,ACH-000977,Prostate,mapped,1.0
Cc1ncsc1-c1ccc(CNC(=O)[C@@H]2C[C@@H](O)CN2C(=O)[C@@H](NC(=O)CCCCCCc2ccc(C#Cc3ccc(N4C(=S)N(c5ccc(C#N)c(C(F)(F)F)c5)C(=O)C4(C)C)cc3)cn2)C(C)(C)C)cc1,True,677,,P10275,VHL,VHL,P40337,LNCaP,LNCaP,,,0,96.0,1,,0,1,10.1021/acs.jmedchem.8b01631,PROTAC-Pedia,,6.0,,LNCaP clone FGC,ACH-000977,Prostate,mapped,1.0
Cc1ncsc1-c1ccc(CNC(=O)[C@@H]2C[C@@H](O)CN2C(=O)[C@@H](NC(=O)CCCN2CCN(c3ccc(C#Cc4ccc(N5C(=S)N(c6ccc(C#N)c(C(F)(F)F)c6)C(=O)C5(C)C)cc4)cn3)CC2)C(C)(C)C)cc1,True,678,,P10275,VHL,VHL,P40337,LNCaP,LNCaP,,,0,80.0,1,,0,1,10.1021/acs.jmedchem.8b01631,PROTAC-Pedia,,6.0,,LNCaP clone FGC,ACH-000977,Prostate,mapped,1.0
Cc1ncsc1-c1ccc([C@H](C)NC(=O)[C@@H]2C[C@@H](O)CN2C(=O)[C@@H](NC(=O)CCCN2CCN(c3ccc(C#Cc4ccc(N5C(=S)N(c6ccc(C#N)c(C(F)(F)F)c6)C(=O)C5(C)C)cc4)cn3)CC2)C(C)(C)C)cc1,True,679,,P10275,VHL,VHL,P40337,LNCaP,LNCaP,,,0,92.0,1,,0,1,10.1021/acs.jmedchem.8b01631,PROTAC-Pedia,,6.0,,LNCaP clone FGC,ACH-000977,Prostate,mapped,1.0
Cc1ncsc1-c1ccc([C@H](C)NC(=O)[C@@H]2C[C@@H](O)CN2C(=O)[C@@H](NC(=O)CCCCN2CCN(c3ccc(C#Cc4ccc(N5C(=S)N(c6ccc(C#N)c(C(F)(F)F)c6)C(=O)C5(C)C)cc4)cn3)CC2)C(C)(C)C)cc1,True,680,,P10275,VHL,VHL,P40337,LNCaP,LNCaP,,,0,89.0,1,,0,1,10.1021/acs.jmedchem.8b01631,PROTAC-Pedia,,6.0,,LNCaP clone FGC,ACH-000977,Prostate,mapped,1.0
Cc1ncsc1-c1ccc([C@H](C)NC(=O)[C@@H]2C[C@@H](O)CN2C(=O)[C@@H](NC(=O)CCN2CCN(c3ccc(C#Cc4ccc(N5C(=S)N(c6ccc(C#N)c(C(F)(F)F)c6)C(=O)C5(C)C)cc4)cn3)CC2)C(C)(C)C)cc1,True,681,,P10275,VHL,VHL,P40337,LNCaP,LNCaP,,,0,78.0,1,,0,1,10.1021/acs.jmedchem.8b01631,PROTAC-Pedia,,6.0,,LNCaP clone FGC,ACH-000977,Prostate,mapped,1.0
Cc1ncsc1-c1ccc([C@H](C)NC(=O)[C@@H]2C[C@@H](O)CN2C(=O)[C@@H](NC(=O)CN2CCN(c3ccc(C#Cc4ccc(N5C(=S)N(c6ccc(C#N)c(C(F)(F)F)c6)C(=O)C5(C)C)cc4)cn3)CC2)C(C)(C)C)cc1,True,682,,P10275,VHL,VHL,P40337,LNCaP,LNCaP,,,0,31.0,1,0.0,1,1,10.1021/acs.jmedchem.8b01631,PROTAC-Pedia,,6.0,,LNCaP clone FGC,ACH-000977,Prostate,mapped,1.0
Cc1ncsc1-c1ccc([C@H](C)NC(=O)[C@@H]2C[C@@H](O)CN2C(=O)[C@@H](NC(=O)N2CCN(c3ccc(C#Cc4ccc(N5C(=S)N(c6ccc(C#N)c(C(F)(F)F)c6)C(=O)C5(C)C)cc4)cn3)CC2)C(C)(C)C)cc1,True,683,,P10275,VHL,VHL,P40337,LNCaP,LNCaP,,,0,12.0,1,0.0,1,1,10.1021/acs.jmedchem.8b01631,PROTAC-Pedia,,6.0,,LNCaP clone FGC,ACH-000977,Prostate,mapped,1.0
Cc1cc([C@H](C(=O)N2C[C@H](O)C[C@H]2C(=O)N[C@@H](CC(=O)NCCCCCCCCCNC(=O)c2ccc(N3C(=S)N(c4ccc(C#N)c(C(F)(F)F)c4)C(=O)C3(C)C)cc2F)c2ccc(-c3scnc3C)cc2)C(C)C)on1,True,684,,P10275,VHL,VHL,P40337,LNCaP,LNCaP,,,0,87.0,1,,0,1,10.1021/acs.jmedchem.8b01631,PROTAC-Pedia,,6.0,"EC50 of ligand is LNCaP 25 nM, VCaP 87.4 nM, 22RV1 > 10 uM",LNCaP clone FGC,ACH-000977,Prostate,mapped,1.0
Cc1cc([C@H](C(=O)N2C[C@H](O)C[C@H]2C(=O)N[C@@H](CC(=O)NCCCN2CCN(c3ccc(C#Cc4ccc(N5C(=S)N(c6ccc(C#N)c(C(F)(F)F)c6)C(=O)C5(C)C)cc4)cn3)CC2)c2ccc(-c3scnc3C)cc2)C(C)C)on1,True,685,,P10275,VHL,VHL,P40337,LNCaP,LNCaP,,,0,94.0,1,,0,1,10.1021/acs.jmedchem.8b01631,PROTAC-Pedia,,6.0,,LNCaP clone FGC,ACH-000977,Prostate,mapped,1.0
Cc1cc([C@H](C(=O)N2C[C@H](O)C[C@H]2C(=O)N[C@@H](CC(=O)N2CCN(c3ccc(C#Cc4ccc(N5C(=S)N(c6ccc(C#N)c(C(F)(F)F)c6)C(=O)C5(C)C)cc4)cn3)CC2)c2ccc(-c3scnc3C)cc2)C(C)C)on1,True,686,,P10275,VHL,VHL,P40337,LNCaP,LNCaP,,,0,93.0,1,,0,1,10.1021/acs.jmedchem.8b01631,PROTAC-Pedia,,6.0,,LNCaP clone FGC,ACH-000977,Prostate,mapped,1.0
Cc1cc([C@H](C(=O)N2C[C@H](O)C[C@H]2C(=O)N[C@@H](CC(=O)N2CCC(N3CCC(C#Cc4ccc(N5C(=S)N(c6ccc(C#N)c(C(F)(F)F)c6)C(=O)C5(C)C)cc4)CC3)CC2)c2ccc(-c3scnc3C)cc2)C(C)C)on1,True,687,,P10275,VHL,VHL,P40337,LNCaP,LNCaP,,,0,97.0,1,,0,1,10.1021/acs.jmedchem.8b01631,PROTAC-Pedia,,6.0,,LNCaP clone FGC,ACH-000977,Prostate,mapped,1.0
Cc1cc([C@H](C(=O)N2C[C@H](O)C[C@H]2C(=O)N[C@@H](CC(=O)N2CCC(N3CCC(C#Cc4ccc(N5C(=S)N(c6cnc(C#N)c(C(F)(F)F)c6)C(=O)C56CCC6)cc4)CC3)CC2)c2ccc(-c3scnc3C)cc2)C(C)C)on1,True,688,,P10275,VHL,VHL,P40337,LNCaP,LNCaP,,,0,95.0,1,,0,1,10.1021/acs.jmedchem.8b01631,PROTAC-Pedia,,6.0,,LNCaP clone FGC,ACH-000977,Prostate,mapped,1.0
Cc1cc([C@H](C(=O)N2C[C@H](O)C[C@H]2C(=O)N[C@@H](CC(=O)N2CCC(N3CCC(C#Cc4ccc(S(=O)CC(C)(O)C(=O)Nc5ccc(C#N)c(C(F)(F)F)c5)cc4)CC3)CC2)c2ccc(-c3scnc3C)cc2)C(C)C)on1,True,689,,P10275,VHL,VHL,P40337,LNCaP,LNCaP,,,0,35.0,1,0.0,1,1,10.1021/acs.jmedchem.8b01631,PROTAC-Pedia,,6.0,,LNCaP clone FGC,ACH-000977,Prostate,mapped,1.0
Cc1cc([C@H](C(=O)N2C[C@H](O)C[C@H]2C(=O)N[C@@H](CC(=O)N2CCC(N3CCC(C#Cc4ccc(C(=O)N[C@H]5C(C)(C)[C@H](Oc6ccc(C#N)c(Cl)c6)C5(C)C)cc4)CC3)CC2)c2ccc(-c3scnc3C)cc2)C(C)C)on1,True,690,,P10275,VHL,VHL,P40337,LNCaP,LNCaP,,,0,99.0,1,,0,1,10.1021/acs.jmedchem.8b01631,PROTAC-Pedia,,6.0,,LNCaP clone FGC,ACH-000977,Prostate,mapped,1.0
Cc1cc([C@H](C(=O)N2C[C@H](O)C[C@H]2C(=O)N[C@@H](CC(=O)N2CCC(N3CCC(C#Cc4ccc(Cc5c(C)nn(-c6ccc(C#N)c(Cl)c6)c5C)cc4)CC3)CC2)c2ccc(-c3scnc3C)cc2)C(C)C)on1,True,691,,P10275,VHL,VHL,P40337,LNCaP,LNCaP,,,0,93.0,1,,0,1,10.1021/acs.jmedchem.8b01631,PROTAC-Pedia,,6.0,,LNCaP clone FGC,ACH-000977,Prostate,mapped,1.0
Cc1ncsc1-c1ccc([C@H](CC(=O)N2CCC(N3CCC(C#Cc4ccc(C(=O)N[C@H]5C(C)(C)[C@H](Oc6ccc(C#N)c(Cl)c6)C5(C)C)cc4)CC3)CC2)NC(=O)[C@@H]2C[C@@H](O)CN2C(=O)[C@@H](NC(=O)C2(C#N)CC2)C(C)(C)C)cc1,True,693,,P10275,VHL,VHL,P40337,LNCaP,LNCaP,,,0,100.0,1,,0,1,10.1021/acs.jmedchem.8b01631,PROTAC-Pedia,,6.0,,LNCaP clone FGC,ACH-000977,Prostate,mapped,1.0
CC(=O)N[C@H](C(=O)N1C[C@H](O)C[C@H]1C(=O)N[C@@H](CC(=O)N1CCC(N2CCC(C#Cc3ccc(C(=O)N[C@H]4C(C)(C)[C@H](Oc5ccc(C#N)c(Cl)c5)C4(C)C)cc3)CC2)CC1)c1ccc(-c2scnc2C)cc1)C(C)(C)C,True,694,,P10275,VHL,VHL,P40337,LNCaP,LNCaP,,,0,99.0,1,,0,1,10.1021/acs.jmedchem.8b01631,PROTAC-Pedia,,6.0,,LNCaP clone FGC,ACH-000977,Prostate,mapped,1.0
Cc1cc([C@H](C(=O)N2C[C@H](O)C[C@H]2C(=O)N[C@@H](CC(=O)NCCCCCCCCCNC(=O)c2ccc(C(=O)N[C@H]3C(C)(C)[C@H](Oc4ccc(C#N)c(Cl)c4)C3(C)C)cc2)c2ccc(-c3scnc3C)cc2)C(C)C)on1,True,695,,P10275,VHL,VHL,P40337,LNCaP,LNCaP,,,0,96.0,1,,0,1,10.1021/acs.jmedchem.8b01631,PROTAC-Pedia,,6.0,,LNCaP clone FGC,ACH-000977,Prostate,mapped,1.0
CC1(C)[C@H](NC(=O)c2ccc(C(=O)NCCCCCCCCCCc3cccc4c3C(=O)N(C3CCC(=O)NC3=O)C4=O)cc2)C(C)(C)[C@H]1Oc1ccc(C#N)c(Cl)c1,True,696,,P10275,CRBN,CRBN,Q96SW2,LNCaP,LNCaP,,,0,20.0,1,0.0,1,1,10.1021/acs.jmedchem.8b01631,PROTAC-Pedia,,6.0,,LNCaP clone FGC,ACH-000977,Prostate,mapped,1.0
CC1(C)[C@H](NC(=O)c2ccc(C#CC3CCN(C4CCN(c5cccc6c5C(=O)N(C5CCC(=O)NC5=O)C6=O)CC4)CC3)cc2)C(C)(C)[C@H]1Oc1ccc(C#N)c(Cl)c1,True,697,,P10275,CRBN,CRBN,Q96SW2,LNCaP,LNCaP,,,0,25.0,1,0.0,1,1,10.1021/acs.jmedchem.8b01631,PROTAC-Pedia,,6.0,,LNCaP clone FGC,ACH-000977,Prostate,mapped,1.0
C=CC(=O)N1CCN(c2nc(NCCC(=O)NCCOCCOCCNc3cccc4c3C(=O)N(C3CCC(=O)NC3=O)C4=O)nc3c(F)c(-c4cc(O)cc5ccccc45)c(Cl)cc23)CC1,True,698,,P01116,CRBN,CRBN,Q96SW2,GFP-KRASG12C reporter cell line in Flp-In 293,,,,0,,0,,0,1,10.1016/j.chembiol.2019.12.006,PROTAC-Pedia,,16.0,,GFP-KRASG12C reporter cell line in Flp-In 293,,,unmapped,0.0
C=CC(=O)N1CCN(c2nc(NCCC(=O)NCCOCCOCCOCCOCCNc3cccc4c3C(=O)N(C3CCC(=O)NC3=O)C4=O)nc3c(F)c(-c4cc(O)cc5ccccc45)c(Cl)cc23)CC1,True,699,,P01116,CRBN,CRBN,Q96SW2,GFP-KRASG12C reporter cell line in Flp-In 293,,,,0,,0,,0,1,10.1016/j.chembiol.2019.12.006,PROTAC-Pedia,,16.0,,GFP-KRASG12C reporter cell line in Flp-In 293,,,unmapped,0.0
C=CC(=O)N1CCN(c2nc(NCCCc3cn(CCOCCOCCOCCC(=O)Nc4cccc5c4CN(C4CCC(=O)NC4=O)C5=O)nn3)nc3c(F)c(-c4cc(O)cc5ccccc45)c(Cl)cc23)CC1,True,700,,P01116,CRBN,CRBN,Q96SW2,GFP-KRASG12C reporter cell line in Flp-In 293,,,,0,,0,,0,1,10.1016/j.chembiol.2019.12.006,PROTAC-Pedia,,16.0,,GFP-KRASG12C reporter cell line in Flp-In 293,,,unmapped,0.0
C=CC(=O)N1CCN(c2nc(NCCOCCOCCOCCc3cn(CCOCCOCCOCCC(=O)Nc4cccc5c4CN(C4CCC(=O)NC4=O)C5=O)nn3)nc3c(F)c(-c4cc(O)cc5ccccc45)c(Cl)cc23)CC1,True,701,,P01116,CRBN,CRBN,Q96SW2,GFP-KRASG12C reporter cell line in Flp-In 293,,,,0,,0,,0,1,10.1016/j.chembiol.2019.12.006,PROTAC-Pedia,,16.0,,GFP-KRASG12C reporter cell line in Flp-In 293,,,unmapped,0.0
C=CC(=O)N1CCN(c2nc(NCCOCCOCCOCCOc3cccc4c3C(=O)N(C3CCC(=O)NC3=O)C4=O)nc3c(F)c(-c4cc(O)cc5ccccc45)c(Cl)cc23)CC1,True,702,,P01116,CRBN,CRBN,Q96SW2,GFP-KRASG12C reporter cell line in Flp-In 293,,,,0,7.0,1,0.0,1,1,10.1016/j.chembiol.2019.12.006,PROTAC-Pedia,,16.0,,GFP-KRASG12C reporter cell line in Flp-In 293,,,unmapped,0.0
C=CC(=O)N1CCN(c2nc(NCCOCCOCCOCCOCCOc3cccc4c3C(=O)N(C3CCC(=O)NC3=O)C4=O)nc3c(F)c(-c4cc(O)cc5ccccc45)c(Cl)cc23)CC1,True,703,,P01116,CRBN,CRBN,Q96SW2,GFP-KRASG12C reporter cell line in Flp-In 293,,,,0,6.0,1,0.0,1,1,10.1016/j.chembiol.2019.12.006,PROTAC-Pedia,,16.0,,GFP-KRASG12C reporter cell line in Flp-In 293,,,unmapped,0.0
C=CC(=O)N1CCN(c2nc(NCCOCCOCCOCCOCCOCCOc3cccc4c3C(=O)N(C3CCC(=O)NC3=O)C4=O)nc3c(F)c(-c4cc(O)cc5ccccc45)c(Cl)cc23)CC1,True,704,,P01116,CRBN,CRBN,Q96SW2,GFP-KRASG12C reporter cell line in Flp-In 293,,,,0,3.0,1,0.0,1,1,10.1016/j.chembiol.2019.12.006,PROTAC-Pedia,,16.0,,GFP-KRASG12C reporter cell line in Flp-In 293,,,unmapped,0.0
C=CC(=O)N1CCN(c2nc(NCCOCCOCCOCCNc3cccc4c3C(=O)N(C3CCC(=O)NC3=O)C4=O)nc3c(F)c(-c4cc(O)cc5ccccc45)c(Cl)cc23)CC1,True,705,,P01116,CRBN,CRBN,Q96SW2,GFP-KRASG12C reporter cell line in Flp-In 293,,,,0,19.0,1,0.0,1,1,10.1016/j.chembiol.2019.12.006,PROTAC-Pedia,,16.0,Engagment was tested in-vitro,GFP-KRASG12C reporter cell line in Flp-In 293,,,unmapped,0.0
C=CC(=O)N1CCN(c2nc(NCCCCCCCCCCCCNc3cccc4c3C(=O)N(C3CCC(=O)NC3=O)C4=O)nc3c(F)c(-c4cc(O)cc5ccccc45)c(Cl)cc23)CC1,True,706,,P01116,CRBN,CRBN,Q96SW2,GFP-KRASG12C reporter cell line in Flp-In 293,,,,0,1.0,1,0.0,1,1,10.1016/j.chembiol.2019.12.006,PROTAC-Pedia,,16.0,,GFP-KRASG12C reporter cell line in Flp-In 293,,,unmapped,0.0
C=CC(=O)N1CCN(c2nc(NCCCN(C)CCCNc3cccc4c3C(=O)N(C3CCC(=O)NC3=O)C4=O)nc3c(F)c(-c4cc(O)cc5ccccc45)c(Cl)cc23)CC1,True,707,,P01116,CRBN,CRBN,Q96SW2,GFP-KRASG12C reporter cell line in Flp-In 293,,,,0,25.0,1,0.0,1,1,10.1016/j.chembiol.2019.12.006,PROTAC-Pedia,,16.0,Engagment was tested in-vitro,GFP-KRASG12C reporter cell line in Flp-In 293,,,unmapped,0.0
C=CC(=O)N1CCN(c2nc(NCCN3CCN(CCNc4cccc5c4C(=O)N(C4CCC(=O)NC4=O)C5=O)CC3)nc3c(F)c(-c4cc(O)cc5ccccc45)c(Cl)cc23)CC1,True,708,,P01116,CRBN,CRBN,Q96SW2,GFP-KRASG12C reporter cell line in Flp-In 293,,,,0,24.0,1,0.0,1,1,10.1016/j.chembiol.2019.12.006,PROTAC-Pedia,,16.0,,GFP-KRASG12C reporter cell line in Flp-In 293,,,unmapped,0.0
C=CC(=O)N1CCN(c2nc(NCCCN3CCN(CCCNc4cccc5c4C(=O)N(C4CCC(=O)NC4=O)C5=O)CC3)nc3c(F)c(-c4cc(O)cc5ccccc45)c(Cl)cc23)CC1,True,709,,P01116,CRBN,CRBN,Q96SW2,GFP-KRASG12C reporter cell line in Flp-In 293,,,,0,32.0,1,0.0,1,1,10.1016/j.chembiol.2019.12.006,PROTAC-Pedia,,16.0,Engagment was tested in-vitro,GFP-KRASG12C reporter cell line in Flp-In 293,,,unmapped,0.0
C=CC(=O)N1CCN(c2nc(NCCCCN3CCN(CCCCNc4cccc5c4C(=O)N(C4CCC(=O)NC4=O)C5=O)CC3)nc3c(F)c(-c4cc(O)cc5ccccc45)c(Cl)cc23)CC1,True,710,,P01116,CRBN,CRBN,Q96SW2,GFP-KRASG12C reporter cell line in Flp-In 293,,,,0,17.0,1,0.0,1,1,10.1016/j.chembiol.2019.12.006,PROTAC-Pedia,,16.0,,GFP-KRASG12C reporter cell line in Flp-In 293,,,unmapped,0.0
C=CC(=O)N1CCN(c2nc(NCCOCCCN3CCN(CCOCCNc4cccc5c4C(=O)N(C4CCC(=O)NC4=O)C5=O)CC3)nc3c(F)c(-c4cc(O)cc5ccccc45)c(Cl)cc23)CC1,True,711,,P01116,CRBN,CRBN,Q96SW2,GFP-KRASG12C reporter cell line in Flp-In 293,,,,0,10.0,1,0.0,1,1,10.1016/j.chembiol.2019.12.006,PROTAC-Pedia,,16.0,,GFP-KRASG12C reporter cell line in Flp-In 293,,,unmapped,0.0
C=CC(=O)N1CCN(c2nc(NCCOCCOCCNc3ccc4c(c3)C(=O)N(C3CCC(=O)NC3=O)C4=O)nc3c(F)c(-c4cc(O)cc5ccccc45)c(Cl)cc23)CC1,True,712,,P01116,CRBN,CRBN,Q96SW2,GFP-KRASG12C reporter cell line in Flp-In 293,,,,0,4.0,1,0.0,1,1,10.1016/j.chembiol.2019.12.006,PROTAC-Pedia,,16.0,,GFP-KRASG12C reporter cell line in Flp-In 293,,,unmapped,0.0
C=CC(=O)N1CCN(c2nc(NCCCN3CCN(CCCNc4ccc5c(c4)C(=O)N(C4CCC(=O)NC4=O)C5=O)CC3)nc3c(F)c(-c4cc(O)cc5ccccc45)c(Cl)cc23)CC1,True,713,,P01116,CRBN,CRBN,Q96SW2,GFP-KRASG12C reporter cell line in Flp-In 293,,,,0,35.0,1,0.0,1,1,10.1016/j.chembiol.2019.12.006,PROTAC-Pedia,,16.0,,GFP-KRASG12C reporter cell line in Flp-In 293,,,unmapped,0.0
Cc1ncsc1-c1ccc(CNC(=O)[C@@H]2C[C@@H](O)CN2C(=O)[C@@H](NC(=O)CCCCCCCCNc2cccc3c2C(=O)N(C2CCC(=O)NC2=O)C3=O)C(C)(C)C)cc1,True,714,,Q96SW2,VHL,VHL,P40337,HEK293T,HEK293T,44.5,7.351639989019068,1,97.1,1,1.0,1,1,10.1038/s41598-019-56177-5,PROTAC-Pedia,,24.0,,HEK293T,,,unmapped,0.0
Cc1ncsc1-c1ccc(CNC(=O)[C@@H]2C[C@@H](O)CN2C(=O)[C@@H](NC(=O)CCCCCCCCCCNc2cccc3c2C(=O)N(C2CCC(=O)NC2=O)C3=O)C(C)(C)C)cc1,True,715,,Q96SW2,VHL,VHL,P40337,HEK293T,HEK293T,20.4,7.690369832574101,1,99.6,1,1.0,1,1,10.1038/s41598-019-56177-5,PROTAC-Pedia,,24.0,,HEK293T,,,unmapped,0.0
Cc1ncsc1-c1ccc(CNC(=O)[C@@H]2C[C@@H](O)CN2C(=O)[C@@H](NC(=O)CCCCCCNc2cccc3c2C(=O)N(C2CCC(=O)NC2=O)C3=O)C(C)(C)C)cc1,True,716,,Q96SW2,VHL,VHL,P40337,HEK293T,HEK293T,100.6,6.997402019280091,1,96.9,1,1.0,1,1,10.1038/s41598-019-56177-5,PROTAC-Pedia,,24.0,,HEK293T,,,unmapped,0.0
Cc1ncsc1-c1ccc(CNC(=O)[C@@H]2C[C@@H](O)CN2C(=O)[C@@H](NC(=O)CCCCCCCCCCNC(=O)CNc2cccc3c2C(=O)N(C2CCC(=O)NC2=O)C3=O)C(C)(C)C)cc1,True,717,,Q96SW2,VHL,VHL,P40337,HEK293T,HEK293T,28.8,7.540607512240769,1,98.4,1,1.0,1,1,10.1038/s41598-019-56177-5,PROTAC-Pedia,,24.0,,HEK293T,,,unmapped,0.0
Cc1ncsc1-c1ccc(CNC(=O)[C@@H]2C[C@@H](O)CN2C(=O)[C@@H](NC(=O)CCCCCCCCCCNC(=O)COc2cccc3c2C(=O)N(C2CCC(=O)NC2=O)C3=O)C(C)(C)C)cc1,True,718,,Q96SW2,VHL,VHL,P40337,HEK293T,HEK293T,367.7,6.434506370131138,1,82.0,1,1.0,1,1,10.1038/s41598-019-56177-5,PROTAC-Pedia,,24.0,,HEK293T,,,unmapped,0.0
Cc1ncsc1-c1ccc(CNC(=O)[C@@H]2C[C@@H](O)CN2C(=O)[C@@H](NC(=O)CCCCCC(=O)Nc2cccc3c2C(=O)N(C2CCC(=O)NC2=O)C3=O)C(C)(C)C)cc1,True,719,,Q96SW2,VHL,VHL,P40337,HEK293T,HEK293T,2546.1,5.594124543103685,1,77.9,1,0.0,1,1,10.1038/s41598-019-56177-5,PROTAC-Pedia,,24.0,,HEK293T,,,unmapped,0.0
CC(=O)c1c(C)c2cnc(Nc3ccc(N4CCN(CCCCCCCC(=O)N[C@H](C(=O)N5C[C@H](O)C[C@H]5C(=O)N[C@@H](C)c5ccc(-c6scnc6C)cc5)C(C)(C)C)CC4)cn3)nc2n(C2CCCC2)c1=O,True,720,,P11802,VHL,VHL,P40337,Jurkat,Jurkat,,,0,,0,,0,1,10.1016/j.bmcl.2020.127106,PROTAC-Pedia,,24.0,,JURKAT,ACH-000995,Lymphoid,mapped,1.0
CC(=O)c1c(C)c2cnc(Nc3ccc(N4CCN(CCOCCOCCOCC(=O)N[C@H](C(=O)N5C[C@H](O)C[C@H]5C(=O)N[C@@H](C)c5ccc(-c6scnc6C)cc5)C(C)(C)C)CC4)cn3)nc2n(C2CCCC2)c1=O,True,721,,P11802,VHL,VHL,P40337,Jurkat,Jurkat,,,0,,0,,0,1,10.1016/j.bmcl.2020.127106,PROTAC-Pedia,,24.0,,JURKAT,ACH-000995,Lymphoid,mapped,1.0
CC(=O)c1c(C)c2cnc(Nc3ccc(N4CCN(CC(=O)NCCOCCOCCOCCC(=O)N[C@H](C(=O)N5C[C@H](O)C[C@H]5C(=O)N[C@@H](C)c5ccc(-c6scnc6C)cc5)C(C)(C)C)CC4)cn3)nc2n(C2CCCC2)c1=O,True,722,,P11802,VHL,VHL,P40337,Jurkat,Jurkat,,,0,,0,,0,1,10.1016/j.bmcl.2020.127106,PROTAC-Pedia,,24.0,"inactive for CDK4, active for CDK6",JURKAT,ACH-000995,Lymphoid,mapped,1.0
CN[C@@H](C)C(=O)N[C@H](C(=O)N1C[C@@H](NC(=O)COCCOCCOCCN2CCN(c3ccc(Nc4ncc5c(C)c(C(C)=O)c(=O)n(C6CCCC6)c5n4)nc3)CC2)C[C@H]1C(=O)Nc1c(F)cccc1F)C(C)(C)C,True,723,,P11802,IAP,"BIRC2,BIRC3",P98170,Jurkat,Jurkat,,,0,,0,,0,1,10.1016/j.bmcl.2020.127106,PROTAC-Pedia,,24.0,,JURKAT,ACH-000995,Lymphoid,mapped,1.0
CN[C@@H](C)C(=O)N[C@H](C(=O)N1C[C@@H](NC(=O)CCOCCOCCOCCNC(=O)CN2CCN(c3ccc(Nc4cc5c(cn4)c(C)c(C(C)=O)c(=O)n5C4CCCC4)nc3)CC2)C[C@H]1C(=O)Nc1c(F)cccc1F)C(C)(C)C,True,724,,P11802,IAP,"BIRC2,BIRC3",P98170,Jurkat,Jurkat,,,0,,0,,0,1,10.1016/j.bmcl.2020.127106,PROTAC-Pedia,,24.0,,JURKAT,ACH-000995,Lymphoid,mapped,1.0
CC(=O)c1c(C)c2cnc(Nc3ccc(N4CCN(CCCCNC(=O)CNc5cccc6c5C(=O)N(C5CCC(=O)NC5=O)C6=O)CC4)cn3)nc2n(C2CCCC2)c1=O,True,725,,P11802,CRBN,CRBN,Q96SW2,Jurkat,Jurkat,,,0,,0,,0,1,10.1016/j.bmcl.2020.127106,PROTAC-Pedia,,24.0,,JURKAT,ACH-000995,Lymphoid,mapped,1.0
CC(=O)c1c(C)c2cnc(Nc3ccc(N4CCN(CCOCCOCCNC(=O)CNc5cccc6c5C(=O)N(C5CCC(=O)NC5=O)C6=O)CC4)cn3)nc2n(C2CCCC2)c1=O,True,726,,P11802,CRBN,CRBN,Q96SW2,Jurkat,Jurkat,,,0,,0,,0,1,10.1016/j.bmcl.2020.127106,PROTAC-Pedia,,24.0,,JURKAT,ACH-000995,Lymphoid,mapped,1.0
COc1ccccc1S(=O)(=O)Nc1ccc2c3c(cc(CCC(=O)NCCCCNc4cccc5c4C(=O)N(C4CCC(=O)NC4=O)C5=O)cc13)C(=O)N2C,True,729,,O60885,CRBN,CRBN,Q96SW2,Big sellection of cacer cell lines,,,,0,,0,,0,1,10.1016/j.bmc.2019.115181,PROTAC-Pedia,,24.0,"EC50 of ligand is 0.370 uM for MV4- 11, 3.369 uM for Molm-13. EC50 of PROTAC is 0.012uM for MV4-11, 0.052uM for Molm-13.",Big sellection of cacer cell lines,,,unmapped,0.0
Cc1ncsc1-c1ccc(CNC(=O)[C@@H]2C[C@@H](O)CN2C(=O)[C@@H](NC(=O)c2cc(F)c(/N=N/c3c(F)cc(C(=O)NC[C@@H]4N=C(c5ccc(Cl)cc5)c5c(sc(C)c5C)-n5c(C)nnc54)cc3F)c(F)c2)C(C)(C)C)cc1,True,732,,O15155,VHL,VHL,P40337,RAMOS,Ramos,,,0,,0,,0,1,10.1021/acscentsci.9b00713,PROTAC-Pedia,,,,Ramos,ACH-001636,Lymphoid,mapped,1.0
Cc1ncsc1-c1ccc(CNC(=O)[C@@H]2C[C@@H](O)CN2C(=O)[C@@H](NC(=O)c2cc(F)c(/N=N\c3c(F)cc(C(=O)NC[C@@H]4N=C(c5ccc(Cl)cc5)c5c(sc(C)c5C)-n5c(C)nnc54)cc3F)c(F)c2)C(C)(C)C)cc1,True,733,,O15155,VHL,VHL,P40337,RAMOS,Ramos,,,0,,0,,0,1,10.1021/acscentsci.9b00713,PROTAC-Pedia,,,,Ramos,ACH-001636,Lymphoid,mapped,1.0
Cc1ncsc1-c1ccc([C@H](C)NC(=O)[C@@H]2C[C@@H](O)CN2C(=O)[C@@H](NC(=O)COCOCOCCNC(=O)CCc2ccc(S(=O)(=O)Nc3cc(C)c(=O)n(C)c3Nc3ccc(I)cc3F)cc2)C(C)(C)C)cc1,True,736,,P36507,VHL,VHL,P40337,A375,A375-C5,,,0,,0,,0,1,10.1021/acs.jmedchem.9b00810,PROTAC-Pedia,,16.0,IC50 value of PROTAC tested with MEK1,A-375,ACH-000219,Skin,mapped,1.0
Cc1ncsc1-c1ccc([C@H](C)NC(=O)[C@@H]2C[C@@H](O)CN2C(=O)[C@@H](NC(=O)COCOCOCOCCNC(=O)CCc2ccc(S(=O)(=O)Nc3cc(C)c(=O)n(C)c3Nc3ccc(I)cc3F)cc2)C(C)(C)C)cc1,True,737,,P36507,VHL,VHL,P40337,A375,A375-C5,,,0,,0,,0,1,10.1021/acs.jmedchem.9b00810,PROTAC-Pedia,,16.0,IC50 value of PROTAC tested with MEK1,A-375,ACH-000219,Skin,mapped,1.0
Cc1ncsc1-c1ccc([C@H](C)NC(=O)[C@@H]2C[C@@H](O)CN2C(=O)[C@@H](NC(=O)COCOCOCCNC(=O)COc2ccc(S(=O)(=O)Nc3cc(C)c(=O)n(C)c3Nc3ccc(I)cc3F)cc2)C(C)(C)C)cc1,True,738,,P36507,VHL,VHL,P40337,A375,A375-C5,,,0,,0,,0,1,10.1021/acs.jmedchem.9b00810,PROTAC-Pedia,,16.0,IC50 value of PROTAC tested with MEK1,A-375,ACH-000219,Skin,mapped,1.0
Cc1noc(C)c1-c1ccc2c(c1)C(c1ccccc1)N(CC(=O)NCCC(=O)Nc1cccc3c1CN(C1CCC(=O)NC1=O)C3=O)C(=O)N2C,True,745,,O60885,CRBN,CRBN,Q96SW2,,,,,0,,0,,0,1,10.1016/j.bmc.2019.115228,PROTAC-Pedia,,,IC50 of PROTAC with error of ± 13.8 nM,,,,,
Cc1noc(C)c1-c1ccc2c(c1)C(c1ccccc1)N(CC(=O)NCCCC(=O)Nc1cccc3c1CN(C1CCC(=O)NC1=O)C3=O)C(=O)N2C,True,746,,O60885,CRBN,CRBN,Q96SW2,,,,,0,,0,,0,1,10.1016/j.bmc.2019.115228,PROTAC-Pedia,,,IC50 of PROTAC with error of ± 15.4 nM,,,,,
Cc1noc(C)c1-c1ccc2c(c1)C(c1ccccc1)N(CC(=O)NCCCCC(=O)Nc1cccc3c1CN(C1CCC(=O)NC1=O)C3=O)C(=O)N2C,True,747,,O60885,CRBN,CRBN,Q96SW2,,,,,0,,0,,0,1,10.1016/j.bmc.2019.115228,PROTAC-Pedia,,,IC50 of PROTAC with error of ± 14.2 nM,,,,,
Cc1noc(C)c1-c1ccc2c(c1)C(c1ccccc1)N(CC(=O)NCCCCCC(=O)Nc1cccc3c1CN(C1CCC(=O)NC1=O)C3=O)C(=O)N2C,True,748,,O60885,CRBN,CRBN,Q96SW2,,,,,0,,0,,0,1,10.1016/j.bmc.2019.115228,PROTAC-Pedia,,,IC50 of PROTAC with error of ± 8.7 nM,,,,,
Cc1noc(C)c1-c1ccc2c(c1)C(c1ccccc1)N(CC(=O)NCCCCCCC(=O)Nc1cccc3c1CN(C1CCC(=O)NC1=O)C3=O)C(=O)N2C,True,749,,O60885,CRBN,CRBN,Q96SW2,,,,,0,,0,,0,1,10.1016/j.bmc.2019.115228,PROTAC-Pedia,,,IC50 of PROTAC with error of ± 6.5 nM,,,,,
CC1(C)CCC(c2ccc(Cl)cc2)=C(CN2CCN(c3ccc(C(=O)NS(=O)(=O)c4ccc(NC(CCN5CCN(C(=O)CCCn6cc(COCCOCCNc7cccc8c7C(=O)N(C7CCC(=O)NC7=O)C8=O)nn6)CC5)CSc5ccccc5)c(S(=O)(=O)C(F)(F)F)c4)cc3)CC2)C1,True,750,,Q07817,CRBN,CRBN,Q96SW2,WI38 platelets,,46.0,7.337242168318426,1,96.2,1,1.0,1,1,10.1038/s41467-020-15838-0,PROTAC-Pedia,,16.0,,WI38 platelets,,,unmapped,0.0
Cc1noc(C)c1-c1ccc2c(c1)C(c1ccccc1)N(CC(=O)NCCCCCCCC(=O)Nc1cccc3c1CN(C1CCC(=O)NC1=O)C3=O)C(=O)N2C,True,751,,O60885,CRBN,CRBN,Q96SW2,,,,,0,,0,,0,1,10.1016/j.bmc.2019.115228,PROTAC-Pedia,,,IC50 of PROTAC with error of ± 7.1 nM,,,,,
Cc1noc(C)c1-c1ccc2c(c1)C(c1ccccc1)N(CCCCC(=O)Nc1cccc3c1CN(C1CCC(=O)NC1=O)C3=O)C(=O)N2C,True,752,,O60885,CRBN,CRBN,Q96SW2,,,,,0,,0,,0,1,10.1016/j.bmc.2019.115228,PROTAC-Pedia,,,IC50 of PROTAC with error of ± 13.6 nM,,,,,
Cc1noc(C)c1-c1ccc2c(c1)C(c1ccccc1)N(CCCCCC(=O)Nc1cccc3c1CN(C1CCC(=O)NC1=O)C3=O)C(=O)N2C,True,753,,O60885,CRBN,CRBN,Q96SW2,,,,,0,,0,,0,1,10.1016/j.bmc.2019.115228,PROTAC-Pedia,,,IC50 of PROTAC with error of ± 14.0 nM,,,,,
Cc1noc(C)c1-c1ccc2c(c1)C(c1ccccc1)N(CCCCCCC(=O)Nc1cccc3c1CN(C1CCC(=O)NC1=O)C3=O)C(=O)N2C,True,754,,O60885,CRBN,CRBN,Q96SW2,,,,,0,,0,,0,1,10.1016/j.bmc.2019.115228,PROTAC-Pedia,,,IC50 of PROTAC with error of ± 12.6 nM,,,,,
Cc1noc(C)c1-c1ccc2c(c1)C(c1ccccc1)N(Cc1cn(COCC(=O)Nc3cccc4c3CN(C3CCC(=O)NC3=O)C4=O)nn1)C(=O)N2C,True,755,,O60885,CRBN,CRBN,Q96SW2,THP-1,THP-1,,,0,,0,,0,1,10.1016/j.bmc.2019.115228,PROTAC-Pedia,,,IC50 of PROTAC with error of ± 1.6 nM,THP-1,ACH-000146,Myeloid,mapped,1.0
Cc1noc(C)c1-c1ccc2c(c1)C(c1ccccc1)N(Cc1cn(CCOCCOCC(=O)Nc3cccc4c3CN(C3CCC(=O)NC3=O)C4=O)nn1)C(=O)N2C,True,756,,O60885,CRBN,CRBN,Q96SW2,,,,,0,,0,,0,1,10.1016/j.bmc.2019.115228,PROTAC-Pedia,,,IC50 of PROTAC with error of ± 2.3 nM,,,,,
Cc1noc(C)c1-c1ccc2c(c1)C(c1ccccc1)N(Cc1cn(COCC(=O)Nc3cccc4c3C(=O)N(C3CCC(=O)NC3=O)C4=O)nn1)C(=O)N2C,True,757,,O60885,CRBN,CRBN,Q96SW2,THP-1,THP-1,,,0,,0,,0,1,10.1016/j.bmc.2019.115228,PROTAC-Pedia,,,IC50 of PROTAC with error of ± 7.8 nM,THP-1,ACH-000146,Myeloid,mapped,1.0
Cc1noc(C)c1-c1ccc2c(c1)C(c1ccccc1)N(Cc1cn(CCOCOCCOCC(=O)Nc3cccc4c3CN(C3CCC(=O)NC3=O)C4=O)nn1)C(=O)N2C,True,758,,O60885,CRBN,CRBN,Q96SW2,,,,,0,,0,,0,1,10.1016/j.bmc.2019.115228,PROTAC-Pedia,,,IC50 of PROTAC with error of ± 2.9 nM,,,,,
Cc1noc(C)c1-c1ccc2c(c1)C(c1ccccc1)N(Cc1cn(CCOCOCOCCOCC(=O)Nc3cccc4c3CN(C3CCC(=O)NC3=O)C4=O)nn1)C(=O)N2C,True,759,,O60885,CRBN,CRBN,Q96SW2,,,,,0,,0,,0,1,10.1016/j.bmc.2019.115228,PROTAC-Pedia,,,IC50 of PROTAC with error of ± 3.7 nM,,,,,
Cc1noc(C)c1-c1ccc2c(c1)C(c1ccccc1)N(Cc1cn(CCOCCOCC(=O)Nc3cccc4c3C(=O)N(C3CCC(=O)NC3=O)C4=O)nn1)C(=O)N2C,True,760,,O60885,CRBN,CRBN,Q96SW2,THP-1,THP-1,,,0,,0,,0,1,10.1016/j.bmc.2019.115228,PROTAC-Pedia,,,IC50 of PROTAC with error of ± 9.0 nM,THP-1,ACH-000146,Myeloid,mapped,1.0
Cc1noc(C)c1-c1ccc2c(c1)C(c1ccccc1)N(Cc1cn(CCOCOCCOCC(=O)Nc3cccc4c3C(=O)N(C3CCC(=O)NC3=O)C4=O)nn1)C(=O)N2C,True,761,,O60885,CRBN,CRBN,Q96SW2,THP-1,THP-1,,,0,,0,,0,1,10.1016/j.bmc.2019.115228,PROTAC-Pedia,,,IC50 of PROTAC with error of ± 8.5 nM,THP-1,ACH-000146,Myeloid,mapped,1.0
Cc1noc(C)c1-c1ccc2c(c1)C(c1ccccc1)N(Cc1cn(CCOCOCOCCOCC(=O)Nc3cccc4c3C(=O)N(C3CCC(=O)NC3=O)C4=O)nn1)C(=O)N2C,True,762,,O60885,CRBN,CRBN,Q96SW2,,,,,0,,0,,0,1,10.1016/j.bmc.2019.115228,PROTAC-Pedia,,,IC50 of PROTAC with error of ± 23.2 nM,,,,,
CN[C@@H](C)C(=O)N[C@H](C(=O)N1Cc2cc(OCCOCCOCCOCCOc3cc4nccc(Nc5ccc6scnc6c5)c4cc3S(=O)(=O)C(C)(C)C)ccc2C[C@H]1C(=O)N[C@H]1CCCc2ccccc21)C(C)(C)C,True,771,,O43353,IAP,"BIRC2,BIRC3",P98170,THPT1,,1000.0,6.0,1,80.0,1,1.0,1,1,,PROTAC-Pedia,,,,THP-1,ACH-000146,Myeloid,mapped,1.0
CC/C(=C(\c1ccc(O)cc1)c1ccc(OCCN(C)CCOCCOCCOCC(=O)N[C@H](C(=O)N2C[C@H](O)C[C@H]2C(=O)NCc2ccc(-c3scnc3C)cc2)C(C)(C)C)cc1)c1ccccc1,True,772,,P03372,VHL,VHL,P40337,MCF-7,MCF-7,1000.0,6.0,1,,0,,0,1,,PROTAC-Pedia,,24.0,,MCF7,ACH-000019,Breast,mapped,1.0
CC/C(=C(\c1ccc(O)cc1)c1ccc(OCCN(C)CCOCCOCCOCC(=O)N[C@H](C(=O)N2C[C@H](O)C[C@H]2C(=O)NCc2ccc(-c3scnc3C)cc2)C(C)C)cc1)c1ccccc1,True,773,,P03372,VHL,VHL,P40337,MCF-7,MCF-7,1000.0,6.0,1,,0,,0,1,,PROTAC-Pedia,,24.0,,MCF7,ACH-000019,Breast,mapped,1.0
NC(=O)c1cc2c(=O)n(CC(=O)NCCNc3cccc4c3C(=O)N(C3CCC(=O)NC3=O)C4=O)c(=O)n(C3CC3)c2nc1N,True,780,,O00418,CRBN,CRBN,Q96SW2,MDA-MB-231,MDA-MB-231,,,0,,0,,0,1,10.1016/j.ejmech.2020.112505,PROTAC-Pedia,,24.0,"There was no reported structure for full-length eEF2K. The structure of target-ligand complex was generated using homology modelling (PDB code 5E4H); IC50 of this ligand (A484954) was reported as 0.42uM in another paper (10.1016/j.bmc.2014.06.050), which can be accounted for by the difference in ATP concentration in assays.",MDA-MB-231,ACH-000768,Breast,mapped,1.0
NC(=O)c1cc2c(=O)n(CC(=O)NCCCNc3cccc4c3C(=O)N(C3CCC(=O)NC3=O)C4=O)c(=O)n(C3CC3)c2nc1N,True,781,,O00418,CRBN,CRBN,Q96SW2,MDA-MB-231,MDA-MB-231,,,0,,0,,0,1,10.1016/j.ejmech.2020.112505,PROTAC-Pedia,,24.0,,MDA-MB-231,ACH-000768,Breast,mapped,1.0
NC(=O)c1cc2c(=O)n(CC(=O)NCCCCNc3cccc4c3C(=O)N(C3CCC(=O)NC3=O)C4=O)c(=O)n(C3CC3)c2nc1N,True,782,,O00418,CRBN,CRBN,Q96SW2,MDA-MB-231,MDA-MB-231,,,0,,0,,0,1,10.1016/j.ejmech.2020.112505,PROTAC-Pedia,,24.0,,MDA-MB-231,ACH-000768,Breast,mapped,1.0
NC(=O)c1cc2c(=O)n(CC(=O)NCCCCCNc3cccc4c3C(=O)N(C3CCC(=O)NC3=O)C4=O)c(=O)n(C3CC3)c2nc1N,True,783,,O00418,CRBN,CRBN,Q96SW2,MDA-MB-231,MDA-MB-231,,,0,,0,,0,1,10.1016/j.ejmech.2020.112505,PROTAC-Pedia,,24.0,,MDA-MB-231,ACH-000768,Breast,mapped,1.0
NC(=O)c1cc2c(=O)n(CC(=O)NCCCCCCNc3cccc4c3C(=O)N(C3CCC(=O)NC3=O)C4=O)c(=O)n(C3CC3)c2nc1N,True,784,,O00418,CRBN,CRBN,Q96SW2,MDA-MB-231,MDA-MB-231,,,0,,0,,0,1,10.1016/j.ejmech.2020.112505,PROTAC-Pedia,,24.0,,MDA-MB-231,ACH-000768,Breast,mapped,1.0
NC(=O)c1cc2c(=O)n(CC(=O)NCCOCCNc3cccc4c3C(=O)N(C3CCC(=O)NC3=O)C4=O)c(=O)n(C3CC3)c2nc1N,True,785,,O00418,CRBN,CRBN,Q96SW2,MDA-MB-231,MDA-MB-231,,,0,,0,,0,1,10.1016/j.ejmech.2020.112505,PROTAC-Pedia,,24.0,,MDA-MB-231,ACH-000768,Breast,mapped,1.0
NC(=O)c1cc2c(=O)n(CC(=O)NCCNC(=O)COc3cccc4c3C(=O)N(C3CCC(=O)NC3=O)C4=O)c(=O)n(C3CC3)c2nc1N,True,786,,O00418,CRBN,CRBN,Q96SW2,MDA-MB-231,MDA-MB-231,,,0,,0,,0,1,10.1016/j.ejmech.2020.112505,PROTAC-Pedia,,24.0,,MDA-MB-231,ACH-000768,Breast,mapped,1.0
NC(=O)c1cc2c(=O)n(CC(=O)NCCCNC(=O)COc3cccc4c3C(=O)N(C3CCC(=O)NC3=O)C4=O)c(=O)n(C3CC3)c2nc1N,True,787,,O00418,CRBN,CRBN,Q96SW2,MDA-MB-231,MDA-MB-231,,,0,,0,,0,1,10.1016/j.ejmech.2020.112505,PROTAC-Pedia,,24.0,,MDA-MB-231,ACH-000768,Breast,mapped,1.0
NC(=O)c1cc2c(=O)n(CC(=O)NCCCCNC(=O)COc3cccc4c3C(=O)N(C3CCC(=O)NC3=O)C4=O)c(=O)n(C3CC3)c2nc1N,True,788,,O00418,CRBN,CRBN,Q96SW2,MDA-MB-231,MDA-MB-231,,,0,,0,,0,1,10.1016/j.ejmech.2020.112505,PROTAC-Pedia,,24.0,,MDA-MB-231,ACH-000768,Breast,mapped,1.0
NC(=O)c1cc2c(=O)n(CC(=O)NCCCCCNC(=O)COc3cccc4c3C(=O)N(C3CCC(=O)NC3=O)C4=O)c(=O)n(C3CC3)c2nc1N,True,789,,O00418,CRBN,CRBN,Q96SW2,MDA-MB-231,MDA-MB-231,,,0,,0,,0,1,10.1016/j.ejmech.2020.112505,PROTAC-Pedia,,24.0,,MDA-MB-231,ACH-000768,Breast,mapped,1.0
NC(=O)c1cc2c(=O)n(CC(=O)NCCCCCCNC(=O)COc3cccc4c3C(=O)N(C3CCC(=O)NC3=O)C4=O)c(=O)n(C3CC3)c2nc1N,True,790,,O00418,CRBN,CRBN,Q96SW2,MDA-MB-231,MDA-MB-231,,,0,,0,,0,1,10.1016/j.ejmech.2020.112505,PROTAC-Pedia,,24.0,,MDA-MB-231,ACH-000768,Breast,mapped,1.0
NC(=O)c1cc2c(=O)n(CC(=O)NCCOCCNC(=O)COc3cccc4c3C(=O)N(C3CCC(=O)NC3=O)C4=O)c(=O)n(C3CC3)c2nc1N,True,791,,O00418,CRBN,CRBN,Q96SW2,MDA-MB-231,MDA-MB-231,,,0,,0,,0,1,10.1016/j.ejmech.2020.112505,PROTAC-Pedia,,24.0,,MDA-MB-231,ACH-000768,Breast,mapped,1.0
CCn1c(=O)n(CC(=O)NCCNC(=O)COc2cccc3c2C(=O)N(C2CCC(=O)NC2=O)C3=O)c(=O)c2cc(C(N)=O)c(N)nc21,True,792,,O00418,CRBN,CRBN,Q96SW2,MDA-MB-231,MDA-MB-231,,,0,10.0,1,0.0,1,1,10.1016/j.ejmech.2020.112505,PROTAC-Pedia,,24.0,,MDA-MB-231,ACH-000768,Breast,mapped,1.0
CCn1c(=O)n(CC(=O)NCCCNC(=O)COc2cccc3c2C(=O)N(C2CCC(=O)NC2=O)C3=O)c(=O)c2cc(C(N)=O)c(N)nc21,True,793,,O00418,CRBN,CRBN,Q96SW2,MDA-MB-231,MDA-MB-231,,,0,15.4,1,0.0,1,1,10.1016/j.ejmech.2020.112505,PROTAC-Pedia,,24.0,,MDA-MB-231,ACH-000768,Breast,mapped,1.0
CCn1c(=O)n(CC(=O)NCCCCNC(=O)COc2cccc3c2C(=O)N(C2CCC(=O)NC2=O)C3=O)c(=O)c2cc(C(N)=O)c(N)nc21,True,794,,O00418,CRBN,CRBN,Q96SW2,MDA-MB-231,MDA-MB-231,,,0,26.0,1,0.0,1,1,10.1016/j.ejmech.2020.112505,PROTAC-Pedia,,24.0,,MDA-MB-231,ACH-000768,Breast,mapped,1.0
CCn1c(=O)n(CC(=O)NCCCCCNC(=O)COc2cccc3c2C(=O)N(C2CCC(=O)NC2=O)C3=O)c(=O)c2cc(C(N)=O)c(N)nc21,True,795,,O00418,CRBN,CRBN,Q96SW2,MDA-MB-231,MDA-MB-231,,,0,32.0,1,0.0,1,1,10.1016/j.ejmech.2020.112505,PROTAC-Pedia,,24.0,,MDA-MB-231,ACH-000768,Breast,mapped,1.0
CCn1c(=O)n(CC(=O)NCCCCCCNC(=O)COc2cccc3c2C(=O)N(C2CCC(=O)NC2=O)C3=O)c(=O)c2cc(C(N)=O)c(N)nc21,True,796,,O00418,CRBN,CRBN,Q96SW2,MDA-MB-231,MDA-MB-231,,,0,35.3,1,0.0,1,1,10.1016/j.ejmech.2020.112505,PROTAC-Pedia,,24.0,,MDA-MB-231,ACH-000768,Breast,mapped,1.0
CCn1c(=O)n(CC(=O)NCCOCCNC(=O)COc2cccc3c2C(=O)N(C2CCC(=O)NC2=O)C3=O)c(=O)c2cc(C(N)=O)c(N)nc21,True,797,,O00418,CRBN,CRBN,Q96SW2,MDA-MB-231,MDA-MB-231,,,0,56.7,1,0.0,1,1,10.1016/j.ejmech.2020.112505,PROTAC-Pedia,,24.0,,MDA-MB-231,ACH-000768,Breast,mapped,1.0
CCn1c(=O)n(CC(=O)NCCNc2cccc3c2C(=O)N(C2CCC(=O)NC2=O)C3=O)c(=O)c2cc(C(N)=O)c(N)nc21,True,798,,O00418,CRBN,CRBN,Q96SW2,MDA-MB-231,MDA-MB-231,,,0,,0,,0,1,10.1016/j.ejmech.2020.112505,PROTAC-Pedia,,24.0,,MDA-MB-231,ACH-000768,Breast,mapped,1.0
CCn1c(=O)n(CC(=O)NCCCNc2cccc3c2C(=O)N(C2CCC(=O)NC2=O)C3=O)c(=O)c2cc(C(N)=O)c(N)nc21,True,799,,O00418,CRBN,CRBN,Q96SW2,MDA-MB-231,MDA-MB-231,,,0,20.0,1,0.0,1,1,10.1016/j.ejmech.2020.112505,PROTAC-Pedia,,24.0,,MDA-MB-231,ACH-000768,Breast,mapped,1.0
CCn1c(=O)n(CC(=O)NCCCCNc2cccc3c2C(=O)N(C2CCC(=O)NC2=O)C3=O)c(=O)c2cc(C(N)=O)c(N)nc21,True,800,,O00418,CRBN,CRBN,Q96SW2,MDA-MB-231,MDA-MB-231,,,0,35.0,1,0.0,1,1,10.1016/j.ejmech.2020.112505,PROTAC-Pedia,,24.0,,MDA-MB-231,ACH-000768,Breast,mapped,1.0
CCn1c(=O)n(CC(=O)NCCCCCNc2cccc3c2C(=O)N(C2CCC(=O)NC2=O)C3=O)c(=O)c2cc(C(N)=O)c(N)nc21,True,801,,O00418,CRBN,CRBN,Q96SW2,MDA-MB-231,MDA-MB-231,,,0,24.0,1,0.0,1,1,10.1016/j.ejmech.2020.112505,PROTAC-Pedia,,24.0,,MDA-MB-231,ACH-000768,Breast,mapped,1.0
CCn1c(=O)n(CC(=O)NCCCCCCNc2cccc3c2C(=O)N(C2CCC(=O)NC2=O)C3=O)c(=O)c2cc(C(N)=O)c(N)nc21,True,802,,O00418,CRBN,CRBN,Q96SW2,MDA-MB-231,MDA-MB-231,,,0,20.0,1,0.0,1,1,10.1016/j.ejmech.2020.112505,PROTAC-Pedia,,24.0,,MDA-MB-231,ACH-000768,Breast,mapped,1.0
CCn1c(=O)n(CC(=O)NCCOCCNc2cccc3c2C(=O)N(C2CCC(=O)NC2=O)C3=O)c(=O)c2cc(C(N)=O)c(N)nc21,True,803,,O00418,CRBN,CRBN,Q96SW2,MDA-MB-231,MDA-MB-231,,,0,15.0,1,0.0,1,1,10.1016/j.ejmech.2020.112505,PROTAC-Pedia,,24.0,,MDA-MB-231,ACH-000768,Breast,mapped,1.0
Cc1ncsc1-c1ccc([C@H](C)NC(=O)[C@@H]2C[C@@H](O)CN2C(=O)[C@H](NC(=O)CCNC(=O)CC(=O)Nc2cccc(Sc3ncc(N4CCC(C)(N)CC4)nc3N)c2Cl)C(C)(C)C)cc1,True,816,,Q06124,VHL,VHL,P40337,KYSE520 esophageal cancer cell line,KYSE-520,,,0,,0,,0,1,10.1021/acs.jmedchem.0c00471,PROTAC-Pedia,,6.0,,KYSE-520,ACH-000637,Esophagus/Stomach,mapped,1.0
Cc1ncsc1-c1ccc([C@H](C)NC(=O)[C@@H]2C[C@@H](O)CN2C(=O)[C@H](NC(=O)CCCNC(=O)CC(=O)Nc2cccc(Sc3ncc(N4CCC(C)(N)CC4)nc3N)c2Cl)C(C)(C)C)cc1,True,817,,Q06124,VHL,VHL,P40337,KYSE520 esophageal cancer cell line,KYSE-520,,,0,,0,,0,1,10.1021/acs.jmedchem.0c00471,PROTAC-Pedia,,6.0,,KYSE-520,ACH-000637,Esophagus/Stomach,mapped,1.0
Cc1ncsc1-c1ccc([C@H](C)NC(=O)[C@@H]2C[C@@H](O)CN2C(=O)[C@H](NC(=O)CCCCNC(=O)CC(=O)Nc2cccc(Sc3ncc(N4CCC(C)(N)CC4)nc3N)c2Cl)C(C)(C)C)cc1,True,818,,Q06124,VHL,VHL,P40337,KYSE520 esophageal cancer cell line,KYSE-520,,,0,,0,,0,1,10.1021/acs.jmedchem.0c00471,PROTAC-Pedia,,6.0,,KYSE-520,ACH-000637,Esophagus/Stomach,mapped,1.0
Cc1ncsc1-c1ccc([C@H](C)NC(=O)[C@@H]2C[C@@H](O)CN2C(=O)[C@H](NC(=O)CCCCCNC(=O)CC(=O)Nc2cccc(Sc3ncc(N4CCC(C)(N)CC4)nc3N)c2Cl)C(C)(C)C)cc1,True,819,,Q06124,VHL,VHL,P40337,KYSE520 esophageal cancer cell line,KYSE-520,,,0,,0,,0,1,10.1021/acs.jmedchem.0c00471,PROTAC-Pedia,,6.0,,KYSE-520,ACH-000637,Esophagus/Stomach,mapped,1.0
Cc1ncsc1-c1ccc([C@H](C)NC(=O)[C@@H]2C[C@@H](O)CN2C(=O)[C@H](NC(=O)CCCCCCNC(=O)CC(=O)Nc2cccc(Sc3ncc(N4CCC(C)(N)CC4)nc3N)c2Cl)C(C)(C)C)cc1,True,820,,Q06124,VHL,VHL,P40337,KYSE520 esophageal cancer cell line,KYSE-520,,,0,,0,,0,1,10.1021/acs.jmedchem.0c00471,PROTAC-Pedia,,6.0,,KYSE-520,ACH-000637,Esophagus/Stomach,mapped,1.0
Cc1ncsc1-c1ccc([C@H](C)NC(=O)[C@@H]2C[C@@H](O)CN2C(=O)[C@H](NC(=O)CCCCCCCNC(=O)CC(=O)Nc2cccc(Sc3ncc(N4CCC(C)(N)CC4)nc3N)c2Cl)C(C)(C)C)cc1,True,821,,Q06124,VHL,VHL,P40337,KYSE520 esophageal cancer cell line,KYSE-520,,,0,,0,,0,1,10.1021/acs.jmedchem.0c00471,PROTAC-Pedia,,6.0,Degradation rate: 20% (0.1uM compound) or 14% (1uM compound),KYSE-520,ACH-000637,Esophagus/Stomach,mapped,1.0
Cc1ncsc1-c1ccc([C@H](C)NC(=O)[C@@H]2C[C@@H](O)CN2C(=O)[C@H](NC(=O)CCCCCCCCNC(=O)CC(=O)Nc2cccc(Sc3ncc(N4CCC(C)(N)CC4)nc3N)c2Cl)C(C)(C)C)cc1,True,822,,Q06124,VHL,VHL,P40337,KYSE520 esophageal cancer cell line,KYSE-520,,,0,80.0,1,,0,1,10.1021/acs.jmedchem.0c00471,PROTAC-Pedia,,6.0,,KYSE-520,ACH-000637,Esophagus/Stomach,mapped,1.0
Cc1ncsc1-c1ccc([C@H](C)NC(=O)[C@@H]2C[C@@H](O)CN2C(=O)[C@H](NC(=O)CCCCCCCCCNC(=O)CC(=O)Nc2cccc(Sc3ncc(N4CCC(C)(N)CC4)nc3N)c2Cl)C(C)(C)C)cc1,True,823,,Q06124,VHL,VHL,P40337,KYSE520 esophageal cancer cell line,KYSE-520,,,0,95.0,1,,0,1,10.1021/acs.jmedchem.0c00471,PROTAC-Pedia,,6.0,,KYSE-520,ACH-000637,Esophagus/Stomach,mapped,1.0
Cc1ncsc1-c1ccc([C@H](C)NC(=O)[C@@H]2C[C@@H](O)CN2C(=O)[C@H](NC(=O)CCCCCCCCCCNC(=O)CC(=O)Nc2cccc(Sc3ncc(N4CCC(C)(N)CC4)nc3N)c2Cl)C(C)(C)C)cc1,True,824,,Q06124,VHL,VHL,P40337,KYSE520 esophageal cancer cell line,KYSE-520,,,0,95.0,1,,0,1,10.1021/acs.jmedchem.0c00471,PROTAC-Pedia,,6.0,,KYSE-520,ACH-000637,Esophagus/Stomach,mapped,1.0
Cc1ncsc1-c1ccc([C@H](C)NC(=O)[C@@H]2C[C@@H](O)CN2C(=O)[C@H](NC(=O)CCCCCCCCCCCNC(=O)CC(=O)Nc2cccc(Sc3ncc(N4CCC(C)(N)CC4)nc3N)c2Cl)C(C)(C)C)cc1,True,825,,Q06124,VHL,VHL,P40337,KYSE520 esophageal cancer cell line,KYSE-520,,,0,95.0,1,,0,1,10.1021/acs.jmedchem.0c00471,PROTAC-Pedia,,6.0,,KYSE-520,ACH-000637,Esophagus/Stomach,mapped,1.0
Cc1ncsc1-c1ccc([C@H](C)NC(=O)[C@@H]2C[C@@H](O)CN2C(=O)[C@H](NC(=O)CCCCCCCCCCNC(=O)CCC(=O)Nc2cccc(Sc3ncc(N4CCC(C)(N)CC4)nc3N)c2Cl)C(C)(C)C)cc1,True,826,,Q06124,VHL,VHL,P40337,KYSE520 esophageal cancer cell line,KYSE-520,,,0,95.0,1,,0,1,10.1021/acs.jmedchem.0c00471,PROTAC-Pedia,,6.0,,KYSE-520,ACH-000637,Esophagus/Stomach,mapped,1.0
Cc1ncsc1-c1ccc([C@H](C)NC(=O)[C@@H]2C[C@@H](O)CN2C(=O)[C@H](NC(=O)CCCCCCCCCCCNC(=O)CCC(=O)Nc2cccc(Sc3ncc(N4CCC(C)(N)CC4)nc3N)c2Cl)C(C)(C)C)cc1,True,827,,Q06124,VHL,VHL,P40337,KYSE520 esophageal cancer cell line,KYSE-520,,,0,95.0,1,,0,1,10.1021/acs.jmedchem.0c00471,PROTAC-Pedia,,6.0,,KYSE-520,ACH-000637,Esophagus/Stomach,mapped,1.0
Cc1ncsc1-c1ccc([C@H](C)NC(=O)[C@@H]2C[C@@H](O)CN2C(=O)[C@H](NC(=O)CCCCCCCCCCCNC(=O)CCCC(=O)Nc2cccc(Sc3ncc(N4CCC(C)(N)CC4)nc3N)c2Cl)C(C)(C)C)cc1,True,828,,Q06124,VHL,VHL,P40337,KYSE520 esophageal cancer cell line,KYSE-520,,,0,95.0,1,,0,1,10.1021/acs.jmedchem.0c00471,PROTAC-Pedia,,6.0,,KYSE-520,ACH-000637,Esophagus/Stomach,mapped,1.0
CC(=O)N[C@H](C(=O)N1C[C@H](O)C[C@H]1C(=O)NCc1ccc(-c2scnc2C)cc1OCCOCCOCCOCCOCCOc1cc(-c2scnc2C)ccc1CNC(=O)[C@H]1C[C@H](O)CN1C(=O)[C@H](NC(C)=O)C(C)(C)C)C(C)(C)C,True,849,,P40337,VHL,VHL,P40337,HeLa,HeLa,,,0,,0,,0,1,10.1038/s41467-017-00954-1,PROTAC-Pedia,,10.0,,HeLa,ACH-001086,Cervix,mapped,1.0
CC(=O)N[C@H](C(=O)N1C[C@H](O)C[C@H]1C(=O)NCc1ccc(-c2scnc2C)cc1OCCOCCOCCOCCOCCOCC(=O)N[C@@H](C(=O)N1C[C@@H](O)C[C@@H]1C(=O)NCc1ccc(-c2scnc2C)cc1)C(C)(C)C)C(C)(C)C,True,850,,P40337,VHL,VHL,P40337,HeLa,HeLa,,,0,,0,,0,1,10.1038/s41467-017-00954-1,PROTAC-Pedia,,10.0,,HeLa,ACH-001086,Cervix,mapped,1.0
Cc1ncsc1-c1ccc(CNC(=O)[C@H]2C[C@H](O)CN2C(=O)[C@H](NC(=O)C2(C#N)CC2)C(C)(C)C)c(OCCOCCOCCOCCOCCOc2cc(-c3scnc3C)ccc2CNC(=O)[C@@H]2C[C@@H](O)CN2C(=O)[C@@H](NC(=O)C2(C#N)CC2)C(C)(C)C)c1,True,851,,P40337,VHL,VHL,P40337,HeLa,HeLa,,,0,,0,,0,1,10.1038/s41467-017-00954-1,PROTAC-Pedia,,10.0,,HeLa,ACH-001086,Cervix,mapped,1.0
Cc1ncsc1-c1ccc(CNC(=O)[C@H]2C[C@H](O)CN2C(=O)[C@H](NC(=O)COCCOCCOCCOCCOCCOc2cc(-c3scnc3C)ccc2CNC(=O)[C@@H]2C[C@@H](O)CN2C(=O)[C@@H](NC(=O)C2(C#N)CC2)C(C)(C)C)C(C)(C)C)cc1,True,852,,P40337,VHL,VHL,P40337,HeLa,HeLa,,,0,,0,,0,1,10.1038/s41467-017-00954-1,PROTAC-Pedia,,10.0,,HeLa,ACH-001086,Cervix,mapped,1.0
Cc1ncsc1-c1ccc(CNC(=O)[C@@H]2C[C@@H](O)CN2C(=O)[C@@H](NC(=O)COCCOCCOCC(=O)NCCNc2cccc3c2C(=O)N(C2CCC(=O)NC2=O)C3=O)C(C)(C)C)cc1,True,857,,Q96SW2,VHL,VHL,P40337,HeLa,HeLa,,,0,,0,,0,1,10.1016/j.bmc.2019.02.048,PROTAC-Pedia,,4.0,,HeLa,ACH-001086,Cervix,mapped,1.0
Cc1ncsc1-c1ccc(CNC(=O)[C@@H]2C[C@@H](O)CN2C(=O)[C@@H](NC(=O)COCCOCCOCCOCCOCC(=O)NCCNc2cccc3c2C(=O)N(C2CCC(=O)NC2=O)C3=O)C(C)(C)C)cc1,True,858,,Q96SW2,VHL,VHL,P40337,HeLa,HeLa,,,0,,0,,0,1,10.1016/j.bmc.2019.02.048,PROTAC-Pedia,,4.0,7b can degrade VHL at higher concentration. See Target UniprotID P40337 for details.,HeLa,ACH-001086,Cervix,mapped,1.0
Cc1ncsc1-c1ccc(CNC(=O)[C@@H]2C[C@@H](O)CN2C(=O)[C@@H](NC(=O)COCCCCCCOCC(=O)NCCNc2cccc3c2C(=O)N(C2CCC(=O)NC2=O)C3=O)C(C)(C)C)cc1,True,860,,Q96SW2,VHL,VHL,P40337,HeLa,HeLa,,,0,,0,,0,1,10.1016/j.bmc.2019.02.048,PROTAC-Pedia,,4.0,14b can degrade VHL at higher concentration. See Target UniprotID P40337 for details.,HeLa,ACH-001086,Cervix,mapped,1.0
Cc1ncsc1-c1ccc(CNC(=O)[C@@H]2C[C@@H](O)CN2C(=O)[C@@H](NC(=O)COCCOCCOCCOCCOCCOCC(=O)NCCNc2cccc3c2C(=O)N(C2CCC(=O)NC2=O)C3=O)C(C)(C)C)cc1,True,861,,Q96SW2,VHL,VHL,P40337,HeLa,HeLa,,,0,,0,,0,1,10.1016/j.bmc.2019.02.048,PROTAC-Pedia,,4.0,,HeLa,ACH-001086,Cervix,mapped,1.0
Cc1ncsc1-c1ccc(CNC(=O)[C@@H]2C[C@@H](O)CN2C(=O)[C@@H](NC(=O)COCCOCCOCCOCCOCCOCCOCCOCCOCC(=O)NCCNc2cccc3c2C(=O)N(C2CCC(=O)NC2=O)C3=O)C(C)(C)C)cc1,True,862,,Q96SW2,VHL,VHL,P40337,HeLa,HeLa,,,0,,0,,0,1,10.1016/j.bmc.2019.02.048,PROTAC-Pedia,,4.0,14d can degrade VHL at higher concentration. See Target UniprotID P40337 for details.,HeLa,ACH-001086,Cervix,mapped,1.0
Cc1ncsc1-c1ccc(CNC(=O)[C@@H]2C[C@@H](O)CN2C(=O)[C@@H](NC(=O)COCCOCCOCCOCC(=O)NCCNc2cccc3c2C(=O)N(C2CCC(=O)NC2=O)C3=O)C(C)(C)C)cc1,True,863,,Q96SW2,VHL,VHL,P40337,HeLa,HeLa,,,0,,0,,0,1,10.1016/j.bmc.2019.02.048,PROTAC-Pedia,,4.0,14e can degrade VHL at higher concentration. See Target UniprotID P40337 for details.,HeLa,ACH-001086,Cervix,mapped,1.0
Cc1ncsc1-c1ccc(CNC(=O)[C@@H]2C[C@@H](O)CN2C(=O)[C@@H](NC(=O)C2(F)CC2)C(C)(C)C)c(OCCOCCOCCOCC(=O)NCCNc2cccc3c2C(=O)N(C2CCC(=O)NC2=O)C3=O)c1,True,864,,Q96SW2,VHL,VHL,P40337,HeLa,HeLa,,,0,,0,,0,1,10.1016/j.bmc.2019.02.048,PROTAC-Pedia,,4.0,,HeLa,ACH-001086,Cervix,mapped,1.0
Cc1ncsc1-c1ccc(CNC(=O)[C@@H]2C[C@@H](O)CN2C(=O)[C@@H](NC(=O)C2(F)CC2)C(C)(C)C)c(OCCOCCOCCOCCOCCOCC(=O)NCCNc2cccc3c2C(=O)N(C2CCC(=O)NC2=O)C3=O)c1,True,865,,Q96SW2,VHL,VHL,P40337,HeLa,HeLa,,,0,,0,,0,1,10.1016/j.bmc.2019.02.048,PROTAC-Pedia,,4.0,,HeLa,ACH-001086,Cervix,mapped,1.0
Cc1ncsc1-c1ccc(CNC(=O)[C@@H]2C[C@@H](O)CN2C(=O)[C@@H](NC(=O)C2(F)CC2)C(C)(C)C)c(OCCCCC(=O)NCCNc2cccc3c2C(=O)N(C2CCC(=O)NC2=O)C3=O)c1,True,866,,Q96SW2,VHL,VHL,P40337,HeLa,HeLa,,,0,,0,,0,1,10.1016/j.bmc.2019.02.048,PROTAC-Pedia,,4.0,18c can degrade VHL at higher concentration. See Target UniprotID P40337 for details.,HeLa,ACH-001086,Cervix,mapped,1.0
Cc1ncsc1-c1ccc(CNC(=O)[C@@H]2C[C@@H](O)CN2C(=O)[C@@H](NC(=O)C2(F)CC2)C(C)(C)SCCOCCOCCOCC(=O)NCCNc2cccc3c2C(=O)N(C2CCC(=O)NC2=O)C3=O)cc1,True,867,,Q96SW2,VHL,VHL,P40337,HeLa,HeLa,,,0,,0,,0,1,10.1016/j.bmc.2019.02.048,PROTAC-Pedia,,4.0,,HeLa,ACH-001086,Cervix,mapped,1.0
Cc1ncsc1-c1ccc(CNC(=O)[C@@H]2C[C@@H](O)CN2C(=O)[C@@H](NC(=O)C2(F)CC2)C(C)(C)SCCOCCOCCOCCOCCOCC(=O)NCCNc2cccc3c2C(=O)N(C2CCC(=O)NC2=O)C3=O)cc1,True,868,,Q96SW2,VHL,VHL,P40337,HeLa,HeLa,,,0,,0,,0,1,10.1016/j.bmc.2019.02.048,PROTAC-Pedia,,4.0,,HeLa,ACH-001086,Cervix,mapped,1.0
Cc1ncsc1-c1ccc(CNC(=O)[C@@H]2C[C@@H](O)CN2C(=O)[C@@H](NC(=O)C2(F)CC2)C(C)(C)SCCCCC(=O)NCCNc2cccc3c2C(=O)N(C2CCC(=O)NC2=O)C3=O)cc1,True,869,,Q96SW2,VHL,VHL,P40337,HeLa,HeLa,,,0,,0,,0,1,10.1016/j.bmc.2019.02.048,PROTAC-Pedia,,4.0,22c can degrade VHL at higher concentration. See Target UniprotID P40337 for details.,HeLa,ACH-001086,Cervix,mapped,1.0
Cc1ncsc1-c1ccc(CNC(=O)[C@@H]2C[C@@H](O)CN2C(=O)[C@@H](NC(=O)COCCOCCOCC(=O)NCCNc2cccc3c2C(=O)N(C2CCC(=O)NC2=O)C3=O)C(C)(C)C)cc1,True,870,,P40337,CRBN,CRBN,Q96SW2,HeLa,HeLa,,,0,,0,,0,1,10.1016/j.bmc.2019.02.048,PROTAC-Pedia,,4.0,,HeLa,ACH-001086,Cervix,mapped,1.0
Cc1ncsc1-c1ccc(CNC(=O)[C@@H]2C[C@@H](O)CN2C(=O)[C@@H](NC(=O)COCCOCCOCCOCCOCC(=O)NCCNc2cccc3c2C(=O)N(C2CCC(=O)NC2=O)C3=O)C(C)(C)C)cc1,True,871,,P40337,CRBN,CRBN,Q96SW2,HeLa,HeLa,,,0,,0,,0,1,10.1016/j.bmc.2019.02.048,PROTAC-Pedia,,4.0,,HeLa,ACH-001086,Cervix,mapped,1.0
Cc1ncsc1-c1ccc(CNC(=O)[C@@H]2C[C@@H](O)CN2C(=O)[C@@H](NC(=O)COCCCCCOCCOCCCCCOCC(=O)NCCNc2cccc3c2C(=O)N(C2CCC(=O)NC2=O)C3=O)C(C)(C)C)cc1,True,872,,P40337,CRBN,CRBN,Q96SW2,HeLa,HeLa,,,0,,0,,0,1,10.1016/j.bmc.2019.02.048,PROTAC-Pedia,,4.0,14a can degrade Cereblon at lower concentration. See Target UniprotID Q96SW2 for details.,HeLa,ACH-001086,Cervix,mapped,1.0
Cc1ncsc1-c1ccc(CNC(=O)[C@@H]2C[C@@H](O)CN2C(=O)[C@@H](NC(=O)COCCCCCCOCC(=O)NCCNc2cccc3c2C(=O)N(C2CCC(=O)NC2=O)C3=O)C(C)(C)C)cc1,True,873,,P40337,CRBN,CRBN,Q96SW2,HeLa,HeLa,,,0,,0,,0,1,10.1016/j.bmc.2019.02.048,PROTAC-Pedia,,4.0,14b can degrade Cereblon at lower concentration. See Target UniprotID Q96SW2 for details.,HeLa,ACH-001086,Cervix,mapped,1.0
Cc1ncsc1-c1ccc(CNC(=O)[C@@H]2C[C@@H](O)CN2C(=O)[C@@H](NC(=O)COCCOCCOCCOCCOCCOCC(=O)NCCNc2cccc3c2C(=O)N(C2CCC(=O)NC2=O)C3=O)C(C)(C)C)cc1,True,874,,P40337,CRBN,CRBN,Q96SW2,HeLa,HeLa,,,0,,0,,0,1,10.1016/j.bmc.2019.02.048,PROTAC-Pedia,,4.0,,HeLa,ACH-001086,Cervix,mapped,1.0
Cc1ncsc1-c1ccc(CNC(=O)[C@@H]2C[C@@H](O)CN2C(=O)[C@@H](NC(=O)COCCOCCOCCOCCOCCOCCOCCOCCOCC(=O)NCCNc2cccc3c2C(=O)N(C2CCC(=O)NC2=O)C3=O)C(C)(C)C)cc1,True,875,,P40337,CRBN,CRBN,Q96SW2,HeLa,HeLa,,,0,,0,,0,1,10.1016/j.bmc.2019.02.048,PROTAC-Pedia,,4.0,,HeLa,ACH-001086,Cervix,mapped,1.0
Cc1ncsc1-c1ccc(CNC(=O)[C@@H]2C[C@@H](O)CN2C(=O)[C@@H](NC(=O)COCCOCCOCCOCC(=O)NCCNc2cccc3c2C(=O)N(C2CCC(=O)NC2=O)C3=O)C(C)(C)C)cc1,True,876,,P40337,CRBN,CRBN,Q96SW2,HeLa,HeLa,,,0,,0,,0,1,10.1016/j.bmc.2019.02.048,PROTAC-Pedia,,4.0,,HeLa,ACH-001086,Cervix,mapped,1.0
Cc1ncsc1-c1ccc(CNC(=O)[C@@H]2C[C@@H](O)CN2C(=O)[C@@H](NC(=O)C2(F)CC2)C(C)(C)C)c(OCCOCCOCCOCC(=O)NCCNc2cccc3c2C(=O)N(C2CCC(=O)NC2=O)C3=O)c1,True,877,,P40337,CRBN,CRBN,Q96SW2,HeLa,HeLa,,,0,,0,,0,1,10.1016/j.bmc.2019.02.048,PROTAC-Pedia,,4.0,18a can degrade Cereblon at lower concentration. See Target UniprotID Q96SW2 for details.,HeLa,ACH-001086,Cervix,mapped,1.0
Cc1ncsc1-c1ccc(CNC(=O)[C@@H]2C[C@@H](O)CN2C(=O)[C@@H](NC(=O)C2(F)CC2)C(C)(C)C)c(OCCOCCOCCOCCOCCOCC(=O)NCCNc2cccc3c2C(=O)N(C2CCC(=O)NC2=O)C3=O)c1,True,878,,P40337,CRBN,CRBN,Q96SW2,HeLa,HeLa,,,0,,0,,0,1,10.1016/j.bmc.2019.02.048,PROTAC-Pedia,,4.0,18b can degrade Cereblon at lower concentration. See Target UniprotID Q96SW2 for details.,HeLa,ACH-001086,Cervix,mapped,1.0
Cc1ncsc1-c1ccc(CNC(=O)[C@@H]2C[C@@H](O)CN2C(=O)[C@@H](NC(=O)C2(F)CC2)C(C)(C)C)c(OCCCCC(=O)NCCNc2cccc3c2C(=O)N(C2CCC(=O)NC2=O)C3=O)c1,True,879,,P40337,CRBN,CRBN,Q96SW2,HeLa,HeLa,,,0,,0,,0,1,10.1016/j.bmc.2019.02.048,PROTAC-Pedia,,4.0,,HeLa,ACH-001086,Cervix,mapped,1.0
Cc1ncsc1-c1ccc(CNC(=O)[C@@H]2C[C@@H](O)CN2C(=O)[C@@H](NC(=O)C2(F)CC2)C(C)(C)SCCOCCOCCOCC(=O)NCCNc2cccc3c2C(=O)N(C2CCC(=O)NC2=O)C3=O)cc1,True,880,,P40337,CRBN,CRBN,Q96SW2,HeLa,HeLa,,,0,,0,,0,1,10.1016/j.bmc.2019.02.048,PROTAC-Pedia,,4.0,22a can degrade Cereblon at lower concentration. See Target UniprotID Q96SW2 for details.,HeLa,ACH-001086,Cervix,mapped,1.0
Cc1ncsc1-c1ccc(CNC(=O)[C@@H]2C[C@@H](O)CN2C(=O)[C@@H](NC(=O)C2(F)CC2)C(C)(C)SCCOCCOCCOCCOCCOCC(=O)NCCNc2cccc3c2C(=O)N(C2CCC(=O)NC2=O)C3=O)cc1,True,881,,P40337,CRBN,CRBN,Q96SW2,HeLa,HeLa,,,0,,0,,0,1,10.1016/j.bmc.2019.02.048,PROTAC-Pedia,,4.0,22b can degrade Cereblon at lower concentration. See Target UniprotID Q96SW2 for details.,HeLa,ACH-001086,Cervix,mapped,1.0
Cc1ncsc1-c1ccc(CNC(=O)[C@@H]2C[C@@H](O)CN2C(=O)[C@@H](NC(=O)C2(F)CC2)C(C)(C)SCCCCC(=O)NCCNc2cccc3c2C(=O)N(C2CCC(=O)NC2=O)C3=O)cc1,True,882,,P40337,CRBN,CRBN,Q96SW2,HeLa,HeLa,,,0,,0,,0,1,10.1016/j.bmc.2019.02.048,PROTAC-Pedia,,4.0,,HeLa,ACH-001086,Cervix,mapped,1.0
O=C1CCC(N2C(=O)c3cccc(NCCOCCOCCNc4cccc5c4C(=O)N(C4CCC(=O)NC4=O)C5=O)c3C2=O)C(=O)N1,True,884,,Q96SW2,CRBN,CRBN,Q96SW2,MM1S,MM1.S,,,0,,0,,0,1,10.3791/59472,PROTAC-Pedia,,96.0,,MM1-S,ACH-000763,Lymphoid,mapped,1.0
COC(=O)C[C@H]1[C@]2(C)C3=C(C)[C@H](c4ccoc4-c4ccc(C(=O)NCCCNC(=O)C[C@@H]5N=C(c6ccc(Cl)cc6)c6c(sc(C)c6C)-n6c(C)nnc65)cc4)C[C@H]3O[C@@H]2[C@@H]2OC(=O)[C@]3(C)C=CC(=O)[C@@]1(C)C23,True,885,,O60885,RNF114,RNF114,Q9Y508,231MFP,,,,0,,0,,0,1,10.1038/s41589-019-0304-8,PROTAC-Pedia,,12.0,IC50: 0.24±0.12 uM,231MFP,,,unmapped,0.0
COc1cc(/N=N/c2cccc3c2CN([C@H]2CCC(=O)NC2=O)C3=O)cc(OC)c1OCC(=O)NCCNC(=O)C[C@@H]1N=C(c2ccc(Cl)cc2)c2c(sc(C)c2C)-n2c(C)nnc21,True,886,,O60885,CRBN,CRBN,Q96SW2,RS4;11,RS4;11,,,0,,0,,0,1,10.1126/sciadv.aay5064,PROTAC-Pedia,,4.0,Light-activated PROTAC. The cis form is active.,RS4;11,ACH-000874,Lymphoid,mapped,1.0
COc1cc(/N=N/c2cccc3c2CN(C2CCC(=O)NC2=O)C3=O)cc(OC)c1OCC(=O)NCCCNC(=O)C[C@@H]1N=C(c2ccc(Cl)cc2)c2c(sc(C)c2C)-n2c(C)nnc21,True,887,,O60885,CRBN,CRBN,Q96SW2,RS4;11,RS4;11,,,0,,0,,0,1,10.1126/sciadv.aay5064,PROTAC-Pedia,,4.0,Light-activated PROTAC. The cis form is active.,RS4;11,ACH-000874,Lymphoid,mapped,1.0
COc1cc(/N=N/c2cccc3c2CN(C2CCC(=O)NC2=O)C3=O)cc(OC)c1OCC(=O)NCCCCNC(=O)C[C@@H]1N=C(c2ccc(Cl)cc2)c2c(sc(C)c2C)-n2c(C)nnc21,True,888,,O60885,CRBN,CRBN,Q96SW2,RS4;11,RS4;11,,,0,,0,,0,1,10.1126/sciadv.aay5064,PROTAC-Pedia,,4.0,"Light-activated PROTAC. The cis form is active. Tested Cullin-RING inhibitors (MLN4924), which proved that PROTAC is UPS-dependent.",RS4;11,ACH-000874,Lymphoid,mapped,1.0
COc1cc(/N=N/c2cccc3c2CN(C2CCC(=O)NC2=O)C3=O)cc(OC)c1OCC(=O)NCCCCCNC(=O)C[C@@H]1N=C(c2ccc(Cl)cc2)c2c(sc(C)c2C)-n2c(C)nnc21,True,889,,O60885,CRBN,CRBN,Q96SW2,RS4;11,RS4;11,,,0,,0,,0,1,10.1126/sciadv.aay5064,PROTAC-Pedia,,4.0,Light-activated PROTAC. The cis form is active.,RS4;11,ACH-000874,Lymphoid,mapped,1.0
COc1cc(/N=N/c2cccc3c2CN(C2CCC(=O)NC2=O)C3=O)cc(OC)c1OCC(=O)NCCCCCCNC(=O)C[C@@H]1N=C(c2ccc(Cl)cc2)c2c(sc(C)c2C)-n2c(C)nnc21,True,890,,O60885,CRBN,CRBN,Q96SW2,RS4;11,RS4;11,,,0,,0,,0,1,10.1126/sciadv.aay5064,PROTAC-Pedia,,4.0,Light-activated PROTAC. The cis form is active.,RS4;11,ACH-000874,Lymphoid,mapped,1.0
Cc1sc2c(c1C)C(c1ccc(Cl)cc1)=N[C@H](CC(=O)NCCNC(=O)COc1ccc(/N=N/c3cccc4c3CN(C3CCC(=O)NC3=O)C4=O)cc1)c1nnc(C)n1-2,True,891,,O60885,CRBN,CRBN,Q96SW2,RS4;11,RS4;11,,,0,,0,,0,1,10.1126/sciadv.aay5064,PROTAC-Pedia,,4.0,Light-activated PROTAC. The cis form is active.,RS4;11,ACH-000874,Lymphoid,mapped,1.0
Cc1sc2c(c1C)C(c1ccc(Cl)cc1)=N[C@@H](CC(=O)NCCCCNC(=O)COc1ccc(/N=N/c3cccc4c3CN(C3CCC(=O)NC3=O)C4=O)cc1)c1nnc(C)n1-2,True,892,,O60885,CRBN,CRBN,Q96SW2,RS4;11,RS4;11,,,0,,0,,0,1,10.1126/sciadv.aay5064,PROTAC-Pedia,,4.0,Light-activated PROTAC. The cis form is active.,RS4;11,ACH-000874,Lymphoid,mapped,1.0
Cc1sc2c(c1C)C(c1ccc(Cl)cc1)=N[C@@H](CC(=O)NCCCCCCNC(=O)COc1ccc(/N=N/c3cccc4c3CN(C3CCC(=O)NC3=O)C4=O)cc1)c1nnc(C)n1-2,True,893,,O60885,CRBN,CRBN,Q96SW2,RS4;11,RS4;11,,,0,,0,,0,1,10.1126/sciadv.aay5064,PROTAC-Pedia,,4.0,Light-activated PROTAC. The cis form is active.,RS4;11,ACH-000874,Lymphoid,mapped,1.0
COc1cc(/N=N/c2ccc3c(c2)C(=O)N(C2CCC(=O)NC2=O)C3=O)cc(OC)c1OCC(=O)NCCNC(=O)C[C@@H]1N=C(c2ccc(Cl)cc2)c2c(sc(C)c2C)-n2c(C)nnc21,True,894,,O60885,CRBN,CRBN,Q96SW2,RS4;11,RS4;11,,,0,,0,,0,1,10.1126/sciadv.aay5064,PROTAC-Pedia,,4.0,Light-activated PROTAC. The cis form is active.,RS4;11,ACH-000874,Lymphoid,mapped,1.0
Cc1sc2c(c1C)C(c1ccc(Cl)cc1)=N[C@@H](CC(=O)Nc1ccc(/N=N/c3ccc(NC(=O)COc4cccc5c4C(=O)N(C4CCC(=O)NC4=O)C5=O)cc3)cc1)c1nnc(C)n1-2,True,895,,O60885,CRBN,CRBN,Q96SW2,RS4;11,RS4;11,,,0,,0,,0,1,10.1126/sciadv.aay5064,PROTAC-Pedia,,4.0,Light-activated PROTAC. The cis form is active.,RS4;11,ACH-000874,Lymphoid,mapped,1.0
Cc1sc2c(c1C)C(c1ccc(Cl)cc1)=N[C@@H](CC(=O)NCc1ccc(/N=N/c3ccc(NC(=O)COc4cccc5c4C(=O)N(C4CCC(=O)NC4=O)C5=O)cc3)cc1)c1nnc(C)n1-2,True,896,,O60885,CRBN,CRBN,Q96SW2,RS4;11,RS4;11,,,0,,0,,0,1,10.1126/sciadv.aay5064,PROTAC-Pedia,,4.0,Light-activated PROTAC. The cis form is active.,RS4;11,ACH-000874,Lymphoid,mapped,1.0
Cc1sc2c(c1C)C(c1ccc(Cl)cc1)=N[C@@H](CC(=O)NCCc1ccc(/N=N/c3ccc(NC(=O)COc4cccc5c4C(=O)N(C4CCC(=O)NC4=O)C5=O)cc3)cc1)c1nnc(C)n1-2,True,897,,O60885,CRBN,CRBN,Q96SW2,RS4;11,RS4;11,,,0,,0,,0,1,10.1126/sciadv.aay5064,PROTAC-Pedia,,4.0,Light-activated PROTAC. The cis form is active.,RS4;11,ACH-000874,Lymphoid,mapped,1.0
Cc1sc2c(c1C)C(c1ccc(Cl)cc1)=N[C@@H](CC(=O)Nc1ccc3c(c1)CCc1cc(NC(=O)COc4cccc5c4C(=O)N(C4CCC(=O)NC4=O)C5=O)ccc1/N=N\3)c1nnc(C)n1-2,True,898,,O60885,CRBN,CRBN,Q96SW2,RS4;11,RS4;11,,,0,,0,,0,1,10.1126/sciadv.aay5064,PROTAC-Pedia,,4.0,Light-activated PROTAC. The cis form is active.,RS4;11,ACH-000874,Lymphoid,mapped,1.0
CCC(C)(C)C(=O)C(=O)N1CCCC[C@H]1C(=O)O[C@H](CCc1ccc(OC)c(OC)c1)c1cccc(OCC(=O)Nc2ccc(/N=N/c3ccc(NC(=O)COc4cccc5c4C(=O)N(C4CCC(=O)NC4=O)C5=O)cc3)cc2)c1,True,899,,P62942,CRBN,CRBN,Q96SW2,RS4;11,RS4;11,,,0,,0,,0,1,10.1126/sciadv.aay5064,PROTAC-Pedia,,4.0,Light-activated PROTAC. The cis form is active.,RS4;11,ACH-000874,Lymphoid,mapped,1.0
CCC(C)(C)C(=O)C(=O)N1CCCC[C@H]1C(=O)O[C@H](CCc1ccc(OC)c(OC)c1)c1cccc(OCC(=O)NCCCNC(=O)COc2c(OC)cc(/N=N/c3cccc4c3CN(C3CCC(=O)NC3=O)C4=O)cc2OC)c1,True,900,,P62942,CRBN,CRBN,Q96SW2,RS4;11,RS4;11,,,0,,0,,0,1,10.1126/sciadv.aay5064,PROTAC-Pedia,,4.0,Light-activated PROTAC. The cis form is active.,RS4;11,ACH-000874,Lymphoid,mapped,1.0
CCC(C)(C)C(=O)C(=O)N1CCCC[C@H]1C(=O)O[C@H](CCc1ccc(OC)c(OC)c1)c1cccc(OCC(=O)NCCCCNC(=O)COc2c(OC)cc(/N=N/c3cccc4c3CN(C3CCC(=O)NC3=O)C4=O)cc2OC)c1,True,901,,P62942,CRBN,CRBN,Q96SW2,RS4;11,RS4;11,,,0,,0,,0,1,10.1126/sciadv.aay5064,PROTAC-Pedia,,4.0,Light-activated PROTAC. The cis form is active.,RS4;11,ACH-000874,Lymphoid,mapped,1.0
CCC(C)(C)C(=O)C(=O)N1CCCC[C@H]1C(=O)O[C@H](CCc1ccc(OC)c(OC)c1)c1cccc(OCC(=O)NCCCCCNC(=O)COc2c(OC)cc(/N=N/c3cccc4c3CN(C3CCC(=O)NC3=O)C4=O)cc2OC)c1,True,902,,P62942,CRBN,CRBN,Q96SW2,RS4;11,RS4;11,,,0,,0,,0,1,10.1126/sciadv.aay5064,PROTAC-Pedia,,4.0,Light-activated PROTAC. The cis form is active.,RS4;11,ACH-000874,Lymphoid,mapped,1.0
CCC(C)(C)C(=O)C(=O)N1CCCC[C@H]1C(=O)O[C@H](CCc1ccc(OC)c(OC)c1)c1cccc(OCC(=O)NCCCCCCNC(=O)COc2c(OC)cc(/N=N/c3cccc4c3CN(C3CCC(=O)NC3=O)C4=O)cc2OC)c1,True,903,,P62942,CRBN,CRBN,Q96SW2,RS4;11,RS4;11,,,0,,0,,0,1,10.1126/sciadv.aay5064,PROTAC-Pedia,,4.0,Light-activated PROTAC. The cis form is active.,RS4;11,ACH-000874,Lymphoid,mapped,1.0
CCC(C)(C)C(=O)C(=O)N1CCCC[C@H]1C(=O)O[C@H](CCc1ccc(OC)c(OC)c1)c1cccc(OCC(=O)NCCNC(=O)COc2ccc(/N=N\c3cccc4c3CN(C3CCC(=O)NC3=O)C4=O)cc2)c1,True,904,,P62942,CRBN,CRBN,Q96SW2,RS4;11,RS4;11,,,0,,0,,0,1,10.1126/sciadv.aay5064,PROTAC-Pedia,,4.0,Light-activated PROTAC. The cis form is active.,RS4;11,ACH-000874,Lymphoid,mapped,1.0
Cc1nc(Nc2ncc(C(=O)Nc3c(C)cccc3Cl)s2)cc(N2CCN(CCOc3ccc(/N=N/c4ccc(C(=O)Nc5cccc6c5CN(C5CCC(=O)NC5=O)C6=O)cc4)cc3)CC2)n1,True,905,,P00519,CRBN,CRBN,Q96SW2,K562,EGFP-K562,,,0,,0,,0,1,10.1021/acs.jmedchem.9b02058,PROTAC-Pedia,,24.0,,K-562,ACH-000551,Myeloid,mapped,1.0
Cc1nc(Nc2ncc(C(=O)Nc3c(C)cccc3Cl)s2)cc(N2CCN(CCCOc3ccc(/N=N/c4ccc(C(=O)Nc5cccc6c5CN(C5CCC(=O)NC5=O)C6=O)cc4)cc3)CC2)n1,True,906,,P00519,CRBN,CRBN,Q96SW2,K562,EGFP-K562,,,0,,0,,0,1,10.1021/acs.jmedchem.9b02058,PROTAC-Pedia,,24.0,,K-562,ACH-000551,Myeloid,mapped,1.0
Cc1nc(Nc2ncc(C(=O)Nc3c(C)cccc3Cl)s2)cc(N2CCN(CCCCCOc3ccc(/N=N/c4ccc(C(=O)Nc5cccc6c5CN(C5CCC(=O)NC5=O)C6=O)cc4)cc3)CC2)n1,True,908,,P00519,CRBN,CRBN,Q96SW2,K562,EGFP-K562,,,0,,0,,0,1,10.1021/acs.jmedchem.9b02058,PROTAC-Pedia,,24.0,,K-562,ACH-000551,Myeloid,mapped,1.0
Cc1nc(Nc2ncc(C(=O)Nc3c(C)cccc3Cl)s2)cc(N2CCN(CCCCCCOc3ccc(/N=N/c4ccc(C(=O)Nc5cccc6c5CN(C5CCC(=O)NC5=O)C6=O)cc4)cc3)CC2)n1,True,909,,P00519,CRBN,CRBN,Q96SW2,K562,EGFP-K562,,,0,,0,,0,1,10.1021/acs.jmedchem.9b02058,PROTAC-Pedia,,24.0,,K-562,ACH-000551,Myeloid,mapped,1.0
O=C(CCCCCCC(=O)N/N=C/c1ccc(OCCOCCOCCn2cc(CNc3cccc4c3C(=O)N(C3CCC(=O)NC3=O)C4=O)nn2)cc1)NO,True,910,,Q9UBN7,CRBN,CRBN,Q96SW2,MM1S,MM1.S,,,0,,0,,0,1,10.1021/acsmedchemlett.0c00046,PROTAC-Pedia,,6.0,,MM1-S,ACH-000763,Lymphoid,mapped,1.0
CCCCN(Cc1ccc(C(=O)NO)cc1)C(=O)Nc1ccc(OCCCCCn2cc(CNc3cccc4c3C(=O)N(C3CCC(=O)NC3=O)C4=O)nn2)cc1,True,911,,Q9UBN7,CRBN,CRBN,Q96SW2,MM1S,MM1.S,2.2,8.657577319177793,1,86.0,1,1.0,1,1,10.1021/acsmedchemlett.0c00046,PROTAC-Pedia,,6.0,,MM1-S,ACH-000763,Lymphoid,mapped,1.0
CCCCN(Cc1ccc(C(=O)NO)cc1)C(=O)Nc1ccc(OCCn2cc(CCCCC(=O)N[C@H](C(=O)N3C[C@H](O)C[C@H]3C(=O)NCc3ccc(-c4scnc4C)cc3)C(C)(C)C)nn2)cc1,True,912,,Q9UBN7,VHL,VHL,P40337,MM1S,MM1.S,,,0,,0,,0,1,10.1021/acsmedchemlett.0c00046,PROTAC-Pedia,,6.0,,MM1-S,ACH-000763,Lymphoid,mapped,1.0
CCCCN(Cc1ccc(C(=O)NO)cc1)C(=O)Nc1ccc(OCCCn2cc(CCCCC(=O)N[C@H](C(=O)N3C[C@H](O)C[C@H]3C(=O)NCc3ccc(-c4scnc4C)cc3)C(C)(C)C)nn2)cc1,True,913,,Q9UBN7,VHL,VHL,P40337,MM1S,MM1.S,,,0,,0,,0,1,10.1021/acsmedchemlett.0c00046,PROTAC-Pedia,,6.0,,MM1-S,ACH-000763,Lymphoid,mapped,1.0
CCCCN(Cc1ccc(C(=O)NO)cc1)C(=O)Nc1ccc(OCCCCn2cc(CCCCC(=O)N[C@H](C(=O)N3C[C@H](O)C[C@H]3C(=O)NCc3ccc(-c4scnc4C)cc3)C(C)(C)C)nn2)cc1,True,914,,Q9UBN7,VHL,VHL,P40337,MM1S,MM1.S,,,0,,0,,0,1,10.1021/acsmedchemlett.0c00046,PROTAC-Pedia,,6.0,,MM1-S,ACH-000763,Lymphoid,mapped,1.0
CCCCN(Cc1ccc(C(=O)NO)cc1)C(=O)Nc1ccc(OCCCCCn2cc(CCCCC(=O)N[C@H](C(=O)N3C[C@H](O)C[C@H]3C(=O)NCc3ccc(-c4scnc4C)cc3)C(C)(C)C)nn2)cc1,True,915,,Q9UBN7,VHL,VHL,P40337,MM1S,MM1.S,,,0,,0,,0,1,10.1021/acsmedchemlett.0c00046,PROTAC-Pedia,,6.0,,MM1-S,ACH-000763,Lymphoid,mapped,1.0
CCCCN(Cc1ccc(C(=O)NO)cc1)C(=O)Nc1ccc(OCCCCCCn2cc(CCCCC(=O)N[C@H](C(=O)N3C[C@H](O)C[C@H]3C(=O)NCc3ccc(-c4scnc4C)cc3)C(C)(C)C)nn2)cc1,True,916,,Q9UBN7,VHL,VHL,P40337,MM1S,MM1.S,,,0,,0,,0,1,10.1021/acsmedchemlett.0c00046,PROTAC-Pedia,,6.0,,MM1-S,ACH-000763,Lymphoid,mapped,1.0
CCCCN(Cc1ccc(C(=O)NO)cc1)C(=O)Nc1ccc(OCCCCCCCn2cc(CCCCC(=O)N[C@H](C(=O)N3C[C@H](O)C[C@H]3C(=O)NCc3ccc(-c4scnc4C)cc3)C(C)(C)C)nn2)cc1,True,917,,Q9UBN7,VHL,VHL,P40337,MM1S,MM1.S,,,0,,0,,0,1,10.1021/acsmedchemlett.0c00046,PROTAC-Pedia,,6.0,,MM1-S,ACH-000763,Lymphoid,mapped,1.0
CCCCN(Cc1ccc(C(=O)NO)cc1)C(=O)Nc1ccc(OCCCCCCCCn2cc(CCCCC(=O)N[C@H](C(=O)N3C[C@H](O)C[C@H]3C(=O)NCc3ccc(-c4scnc4C)cc3)C(C)(C)C)nn2)cc1,True,918,,Q9UBN7,VHL,VHL,P40337,MM1S,MM1.S,,,0,,0,,0,1,10.1021/acsmedchemlett.0c00046,PROTAC-Pedia,,6.0,,MM1-S,ACH-000763,Lymphoid,mapped,1.0
CCCCN(Cc1ccc(C(=O)NO)cc1)C(=O)Nc1ccc(OCCCCCCCCCn2cc(CCCCC(=O)N[C@H](C(=O)N3C[C@H](O)C[C@H]3C(=O)NCc3ccc(-c4scnc4C)cc3)C(C)(C)C)nn2)cc1,True,919,,Q9UBN7,VHL,VHL,P40337,MM1S,MM1.S,,,0,,0,,0,1,10.1021/acsmedchemlett.0c00046,PROTAC-Pedia,,6.0,,MM1-S,ACH-000763,Lymphoid,mapped,1.0
CCCCN(Cc1ccc(C(=O)NO)cc1)C(=O)Nc1ccc(OCCCCCCCCCCn2cc(CCCCC(=O)N[C@H](C(=O)N3C[C@H](O)C[C@H]3C(=O)NCc3ccc(-c4scnc4C)cc3)C(C)(C)C)nn2)cc1,True,920,,Q9UBN7,VHL,VHL,P40337,MM1S,MM1.S,,,0,,0,,0,1,10.1021/acsmedchemlett.0c00046,PROTAC-Pedia,,6.0,,MM1-S,ACH-000763,Lymphoid,mapped,1.0
CCCCN(Cc1ccc(C(=O)NO)cc1)C(=O)Nc1ccc(OCCCCCCCCCCCCn2cc(CCCCC(=O)N[C@H](C(=O)N3C[C@H](O)C[C@H]3C(=O)NCc3ccc(-c4scnc4C)cc3)C(C)(C)C)nn2)cc1,True,922,,Q9UBN7,VHL,VHL,P40337,MM1S,MM1.S,11.0,7.958607314841775,1,89.0,1,1.0,1,1,10.1021/acsmedchemlett.0c00046,PROTAC-Pedia,,6.0,,MM1-S,ACH-000763,Lymphoid,mapped,1.0
CCCCN(Cc1ccc(C(=O)NO)cc1)C(=O)Nc1ccc(OCCCn2cc(CCC(=O)N[C@H](C(=O)N3C[C@H](O)C[C@H]3C(=O)NCc3ccc(-c4scnc4C)cc3)C(C)(C)C)nn2)cc1,True,923,,Q9UBN7,VHL,VHL,P40337,MM1S,MM1.S,,,0,,0,,0,1,10.1021/acsmedchemlett.0c00046,PROTAC-Pedia,,6.0,,MM1-S,ACH-000763,Lymphoid,mapped,1.0
CCCCN(Cc1ccc(C(=O)NO)cc1)C(=O)Nc1ccc(OCCCn2cc(CCCC(=O)N[C@H](C(=O)N3C[C@H](O)C[C@H]3C(=O)NCc3ccc(-c4scnc4C)cc3)C(C)(C)C)nn2)cc1,True,924,,Q9UBN7,VHL,VHL,P40337,MM1S,MM1.S,,,0,,0,,0,1,10.1021/acsmedchemlett.0c00046,PROTAC-Pedia,,6.0,,MM1-S,ACH-000763,Lymphoid,mapped,1.0
CCCCN(Cc1ccc(C(=O)NO)cc1)C(=O)Nc1ccc(OCCOCCn2cc(CCCCC(=O)N[C@H](C(=O)N3C[C@H](O)C[C@H]3C(=O)NCc3ccc(-c4scnc4C)cc3)C(C)(C)C)nn2)cc1,True,925,,Q9UBN7,VHL,VHL,P40337,MM1S,MM1.S,,,0,,0,,0,1,10.1021/acsmedchemlett.0c00046,PROTAC-Pedia,,6.0,,MM1-S,ACH-000763,Lymphoid,mapped,1.0
CCCCN(Cc1ccc(C(=O)NO)cc1)C(=O)Nc1ccc(OCCOCCOCCn2cc(CCCCC(=O)N[C@H](C(=O)N3C[C@H](O)C[C@H]3C(=O)NCc3ccc(-c4scnc4C)cc3)C(C)(C)C)nn2)cc1,True,926,,Q9UBN7,VHL,VHL,P40337,MM1S,MM1.S,,,0,,0,,0,1,10.1021/acsmedchemlett.0c00046,PROTAC-Pedia,,6.0,,MM1-S,ACH-000763,Lymphoid,mapped,1.0
C=C(F)C(=O)N1CCN(c2nc(OC[C@@H]3CCCN3CCC(=O)NCCOCCOCCC(=O)N[C@H](C(=O)N3C[C@H](O)C[C@H]3C(=O)NCc3ccc(-c4scnc4C)cc3)C(C)(C)C)nc3c2CCN(c2cccc4cccc(Cl)c24)C3)C[C@@H]1CC#N,True,935,,P01116,VHL,VHL,P40337,NCI-H2030,NCI-H2030,,,0,30.0,1,0.0,1,1,10.1021/acscentsci.0c00411,PROTAC-Pedia,,72.0,,NCI-H2030,ACH-000521,Lung,mapped,1.0
C=C(F)C(=O)N1CCN(c2nc(OC[C@@H]3CCCN3CCC(=O)NCCC(=O)N[C@H](C(=O)N3C[C@H](O)C[C@H]3C(=O)NCc3ccc(-c4scnc4C)cc3)C(C)(C)C)nc3c2CCN(c2cccc4cccc(Cl)c24)C3)C[C@@H]1CC#N,True,937,,P01116,VHL,VHL,P40337,NCI-H2030,NCI-H2030,6400.0,5.1938200260161125,1,85.0,1,0.0,1,1,10.1021/acscentsci.0c00411,PROTAC-Pedia,,72.0,,NCI-H2030,ACH-000521,Lung,mapped,1.0
C=C(F)C(=O)N1CCN(c2nc(OC[C@@H]3CCCN3CCCCOCCC(=O)N[C@H](C(=O)N3C[C@H](O)C[C@H]3C(=O)NCc3ccc(-c4scnc4C)cc3)C(C)(C)C)nc3c2CCN(c2cccc4cccc(Cl)c24)C3)C[C@@H]1CC#N,True,938,,P01116,VHL,VHL,P40337,SW1573,SW1573,880.0,6.055517327849832,1,90.0,1,1.0,1,1,10.1021/acscentsci.0c00411,PROTAC-Pedia,,72.0,,SW 1573,ACH-000677,Lung,mapped,1.0
C=C(F)C(=O)N1CCN(c2nc(OC[C@@H]3CCCN3CCOCCOCCC(=O)N[C@H](C(=O)N3C[C@H](O)C[C@H]3C(=O)NCc3ccc(-c4scnc4C)cc3)C(C)(C)C)nc3c2CCN(c2cccc4cccc(Cl)c24)C3)C[C@@H]1CC#N,True,939,,P01116,VHL,VHL,P40337,SW1573,SW1573,10000.0,5.0,1,50.0,1,0.0,1,1,10.1021/acscentsci.0c00411,PROTAC-Pedia,,72.0,,SW 1573,ACH-000677,Lung,mapped,1.0
C=C(F)C(=O)N1CCN(c2nc(OC[C@@H]3CCCN3CCC(=O)NCCOCCC(=O)N[C@H](C(=O)N3C[C@H](O)C[C@H]3C(=O)NCc3ccc(-c4scnc4C)cc3)C(C)(C)C)nc3c2CCN(c2cccc4cccc(Cl)c24)C3)C[C@@H]1CC#N,True,940,,P01116,VHL,VHL,P40337,NCI-H2030,NCI-H2030,,,0,35.0,1,0.0,1,1,10.1021/acscentsci.0c00411,PROTAC-Pedia,,72.0,,NCI-H2030,ACH-000521,Lung,mapped,1.0
Cc1cc(Nc2ncc(Cl)c(Nc3ccccc3S(=O)(=O)C(C)C)n2)c(OC(C)C)cc1C1CCN(C(=O)CCCCCC(=O)N[C@@H](C(=O)N2C[C@H](O)C[C@@H]2C(=O)NCc2ccc(-c3scnc3C)cc2)C(C)(C)C)CC1,True,944,,Q9UM73,VHL,VHL,P40337,SU-DHL-1,SU-DHL-1,,,0,95.0,1,,0,1,10.1016/j.bbrc.2018.09.169,PROTAC-Pedia,,16.0,,SU-DHL-1,ACH-000664,Lymphoid,mapped,1.0
Cc1cc(Nc2ncc(Cl)c(Nc3ccccc3S(=O)(=O)C(C)C)n2)c(OC(C)C)cc1C1CCN(CCCCC(=O)N[C@@H](C(=O)N2C[C@H](O)C[C@@H]2C(=O)NCc2ccc(-c3scnc3C)cc2)C(C)(C)C)CC1,True,945,,Q9UM73,VHL,VHL,P40337,SU-DHL-1,SU-DHL-1,,,0,50.0,1,0.0,1,1,10.1016/j.bbrc.2018.09.169,PROTAC-Pedia,,16.0,,SU-DHL-1,ACH-000664,Lymphoid,mapped,1.0
Cc1cc(Nc2ncc(Cl)c(Nc3ccccc3S(=O)(=O)C(C)C)n2)c(OC(C)C)cc1C1CCN(CCOCC(=O)N[C@H](C(=O)N2C[C@H](O)C[C@H]2C(=O)NCc2ccc(-c3scnc3C)cc2)C(C)(C)C)CC1,True,946,,Q9UM73,VHL,VHL,P40337,SU-DHL-1,SU-DHL-1,,,0,,0,,0,1,10.1016/j.bbrc.2018.09.169,PROTAC-Pedia,,16.0,,SU-DHL-1,ACH-000664,Lymphoid,mapped,1.0
Cc1cc(Nc2ncc(Cl)c(Nc3ccccc3S(=O)(=O)C(C)C)n2)c(OC(C)C)cc1C1CCN(CCCOCC(=O)N[C@@H](C(=O)N2C[C@H](O)C[C@@H]2C(=O)NCc2ccc(-c3scnc3C)cc2)C(C)(C)C)CC1,True,947,,Q9UM73,VHL,VHL,P40337,SU-DHL-1,SU-DHL-1,,,0,50.0,1,0.0,1,1,10.1016/j.bbrc.2018.09.169,PROTAC-Pedia,,16.0,,SU-DHL-1,ACH-000664,Lymphoid,mapped,1.0
O=C1CCC(N2C(=O)c3cccc(NCCOCCn4cc(CCCCN(Cc5ccc(C(=O)NO)cc5)C(=O)Nc5ccccc5)nn4)c3C2=O)C(=O)N1,True,950,,Q9UBN7,CRBN,CRBN,Q96SW2,HeLa,HeLa,,,0,,0,,0,1,10.1007/s13238-018-0602-z,PROTAC-Pedia,,24.0,,HeLa,ACH-001086,Cervix,mapped,1.0
O=C1CCC(N2C(=O)c3cccc(NCCOCCOCCOCCn4cc(CCCCN(Cc5ccc(C(=O)NO)cc5)C(=O)Nc5ccccc5)nn4)c3C2=O)C(=O)N1,True,951,,Q9UBN7,CRBN,CRBN,Q96SW2,HeLa,HeLa,,,0,,0,,0,1,10.1007/s13238-018-0602-z,PROTAC-Pedia,,24.0,,HeLa,ACH-001086,Cervix,mapped,1.0
O=C1CCC(N2C(=O)c3cccc(NCCOCCOCCOCCOCCn4cc(CCCCN(Cc5ccc(C(=O)NO)cc5)C(=O)Nc5ccccc5)nn4)c3C2=O)C(=O)N1,True,952,,Q9UBN7,CRBN,CRBN,Q96SW2,HeLa,HeLa,,,0,,0,,0,1,10.1007/s13238-018-0602-z,PROTAC-Pedia,,24.0,,HeLa,ACH-001086,Cervix,mapped,1.0
CC(=O)c1c(C)c2cnc(Nc3ccc(N4CCN(CC(=O)NCCOCCNc5cccc6c5C(=O)N(C5CCC(=O)NC5=O)C6=O)CC4)cn3)nc2n(C2CCCC2)c1=O,True,953,,P11802,CRBN,CRBN,Q96SW2,Jurkat,Jurkat,,,0,,0,,0,1,10.1002/anie.201901336,PROTAC-Pedia,,4.0,,JURKAT,ACH-000995,Lymphoid,mapped,1.0
CC(=O)c1c(C)c2cnc(Nc3ccc(N4CCN(CC(=O)NCCOCCOCCNc5cccc6c5C(=O)N(C5CCC(=O)NC5=O)C6=O)CC4)cn3)nc2n(C2CCCC2)c1=O,True,954,,P11802,CRBN,CRBN,Q96SW2,Jurkat,Jurkat,,,0,,0,,0,1,10.1002/anie.201901336,PROTAC-Pedia,,4.0,,JURKAT,ACH-000995,Lymphoid,mapped,1.0
CC(=O)c1c(C)c2cnc(Nc3ccc(N4CCN(CC(=O)NCCCCCCNc5cccc6c5C(=O)N(C5CCC(=O)NC5=O)C6=O)CC4)cn3)nc2n(C2CCCC2)c1=O,True,955,,P11802,CRBN,CRBN,Q96SW2,Jurkat,Jurkat,,,0,,0,,0,1,10.1002/anie.201901336,PROTAC-Pedia,,4.0,"IC50: 77nM/27.6nM for CDK4/CDK6, respectively.",JURKAT,ACH-000995,Lymphoid,mapped,1.0
CC(=O)c1c(C)c2cnc(Nc3ccc(N4CCN(CC(=O)NCCOCCOCCOCCNc5cccc6c5C(=O)N(C5CCC(=O)NC5=O)C6=O)CC4)cn3)nc2n(C2CCCC2)c1=O,True,956,,Q00534,CRBN,CRBN,Q96SW2,Jurkat,Jurkat,,,0,,0,,0,1,10.1002/anie.201901336,PROTAC-Pedia,,4.0,"IC50: 137nM/39nM for CDK4/CDK6, respectively; Show selective degradation of CDK6 (therefore active for CDK6 and inactive for CDK4).",JURKAT,ACH-000995,Lymphoid,mapped,1.0
CC(=O)c1c(C)c2cnc(Nc3ccc(N4CCN(CC(=O)NCCOCCOCCOCCOCCOCCNc5cccc6c5C(=O)N(C5CCC(=O)NC5=O)C6=O)CC4)cn3)nc2n(C2CCCC2)c1=O,True,957,,P11802,CRBN,CRBN,Q96SW2,Jurkat,Jurkat,,,0,,0,,0,1,10.1002/anie.201901336,PROTAC-Pedia,,4.0,,JURKAT,ACH-000995,Lymphoid,mapped,1.0
CC(=O)c1c(C)c2cnc(Nc3ccc(N4CCN(CCOCCOCCOCCNC(=O)COc5cccc6c5C(=O)N(C5CCC(=O)NC5=O)C6=O)CC4)cn3)nc2n(C2CCCC2)c1=O,True,958,,Q00534,CRBN,CRBN,Q96SW2,Jurkat,Jurkat,,,0,,0,,0,1,10.1002/anie.201901336,PROTAC-Pedia,,4.0,"IC50: 106nM/37.7nM for CDK4/CDK6, respectively. Show selectivity on CDK6 (therefore inactive for CDK4 and active for CDK6).",JURKAT,ACH-000995,Lymphoid,mapped,1.0
CC(=O)c1c(C)c2cnc(Nc3ccc(N4CCN(CCCCCCCCNC(=O)COc5cccc6c5C(=O)N(C5CCC(=O)NC5=O)C6=O)CC4)cn3)nc2n(C2CCCC2)c1=O,True,959,,P11802,CRBN,CRBN,Q96SW2,Jurkat,Jurkat,,,0,,0,,0,1,10.1002/anie.201901336,PROTAC-Pedia,,4.0,,JURKAT,ACH-000995,Lymphoid,mapped,1.0
CC(=O)c1c(C)c2cnc(Nc3ccc(N4CCN(CCCNC(=O)COc5cccc6c5C(=O)N(C5CCC(=O)NC5=O)C6=O)CC4)cn3)nc2n(C2CCCC2)c1=O,True,961,,P11802,CRBN,CRBN,Q96SW2,Jurkat,Jurkat,,,0,,0,,0,1,10.1002/anie.201901336,PROTAC-Pedia,,4.0,,JURKAT,ACH-000995,Lymphoid,mapped,1.0
CC(=O)c1c(C)c2cnc(Nc3ccc(N4CCN(CCNC(=O)COc5cccc6c5C(=O)N(C5CCC(=O)NC5=O)C6=O)CC4)cn3)nc2n(C2CCCC2)c1=O,True,962,,P11802,CRBN,CRBN,Q96SW2,Jurkat,Jurkat,,,0,,0,,0,1,10.1002/anie.201901336,PROTAC-Pedia,,4.0,"IC50: 69.6nM/34.6nM for CDK4/CDK6, respectively.",JURKAT,ACH-000995,Lymphoid,mapped,1.0
CC(=O)c1c(C)c2cnc(Nc3ccc(N4CCN(c5cccc6c5C(=O)N(C5CCC(=O)NC5=O)C6=O)CC4)cn3)nc2n(C2CCCC2)c1=O,True,963,,P11802,CRBN,CRBN,Q96SW2,Jurkat,Jurkat,,,0,,0,,0,1,10.1002/anie.201901336,PROTAC-Pedia,,4.0,IC50: 130nM/45.1nM for CDK4/CDK6 respectively.,JURKAT,ACH-000995,Lymphoid,mapped,1.0
CN(C)C(=O)c1cc2cnc(Nc3ccc(N4CCN(CCOCCOCCNc5cccc6c5C(=O)N(C5CCC(=O)NC5=O)C6=O)CC4)cn3)nc2n1C1CCCC1,True,964,,P11802,CRBN,CRBN,Q96SW2,Jurkat,Jurkat,,,0,,0,,0,1,10.1002/anie.201901336,PROTAC-Pedia,,4.0,"IC50: 175nM/142nM for CDK4/CDK6, respectively.",JURKAT,ACH-000995,Lymphoid,mapped,1.0
CN(C)C(=O)c1cc2cnc(Nc3ccc(N4CCN(CCCCNc5cccc6c5C(=O)N(C5CCC(=O)NC5=O)C6=O)CC4)cn3)nc2n1C1CCCC1,True,965,,P11802,CRBN,CRBN,Q96SW2,Jurkat,Jurkat,,,0,,0,,0,1,10.1002/anie.201901336,PROTAC-Pedia,,4.0,"IC50: 79.7nM/65.5nM for CDK4/CDK6, respectively.",JURKAT,ACH-000995,Lymphoid,mapped,1.0
CN(C)C(=O)c1cc2cnc(Nc3ccc(N4CCN(CCCCNC(=O)CNc5cccc6c5C(=O)N(C5CCC(=O)NC5=O)C6=O)CC4)cn3)nc2n1C1CCCC1,True,966,,P11802,CRBN,CRBN,Q96SW2,Jurkat,Jurkat,,,0,,0,,0,1,10.1002/anie.201901336,PROTAC-Pedia,,4.0,"IC50: 70.8nM/52.2nM for CDK4/CDK6, respectively; Show selective degradation of CDK4 (therefore active for CDK4 and inactive for CDK6).",JURKAT,ACH-000995,Lymphoid,mapped,1.0
Cc1nc2c(F)cc(-c3nc(Nc4ccc(CN5CCN(CCCCNc6cccc7c6C(=O)N(C6CCC(=O)NC6=O)C7=O)CC5)cn4)ncc3F)cc2n1C(C)C,True,967,,Q00534,CRBN,CRBN,Q96SW2,Jurkat,Jurkat,,,0,,0,,0,1,10.1002/anie.201901336,PROTAC-Pedia,,4.0,"IC50: 8.26nM/13.1nM for CDK4/CDK6, respectively.",JURKAT,ACH-000995,Lymphoid,mapped,1.0
Cc1nc2c(F)cc(-c3nc(Nc4ccc(CN5CCN(CCCCNC(=O)CNc6cccc7c6C(=O)N(C6CCC(=O)NC6=O)C7=O)CC5)cn4)ncc3F)cc2n1C(C)C,True,968,,Q00534,CRBN,CRBN,Q96SW2,Jurkat,Jurkat,,,0,,0,,0,1,10.1002/anie.201901336,PROTAC-Pedia,,4.0,"IC50: 8.61nM/12.5nM for CDK4/CDK6, respectively.",JURKAT,ACH-000995,Lymphoid,mapped,1.0
CN(c1nccnc1CNc1nc(Nc2ccc(C(=O)NCc3cn(CCOCCNc4cccc5c4C(=O)N(C4CCC(=O)NC4=O)C5=O)nn3)cc2)ncc1C(F)(F)F)S(C)(=O)=O,True,971,,Q05397,CRBN,CRBN,Q96SW2,PA1,PA1,,,0,70.0,1,,0,1,10.1021/acsmedchemlett.9b00372,PROTAC-Pedia,,8.0,,PA-1 [PA1],ACH-001374,Ovary/Fallopian Tube,mapped,1.0
CN(c1nccnc1CNc1nc(Nc2ccc(C(=O)NCc3cn(CCOCCOCCNc4cccc5c4C(=O)N(C4CCC(=O)NC4=O)C5=O)nn3)cc2)ncc1C(F)(F)F)S(C)(=O)=O,True,972,,Q05397,CRBN,CRBN,Q96SW2,PA1,PA1,,,0,60.0,1,,0,1,10.1021/acsmedchemlett.9b00372,PROTAC-Pedia,,8.0,,PA-1 [PA1],ACH-001374,Ovary/Fallopian Tube,mapped,1.0
CN(c1nccnc1CNc1nc(Nc2ccc(C(=O)NCc3cn(CCOCCOCCOCCNc4cccc5c4C(=O)N(C4CCC(=O)NC4=O)C5=O)nn3)cc2)ncc1C(F)(F)F)S(C)(=O)=O,True,973,,Q05397,CRBN,CRBN,Q96SW2,PA1,PA1,,,0,,0,,0,1,10.1021/acsmedchemlett.9b00372,PROTAC-Pedia,,8.0,,PA-1 [PA1],ACH-001374,Ovary/Fallopian Tube,mapped,1.0
CN(c1nccnc1CNc1nc(Nc2ccc(NC(=O)c3cn(CCOCCNc4cccc5c4C(=O)N(C4CCC(=O)NC4=O)C5=O)nn3)cc2)ncc1C(F)(F)F)S(C)(=O)=O,True,974,,Q05397,CRBN,CRBN,Q96SW2,PA1,PA1,,,0,90.0,1,,0,1,10.1021/acsmedchemlett.9b00372,PROTAC-Pedia,,8.0,,PA-1 [PA1],ACH-001374,Ovary/Fallopian Tube,mapped,1.0
CN(c1nccnc1CNc1nc(Nc2ccc(NC(=O)c3cn(CCOCCOCCNc4cccc5c4C(=O)N(C4CCC(=O)NC4=O)C5=O)nn3)cc2)ncc1C(F)(F)F)S(C)(=O)=O,True,975,,Q05397,CRBN,CRBN,Q96SW2,PA1,PA1,,,0,95.0,1,,0,1,10.1021/acsmedchemlett.9b00372,PROTAC-Pedia,,8.0,,PA-1 [PA1],ACH-001374,Ovary/Fallopian Tube,mapped,1.0
CN(c1nccnc1CNc1nc(Nc2ccc(NC(=O)c3cn(CCOCCOCCOCCNc4cccc5c4C(=O)N(C4CCC(=O)NC4=O)C5=O)nn3)cc2)ncc1C(F)(F)F)S(C)(=O)=O,True,976,,Q05397,CRBN,CRBN,Q96SW2,PA1,PA1,,,0,90.0,1,,0,1,10.1021/acsmedchemlett.9b00372,PROTAC-Pedia,,8.0,,PA-1 [PA1],ACH-001374,Ovary/Fallopian Tube,mapped,1.0
CN(c1ncccc1CNc1nc(Nc2ccc(C(=O)NCc3cn(CCOCCNc4cccc5c4C(=O)N(C4CCC(=O)NC4=O)C5=O)nn3)cc2)ncc1C(F)(F)F)S(C)(=O)=O,True,977,,Q05397,CRBN,CRBN,Q96SW2,PA1,PA1,,,0,80.0,1,,0,1,10.1021/acsmedchemlett.9b00372,PROTAC-Pedia,,8.0,,PA-1 [PA1],ACH-001374,Ovary/Fallopian Tube,mapped,1.0
CN(c1ncccc1CNc1nc(Nc2ccc(C(=O)NCc3cn(CCOCCOCCNc4cccc5c4C(=O)N(C4CCC(=O)NC4=O)C5=O)nn3)cc2)ncc1C(F)(F)F)S(C)(=O)=O,True,978,,Q05397,CRBN,CRBN,Q96SW2,PA1,PA1,,,0,65.0,1,,0,1,10.1021/acsmedchemlett.9b00372,PROTAC-Pedia,,8.0,,PA-1 [PA1],ACH-001374,Ovary/Fallopian Tube,mapped,1.0
CN(c1ncccc1CNc1nc(Nc2ccc(C(=O)NCc3cn(CCOCCOCCOCCNc4cccc5c4C(=O)N(C4CCC(=O)NC4=O)C5=O)nn3)cc2)ncc1C(F)(F)F)S(C)(=O)=O,True,979,,Q05397,CRBN,CRBN,Q96SW2,PA1,PA1,,,0,,0,,0,1,10.1021/acsmedchemlett.9b00372,PROTAC-Pedia,,8.0,,PA-1 [PA1],ACH-001374,Ovary/Fallopian Tube,mapped,1.0
CN(c1ncccc1CNc1nc(Nc2ccc(NC(=O)c3cn(CCOCCNc4cccc5c4C(=O)N(C4CCC(=O)NC4=O)C5=O)nn3)cc2)ncc1C(F)(F)F)S(C)(=O)=O,True,980,,Q05397,CRBN,CRBN,Q96SW2,PA1,PA1,,,0,90.0,1,,0,1,10.1021/acsmedchemlett.9b00372,PROTAC-Pedia,,8.0,,PA-1 [PA1],ACH-001374,Ovary/Fallopian Tube,mapped,1.0
CN(c1ncccc1CNc1nc(Nc2ccc(NC(=O)c3cn(CCOCCOCCOCCNc4cccc5c4C(=O)N(C4CCC(=O)NC4=O)C5=O)nn3)cc2)ncc1C(F)(F)F)S(C)(=O)=O,True,981,,Q05397,CRBN,CRBN,Q96SW2,PA1,PA1,,,0,94.0,1,,0,1,10.1021/acsmedchemlett.9b00372,PROTAC-Pedia,,8.0,,PA-1 [PA1],ACH-001374,Ovary/Fallopian Tube,mapped,1.0
CN(c1ncccc1CNc1nc(Nc2ccc(NC(=O)c3cn(CCOCCOCCOCCOCCNc4cccc5c4C(=O)N(C4CCC(=O)NC4=O)C5=O)nn3)cc2)ncc1C(F)(F)F)S(C)(=O)=O,True,982,,Q05397,CRBN,CRBN,Q96SW2,PA1,PA1,,,0,80.0,1,,0,1,10.1021/acsmedchemlett.9b00372,PROTAC-Pedia,,8.0,,PA-1 [PA1],ACH-001374,Ovary/Fallopian Tube,mapped,1.0
CN(c1ncccc1CNc1nc(Nc2ccc(NC(=O)c3cn(CCCCCCCCNc4cccc5c4C(=O)N(C4CCC(=O)NC4=O)C5=O)nn3)cc2)ncc1C(F)(F)F)S(C)(=O)=O,True,983,,Q05397,CRBN,CRBN,Q96SW2,PA1,PA1,,,0,90.0,1,,0,1,10.1021/acsmedchemlett.9b00372,PROTAC-Pedia,,8.0,,PA-1 [PA1],ACH-001374,Ovary/Fallopian Tube,mapped,1.0
CN(c1ncccc1CNc1nc(Nc2ccc(NC(=O)c3cn(CCOCCOCC#Cc4cccc5c4C(=O)N(C4CCC(=O)NC4=O)C5=O)nn3)cc2)ncc1C(F)(F)F)S(C)(=O)=O,True,984,,Q05397,CRBN,CRBN,Q96SW2,PA1,PA1,,,0,90.0,1,,0,1,10.1021/acsmedchemlett.9b00372,PROTAC-Pedia,,8.0,,PA-1 [PA1],ACH-001374,Ovary/Fallopian Tube,mapped,1.0
CN(c1ncccc1CNc1nc(Nc2ccc(NC(=O)c3cn(CCCCCOCC#Cc4cccc5c4C(=O)N(C4CCC(=O)NC4=O)C5=O)nn3)cc2)ncc1C(F)(F)F)S(C)(=O)=O,True,985,,Q05397,CRBN,CRBN,Q96SW2,PA1,PA1,,,0,90.0,1,,0,1,10.1021/acsmedchemlett.9b00372,PROTAC-Pedia,,8.0,,PA-1 [PA1],ACH-001374,Ovary/Fallopian Tube,mapped,1.0
CN(c1ncccc1CNc1nc(Nc2ccc(NC(=O)c3cn(CCCCCCCC#Cc4cccc5c4C(=O)N(C4CCC(=O)NC4=O)C5=O)nn3)cc2)ncc1C(F)(F)F)S(C)(=O)=O,True,986,,Q05397,CRBN,CRBN,Q96SW2,PA1,PA1,,,0,90.0,1,,0,1,10.1021/acsmedchemlett.9b00372,PROTAC-Pedia,,8.0,,PA-1 [PA1],ACH-001374,Ovary/Fallopian Tube,mapped,1.0
CN(c1ncccc1CNc1nc(Nc2ccc(NC(=O)c3cn(CCOCCOCCCc4cccc5c4C(=O)N(C4CCC(=O)NC4=O)C5=O)nn3)cc2)ncc1C(F)(F)F)S(C)(=O)=O,True,987,,Q05397,CRBN,CRBN,Q96SW2,PA1,PA1,,,0,95.0,1,,0,1,10.1021/acsmedchemlett.9b00372,PROTAC-Pedia,,8.0,,PA-1 [PA1],ACH-001374,Ovary/Fallopian Tube,mapped,1.0
CN(c1ncccc1CNc1nc(Nc2ccc(NC(=O)c3cn(CCCCCOCCCc4cccc5c4C(=O)N(C4CCC(=O)NC4=O)C5=O)nn3)cc2)ncc1C(F)(F)F)S(C)(=O)=O,True,988,,Q05397,CRBN,CRBN,Q96SW2,PA1,PA1,,,0,90.0,1,,0,1,10.1021/acsmedchemlett.9b00372,PROTAC-Pedia,,8.0,,PA-1 [PA1],ACH-001374,Ovary/Fallopian Tube,mapped,1.0
CN(c1ncccc1CNc1nc(Nc2ccc(NC(=O)c3cn(CCCCCCCCCc4cccc5c4C(=O)N(C4CCC(=O)NC4=O)C5=O)nn3)cc2)ncc1C(F)(F)F)S(C)(=O)=O,True,989,,Q05397,CRBN,CRBN,Q96SW2,PA1,PA1,,,0,85.0,1,,0,1,10.1021/acsmedchemlett.9b00372,PROTAC-Pedia,,8.0,,PA-1 [PA1],ACH-001374,Ovary/Fallopian Tube,mapped,1.0
CN(c1ncccc1CNc1ncc(C(F)(F)F)c(Nc2ccc(NC(=O)c3cn(CCOCCNc4cccc5c4C(=O)N(C4CCC(=O)NC4=O)C5=O)nn3)cc2)n1)S(C)(=O)=O,True,990,,Q05397,CRBN,CRBN,Q96SW2,PA1,PA1,,,0,,0,,0,1,10.1021/acsmedchemlett.9b00372,PROTAC-Pedia,,8.0,,PA-1 [PA1],ACH-001374,Ovary/Fallopian Tube,mapped,1.0
CN(c1ncccc1CNc1ncc(C(F)(F)F)c(Nc2ccc(NC(=O)c3cn(CCOCCOCCNc4cccc5c4C(=O)N(C4CCC(=O)NC4=O)C5=O)nn3)cc2)n1)S(C)(=O)=O,True,991,,Q05397,CRBN,CRBN,Q96SW2,PA1,PA1,,,0,,0,,0,1,10.1021/acsmedchemlett.9b00372,PROTAC-Pedia,,8.0,,PA-1 [PA1],ACH-001374,Ovary/Fallopian Tube,mapped,1.0
CN(c1ncccc1CNc1ncc(C(F)(F)F)c(Nc2ccc(NC(=O)c3cn(CCOCCOCCOCCNc4cccc5c4C(=O)N(C4CCC(=O)NC4=O)C5=O)nn3)cc2)n1)S(C)(=O)=O,True,992,,Q05397,CRBN,CRBN,Q96SW2,PA1,PA1,,,0,,0,,0,1,10.1021/acsmedchemlett.9b00372,PROTAC-Pedia,,8.0,,PA-1 [PA1],ACH-001374,Ovary/Fallopian Tube,mapped,1.0
CN(C)C(=O)c1cc2cnc(Nc3ccc(N4CCN(CCCCNC(=O)COc5cccc6c5C(=O)N(C5CCC(=O)NC5=O)C6=O)CC4)cn3)nc2n1C1CCCC1,True,1012,,P11802,CRBN,CRBN,Q96SW2,Jurkat,Jurkat,,,0,,0,,0,1,10.1002/anie.201901336,PROTAC-Pedia,,4.0,"IC50: 50.6nM/30nM for CDK4/CDK6, respectively; Show selective degradation of CDK4 (therefore active for CDK4 and inactive for CDK6).",JURKAT,ACH-000995,Lymphoid,mapped,1.0
CC1=C(/C=C/C(C)=C/C=C/C(C)=C/C(=O)O)C(C)(C)CC/C1=N\OCC(=O)NCCOCCOCCNC(=O)[C@H](CC(C)C)NC(=O)CCCc1ccccc1,True,1015,,P29373,IAP,"BIRC2,BIRC3",Q7Z460,HT1080,HT1080 EGFP,,,0,,0,,0,1,10.1016/j.bmc.2011.03.057,PROTAC-Pedia,,6.0,,HT-1080,ACH-000054,Soft Tissue,mapped,1.0
CC(C)C[C@H](NC(=O)[C@@H](O)[C@H](N)Cc1ccccc1)C(=O)NCCOCCOCCOCC(=O)NCCCOc1cc(/C=C/C(=O)c2cc(C(C)(C)C)cc(C(C)(C)C)c2)ccc1C(=O)O,True,1016,,P10276,IAP,"BIRC2,BIRC3",Q7Z460,HT1080,HT1080 EGFP,10000.0,5.0,1,90.0,1,0.0,1,1,10.1016/j.bmc.2011.09.041,PROTAC-Pedia,,24.0,The PDB ligand ID is for Am80,HT-1080,ACH-000054,Soft Tissue,mapped,1.0
CC(C)C[C@H](NC(=O)[C@@H](O)[C@H](N)Cc1ccccc1)C(=O)NCCOCCOCCNC(=O)CO/N=C1\CC[C@H]2[C@@H]3CCc4cc(O)ccc4[C@H]3CC[C@]12C,True,1017,,P03372,IAP,"BIRC2,BIRC3",Q7Z460,MCF-7,MCF-7,,,0,,0,,0,1,10.1016/j.bmc.2011.09.041,PROTAC-Pedia,,24.0,,MCF7,ACH-000019,Breast,mapped,1.0
CC(C)C[C@H](NC(=O)[C@@H](O)[C@H](N)Cc1ccccc1)C(=O)NCCOCCOCCOCC(=O)O[C@H]1CC[C@H]2[C@@H]3CC[C@H]4CC(=O)CC[C@]4(C)[C@H]3CC[C@]12C,True,1018,,P10275,IAP,"BIRC2,BIRC3",Q7Z460,MCF-7,MCF-7,,,0,,0,,0,1,10.1016/j.bmc.2011.09.041,PROTAC-Pedia,,24.0,,MCF7,ACH-000019,Breast,mapped,1.0
CC/C(=C(\c1ccc(O)cc1)c1ccc(OCCN(C)C(=O)CCNC(=O)CCNC(=O)[C@H](CC(C)C)NC(=O)[C@@H](O)[C@H](N)Cc2ccccc2)cc1)c1ccccc1,True,1019,,P03372,IAP,"BIRC2,BIRC3",P98170,MCF-7,MCF-7,,,0,,0,,0,1,10.1016/j.bmcl.2011.11.086,PROTAC-Pedia,,6.0,,MCF7,ACH-000019,Breast,mapped,1.0
CC/C(=C(\c1ccc(O)cc1)c1ccc(OCCN(C)C(=O)CCCCNC(=O)CCNC(=O)[C@H](CC(C)C)NC(=O)[C@@H](O)[C@H](N)Cc2ccccc2)cc1)c1ccccc1,True,1020,,P03372,IAP,"BIRC2,BIRC3",P98170,MCF-7,MCF-7,,,0,,0,,0,1,10.1016/j.bmcl.2011.11.086,PROTAC-Pedia,,6.0,,MCF7,ACH-000019,Breast,mapped,1.0
CC/C(=C(\c1ccc(O)cc1)c1ccc(OCCN(C)C(=O)CCCCCCNC(=O)CCNC(=O)[C@H](CC(C)C)NC(=O)[C@@H](O)[C@H](N)Cc2ccccc2)cc1)c1ccccc1,True,1021,,P03372,IAP,"BIRC2,BIRC3",P98170,MCF-7,MCF-7,,,0,,0,,0,1,10.1016/j.bmcl.2011.11.086,PROTAC-Pedia,,6.0,,MCF7,ACH-000019,Breast,mapped,1.0
Cc1ccc(NC(=O)c2ccc(CNC(=O)CCCCCCNC(=O)[C@@H](CC(C)C)NC(=O)[C@H](O)[C@@H](N)Cc3ccccc3)cc2)cc1Nc1nccc(-c2cccnc2)n1,True,1023,,P00519,IAP,"BIRC2,BIRC3",P98170,K562,EGFP-K562,,,0,,0,,0,1,10.1016/j.bmcl.2016.09.041,PROTAC-Pedia,,24.0,BCR-ABL degredation,K-562,ACH-000551,Myeloid,mapped,1.0
Cc1ccc(NC(=O)c2ccc(CNC(=O)CCCCCCCNC(=O)[C@@H](CC(C)C)NC(=O)[C@H](O)[C@@H](N)Cc3ccccc3)cc2)cc1Nc1nccc(-c2cccnc2)n1,True,1024,,P00519,IAP,"BIRC2,BIRC3",P98170,K562,EGFP-K562,30000.0,4.522878745280337,1,,0,0.0,1,1,10.1016/j.bmcl.2016.09.041,PROTAC-Pedia,,24.0,BCR-ABL degredation,K-562,ACH-000551,Myeloid,mapped,1.0
Cc1ccc(NC(=O)c2ccc(CNC(=O)CCCCCCCCNC(=O)[C@@H](CC(C)C)NC(=O)[C@H](O)[C@@H](N)Cc3ccccc3)cc2)cc1Nc1nccc(-c2cccnc2)n1,True,1025,,P00519,IAP,"BIRC2,BIRC3",P98170,K562,EGFP-K562,30000.0,4.522878745280337,1,,0,0.0,1,1,10.1016/j.bmcl.2016.09.041,PROTAC-Pedia,,24.0,BCR-ABL degredation,K-562,ACH-000551,Myeloid,mapped,1.0
COc1cc2c(Oc3ccc(NC(=O)C4(C(=O)Nc5ccc(F)cc5)CC4)cc3F)ccnc2cc1OCCCOCCCOCCC(=O)N[C@H](C(=O)N1C[C@H](O)C[C@H]1C(=O)NCc1ccc(-c2scnc2C)cc1)C(C)(C)C,True,1031,,Q16539,VHL,VHL,P40337,MDA-MB-231,MDA-MB-231,210.0,6.6777807052660805,1,91.0,1,1.0,1,1,10.1016/j.chembiol.2017.09.010,PROTAC-Pedia,,24.0,,MDA-MB-231,ACH-000768,Breast,mapped,1.0
COc1cc2c(Oc3ccc(NC(=O)C4(C(=O)Nc5ccc(F)cc5)CC4)cc3F)ccnc2cc1OCCCOCCCOCCC(=O)NCCOc1cccc2c1C(=O)N(C1CCC(=O)NC1=O)C2=O,True,1032,,O15264,CRBN,CRBN,Q96SW2,MDA-MB-231,MDA-MB-231,27.0,7.568636235841013,1,91.0,1,1.0,1,1,10.1016/j.chembiol.2017.09.010,PROTAC-Pedia,,24.0,,MDA-MB-231,ACH-000768,Breast,mapped,1.0
O=C1CCC(N2C(=O)c3cccc(NC(=O)CCCCCN4CCN(c5nc(N6CCOCC6)nc(-n6c(C(F)F)nc7ccccc76)n5)CC4)c3C2=O)C(=O)N1,True,1033,,P42336,CRBN,CRBN,Q96SW2,,,,,0,,0,,0,1,10.1016/j.ejmech.2018.03.066,PROTAC-Pedia,,,Compound A was not subjected to any cell experiment,,,,,
O=C(CCC(=O)N1CCN(c2nc(N3CCOCC3)nc(-n3c(C(F)F)nc4ccccc43)n2)CC1)NCCCC(=O)Nc1cccc2c1C(=O)N(C1CCC(=O)NC1=O)C2=O,True,1034,,P42336,CRBN,CRBN,Q96SW2,HepG2,HepG2 hALR,10000.0,5.0,1,,0,0.0,1,1,10.1016/j.ejmech.2018.03.066,PROTAC-Pedia,,24.0,,Hep G2,ACH-000739,Liver,mapped,1.0
O=C(CCC(=O)NCCCC(=O)Nc1cccc2c1C(=O)N(C1CCC(=O)NC1=O)C2=O)NCCCCCC(=O)N1CCN(c2nc(N3CCOCC3)nc(-n3c(C(F)F)nc4ccccc43)n2)CC1,True,1035,,P42336,CRBN,CRBN,Q96SW2,HepG2,HepG2 hALR,,,0,,0,,0,1,10.1016/j.ejmech.2018.03.066,PROTAC-Pedia,,6.0,,Hep G2,ACH-000739,Liver,mapped,1.0
O=C(CCC(=O)N1CCN(c2nc(N3CCOCC3)nc(-n3c(C(F)F)nc4ccccc43)n2)CC1)NCCCCCC(=O)Nc1cccc2c1C(=O)N(C1CCC(=O)NC1=O)C2=O,True,1036,,P42336,CRBN,CRBN,Q96SW2,HepG2,HepG2 hALR,10000.0,5.0,1,,0,0.0,1,1,10.1016/j.ejmech.2018.03.066,PROTAC-Pedia,,24.0,,Hep G2,ACH-000739,Liver,mapped,1.0
O=C1CCC(N2C(=O)c3cccc(NC(=O)CCCn4cc(CN5CCN(c6nc(N7CCOCC7)nc(-n7c(C(F)F)nc8ccccc87)n6)CC5)nn4)c3C2=O)C(=O)N1,True,1037,,P42336,CRBN,CRBN,Q96SW2,HepG2,HepG2 hALR,10000.0,5.0,1,,0,0.0,1,1,10.1016/j.ejmech.2018.03.066,PROTAC-Pedia,,24.0,,Hep G2,ACH-000739,Liver,mapped,1.0
O=C1CCC(N2C(=O)c3cccc(NC(=O)CCCCCn4cc(CN5CCN(c6nc(N7CCOCC7)nc(-n7c(C(F)F)nc8ccccc87)n6)CC5)nn4)c3C2=O)C(=O)N1,True,1038,,P42336,CRBN,CRBN,Q96SW2,HepG2,HepG2 hALR,10000.0,5.0,1,,0,0.0,1,1,10.1016/j.ejmech.2018.03.066,PROTAC-Pedia,,24.0,,Hep G2,ACH-000739,Liver,mapped,1.0
CCOc1cc(C(C)(C)C)ccc1C1=NC(c2ccc(Cl)cc2)C(c2ccc(Cl)cc2)N1C(=O)N1CCN(CC#Cc2cccc3c2CN(C2CCC(=O)NC2=O)C3=O)CC1,True,1059,,Q00987,CRBN,CRBN,Q96SW2,RS4;11,RS4;11,100.0,7.0,1,,0,,0,1,10.1016/j.ejmech.2019.05.046,PROTAC-Pedia,,6.0,,RS4;11,ACH-000874,Lymphoid,mapped,1.0
CCOc1cc(C(C)(C)C)ccc1C1=NC(c2ccc(Cl)cc2)C(c2ccc(Cl)cc2)N1C(=O)N1CCN(CCC#Cc2cccc3c2CN(C2CCC(=O)NC2=O)C3=O)CC1,True,1060,,Q00987,CRBN,CRBN,Q96SW2,RS4;11,RS4;11,,,0,,0,,0,1,10.1016/j.ejmech.2019.05.046,PROTAC-Pedia,,6.0,,RS4;11,ACH-000874,Lymphoid,mapped,1.0
CCOc1cc(C(C)(C)C)ccc1C1=NC(c2ccc(Cl)cc2)C(c2ccc(Cl)cc2)N1C(=O)N1CCN(CCCC#Cc2cccc3c2CN(C2CCC(=O)NC2=O)C3=O)CC1,True,1061,,Q00987,CRBN,CRBN,Q96SW2,RS4;11,RS4;11,,,0,,0,,0,1,10.1016/j.ejmech.2019.05.046,PROTAC-Pedia,,6.0,,RS4;11,ACH-000874,Lymphoid,mapped,1.0
CCOc1cc(C(C)(C)C)ccc1C1=NC(c2ccc(Cl)cc2)C(c2ccc(Cl)cc2)N1C(=O)N1CCN(C(=O)CNC(=O)CCC#Cc2cccc3c2CN(C2CCC(=O)NC2=O)C3=O)CC1,True,1062,,Q00987,CRBN,CRBN,Q96SW2,RS4;11,RS4;11,,,0,,0,,0,1,10.1016/j.ejmech.2019.05.046,PROTAC-Pedia,,6.0,,RS4;11,ACH-000874,Lymphoid,mapped,1.0
CCOc1cc(C(C)(C)C)ccc1C1=NC(c2ccc(Cl)cc2)C(c2ccc(Cl)cc2)N1C(=O)N1CCN(C(=O)CNC(=O)CCCC#Cc2cccc3c2CN(C2CCC(=O)NC2=O)C3=O)CC1,True,1063,,Q00987,CRBN,CRBN,Q96SW2,RS4;11,RS4;11,,,0,,0,,0,1,10.1016/j.ejmech.2019.05.046,PROTAC-Pedia,,6.0,,RS4;11,ACH-000874,Lymphoid,mapped,1.0
CCOc1cc(C(C)(C)C)ccc1C1=NC(c2ccc(Cl)cc2)C(c2ccc(Cl)cc2)N1C(=O)N1CCN(C(=O)CNC(=O)CCCCC#Cc2cccc3c2CN(C2CCC(=O)NC2=O)C3=O)CC1,True,1064,,Q00987,CRBN,CRBN,Q96SW2,RS4;11,RS4;11,,,0,,0,,0,1,10.1016/j.ejmech.2019.05.046,PROTAC-Pedia,,6.0,,RS4;11,ACH-000874,Lymphoid,mapped,1.0
CCOc1cc(C(C)(C)C)ccc1C1=NC(c2ccc(Cl)cc2)C(c2ccc(Cl)cc2)N1C(=O)N1CCN(C(=O)CCC#Cc2cccc3c2CN(C2CCC(=O)NC2=O)C3=O)CC1,True,1065,,Q00987,CRBN,CRBN,Q96SW2,RS4;11,RS4;11,,,0,,0,,0,1,10.1016/j.ejmech.2019.05.046,PROTAC-Pedia,,6.0,,RS4;11,ACH-000874,Lymphoid,mapped,1.0
CCOc1cc(C(C)(C)C)ccc1C1=NC(c2ccc(Cl)cc2)C(c2ccc(Cl)cc2)N1C(=O)N1CCN(C(=O)CCCC#Cc2cccc3c2CN(C2CCC(=O)NC2=O)C3=O)CC1,True,1066,,Q00987,CRBN,CRBN,Q96SW2,RS4;11,RS4;11,,,0,,0,,0,1,10.1016/j.ejmech.2019.05.046,PROTAC-Pedia,,6.0,,RS4;11,ACH-000874,Lymphoid,mapped,1.0
CCOc1cc(C(C)(C)C)ccc1C1=NC(c2ccc(Cl)cc2)C(c2ccc(Cl)cc2)N1C(=O)N1CCN(C(=O)CCCCC#Cc2cccc3c2CN(C2CCC(=O)NC2=O)C3=O)CC1,True,1067,,Q00987,CRBN,CRBN,Q96SW2,RS4;11,RS4;11,,,0,,0,,0,1,10.1016/j.ejmech.2019.05.046,PROTAC-Pedia,,6.0,,RS4;11,ACH-000874,Lymphoid,mapped,1.0
CCOc1cc(C(C)(C)C)ccc1C1=NC(c2ccc(Cl)cc2)C(c2ccc(Cl)cc2)N1C(=O)N1CCN(c2cccc3c2C(=O)N(C2CCC(=O)NC2=O)C3=O)CC1,True,1068,,Q00987,CRBN,CRBN,Q96SW2,RS4;11,RS4;11,,,0,,0,,0,1,10.1016/j.ejmech.2019.05.046,PROTAC-Pedia,,6.0,,RS4;11,ACH-000874,Lymphoid,mapped,1.0
CCOc1cc(C(C)(C)C)ccc1C1=NC(c2ccc(Cl)cc2)C(c2ccc(Cl)cc2)N1C(=O)N1CCN(C(=O)CNc2cccc3c2C(=O)N(C2CCC(=O)NC2=O)C3=O)CC1,True,1069,,Q00987,CRBN,CRBN,Q96SW2,RS4;11,RS4;11,,,0,,0,,0,1,10.1016/j.ejmech.2019.05.046,PROTAC-Pedia,,6.0,,RS4;11,ACH-000874,Lymphoid,mapped,1.0
CCOc1cc(C(C)(C)C)ccc1C1=N[C@@H](c2ccc(Cl)cc2)[C@@H](c2ccc(Cl)cc2)N1C(=O)N1CCN(CC#Cc2cccc3c2CN(C2CCC(=O)NC2=O)C3=O)CC1,True,1070,,Q00987,CRBN,CRBN,Q96SW2,RS4;11,RS4;11,23.0,7.638272163982407,1,90.0,1,1.0,1,1,10.1016/j.ejmech.2019.05.046,PROTAC-Pedia,,6.0,,RS4;11,ACH-000874,Lymphoid,mapped,1.0
CCOc1cc(C(C)(C)C)ccc1C1=N[C@@H](c2ccc(Cl)cc2)[C@@H](c2ccc(Cl)cc2)N1C(=O)N1CCN(CCC#Cc2cccc3c2CN(C2CCC(=O)NC2=O)C3=O)CC1,True,1071,,Q00987,CRBN,CRBN,Q96SW2,RS4;11,RS4;11,,,0,,0,,0,1,10.1016/j.ejmech.2019.05.046,PROTAC-Pedia,,6.0,,RS4;11,ACH-000874,Lymphoid,mapped,1.0
CCOc1cc(C(C)(C)C)ccc1C1=N[C@@H](c2ccc(Cl)cc2)[C@@H](c2ccc(Cl)cc2)N1C(=O)N1CCN(CCCC#Cc2cccc3c2CN(C2CCC(=O)NC2=O)C3=O)CC1,True,1072,,Q00987,CRBN,CRBN,Q96SW2,RS4;11,RS4;11,,,0,,0,,0,1,10.1016/j.ejmech.2019.05.046,PROTAC-Pedia,,6.0,,RS4;11,ACH-000874,Lymphoid,mapped,1.0
C=CCn1c(=O)c2cnc(Nc3ccc(N4CCN(CCCNC(=O)CCOCCOCCNc5cccc6c5C(=O)N(C5CCC(=O)NC5=O)C6=O)CC4)cc3)nc2n1-c1cccc(C(C)(C)O)n1,True,1074,,P30291,CRBN,CRBN,Q96SW2,MOLT4,MOLT4/P,,,0,,0,,0,1,10.1016/j.chembiol.2019.10.013,PROTAC-Pedia,,5.0,IC50: 7.28±0.67 nM,MOLT-4,ACH-001127,Lymphoid,mapped,0.0
C=CCn1c(=O)c2cnc(Nc3ccc(N4CCN(CCOCCOCCOCCNc5cccc6c5C(=O)N(C5CCC(=O)NC5=O)C6=O)CC4)cc3)nc2n1-c1cccc(C(C)(C)O)n1,True,1075,,P30291,CRBN,CRBN,Q96SW2,MOLT4,MOLT4/P,,,0,,0,,0,1,10.1016/j.chembiol.2019.10.013,PROTAC-Pedia,,5.0,IC50: 3.18±0.52 nM,MOLT-4,ACH-001127,Lymphoid,mapped,0.0
C=CCn1c(=O)c2cnc(Nc3ccc(N4CCN(CCCCCCNc5cccc6c5C(=O)N(C5CCC(=O)NC5=O)C6=O)CC4)cc3)nc2n1-c1cccc(C(C)(C)O)n1,True,1076,,P30291,CRBN,CRBN,Q96SW2,MOLT4,MOLT4/P,,,0,,0,,0,1,10.1016/j.chembiol.2019.10.013,PROTAC-Pedia,,5.0,IC50: 4.46±0.95 nM,MOLT-4,ACH-001127,Lymphoid,mapped,0.0
CC(C)c1c(C(=O)Nc2ccccc2)c(-c2cccc(OCCCc3cn(CCOCCNc4cccc5c4C(=O)N(C4CCC(=O)NC4=O)C5=O)nn3)c2)c(-c2ccc(F)cc2)n1CC[C@@H](O)C[C@@H](O)CC(=O)O,True,1078,,P04035,CRBN,CRBN,Q96SW2,SRD15,,3000.0,5.522878745280337,1,,0,0.0,1,1,10.1021/acs.jmedchem.0c00339,PROTAC-Pedia,,16.0,,SRD15,,,unmapped,0.0
CC(C)c1c(C(=O)Nc2ccccc2)c(-c2cccc(OCCCCc3cn(CCOCCNc4cccc5c4C(=O)N(C4CCC(=O)NC4=O)C5=O)nn3)c2)c(-c2ccc(F)cc2)n1CC[C@@H](O)C[C@@H](O)CC(=O)O,True,1079,,P04035,CRBN,CRBN,Q96SW2,SRD15,,3000.0,5.522878745280337,1,,0,0.0,1,1,10.1021/acs.jmedchem.0c00339,PROTAC-Pedia,,16.0,,SRD15,,,unmapped,0.0
CC(C)c1c(C(=O)Nc2ccccc2)c(-c2cccc(OCCCCCc3cn(CCOCCNc4cccc5c4C(=O)N(C4CCC(=O)NC4=O)C5=O)nn3)c2)c(-c2ccc(F)cc2)n1CC[C@@H](O)C[C@@H](O)CC(=O)O,True,1080,,P04035,CRBN,CRBN,Q96SW2,SRD15,,3000.0,5.522878745280337,1,,0,0.0,1,1,10.1021/acs.jmedchem.0c00339,PROTAC-Pedia,,16.0,,SRD15,,,unmapped,0.0
CC(C)c1c(C(=O)Nc2ccccc2)c(-c2cccc(OCCCc3cn(CCOCCOCCNc4cccc5c4C(=O)N(C4CCC(=O)NC4=O)C5=O)nn3)c2)c(-c2ccc(F)cc2)n1CC[C@@H](O)C[C@@H](O)CC(=O)O,True,1081,,P04035,CRBN,CRBN,Q96SW2,SRD15,,3000.0,5.522878745280337,1,,0,0.0,1,1,10.1021/acs.jmedchem.0c00339,PROTAC-Pedia,,16.0,,SRD15,,,unmapped,0.0
CC(C)c1c(C(=O)Nc2ccccc2)c(-c2cccc(OCCCCc3cn(CCOCCOCCNc4cccc5c4C(=O)N(C4CCC(=O)NC4=O)C5=O)nn3)c2)c(-c2ccc(F)cc2)n1CC[C@@H](O)C[C@@H](O)CC(=O)O,True,1082,,P04035,CRBN,CRBN,Q96SW2,SRD15,,3000.0,5.522878745280337,1,,0,0.0,1,1,10.1021/acs.jmedchem.0c00339,PROTAC-Pedia,,16.0,,SRD15,,,unmapped,0.0
CC(C)c1c(C(=O)Nc2ccccc2)c(-c2cccc(OCCCCCc3cn(CCOCCOCCNc4cccc5c4C(=O)N(C4CCC(=O)NC4=O)C5=O)nn3)c2)c(-c2ccc(F)cc2)n1CC[C@@H](O)C[C@@H](O)CC(=O)O,True,1083,,P04035,CRBN,CRBN,Q96SW2,SRD15,,3000.0,5.522878745280337,1,,0,0.0,1,1,10.1021/acs.jmedchem.0c00339,PROTAC-Pedia,,16.0,,SRD15,,,unmapped,0.0
CC(C)c1c(C(=O)Nc2ccccc2)c(-c2cccc(OCCCc3cn(CCOCCOCCOCCNc4cccc5c4C(=O)N(C4CCC(=O)NC4=O)C5=O)nn3)c2)c(-c2ccc(F)cc2)n1CC[C@@H](O)C[C@@H](O)CC(=O)O,True,1084,,P04035,CRBN,CRBN,Q96SW2,SRD15,,3000.0,5.522878745280337,1,,0,0.0,1,1,10.1021/acs.jmedchem.0c00339,PROTAC-Pedia,,16.0,,SRD15,,,unmapped,0.0
CC(C)c1c(C(=O)Nc2ccccc2)c(-c2cccc(OCCCCc3cn(CCOCCOCCOCCNc4cccc5c4C(=O)N(C4CCC(=O)NC4=O)C5=O)nn3)c2)c(-c2ccc(F)cc2)n1CC[C@@H](O)C[C@@H](O)CC(=O)O,True,1085,,P04035,CRBN,CRBN,Q96SW2,SRD15,,3000.0,5.522878745280337,1,,0,0.0,1,1,10.1021/acs.jmedchem.0c00339,PROTAC-Pedia,,16.0,,SRD15,,,unmapped,0.0
CC(C)c1c(C(=O)Nc2ccccc2)c(-c2cccc(OCCCCCc3cn(CCOCCOCCOCCNc4cccc5c4C(=O)N(C4CCC(=O)NC4=O)C5=O)nn3)c2)c(-c2ccc(F)cc2)n1CC[C@@H](O)C[C@@H](O)CC(=O)O,True,1086,,P04035,CRBN,CRBN,Q96SW2,SRD15,,1800.0,5.7447274948966935,1,,0,0.0,1,1,10.1021/acs.jmedchem.0c00339,PROTAC-Pedia,,16.0,,SRD15,,,unmapped,0.0
CC(C)c1c(C(=O)Nc2ccccc2)c(-c2cccc(OCCCCc3cn(CCOCCOCCOCCOCCNc4cccc5c4C(=O)N(C4CCC(=O)NC4=O)C5=O)nn3)c2)c(-c2ccc(F)cc2)n1CC[C@@H](O)C[C@@H](O)CC(=O)O,True,1087,,P04035,CRBN,CRBN,Q96SW2,SRD15,,400.0,6.3979400086720375,1,,0,,0,1,10.1021/acs.jmedchem.0c00339,PROTAC-Pedia,,16.0,,SRD15,,,unmapped,0.0
CC(C)c1c(C(=O)Nc2ccccc2)c(-c2cccc(OCCCCCc3cn(CCOCCOCCOCCOCCNc4cccc5c4C(=O)N(C4CCC(=O)NC4=O)C5=O)nn3)c2)c(-c2ccc(F)cc2)n1CC[C@@H](O)C[C@@H](O)CC(=O)O,True,1088,,P04035,CRBN,CRBN,Q96SW2,SRD15,,500.0,6.301029995663981,1,,0,,0,1,10.1021/acs.jmedchem.0c00339,PROTAC-Pedia,,16.0,,SRD15,,,unmapped,0.0
CC(C)c1c(C(=O)Nc2ccccc2)c(-c2cccc(OCCCc3cn(CCOCCOCCOCCOCCOCCNc4cccc5c4C(=O)N(C4CCC(=O)NC4=O)C5=O)nn3)c2)c(-c2ccc(F)cc2)n1CC[C@@H](O)C[C@@H](O)CC(=O)O,True,1089,,P04035,CRBN,CRBN,Q96SW2,SRD15,,200.0,6.698970004336019,1,,0,,0,1,10.1021/acs.jmedchem.0c00339,PROTAC-Pedia,,16.0,,SRD15,,,unmapped,0.0
CC(C)c1c(C(=O)Nc2ccccc2)c(-c2cccc(OCCCCCc3cn(CCOCCOCCOCCOCCOCCNc4cccc5c4C(=O)N(C4CCC(=O)NC4=O)C5=O)nn3)c2)c(-c2ccc(F)cc2)n1CC[C@@H](O)C[C@@H](O)CC(=O)O,True,1090,,P04035,CRBN,CRBN,Q96SW2,SRD15,,600.0,6.221848749616356,1,,0,,0,1,10.1021/acs.jmedchem.0c00339,PROTAC-Pedia,,16.0,,SRD15,,,unmapped,0.0
CC(C)c1c(C(=O)Nc2ccccc2)c(-c2cccc(OCc3cn(CCCCCCCNc4cccc5c4C(=O)N(C4CCC(=O)NC4=O)C5=O)nn3)c2)c(-c2ccc(F)cc2)n1CC[C@@H](O)C[C@@H](O)CC(=O)O,True,1091,,P04035,CRBN,CRBN,Q96SW2,SRD15,,,,0,,0,,0,1,10.1021/acs.jmedchem.0c00339,PROTAC-Pedia,,16.0,,SRD15,,,unmapped,0.0
CC(C)c1c(C(=O)Nc2ccccc2)c(-c2cccc(OCCCc3cn(CCCCCCNc4cccc5c4C(=O)N(C4CCC(=O)NC4=O)C5=O)nn3)c2)c(-c2ccc(F)cc2)n1CC[C@@H](O)C[C@@H](O)CC(=O)O,True,1092,,P04035,CRBN,CRBN,Q96SW2,SRD15,,400.0,6.3979400086720375,1,,0,,0,1,10.1021/acs.jmedchem.0c00339,PROTAC-Pedia,,16.0,,SRD15,,,unmapped,0.0
CC(C)c1c(C(=O)Nc2ccccc2)c(-c2cccc(OCCCc3cn(CCCCCCCNc4cccc5c4C(=O)N(C4CCC(=O)NC4=O)C5=O)nn3)c2)c(-c2ccc(F)cc2)n1CC[C@@H](O)C[C@@H](O)CC(=O)O,True,1093,,P04035,CRBN,CRBN,Q96SW2,SRD15,,200.0,6.698970004336019,1,,0,,0,1,10.1021/acs.jmedchem.0c00339,PROTAC-Pedia,,16.0,,SRD15,,,unmapped,0.0
CC(C)c1c(C(=O)Nc2ccccc2)c(-c2cccc(OCCCCc3cn(CCCCCCCNc4cccc5c4C(=O)N(C4CCC(=O)NC4=O)C5=O)nn3)c2)c(-c2ccc(F)cc2)n1CC[C@@H](O)C[C@@H](O)CC(=O)O,True,1094,,P04035,CRBN,CRBN,Q96SW2,SRD15,,300.0,6.522878745280337,1,,0,,0,1,10.1021/acs.jmedchem.0c00339,PROTAC-Pedia,,16.0,,SRD15,,,unmapped,0.0
CC(C)c1c(C(=O)Nc2ccccc2)c(-c2cccc(OCCCCCc3cn(CCCCCCCNc4cccc5c4C(=O)N(C4CCC(=O)NC4=O)C5=O)nn3)c2)c(-c2ccc(F)cc2)n1CC[C@@H](O)C[C@@H](O)CC(=O)O,True,1095,,P04035,CRBN,CRBN,Q96SW2,SRD15,,400.0,6.3979400086720375,1,,0,,0,1,10.1021/acs.jmedchem.0c00339,PROTAC-Pedia,,16.0,,SRD15,,,unmapped,0.0
CC(C)c1c(C(=O)Nc2ccccc2)c(-c2cccc(OCCCCCCc3cn(CCCCCCCNc4cccc5c4C(=O)N(C4CCC(=O)NC4=O)C5=O)nn3)c2)c(-c2ccc(F)cc2)n1CC[C@@H](O)C[C@@H](O)CC(=O)O,True,1096,,P04035,CRBN,CRBN,Q96SW2,SRD15,,300.0,6.522878745280337,1,,0,,0,1,10.1021/acs.jmedchem.0c00339,PROTAC-Pedia,,16.0,,SRD15,,,unmapped,0.0
CC(C)c1c(C(=O)Nc2ccccc2)c(-c2cccc(OCCCCCCCc3cn(CCCCCCCNc4cccc5c4C(=O)N(C4CCC(=O)NC4=O)C5=O)nn3)c2)c(-c2ccc(F)cc2)n1CC[C@@H](O)C[C@@H](O)CC(=O)O,True,1097,,P04035,CRBN,CRBN,Q96SW2,SRD15,,500.0,6.301029995663981,1,,0,,0,1,10.1021/acs.jmedchem.0c00339,PROTAC-Pedia,,16.0,,SRD15,,,unmapped,0.0
CC(C)c1c(C(=O)Nc2ccccc2)c(-c2cccc(OCCCc3cn(CCOCCOCCOCCNc4ccc5c(c4)C(=O)N(C4CCC(=O)NC4=O)C5=O)nn3)c2)c(-c2ccc(F)cc2)n1CC[C@@H](O)C[C@@H](O)CC(=O)O,True,1098,,P04035,CRBN,CRBN,Q96SW2,SRD15,,3000.0,5.522878745280337,1,,0,0.0,1,1,10.1021/acs.jmedchem.0c00339,PROTAC-Pedia,,16.0,,SRD15,,,unmapped,0.0
CC(C)c1c(C(=O)Nc2ccccc2)c(-c2cccc(OCCCCc3cn(CCOCCOCCOCCNc4ccc5c(c4)C(=O)N(C4CCC(=O)NC4=O)C5=O)nn3)c2)c(-c2ccc(F)cc2)n1CC[C@@H](O)C[C@@H](O)CC(=O)O,True,1099,,P04035,CRBN,CRBN,Q96SW2,SRD15,,3000.0,5.522878745280337,1,,0,0.0,1,1,10.1021/acs.jmedchem.0c00339,PROTAC-Pedia,,16.0,,SRD15,,,unmapped,0.0
CC(C)c1c(C(=O)Nc2ccccc2)c(-c2cccc(OCCCCCc3cn(CCOCCOCCOCCNc4ccc5c(c4)C(=O)N(C4CCC(=O)NC4=O)C5=O)nn3)c2)c(-c2ccc(F)cc2)n1CC[C@@H](O)C[C@@H](O)CC(=O)O,True,1100,,P04035,CRBN,CRBN,Q96SW2,SRD15,,3000.0,5.522878745280337,1,,0,0.0,1,1,10.1021/acs.jmedchem.0c00339,PROTAC-Pedia,,16.0,,SRD15,,,unmapped,0.0
CC(C)c1c(C(=O)Nc2ccccc2)c(-c2cccc(OCCCc3cn(CCOCCOCCOCCOCCNc4ccc5c(c4)C(=O)N(C4CCC(=O)NC4=O)C5=O)nn3)c2)c(-c2ccc(F)cc2)n1CC[C@@H](O)C[C@@H](O)CC(=O)O,True,1101,,P04035,CRBN,CRBN,Q96SW2,SRD15,,300.0,6.522878745280337,1,,0,,0,1,10.1021/acs.jmedchem.0c00339,PROTAC-Pedia,,16.0,,SRD15,,,unmapped,0.0
CC(C)c1c(C(=O)Nc2ccccc2)c(-c2cccc(OCCCCc3cn(CCOCCOCCOCCOCCNc4ccc5c(c4)C(=O)N(C4CCC(=O)NC4=O)C5=O)nn3)c2)c(-c2ccc(F)cc2)n1CC[C@@H](O)C[C@@H](O)CC(=O)O,True,1102,,P04035,CRBN,CRBN,Q96SW2,SRD15,,3000.0,5.522878745280337,1,,0,0.0,1,1,10.1021/acs.jmedchem.0c00339,PROTAC-Pedia,,16.0,,SRD15,,,unmapped,0.0
CC(C)c1c(C(=O)Nc2ccccc2)c(-c2cccc(OCCCCCc3cn(CCOCCOCCOCCOCCNc4ccc5c(c4)C(=O)N(C4CCC(=O)NC4=O)C5=O)nn3)c2)c(-c2ccc(F)cc2)n1CC[C@@H](O)C[C@@H](O)CC(=O)O,True,1103,,P04035,CRBN,CRBN,Q96SW2,SRD15,,3000.0,5.522878745280337,1,,0,0.0,1,1,10.1021/acs.jmedchem.0c00339,PROTAC-Pedia,,16.0,,SRD15,,,unmapped,0.0
CC(C)c1c(C(=O)Nc2ccccc2)c(-c2cccc(OCCCc3cn(CCOCC#Cc4cccc5c4CN(C4CCC(=O)NC4=O)C5=O)nn3)c2)c(-c2ccc(F)cc2)n1CC[C@@H](O)C[C@@H](O)CC(=O)O,True,1104,,P04035,CRBN,CRBN,Q96SW2,SRD15,,3000.0,5.522878745280337,1,,0,0.0,1,1,10.1021/acs.jmedchem.0c00339,PROTAC-Pedia,,16.0,,SRD15,,,unmapped,0.0
CC(C)c1c(C(=O)Nc2ccccc2)c(-c2cccc(OCCCc3cn(CCCOCC#Cc4cccc5c4CN(C4CCC(=O)NC4=O)C5=O)nn3)c2)c(-c2ccc(F)cc2)n1CC[C@@H](O)C[C@@H](O)CC(=O)O,True,1105,,P04035,CRBN,CRBN,Q96SW2,SRD15,,3000.0,5.522878745280337,1,,0,0.0,1,1,10.1021/acs.jmedchem.0c00339,PROTAC-Pedia,,16.0,,SRD15,,,unmapped,0.0
CC(C)c1c(C(=O)Nc2ccccc2)c(-c2cccc(OCCCc3cn(CCCCOCC#Cc4cccc5c4CN(C4CCC(=O)NC4=O)C5=O)nn3)c2)c(-c2ccc(F)cc2)n1CC[C@@H](O)C[C@@H](O)CC(=O)O,True,1106,,P04035,CRBN,CRBN,Q96SW2,SRD15,,3000.0,5.522878745280337,1,,0,0.0,1,1,10.1021/acs.jmedchem.0c00339,PROTAC-Pedia,,16.0,,SRD15,,,unmapped,0.0
CC(C)c1c(C(=O)Nc2ccccc2)c(-c2cccc(OCCCc3cn(CCCCCOCC#Cc4cccc5c4CN(C4CCC(=O)NC4=O)C5=O)nn3)c2)c(-c2ccc(F)cc2)n1CC[C@@H](O)C[C@@H](O)CC(=O)O,True,1107,,P04035,CRBN,CRBN,Q96SW2,SRD15,,300.0,6.522878745280337,1,,0,,0,1,10.1021/acs.jmedchem.0c00339,PROTAC-Pedia,,16.0,,SRD15,,,unmapped,0.0
CC(C)c1c(C(=O)Nc2ccccc2)c(-c2cccc(OCCCc3cn(CCCCCCOCC#Cc4cccc5c4CN(C4CCC(=O)NC4=O)C5=O)nn3)c2)c(-c2ccc(F)cc2)n1CC[C@@H](O)C[C@@H](O)CC(=O)O,True,1108,,P04035,CRBN,CRBN,Q96SW2,SRD15,,200.0,6.698970004336019,1,,0,,0,1,10.1021/acs.jmedchem.0c00339,PROTAC-Pedia,,16.0,,SRD15,,,unmapped,0.0
CC(C)c1c(C(=O)Nc2ccccc2)c(-c2cccc(OCCCc3cn(CCCCCCCOCC#Cc4cccc5c4CN(C4CCC(=O)NC4=O)C5=O)nn3)c2)c(-c2ccc(F)cc2)n1CC[C@@H](O)C[C@@H](O)CC(=O)O,True,1109,,P04035,CRBN,CRBN,Q96SW2,SRD15,,700.0,6.154901959985743,1,,0,,0,1,10.1021/acs.jmedchem.0c00339,PROTAC-Pedia,,16.0,,SRD15,,,unmapped,0.0
CC(C)c1c(C(=O)Nc2ccccc2)c(-c2cccc(OCCCc3cn(CCOCCCc4cccc5c4CN(C4CCC(=O)NC4=O)C5=O)nn3)c2)c(-c2ccc(F)cc2)n1CC[C@@H](O)C[C@@H](O)CC(=O)O,True,1110,,P04035,CRBN,CRBN,Q96SW2,SRD15,,3000.0,5.522878745280337,1,,0,0.0,1,1,10.1021/acs.jmedchem.0c00339,PROTAC-Pedia,,16.0,,SRD15,,,unmapped,0.0
CC(C)c1c(C(=O)Nc2ccccc2)c(-c2cccc(OCCCc3cn(CCCOCCCc4cccc5c4CN(C4CCC(=O)NC4=O)C5=O)nn3)c2)c(-c2ccc(F)cc2)n1CC[C@@H](O)C[C@@H](O)CC(=O)O,True,1111,,P04035,CRBN,CRBN,Q96SW2,SRD15,,3000.0,5.522878745280337,1,,0,0.0,1,1,10.1021/acs.jmedchem.0c00339,PROTAC-Pedia,,16.0,,SRD15,,,unmapped,0.0
CC(C)c1c(C(=O)Nc2ccccc2)c(-c2cccc(OCCCc3cn(CCCCOCCCc4cccc5c4CN(C4CCC(=O)NC4=O)C5=O)nn3)c2)c(-c2ccc(F)cc2)n1CC[C@@H](O)C[C@@H](O)CC(=O)O,True,1112,,P04035,CRBN,CRBN,Q96SW2,SRD15,,3000.0,5.522878745280337,1,,0,0.0,1,1,10.1021/acs.jmedchem.0c00339,PROTAC-Pedia,,16.0,,SRD15,,,unmapped,0.0
CC(C)c1c(C(=O)Nc2ccccc2)c(-c2cccc(OCCCc3cn(CCCCCOCCCc4cccc5c4CN(C4CCC(=O)NC4=O)C5=O)nn3)c2)c(-c2ccc(F)cc2)n1CC[C@@H](O)C[C@@H](O)CC(=O)O,True,1113,,P04035,CRBN,CRBN,Q96SW2,SRD15,,2300.0,5.638272163982407,1,,0,0.0,1,1,10.1021/acs.jmedchem.0c00339,PROTAC-Pedia,,16.0,,SRD15,,,unmapped,0.0
CC(C)c1c(C(=O)Nc2ccccc2)c(-c2cccc(OCCCc3cn(CCCCCCOCCCc4cccc5c4CN(C4CCC(=O)NC4=O)C5=O)nn3)c2)c(-c2ccc(F)cc2)n1CC[C@@H](O)C[C@@H](O)CC(=O)O,True,1114,,P04035,CRBN,CRBN,Q96SW2,SRD15,,500.0,6.301029995663981,1,,0,,0,1,10.1021/acs.jmedchem.0c00339,PROTAC-Pedia,,16.0,,SRD15,,,unmapped,0.0
CC(C)c1c(C(=O)Nc2ccccc2)c(-c2cccc(OCCCc3cn(CCCCCCCOCCCc4cccc5c4CN(C4CCC(=O)NC4=O)C5=O)nn3)c2)c(-c2ccc(F)cc2)n1CC[C@@H](O)C[C@@H](O)CC(=O)O,True,1115,,P04035,CRBN,CRBN,Q96SW2,SRD15,,600.0,6.221848749616356,1,,0,,0,1,10.1021/acs.jmedchem.0c00339,PROTAC-Pedia,,16.0,,SRD15,,,unmapped,0.0
CN[C@@H](C)C(=O)N[C@@H](C(=O)N1CCC[C@H]1c1nc(C(=O)c2cccc(OCCOCCOCc3cn(CCCC(=O)N4CCN(CC[C@H](CSc5ccccc5)Nc5ccc(S(=O)(=O)NC(=O)c6ccc(N7CCN(CC8=C(c9ccc(Cl)cc9)CCC(C)(C)C8)CC7)cc6)cc5S(=O)(=O)C(F)(F)F)CC4)nn3)c2)cs1)C1CCCCC1,True,1116,,Q07817,IAP,"BIRC2,BIRC3",P98170,MyLa1929,MyLa 1929,,,0,,0,,0,1,10.1016/j.ejmech.2020.112397,PROTAC-Pedia,,72.0,,MyLa1929,,,unmapped,0.0
CN[C@@H](C)C(=O)N[C@@H](C(=O)N1CCC[C@H]1c1nc(C(=O)c2cccc(OCCOCCOCCOCc3cn(CCCC(=O)N4CCN(CC[C@H](CSc5ccccc5)Nc5ccc(S(=O)(=O)NC(=O)c6ccc(N7CCN(CC8=C(c9ccc(Cl)cc9)CCC(C)(C)C8)CC7)cc6)cc5S(=O)(=O)C(F)(F)F)CC4)nn3)c2)cs1)C1CCCCC1,True,1117,,Q07817,IAP,"BIRC2,BIRC3",P98170,MyLa1929,MyLa 1929,,,0,,0,,0,1,10.1016/j.ejmech.2020.112397,PROTAC-Pedia,,72.0,,MyLa1929,,,unmapped,0.0
CN[C@@H](C)C(=O)N[C@@H](C(=O)N1CCC[C@H]1c1nc(C(=O)c2cccc(OCCOCCOCC(=O)N3CCN(CC[C@H](CSc4ccccc4)Nc4ccc(S(=O)(=O)NC(=O)c5ccc(N6CCN(CC7=C(c8ccc(Cl)cc8)CCC(C)(C)C7)CC6)cc5)cc4S(=O)(=O)C(F)(F)F)CC3)c2)cs1)C1CCCCC1,True,1119,,Q07817,IAP,"BIRC2,BIRC3",P98170,MyLa1929,MyLa 1929,,,0,,0,,0,1,10.1016/j.ejmech.2020.112397,PROTAC-Pedia,,72.0,,MyLa1929,,,unmapped,0.0
CN[C@@H](C)C(=O)N[C@@H](C(=O)N1CCC[C@H]1c1nc(C(=O)c2cccc(OCCOCCOCCOCCOCC(=O)N3CCN(CC[C@H](CSc4ccccc4)Nc4ccc(S(=O)(=O)NC(=O)c5ccc(N6CCN(CC7=C(c8ccc(Cl)cc8)CCC(C)(C)C7)CC6)cc5)cc4S(=O)(=O)C(F)(F)F)CC3)c2)cs1)C1CCCCC1,True,1120,,Q07817,IAP,"BIRC2,BIRC3",P98170,MyLa1929,MyLa 1929,,,0,,0,,0,1,10.1016/j.ejmech.2020.112397,PROTAC-Pedia,,72.0,,MyLa1929,,,unmapped,0.0
CN[C@@H](C)C(=O)N[C@@H](C(=O)N1CCC[C@H]1c1nc(C(=O)c2cccc(OCCCC(=O)N3CCN(CC[C@H](CSc4ccccc4)Nc4ccc(S(=O)(=O)NC(=O)c5ccc(N6CCN(CC7=C(c8ccc(Cl)cc8)CCC(C)(C)C7)CC6)cc5)cc4S(=O)(=O)C(F)(F)F)CC3)c2)cs1)C1CCCCC1,True,1121,,Q07817,IAP,"BIRC2,BIRC3",P98170,MyLa1929,MyLa 1929,,,0,,0,,0,1,10.1016/j.ejmech.2020.112397,PROTAC-Pedia,,72.0,,MyLa1929,,,unmapped,0.0
CN[C@@H](C)C(=O)N[C@@H](C(=O)N1CCC[C@H]1c1nc(C(=O)c2cccc(OCCCCC(=O)N3CCN(CC[C@H](CSc4ccccc4)Nc4ccc(S(=O)(=O)NC(=O)c5ccc(N6CCN(CC7=C(c8ccc(Cl)cc8)CCC(C)(C)C7)CC6)cc5)cc4S(=O)(=O)C(F)(F)F)CC3)c2)cs1)C1CCCCC1,True,1122,,Q07817,IAP,"BIRC2,BIRC3",P98170,MyLa1929,MyLa 1929,,,0,,0,,0,1,10.1016/j.ejmech.2020.112397,PROTAC-Pedia,,72.0,,MyLa1929,,,unmapped,0.0
CN[C@@H](C)C(=O)N[C@@H](C(=O)N1CCC[C@H]1c1nc(C(=O)c2cccc(OCCCCCC(=O)N3CCN(CC[C@H](CSc4ccccc4)Nc4ccc(S(=O)(=O)NC(=O)c5ccc(N6CCN(CC7=C(c8ccc(Cl)cc8)CCC(C)(C)C7)CC6)cc5)cc4S(=O)(=O)C(F)(F)F)CC3)c2)cs1)C1CCCCC1,True,1123,,Q07817,IAP,"BIRC2,BIRC3",P98170,MyLa1929,MyLa 1929,,,0,,0,,0,1,10.1016/j.ejmech.2020.112397,PROTAC-Pedia,,72.0,,MyLa1929,,,unmapped,0.0
CN[C@@H](C)C(=O)N[C@@H](C(=O)N1CCC[C@H]1c1nc(C(=O)c2cccc(OCCCCCCC(=O)N3CCN(CC[C@H](CSc4ccccc4)Nc4ccc(S(=O)(=O)NC(=O)c5ccc(N6CCN(CC7=C(c8ccc(Cl)cc8)CCC(C)(C)C7)CC6)cc5)cc4S(=O)(=O)C(F)(F)F)CC3)c2)cs1)C1CCCCC1,True,1124,,Q07817,IAP,"BIRC2,BIRC3",P98170,MyLa1929,MyLa 1929,,,0,,0,,0,1,10.1016/j.ejmech.2020.112397,PROTAC-Pedia,,72.0,,MyLa1929,,,unmapped,0.0
CN[C@H](C)C(=O)N[C@@H]1CCO[C@@H]2CC(C)(C)[C@H](C(=O)N[C@@H]3CCCc4cc(OCCOCCOCc5cn(CCCC(=O)N6CCN(CC[C@H](CSc7ccccc7)Nc7ccc(S(=O)(=O)NC(=O)c8ccc(N9CCN(CC%10=C(c%11ccc(Cl)cc%11)CCC(C)(C)C%10)CC9)cc8)cc7S(=O)(=O)C(F)(F)F)CC6)nn5)ccc43)N2C1=O,True,1125,,Q07817,IAP,"BIRC2,BIRC3",P98170,MyLa1929,MyLa 1929,,,0,,0,,0,1,10.1016/j.ejmech.2020.112397,PROTAC-Pedia,,72.0,,MyLa1929,,,unmapped,0.0
CN[C@H](C)C(=O)N[C@@H]1CCO[C@@H]2CC(C)(C)[C@H](C(=O)N[C@@H]3CCCc4cc(OCCOCCOCCOCc5cn(CCCC(=O)N6CCN(CC[C@H](CSc7ccccc7)Nc7ccc(S(=O)(=O)NC(=O)c8ccc(N9CCN(CC%10=C(c%11ccc(Cl)cc%11)CCC(C)(C)C%10)CC9)cc8)cc7S(=O)(=O)C(F)(F)F)CC6)nn5)ccc43)N2C1=O,True,1126,,Q07817,IAP,"BIRC2,BIRC3",P98170,MyLa1929,MyLa 1929,,,0,,0,,0,1,10.1016/j.ejmech.2020.112397,PROTAC-Pedia,,72.0,,MyLa1929,,,unmapped,0.0
CN[C@H](C)C(=O)N[C@@H]1CCO[C@@H]2CC(C)(C)[C@H](C(=O)N[C@@H]3CCCc4cc(OCCOCCOCC(=O)N5CCN(CC[C@H](CSc6ccccc6)Nc6ccc(S(=O)(=O)NC(=O)c7ccc(N8CCN(CC9=C(c%10ccc(Cl)cc%10)CCC(C)(C)C9)CC8)cc7)cc6S(=O)(=O)C(F)(F)F)CC5)ccc43)N2C1=O,True,1127,,Q07817,IAP,"BIRC2,BIRC3",P98170,MyLa1929,MyLa 1929,,,0,,0,,0,1,10.1016/j.ejmech.2020.112397,PROTAC-Pedia,,72.0,,MyLa1929,,,unmapped,0.0
CN[C@H](C)C(=O)N[C@@H]1CCO[C@@H]2CC(C)(C)[C@H](C(=O)N[C@@H]3CCCc4cc(OCCCOCCOCCOCCOCC(=O)N5CCN(CC[C@H](CSc6ccccc6)Nc6ccc(S(=O)(=O)NC(=O)c7ccc(N8CCN(CC9=C(c%10ccc(Cl)cc%10)CCC(C)(C)C9)CC8)cc7)cc6S(=O)(=O)C(F)(F)F)CC5)ccc43)N2C1=O,True,1128,,Q07817,IAP,"BIRC2,BIRC3",P98170,MyLa1929,MyLa 1929,,,0,,0,,0,1,10.1016/j.ejmech.2020.112397,PROTAC-Pedia,,72.0,,MyLa1929,,,unmapped,0.0
CN[C@H](C)C(=O)N[C@@H]1CCO[C@@H]2CC(C)(C)[C@H](C(=O)N[C@@H]3CCCc4cc(OCCCC(=O)N5CCN(CC[C@H](CSc6ccccc6)Nc6ccc(S(=O)(=O)NC(=O)c7ccc(N8CCN(CC9=C(c%10ccc(Cl)cc%10)CCC(C)(C)C9)CC8)cc7)cc6S(=O)(=O)C(F)(F)F)CC5)ccc43)N2C1=O,True,1129,,Q07817,IAP,"BIRC2,BIRC3",P98170,MyLa1929,MyLa 1929,,,0,,0,,0,1,10.1016/j.ejmech.2020.112397,PROTAC-Pedia,,72.0,,MyLa1929,,,unmapped,0.0
CN[C@H](C)C(=O)N[C@@H]1CCO[C@@H]2CC(C)(C)[C@H](C(=O)N[C@@H]3CCCc4cc(OCCCCC(=O)N5CCN(CC[C@H](CSc6ccccc6)Nc6ccc(S(=O)(=O)NC(=O)c7ccc(N8CCN(CC9=C(c%10ccc(Cl)cc%10)CCC(C)(C)C9)CC8)cc7)cc6S(=O)(=O)C(F)(F)F)CC5)ccc43)N2C1=O,True,1130,,Q07817,IAP,"BIRC2,BIRC3",P98170,MyLa1929,MyLa 1929,,,0,,0,,0,1,10.1016/j.ejmech.2020.112397,PROTAC-Pedia,,72.0,,MyLa1929,,,unmapped,0.0
CN[C@H](C)C(=O)N[C@@H]1CCO[C@@H]2CC(C)(C)[C@H](C(=O)N[C@@H]3CCCc4cc(OCCCCCC(=O)N5CCN(CC[C@H](CSc6ccccc6)Nc6ccc(S(=O)(=O)NC(=O)c7ccc(N8CCN(CC9=C(c%10ccc(Cl)cc%10)CCC(C)(C)C9)CC8)cc7)cc6S(=O)(=O)C(F)(F)F)CC5)ccc43)N2C1=O,True,1131,,Q07817,IAP,"BIRC2,BIRC3",P98170,MyLa1929,MyLa 1929,,,0,,0,,0,1,10.1016/j.ejmech.2020.112397,PROTAC-Pedia,,72.0,,MyLa1929,,,unmapped,0.0
CN[C@H](C)C(=O)N[C@@H]1CCO[C@@H]2CC(C)(C)[C@H](C(=O)N[C@@H]3CCCc4cc(OCCCCCCC(=O)N5CCN(CC[C@H](CSc6ccccc6)Nc6ccc(S(=O)(=O)NC(=O)c7ccc(N8CCN(CC9=C(c%10ccc(Cl)cc%10)CCC(C)(C)C9)CC8)cc7)cc6S(=O)(=O)C(F)(F)F)CC5)ccc43)N2C1=O,True,1132,,Q07817,IAP,"BIRC2,BIRC3",P98170,MyLa1929,MyLa 1929,,,0,,0,,0,1,10.1016/j.ejmech.2020.112397,PROTAC-Pedia,,72.0,,MyLa1929,,,unmapped,0.0
Cc1ccc(NC(=O)c2ccc(CN3CCN(C(=O)CCCc4cn(CCNc5cccc6c5C(=O)N(C5CCC(=O)NC5=O)C6=O)nn4)CC3)cc2)cc1Nc1nccc(-c2cccnc2)n1,True,1134,,P00519,CRBN,CRBN,Q96SW2,K562,EGFP-K562,,,0,,0,,0,1,10.1021/acs.jmedchem.0c00967,PROTAC-Pedia,,32.0,,K-562,ACH-000551,Myeloid,mapped,1.0
Cc1ccc(NC(=O)c2ccc(CN3CCN(C(=O)CCCc4cn(CCOCCNc5cccc6c5C(=O)N(C5CCC(=O)NC5=O)C6=O)nn4)CC3)cc2)cc1Nc1nccc(-c2cccnc2)n1,True,1135,,P00519,CRBN,CRBN,Q96SW2,K562,EGFP-K562,,,0,,0,,0,1,10.1021/acs.jmedchem.0c00967,PROTAC-Pedia,,32.0,,K-562,ACH-000551,Myeloid,mapped,1.0
Cc1ccc(NC(=O)c2ccc(CN3CCN(C(=O)CCCc4cn(CCOCCOCCNc5cccc6c5C(=O)N(C5CCC(=O)NC5=O)C6=O)nn4)CC3)cc2)cc1Nc1nccc(-c2cccnc2)n1,True,1136,,P00519,CRBN,CRBN,Q96SW2,K562,EGFP-K562,,,0,,0,,0,1,10.1021/acs.jmedchem.0c00967,PROTAC-Pedia,,32.0,,K-562,ACH-000551,Myeloid,mapped,1.0
Cc1ccc(NC(=O)c2ccc(CN3CCN(C(=O)CCCc4cn(CCOCCOCCOCCNc5cccc6c5C(=O)N(C5CCC(=O)NC5=O)C6=O)nn4)CC3)cc2)cc1Nc1nccc(-c2cccnc2)n1,True,1137,,P00519,CRBN,CRBN,Q96SW2,K562,EGFP-K562,,,0,,0,,0,1,10.1021/acs.jmedchem.0c00967,PROTAC-Pedia,,32.0,,K-562,ACH-000551,Myeloid,mapped,1.0
Cc1ccc(NC(=O)c2ccc(CN3CCN(C(=O)CCCc4cn(CCOCCOCCOCCOCCNc5cccc6c5C(=O)N(C5CCC(=O)NC5=O)C6=O)nn4)CC3)cc2)cc1Nc1nccc(-c2cccnc2)n1,True,1138,,P00519,CRBN,CRBN,Q96SW2,K562,EGFP-K562,,,0,,0,,0,1,10.1021/acs.jmedchem.0c00967,PROTAC-Pedia,,32.0,,K-562,ACH-000551,Myeloid,mapped,1.0
Cc1nc(Nc2ncc(C(=O)Nc3c(C)cccc3Cl)s2)cc(N2CCN(C(=O)CCCc3cn(CCNc4cccc5c4C(=O)N(C4CCC(=O)NC4=O)C5=O)nn3)CC2)n1,True,1139,,P00519,CRBN,CRBN,Q96SW2,K562,EGFP-K562,56.0,7.251811972993799,1,,0,,0,1,10.1021/acs.jmedchem.0c00967,PROTAC-Pedia,,32.0,,K-562,ACH-000551,Myeloid,mapped,1.0
Cc1nc(Nc2ncc(C(=O)Nc3c(C)cccc3Cl)s2)cc(N2CCN(C(=O)CCCc3cn(CCOCCNc4cccc5c4C(=O)N(C4CCC(=O)NC4=O)C5=O)nn3)CC2)n1,True,1140,,P00519,CRBN,CRBN,Q96SW2,K562,EGFP-K562,56.0,7.251811972993799,1,,0,,0,1,10.1021/acs.jmedchem.0c00967,PROTAC-Pedia,,32.0,,K-562,ACH-000551,Myeloid,mapped,1.0
Cc1nc(Nc2ncc(C(=O)Nc3c(C)cccc3Cl)s2)cc(N2CCN(C(=O)CCCc3cn(CCOCCOCCNc4cccc5c4C(=O)N(C4CCC(=O)NC4=O)C5=O)nn3)CC2)n1,True,1141,,P00519,CRBN,CRBN,Q96SW2,K562,EGFP-K562,20.0,7.698970004336019,1,,0,,0,1,10.1021/acs.jmedchem.0c00967,PROTAC-Pedia,,32.0,,K-562,ACH-000551,Myeloid,mapped,1.0
Cc1nc(Nc2ncc(C(=O)Nc3c(C)cccc3Cl)s2)cc(N2CCN(C(=O)CCCc3cn(CCOCCOCCOCCNc4cccc5c4C(=O)N(C4CCC(=O)NC4=O)C5=O)nn3)CC2)n1,True,1142,,P00519,CRBN,CRBN,Q96SW2,K562,EGFP-K562,56.0,7.251811972993799,1,,0,,0,1,10.1021/acs.jmedchem.0c00967,PROTAC-Pedia,,32.0,,K-562,ACH-000551,Myeloid,mapped,1.0
Cc1nc(Nc2ncc(C(=O)Nc3c(C)cccc3Cl)s2)cc(N2CCN(C(=O)CCCc3cn(CCOCCOCCOCCOCCNc4cccc5c4C(=O)N(C4CCC(=O)NC4=O)C5=O)nn3)CC2)n1,True,1143,,P00519,CRBN,CRBN,Q96SW2,K562,EGFP-K562,10.0,8.0,1,,0,,0,1,10.1021/acs.jmedchem.0c00967,PROTAC-Pedia,,32.0,,K-562,ACH-000551,Myeloid,mapped,1.0
O=C1CCC(N2C(=O)c3cccc(NCCn4cc(CCCC(=O)N[C@@H]5CCN(c6ncc(C(=O)Nc7ccc(OC(F)(F)Cl)cc7)cc6-c6cc[nH]n6)C5)nn4)c3C2=O)C(=O)N1,True,1144,,P00519,CRBN,CRBN,Q96SW2,K562,EGFP-K562,625.0,6.204119982655925,1,,0,,0,1,10.1021/acs.jmedchem.0c00967,PROTAC-Pedia,,32.0,,K-562,ACH-000551,Myeloid,mapped,1.0
O=C1CCC(N2C(=O)c3cccc(NCCOCCn4cc(CCCC(=O)N[C@@H]5CCN(c6ncc(C(=O)Nc7ccc(OC(F)(F)Cl)cc7)cc6-c6cc[nH]n6)C5)nn4)c3C2=O)C(=O)N1,True,1145,,P00519,CRBN,CRBN,Q96SW2,K562,EGFP-K562,400.0,6.3979400086720375,1,,0,,0,1,10.1021/acs.jmedchem.0c00967,PROTAC-Pedia,,32.0,,K-562,ACH-000551,Myeloid,mapped,1.0
O=C1CCC(N2C(=O)c3cccc(NCCOCCOCCn4cc(CCCC(=O)N[C@@H]5CCN(c6ncc(C(=O)Nc7ccc(OC(F)(F)Cl)cc7)cc6-c6cc[nH]n6)C5)nn4)c3C2=O)C(=O)N1,True,1146,,P00519,CRBN,CRBN,Q96SW2,K562,EGFP-K562,300.0,6.522878745280337,1,,0,,0,1,10.1021/acs.jmedchem.0c00967,PROTAC-Pedia,,32.0,,K-562,ACH-000551,Myeloid,mapped,1.0
O=C1CCC(N2C(=O)c3cccc(NCCOCCOCCOCCn4cc(CCCC(=O)N[C@@H]5CCN(c6ncc(C(=O)Nc7ccc(OC(F)(F)Cl)cc7)cc6-c6cc[nH]n6)C5)nn4)c3C2=O)C(=O)N1,True,1147,,P00519,CRBN,CRBN,Q96SW2,K562,EGFP-K562,200.0,6.698970004336019,1,,0,,0,1,10.1021/acs.jmedchem.0c00967,PROTAC-Pedia,,32.0,,K-562,ACH-000551,Myeloid,mapped,1.0
O=C1CCC(N2C(=O)c3cccc(NCCOCCOCCOCCOCCn4cc(CCCC(=O)N[C@@H]5CCN(c6ncc(C(=O)Nc7ccc(OC(F)(F)Cl)cc7)cc6-c6cc[nH]n6)C5)nn4)c3C2=O)C(=O)N1,True,1148,,P00519,CRBN,CRBN,Q96SW2,K562,EGFP-K562,500.0,6.301029995663981,1,,0,,0,1,10.1021/acs.jmedchem.0c00967,PROTAC-Pedia,,32.0,,K-562,ACH-000551,Myeloid,mapped,1.0
Cc1ccc(C(=O)Nc2ccc(CN3CCN(C(=O)CCCc4cn(CCNc5cccc6c5C(=O)N(C5CCC(=O)NC5=O)C6=O)nn4)CC3)c(C(F)(F)F)c2)cc1C#Cc1cnc2cccnn12,True,1149,,P00519,CRBN,CRBN,Q96SW2,K562,EGFP-K562,625.0,6.204119982655925,1,,0,,0,1,10.1021/acs.jmedchem.0c00967,PROTAC-Pedia,,32.0,,K-562,ACH-000551,Myeloid,mapped,1.0
Cc1ccc(C(=O)Nc2ccc(CN3CCN(C(=O)CCCc4cn(CCOCCNc5cccc6c5C(=O)N(C5CCC(=O)NC5=O)C6=O)nn4)CC3)c(C(F)(F)F)c2)cc1C#Cc1cnc2cccnn12,True,1150,,P00519,CRBN,CRBN,Q96SW2,K562,EGFP-K562,70.0,7.154901959985743,1,,0,,0,1,10.1021/acs.jmedchem.0c00967,PROTAC-Pedia,,32.0,,K-562,ACH-000551,Myeloid,mapped,1.0
Cc1ccc(C(=O)Nc2ccc(CN3CCN(C(=O)CCCc4cn(CCOCCOCCNc5cccc6c5C(=O)N(C5CCC(=O)NC5=O)C6=O)nn4)CC3)c(C(F)(F)F)c2)cc1C#Cc1cnc2cccnn12,True,1151,,P00519,CRBN,CRBN,Q96SW2,K562,EGFP-K562,70.0,7.154901959985743,1,,0,,0,1,10.1021/acs.jmedchem.0c00967,PROTAC-Pedia,,32.0,,K-562,ACH-000551,Myeloid,mapped,1.0
Cc1ccc(C(=O)Nc2ccc(CN3CCN(C(=O)CCCc4cn(CCOCCOCCOCCNc5cccc6c5C(=O)N(C5CCC(=O)NC5=O)C6=O)nn4)CC3)c(C(F)(F)F)c2)cc1C#Cc1cnc2cccnn12,True,1152,,P00519,CRBN,CRBN,Q96SW2,K562,EGFP-K562,20.0,7.698970004336019,1,50.0,1,0.0,1,1,10.1021/acs.jmedchem.0c00967,PROTAC-Pedia,,32.0,,K-562,ACH-000551,Myeloid,mapped,1.0
Cc1ccc(C(=O)Nc2ccc(CN3CCN(C(=O)CCCc4cn(CCOCCOCCOCCOCCNc5cccc6c5C(=O)N(C5CCC(=O)NC5=O)C6=O)nn4)CC3)c(C(F)(F)F)c2)cc1C#Cc1cnc2cccnn12,True,1153,,P00519,CRBN,CRBN,Q96SW2,K562,EGFP-K562,70.0,7.154901959985743,1,,0,,0,1,10.1021/acs.jmedchem.0c00967,PROTAC-Pedia,,32.0,,K-562,ACH-000551,Myeloid,mapped,1.0
Cc1c(COc2ccc(CN3CCCCC3C(=O)NCCNC(=O)CCCC(=O)Nc3cccc4c3C(=O)N(C3CCC(=O)NC3=O)C4=O)cc2Br)cccc1-c1ccccc1,True,1186,,Q9NZQ7,CRBN,CRBN,Q96SW2,,,,,0,,0,,0,1,10.1016/j.ejmech.2020.112377,PROTAC-Pedia,,,,,,,,
Cc1c(COc2ccc(CN3CCCCC3C(=O)N3CCN(C(=O)CCCC(=O)Nc4cccc5c4C(=O)N(C4CCC(=O)NC4=O)C5=O)CC3)cc2Br)cccc1-c1ccccc1,True,1187,,Q9NZQ7,CRBN,CRBN,Q96SW2,,,,,0,,0,,0,1,10.1016/j.ejmech.2020.112377,PROTAC-Pedia,,,,,,,,
Cc1c(COc2ccc(CN3CCCCC3C(=O)NCCCCNc3cccc4c3C(=O)N(C3CCC(=O)NC3=O)C4=O)cc2Br)cccc1-c1ccccc1,True,1188,,Q9NZQ7,CRBN,CRBN,Q96SW2,,,,,0,,0,,0,1,10.1016/j.ejmech.2020.112377,PROTAC-Pedia,,,,,,,,
Cc1c(COc2cc(OCc3cccc(C#N)c3)c(CN3CCCCC3C(=O)NCCNC(=O)CCCC(=O)Nc3cccc4c3C(=O)N(C3CCC(=O)NC3=O)C4=O)cc2Cl)cccc1-c1ccccc1,True,1189,,Q9NZQ7,CRBN,CRBN,Q96SW2,,,,,0,,0,,0,1,10.1016/j.ejmech.2020.112377,PROTAC-Pedia,,,,,,,,
Cc1c(COc2cc(OCc3cccc(C#N)c3)c(CN3CCCCC3C(=O)NCCCCNC(=O)CCCC(=O)Nc3cccc4c3C(=O)N(C3CCC(=O)NC3=O)C4=O)cc2Cl)cccc1-c1ccccc1,True,1190,,Q9NZQ7,CRBN,CRBN,Q96SW2,,,,,0,,0,,0,1,10.1016/j.ejmech.2020.112377,PROTAC-Pedia,,,,,,,,
Cc1c(COc2cc(OCc3cccc(C#N)c3)c(CN3CCCCC3C(=O)NCCCNC(=O)CCC(=O)Nc3cccc4c3C(=O)N(C3CCC(=O)NC3=O)C4=O)cc2Cl)cccc1-c1ccccc1,True,1191,,Q9NZQ7,CRBN,CRBN,Q96SW2,,,,,0,,0,,0,1,10.1016/j.ejmech.2020.112377,PROTAC-Pedia,,,,,,,,
Cc1c(COc2cc(OCc3cccc(C#N)c3)c(CN3CCCCC3C(=O)NCCCCCNC(=O)CCCC(=O)Nc3cccc4c3C(=O)N(C3CCC(=O)NC3=O)C4=O)cc2Cl)cccc1-c1ccccc1,True,1192,,Q9NZQ7,CRBN,CRBN,Q96SW2,,,,,0,,0,,0,1,10.1016/j.ejmech.2020.112377,PROTAC-Pedia,,,,,,,,
Cc1c(COc2cc(OCc3cccc(C#N)c3)c(CN3CCCCC3C(=O)NCCNC(=O)CCCC(=O)Nc3ccc4c(c3)C(=O)N(C3CCC(=O)NC3=O)C4=O)cc2Cl)cccc1-c1ccccc1,True,1193,,Q9NZQ7,CRBN,CRBN,Q96SW2,,,,,0,,0,,0,1,10.1016/j.ejmech.2020.112377,PROTAC-Pedia,,,,,,,,
Cc1c(COc2cc(OCc3cccc(C#N)c3)c(CN3CCCCC3C(=O)NCCNc3cccc4c3C(=O)N(C3CCC(=O)NC3=O)C4=O)cc2Cl)cccc1-c1ccccc1,True,1196,,Q9NZQ7,CRBN,CRBN,Q96SW2,,,,,0,,0,,0,1,10.1016/j.ejmech.2020.112377,PROTAC-Pedia,,,,,,,,
Cc1c(COc2cc(OCc3cccc(C#N)c3)c(CN3CCCCC3C(=O)NCCCNc3cccc4c3C(=O)N(C3CCC(=O)NC3=O)C4=O)cc2Cl)cccc1-c1ccccc1,True,1197,,Q9NZQ7,CRBN,CRBN,Q96SW2,,,,,0,,0,,0,1,10.1016/j.ejmech.2020.112377,PROTAC-Pedia,,,,,,,,
Cc1c(COc2cc(OCc3cccc(C#N)c3)c(CN3CCCCC3C(=O)NCCCCCNc3cccc4c3C(=O)N(C3CCC(=O)NC3=O)C4=O)cc2Cl)cccc1-c1ccccc1,True,1199,,Q9NZQ7,CRBN,CRBN,Q96SW2,,,,,0,,0,,0,1,10.1016/j.ejmech.2020.112377,PROTAC-Pedia,,,,,,,,
Cc1c(COc2cc(OCc3cccc(C#N)c3)c(CN3CCCCC3C(=O)NCCCCCCNc3cccc4c3C(=O)N(C3CCC(=O)NC3=O)C4=O)cc2Cl)cccc1-c1ccccc1,True,1200,,Q9NZQ7,CRBN,CRBN,Q96SW2,,,,,0,,0,,0,1,10.1016/j.ejmech.2020.112377,PROTAC-Pedia,,,,,,,,
Cc1c(COc2cc(OCc3cccc(C#N)c3)c(CN3CCCCC3C(=O)NCCNC(=O)CCC(=O)Nc3cccc4c3C(=O)N(C3CCC(=O)NC3=O)C4=O)cc2Cl)cccc1-c1ccccc1,True,1201,,Q9NZQ7,CRBN,CRBN,Q96SW2,,,,,0,,0,,0,1,10.1016/j.ejmech.2020.112377,PROTAC-Pedia,,,,,,,,
Cc1c(COc2cc(OCc3cccc(C#N)c3)c(CN3CCCCC3C(=O)NCCNC(=O)COCC(=O)Nc3cccc4c3C(=O)N(C3CCC(=O)NC3=O)C4=O)cc2Cl)cccc1-c1ccccc1,True,1202,,Q9NZQ7,CRBN,CRBN,Q96SW2,,,,,0,,0,,0,1,10.1016/j.ejmech.2020.112377,PROTAC-Pedia,,,,,,,,
Cc1c(COc2cc(OCc3cccc(C#N)c3)c(CN3CCCCC3C(=O)NCCNC(=O)CCCC(=O)Nc3cccc4c3C(=O)N(C3CCC(=O)NC3=O)C4=O)cc2Cl)cccc1-c1ccc2c(c1)OCCO2,True,1203,,Q9NZQ7,CRBN,CRBN,Q96SW2,,,,,0,,0,,0,1,10.1016/j.ejmech.2020.112377,PROTAC-Pedia,,,,,,,,
Cc1c(COc2cc(OCc3cccc(C#N)c3)c(CN3CCCCC3C(=O)NCCNC(=O)CCCC(=O)Nc3ccc4c(c3)C(=O)N(C3CCC(=O)NC3=O)C4=O)cc2Cl)cccc1-c1ccc2c(c1)OCCO2,True,1204,,Q9NZQ7,CRBN,CRBN,Q96SW2,,,,,0,,0,,0,1,10.1016/j.ejmech.2020.112377,PROTAC-Pedia,,,,,,,,
Cc1c(COc2cc(OCc3cccc(C#N)c3)c(CN3CCCCC3C(=O)NCCNC(=O)COCC(=O)Nc3cccc4c3C(=O)N(C3CCC(=O)NC3=O)C4=O)cc2Cl)cccc1-c1ccc2c(c1)OCCO2,True,1205,,Q9NZQ7,CRBN,CRBN,Q96SW2,,,,,0,,0,,0,1,10.1016/j.ejmech.2020.112377,PROTAC-Pedia,,,,,,,,
Cc1c(COc2cc(OCc3cccc(C#N)c3)c(CN3CCCCC3C(=O)NCCNC(=O)CCC(=O)Nc3cccc4c3C(=O)N(C3CCC(=O)NC3=O)C4=O)cc2Cl)cccc1-c1ccc2c(c1)OCCO2,True,1206,,Q9NZQ7,CRBN,CRBN,Q96SW2,,,,,0,,0,,0,1,10.1016/j.ejmech.2020.112377,PROTAC-Pedia,,,,,,,,
Cc1c(COc2cc(OCc3cccc(C#N)c3)c(CN3CCCCC3C(=O)NCCNc3cccc4c3C(=O)N(C3CCC(=O)NC3=O)C4=O)cc2Cl)cccc1-c1ccc2c(c1)OCCO2,True,1209,,Q9NZQ7,CRBN,CRBN,Q96SW2,,,,,0,,0,,0,1,10.1016/j.ejmech.2020.112377,PROTAC-Pedia,,,,,,,,
Cc1c(COc2cc(OCc3cccc(C#N)c3)c(CN3CCCCC3C(=O)NCCCNc3cccc4c3C(=O)N(C3CCC(=O)NC3=O)C4=O)cc2Cl)cccc1-c1ccc2c(c1)OCCO2,True,1210,,Q9NZQ7,CRBN,CRBN,Q96SW2,,,,,0,,0,,0,1,10.1016/j.ejmech.2020.112377,PROTAC-Pedia,,,,,,,,
Cc1c(COc2cc(OCc3cccc(C#N)c3)c(CN3CCCCC3C(=O)NCCCCCNc3cccc4c3C(=O)N(C3CCC(=O)NC3=O)C4=O)cc2Cl)cccc1-c1ccc2c(c1)OCCO2,True,1212,,Q9NZQ7,CRBN,CRBN,Q96SW2,,,,,0,,0,,0,1,10.1016/j.ejmech.2020.112377,PROTAC-Pedia,,,,,,,,
Cc1c(COc2cc(OCc3cccc(C#N)c3)c(CN3CCCCC3C(=O)NCCCCCCNc3cccc4c3C(=O)N(C3CCC(=O)NC3=O)C4=O)cc2Cl)cccc1-c1ccc2c(c1)OCCO2,True,1213,,Q9NZQ7,CRBN,CRBN,Q96SW2,,,,,0,,0,,0,1,10.1016/j.ejmech.2020.112377,PROTAC-Pedia,,,,,,,,
O=C1CCC(N2C(=O)c3cccc(NCCCCCCCC(=O)Nc4ccc(N5Cc6ccc(O)cc6OC5=O)cc4)c3C2=O)C(=O)N1,True,1214,,P14174,CRBN,CRBN,Q96SW2,A549,A549 Cas9,200.0,6.698970004336019,1,90.0,1,1.0,1,1,10.1002/anie.202101864,PROTAC-Pedia,,12.0,,A549,ACH-000681,Lung,mapped,1.0
CC[C@@H]1NC(=O)[C@H]([C@H](O)[C@H](C)C/C=C/CCCCC(=O)N[C@H](C(=O)N2C[C@H](O)C[C@H]2C(=O)N[C@@H](C)c2ccc(-c3scnc3C)cc2)C(C)(C)C)N(C)C(=O)[C@H](C(C)C)N(C)C(=O)[C@H](CC(C)C)N(C)C(=O)[C@H](CC(C)C)N(C)C(=O)[C@@H](C)NC(=O)[C@H](C)NC(=O)[C@H](CC(C)C)N(C)C(=O)[C@H](C(C)C)NC(=O)[C@H](CC(C)C)N(C)C(=O)CN(C)C1=O,True,1215,,P62937,VHL,VHL,P40337,Huh7,Huh7 IFITM2-/-,30.0,7.522878745280337,1,90.0,1,1.0,1,1,10.7554/eLife.52237,PROTAC-Pedia,,48.0,Exhibits potent anti-HCV activity. The first demonstration of a PROTAC antiviral effect by degradation of a host protein (cyclophilin A).,HuH-7,ACH-000480,Liver,mapped,1.0
COc1cc(-c2cn(C)c(=O)c3cnccc23)cc(OC)c1CN1CCN(CCOCCOCCOc2cc(-c3scnc3C)ccc2CNC(=O)[C@@H]2C[C@@H](O)CN2C(=O)[C@@H](NC(=O)C2(F)CC2)C(C)(C)C)CC1,True,11,BRD9,Q9H8M2,VHL,VHL,P40337,HeLa,HeLa,560.0,6.251811972993799,1,80.0,1,1.0,1,1,10.1021/acs.jmedchem.8b01413,PROTAC-DB,Degradation of BRD9 in HeLa cells after 4 h treatment,4.0,,HeLa,ACH-001086,Cervix,mapped,1.0
COc1cc(-c2cn(C)c(=O)c3cnccc23)cc(OC)c1CN1CCN(CCCCCOc2cc(-c3scnc3C)ccc2CNC(=O)[C@@H]2C[C@@H](O)CN2C(=O)[C@@H](NC(=O)C2(F)CC2)C(C)(C)C)CC1,True,VZ185,BRD9,Q9H8M2,VHL,VHL,P40337,RI-1,Ri-1,1.76,8.75448733218585,1,95.0,1,1.0,1,1,10.1021/acs.jmedchem.8b01413,PROTAC-DB,Degradation of BRD9 in RI-1 cells after 8 h treatment,8.0,,RI-1,ACH-000398,Lymphoid,mapped,1.0
COc1cc(-c2cn(C)c(=O)c3cnccc23)cc(OC)c1CN1CCN(CCCCCOc2cc(-c3scnc3C)ccc2CNC(=O)[C@@H]2C[C@@H](O)CN2C(=O)[C@@H](NC(=O)C2(F)CC2)C(C)(C)C)CC1,True,VZ185,HiBiT-BRD9,Q9H8M2,VHL,VHL,P40337,HEK293,HEK293,4.0,8.397940008672037,1,,0,,0,1,10.1021/acs.jmedchem.8b01413,PROTAC-DB,Degradation of HiBiT-BRD9 in HEK293 cells after 24 h treatment using CRISPR/Cas9,24.0,,HEK293,,,unmapped,0.0
COc1cc(-c2cn(C)c(=O)c3cnccc23)cc(OC)c1CN1CCN(CCCCCOc2cc(-c3scnc3C)ccc2CNC(=O)[C@@H]2C[C@@H](O)CN2C(=O)[C@@H](NC(=O)C2(F)CC2)C(C)(C)C)CC1,True,VZ185,BRD9,Q9H8M2,VHL,VHL,P40337,EOL-1,EoL-1,2.0,8.698970004336019,1,,0,,0,1,10.1021/acs.jmedchem.8b01413,PROTAC-DB,Degradation of BRD9 in EOL-1/A-204 cells after 18 h treatment on a WES capillary electrophoresis instrument,18.0,,EOL-1,ACH-000198,Myeloid,mapped,1.0
COc1cc(-c2cn(C)c(=O)c3cnccc23)cc(OC)c1CN1CCN(CCCCCOc2cc(-c3scnc3C)ccc2CNC(=O)[C@@H]2C[C@@H](O)CN2C(=O)[C@@H](NC(=O)C2(F)CC2)C(C)(C)C)CC1,True,VZ185,BRD9,Q9H8M2,VHL,VHL,P40337,A-204,A-204,8.0,8.096910013008056,1,,0,,0,1,10.1021/acs.jmedchem.8b01413,PROTAC-DB,Degradation of BRD9 in EOL-1/A-204 cells after 18 h treatment on a WES capillary electrophoresis instrument,18.0,,A-204,ACH-000201,Kidney,mapped,1.0
COc1cc(-c2cn(C)c(=O)c3cnccc23)cc(OC)c1CN1CCN(CCCCCOc2cc(-c3scnc3C)ccc2CNC(=O)[C@@H]2C[C@@H](O)CN2C(=O)[C@@H](NC(=O)C2(F)CC2)C(C)(C)C)CC1,True,VZ185,BRD7,Q9NPI1,VHL,VHL,P40337,RI-1,Ri-1,4.5,8.346787486224656,1,95.0,1,1.0,1,1,10.1021/acs.jmedchem.8b01413,PROTAC-DB,Degradation of BRD7 in RI-1 cells after 8 h treatment,8.0,,RI-1,ACH-000398,Lymphoid,mapped,1.0
COc1cc(-c2cn(C)c(=O)c3cnccc23)cc(OC)c1CN1CCN(CCCCCOc2cc(-c3scnc3C)ccc2CNC(=O)[C@@H]2C[C@@H](O)CN2C(=O)[C@@H](NC(=O)C2(F)CC2)C(C)(C)C)CC1,True,VZ185,HiBiT-BRD7,Q9NPI1,VHL,VHL,P40337,HEK293,HEK293,34.5,7.462180904926726,1,,0,,0,1,10.1021/acs.jmedchem.8b01413,PROTAC-DB,Degradation of HiBiT-BRD7 in HEK293 cells after 24 h treatment using CRISPR/Cas9,24.0,,HEK293,,,unmapped,0.0
CCN(CCCCCOCC(=O)N[C@H](C(=O)N1C[C@H](O)C[C@H]1C(=O)N[C@@H](C)c1ccc(-c2scnc2C)cc1)C(C)(C)C)CCOc1ccc(C(=O)c2c(-c3ccc(O)cc3)sc3cc(O)ccc23)cc1,True,ERD-308,ER,P03372,VHL,VHL,P40337,T47D,T47D Ad12,0.43,9.366531544420413,1,95.0,1,1.0,1,1,10.1021/acs.jmedchem.8b01572,PROTAC-DB,Degradation of ER in MCF-7/T47D cells after 4 h treatment,4.0,,T-47D,ACH-000147,Breast,mapped,1.0
Cc1cc([C@H](C(=O)N2C[C@H](O)C[C@H]2C(=O)N[C@@H](CC(=O)N2CCC(N3CCC(C#Cc4ccc(C(=O)N[C@H]5C(C)(C)[C@H](Oc6ccc(C#N)c(Cl)c6)C5(C)C)cc4)CC3)CC2)c2ccc(-c3scnc3C)cc2)C(C)C)on1,True,ARD-61,AR,P10275,VHL,VHL,P40337,LNCaP,LNCaP,7.2,8.142667503568731,1,95.0,1,1.0,1,1,10.1021/acs.jmedchem.9b01393,PROTAC-DB,Degradation of AR in LNCaP/VCaP AR+ cells after 6 h treatment,6.0,,LNCaP clone FGC,ACH-000977,Prostate,mapped,1.0
Cc1cc([C@H](C(=O)N2C[C@H](O)C[C@H]2C(=O)N[C@@H](CC(=O)N2CCC(N3CCC(C#Cc4ccc(C(=O)N[C@H]5C(C)(C)[C@H](Oc6ccc(C#N)c(Cl)c6)C5(C)C)cc4)CC3)CC2)c2ccc(-c3scnc3C)cc2)C(C)C)on1,True,ARD-61,AR,P10275,VHL,VHL,P40337,VCaP AR+,VCaP AR-V7/pHag,1.0,9.0,1,95.0,1,1.0,1,1,10.1021/acs.jmedchem.9b01393,PROTAC-DB,Degradation of AR in LNCaP/VCaP AR+ cells after 6 h treatment,6.0,,VCaP,ACH-000115,Prostate,mapped,1.0
Cc1ncsc1-c1ccc([C@H](CC(=O)N2CCC(N3CCC(C#Cc4ccc(C(=O)N[C@H]5C(C)(C)[C@H](Oc6ccc(C#N)c(Cl)c6)C5(C)C)cc4)CC3)CC2)NC(=O)[C@@H]2C[C@@H](O)CN2C(=O)[C@@H](NC(=O)C2(F)CC2)C(C)(C)C)cc1,True,ARD-69,AR,P10275,VHL,VHL,P40337,LNCaP,LNCaP,0.86,9.065501548756432,1,95.0,1,1.0,1,1,10.1021/acs.jmedchem.8b01631,PROTAC-DB,Degradation of AR in LNCaP/VCaP/22Rv1 cells after 24 h treatment,24.0,,LNCaP clone FGC,ACH-000977,Prostate,mapped,1.0
Cc1ncsc1-c1ccc([C@H](CC(=O)N2CCC(N3CCC(C#Cc4ccc(C(=O)N[C@H]5C(C)(C)[C@H](Oc6ccc(C#N)c(Cl)c6)C5(C)C)cc4)CC3)CC2)NC(=O)[C@@H]2C[C@@H](O)CN2C(=O)[C@@H](NC(=O)C2(F)CC2)C(C)(C)C)cc1,True,ARD-69,AR,P10275,VHL,VHL,P40337,VCaP,VCaP,0.76,9.119186407719209,1,95.0,1,1.0,1,1,10.1021/acs.jmedchem.8b01631,PROTAC-DB,Degradation of AR in LNCaP/VCaP/22Rv1 cells after 24 h treatment,24.0,,VCaP,ACH-000115,Prostate,mapped,1.0
Cc1ncsc1-c1ccc([C@H](CC(=O)N2CCC(N3CCC(C#Cc4ccc(C(=O)N[C@H]5C(C)(C)[C@H](Oc6ccc(C#N)c(Cl)c6)C5(C)C)cc4)CC3)CC2)NC(=O)[C@@H]2C[C@@H](O)CN2C(=O)[C@@H](NC(=O)C2(F)CC2)C(C)(C)C)cc1,True,ARD-69,AR,P10275,VHL,VHL,P40337,22Rv1,22Rv1,10.4,7.982966660701219,1,95.0,1,1.0,1,1,10.1021/acs.jmedchem.8b01631,PROTAC-DB,Degradation of AR in LNCaP/VCaP/22Rv1 cells after 24 h treatment,24.0,,22Rv1,ACH-000956,Prostate,mapped,1.0
Cc1sc2c(c1C)C(c1ccc(Cl)cc1)=N[C@@H](CC(=O)NCCn1cc(COc3cccc4c3C(=O)N(C3CCC(=O)NC3=O)C4=O)nn1)c1nnc(C)n1-2,True,146,BRD4,O60885,CRBN,CRBN,Q96SW2,NCI-H661,NCI-H661,490.0,6.309803919971486,1,,0,,0,1,10.1021/acs.jmedchem.6b01781,PROTAC-DB,Degradation of BRD4 in NCI-H661/NCI-H838 cells after 4h treatment,4.0,,NCI-H661,ACH-000853,Lung,mapped,1.0
Cc1sc2c(c1C)C(c1ccc(Cl)cc1)=N[C@@H](CC(=O)NCCn1cc(COc3cccc4c3C(=O)N(C3CCC(=O)NC3=O)C4=O)nn1)c1nnc(C)n1-2,True,146,BRD4,O60885,CRBN,CRBN,Q96SW2,NCI-H838,NCI-H838,500.0,6.301029995663981,1,,0,,0,1,10.1021/acs.jmedchem.6b01781,PROTAC-DB,Degradation of BRD4 in NCI-H661/NCI-H838 cells after 4h treatment,4.0,,NCI-H838,ACH-000416,Lung,mapped,1.0
Cc1sc2c(c1C)C(c1ccc(Cl)cc1)=N[C@@H](CC(=O)NCCn1cc(COCCOc3cccc4c3C(=O)N(C3CCC(=O)NC3=O)C4=O)nn1)c1nnc(C)n1-2,True,147,BRD4,O60885,CRBN,CRBN,Q96SW2,NCI-H661,NCI-H661,5000.0,5.301029995663981,1,,0,0.0,1,1,10.1021/acs.jmedchem.6b01781,PROTAC-DB,Degradation of BRD4 in NCI-H661/NCI-H838 cells after 4h treatment,4.0,,NCI-H661,ACH-000853,Lung,mapped,1.0
Cc1sc2c(c1C)C(c1ccc(Cl)cc1)=N[C@@H](CC(=O)NCCn1cc(COCCOc3cccc4c3C(=O)N(C3CCC(=O)NC3=O)C4=O)nn1)c1nnc(C)n1-2,True,147,BRD4,O60885,CRBN,CRBN,Q96SW2,NCI-H838,NCI-H838,130.0,6.886056647693163,1,,0,,0,1,10.1021/acs.jmedchem.6b01781,PROTAC-DB,Degradation of BRD4 in NCI-H661/NCI-H838 cells after 4h treatment,4.0,,NCI-H838,ACH-000416,Lung,mapped,1.0
Cc1sc2c(c1C)C(c1ccc(Cl)cc1)=N[C@@H](CC(=O)NCCn1cc(COCCOCCOc3cccc4c3C(=O)N(C3CCC(=O)NC3=O)C4=O)nn1)c1nnc(C)n1-2,True,148,BRD4,O60885,CRBN,CRBN,Q96SW2,NCI-H661,NCI-H661,5000.0,5.301029995663981,1,,0,0.0,1,1,10.1021/acs.jmedchem.6b01781,PROTAC-DB,Degradation of BRD4 in NCI-H661/NCI-H838 cells after 4h treatment,4.0,,NCI-H661,ACH-000853,Lung,mapped,1.0
Cc1sc2c(c1C)C(c1ccc(Cl)cc1)=N[C@@H](CC(=O)NCCn1cc(COCCOCCOc3cccc4c3C(=O)N(C3CCC(=O)NC3=O)C4=O)nn1)c1nnc(C)n1-2,True,148,BRD4,O60885,CRBN,CRBN,Q96SW2,NCI-H838,NCI-H838,1260.0,5.8996294548824375,1,,0,0.0,1,1,10.1021/acs.jmedchem.6b01781,PROTAC-DB,Degradation of BRD4 in NCI-H661/NCI-H838 cells after 4h treatment,4.0,,NCI-H838,ACH-000416,Lung,mapped,1.0
Cc1sc2c(c1C)C(c1ccc(Cl)cc1)=N[C@@H](CC(=O)NCCn1cc(COCCOCCOCCOc3cccc4c3C(=O)N(C3CCC(=O)NC3=O)C4=O)nn1)c1nnc(C)n1-2,True,149,BRD4,O60885,CRBN,CRBN,Q96SW2,NCI-H661,NCI-H661,450.0,6.346787486224656,1,,0,,0,1,10.1021/acs.jmedchem.6b01781,PROTAC-DB,Degradation of BRD4 in NCI-H661/NCI-H838 cells after 4h treatment,4.0,,NCI-H661,ACH-000853,Lung,mapped,1.0
Cc1sc2c(c1C)C(c1ccc(Cl)cc1)=N[C@@H](CC(=O)NCCn1cc(COCCOCCOCCOc3cccc4c3C(=O)N(C3CCC(=O)NC3=O)C4=O)nn1)c1nnc(C)n1-2,True,149,BRD4,O60885,CRBN,CRBN,Q96SW2,NCI-H838,NCI-H838,250.0,6.6020599913279625,1,,0,,0,1,10.1021/acs.jmedchem.6b01781,PROTAC-DB,Degradation of BRD4 in NCI-H661/NCI-H838 cells after 4h treatment,4.0,,NCI-H838,ACH-000416,Lung,mapped,1.0
Cc1sc2c(c1C)C(c1ccc(Cl)cc1)=N[C@@H](CC(=O)NCCn1cc(COCCOCCOCCOCCOc3cccc4c3C(=O)N(C3CCC(=O)NC3=O)C4=O)nn1)c1nnc(C)n1-2,True,150,BRD4,O60885,CRBN,CRBN,Q96SW2,NCI-H661,NCI-H661,200.0,6.698970004336019,1,,0,,0,1,10.1021/acs.jmedchem.6b01781,PROTAC-DB,Degradation of BRD4 in NCI-H661/NCI-H838 cells after 4h treatment,4.0,,NCI-H661,ACH-000853,Lung,mapped,1.0
Cc1sc2c(c1C)C(c1ccc(Cl)cc1)=N[C@@H](CC(=O)NCCn1cc(COCCOCCOCCOCCOc3cccc4c3C(=O)N(C3CCC(=O)NC3=O)C4=O)nn1)c1nnc(C)n1-2,True,150,BRD4,O60885,CRBN,CRBN,Q96SW2,NCI-H838,NCI-H838,150.0,6.823908740944319,1,,0,,0,1,10.1021/acs.jmedchem.6b01781,PROTAC-DB,Degradation of BRD4 in NCI-H661/NCI-H838 cells after 4h treatment,4.0,,NCI-H838,ACH-000416,Lung,mapped,1.0
Cc1ncsc1-c1ccc(CNC(=O)[C@@H]2C[C@@H](O)CN2C(=O)[C@@H](NC(=O)COCc2cn(CCNC(=O)C[C@@H]3N=C(c4ccc(Cl)cc4)c4c(sc(C)c4C)-n4c(C)nnc43)nn2)C(C)(C)C)cc1,True,151,BRD4,O60885,VHL,VHL,P40337,NCI-H661,NCI-H661,59.0,7.229147988357855,1,,0,,0,1,10.1021/acs.jmedchem.6b01781,PROTAC-DB,Degradation of BRD4 in NCI-H661/NCI-H838 cells after 4h treatment,4.0,,NCI-H661,ACH-000853,Lung,mapped,1.0
Cc1ncsc1-c1ccc(CNC(=O)[C@@H]2C[C@@H](O)CN2C(=O)[C@@H](NC(=O)COCc2cn(CCNC(=O)C[C@@H]3N=C(c4ccc(Cl)cc4)c4c(sc(C)c4C)-n4c(C)nnc43)nn2)C(C)(C)C)cc1,True,151,BRD4,O60885,VHL,VHL,P40337,NCI-H838,NCI-H838,550.0,6.259637310505756,1,,0,,0,1,10.1021/acs.jmedchem.6b01781,PROTAC-DB,Degradation of BRD4 in NCI-H661/NCI-H838 cells after 4h treatment,4.0,,NCI-H838,ACH-000416,Lung,mapped,1.0
Cc1ncsc1-c1ccc(CNC(=O)[C@@H]2C[C@@H](O)CN2C(=O)[C@@H](NC(=O)COCCOCc2cn(CCNC(=O)C[C@@H]3N=C(c4ccc(Cl)cc4)c4c(sc(C)c4C)-n4c(C)nnc43)nn2)C(C)(C)C)cc1,True,152,BRD4,O60885,VHL,VHL,P40337,NCI-H661,NCI-H661,83.0,7.080921907623926,1,,0,,0,1,10.1021/acs.jmedchem.6b01781,PROTAC-DB,Degradation of BRD4 in NCI-H661/NCI-H838 cells after 4h treatment,4.0,,NCI-H661,ACH-000853,Lung,mapped,1.0
Cc1ncsc1-c1ccc(CNC(=O)[C@@H]2C[C@@H](O)CN2C(=O)[C@@H](NC(=O)COCCOCc2cn(CCNC(=O)C[C@@H]3N=C(c4ccc(Cl)cc4)c4c(sc(C)c4C)-n4c(C)nnc43)nn2)C(C)(C)C)cc1,True,152,BRD4,O60885,VHL,VHL,P40337,NCI-H838,NCI-H838,470.0,6.327902142064283,1,,0,,0,1,10.1021/acs.jmedchem.6b01781,PROTAC-DB,Degradation of BRD4 in NCI-H661/NCI-H838 cells after 4h treatment,4.0,,NCI-H838,ACH-000416,Lung,mapped,1.0
Cc1ncsc1-c1ccc(CNC(=O)[C@@H]2C[C@@H](O)CN2C(=O)[C@@H](NC(=O)COCCOCCOCc2cn(CCNC(=O)C[C@@H]3N=C(c4ccc(Cl)cc4)c4c(sc(C)c4C)-n4c(C)nnc43)nn2)C(C)(C)C)cc1,True,153,BRD4,O60885,VHL,VHL,P40337,NCI-H661,NCI-H661,240.0,6.619788758288394,1,,0,,0,1,10.1021/acs.jmedchem.6b01781,PROTAC-DB,Degradation of BRD4 in NCI-H661/NCI-H838 cells after 4h treatment,4.0,,NCI-H661,ACH-000853,Lung,mapped,1.0
Cc1ncsc1-c1ccc(CNC(=O)[C@@H]2C[C@@H](O)CN2C(=O)[C@@H](NC(=O)COCCOCCOCc2cn(CCNC(=O)C[C@@H]3N=C(c4ccc(Cl)cc4)c4c(sc(C)c4C)-n4c(C)nnc43)nn2)C(C)(C)C)cc1,True,153,BRD4,O60885,VHL,VHL,P40337,NCI-H838,NCI-H838,1670.0,5.777283528852417,1,,0,0.0,1,1,10.1021/acs.jmedchem.6b01781,PROTAC-DB,Degradation of BRD4 in NCI-H661/NCI-H838 cells after 4h treatment,4.0,,NCI-H838,ACH-000416,Lung,mapped,1.0
Cc1ncsc1-c1ccc(CNC(=O)[C@@H]2C[C@@H](O)CN2C(=O)[C@@H](NC(=O)COCCOCCOCCOCc2cn(CCNC(=O)C[C@@H]3N=C(c4ccc(Cl)cc4)c4c(sc(C)c4C)-n4c(C)nnc43)nn2)C(C)(C)C)cc1,True,154,BRD4,O60885,VHL,VHL,P40337,NCI-H661,NCI-H661,460.0,6.337242168318426,1,,0,,0,1,10.1021/acs.jmedchem.6b01781,PROTAC-DB,Degradation of BRD4 in NCI-H661/NCI-H838 cells after 4h treatment,4.0,,NCI-H661,ACH-000853,Lung,mapped,1.0
Cc1ncsc1-c1ccc(CNC(=O)[C@@H]2C[C@@H](O)CN2C(=O)[C@@H](NC(=O)COCCOCCOCCOCc2cn(CCNC(=O)C[C@@H]3N=C(c4ccc(Cl)cc4)c4c(sc(C)c4C)-n4c(C)nnc43)nn2)C(C)(C)C)cc1,True,154,BRD4,O60885,VHL,VHL,P40337,NCI-H838,NCI-H838,3660.0,5.436518914605589,1,,0,0.0,1,1,10.1021/acs.jmedchem.6b01781,PROTAC-DB,Degradation of BRD4 in NCI-H661/NCI-H838 cells after 4h treatment,4.0,,NCI-H838,ACH-000416,Lung,mapped,1.0
Cc1ncsc1-c1ccc(CNC(=O)[C@@H]2C[C@@H](O)CN2C(=O)[C@@H](NC(=O)COCCOCCOCCOCCOCc2cn(CCNC(=O)C[C@@H]3N=C(c4ccc(Cl)cc4)c4c(sc(C)c4C)-n4c(C)nnc43)nn2)C(C)(C)C)cc1,True,155,BRD4,O60885,VHL,VHL,P40337,NCI-H661,NCI-H661,630.0,6.200659450546418,1,,0,,0,1,10.1021/acs.jmedchem.6b01781,PROTAC-DB,Degradation of BRD4 in NCI-H661/NCI-H838 cells after 4h treatment,4.0,,NCI-H661,ACH-000853,Lung,mapped,1.0
Cc1ncsc1-c1ccc(CNC(=O)[C@@H]2C[C@@H](O)CN2C(=O)[C@@H](NC(=O)COCCOCCOCCOCCOCc2cn(CCNC(=O)C[C@@H]3N=C(c4ccc(Cl)cc4)c4c(sc(C)c4C)-n4c(C)nnc43)nn2)C(C)(C)C)cc1,True,155,BRD4,O60885,VHL,VHL,P40337,NCI-H838,NCI-H838,2730.0,5.5638373529592435,1,,0,0.0,1,1,10.1021/acs.jmedchem.6b01781,PROTAC-DB,Degradation of BRD4 in NCI-H661/NCI-H838 cells after 4h treatment,4.0,,NCI-H838,ACH-000416,Lung,mapped,1.0
Cc1ncsc1-c1ccc(CNC(=O)[C@@H]2C[C@@H](O)CN2C(=O)[C@@H](NC(=O)COCCOCCOCCNc2cccc3c2C(=O)N(C2CCC(=O)NC2=O)C3=O)C(C)(C)C)cc1,True,TD-343,CRBN,Q96SW2,VHL,VHL,P40337,HEK293T,HEK293T,367.8,6.434388275097941,1,85.1,1,1.0,1,1,10.1038/s41598-019-56177-5,PROTAC-DB,Degradation of CRBN in HEK293T cells after 24h treatment,24.0,,HEK293T,,,unmapped,0.0
COc1cc2c(Oc3ccc(NC(=O)C4(C(=O)Nc5ccc(F)cc5)CC4)cc3F)ccnc2cc1OCCOCCOCCC(=O)N[C@H](C(=O)N1C[C@H](O)C[C@H]1C(=O)NCc1ccc(-c2scnc2C)cc1)C(C)(C)C,True,SJF-6693,p38alpha,Q16539,VHL,VHL,P40337,MDA-MB-231,MDA-MB-231,40.1,7.396855627379818,1,92.6,1,1.0,1,1,10.1038/s41467-018-08027-7,PROTAC-DB,Degradation of p38alpha in MDA-MB-231 cells,,,MDA-MB-231,ACH-000768,Breast,mapped,1.0
COc1cc2c(Oc3ccc(NC(=O)C4(C(=O)Nc5ccc(F)cc5)CC4)cc3F)ccnc2cc1OCCOCCOCCC(=O)N[C@H](C(=O)N1C[C@H](O)C[C@H]1C(=O)NCc1ccc(-c2scnc2C)cc1)C(C)(C)C,True,SJF-6693,p38delta,O15264,VHL,VHL,P40337,MDA-MB-231,MDA-MB-231,51.4,7.289036881004725,1,81.8,1,1.0,1,1,10.1038/s41467-018-08027-7,PROTAC-DB,Degradation of p38delta in MDA-MB-231 cells,,,MDA-MB-231,ACH-000768,Breast,mapped,1.0
COc1cc2c(Oc3ccc(NC(=O)C4(C(=O)Nc5ccc(F)cc5)CC4)cc3F)ccnc2cc1OCCCOCCOCCC(=O)N[C@H](C(=O)N1C[C@H](O)C[C@H]1C(=O)NCc1ccc(-c2scnc2C)cc1)C(C)(C)C,True,SJF-6690,p38alpha,Q16539,VHL,VHL,P40337,MDA-MB-231,MDA-MB-231,18.8,7.72584215073632,1,99.4,1,1.0,1,1,10.1038/s41467-018-08027-7,PROTAC-DB,Degradation of p38alpha in MDA-MB-231 cells,,,MDA-MB-231,ACH-000768,Breast,mapped,1.0
COc1cc2c(Oc3ccc(NC(=O)C4(C(=O)Nc5ccc(F)cc5)CC4)cc3F)ccnc2cc1OCCCOCCOCCC(=O)N[C@H](C(=O)N1C[C@H](O)C[C@H]1C(=O)NCc1ccc(-c2scnc2C)cc1)C(C)(C)C,True,SJF-6690,p38delta,O15264,VHL,VHL,P40337,MDA-MB-231,MDA-MB-231,91.7,7.037630664329979,1,96.7,1,1.0,1,1,10.1038/s41467-018-08027-7,PROTAC-DB,Degradation of p38delta in MDA-MB-231 cells,,,MDA-MB-231,ACH-000768,Breast,mapped,1.0
COc1cc2c(Oc3ccc(NC(=O)C4(C(=O)Nc5ccc(F)cc5)CC4)cc3F)ccnc2cc1OCCCOCCCOCCC(=O)N[C@H](C(=O)N1C[C@H](O)C[C@H]1C(=O)NCc1ccc(-c2scnc2C)cc1)C(C)(C)C,True,SJF-8240,p38alpha,Q16539,VHL,VHL,P40337,MDA-MB-231,MDA-MB-231,230.0,6.638272163982407,1,90.1,1,1.0,1,1,10.1038/s41467-018-08027-7,PROTAC-DB,Degradation of p38alpha in MDA-MB-231 cells,,,MDA-MB-231,ACH-000768,Breast,mapped,1.0
COc1cc2c(Oc3ccc(NC(=O)C4(C(=O)Nc5ccc(F)cc5)CC4)cc3F)ccnc2cc1OCCCOCCCOCCC(=O)N[C@H](C(=O)N1C[C@H](O)C[C@H]1C(=O)NCc1ccc(-c2scnc2C)cc1)C(C)(C)C,True,SJF-8240,p38delta,O15264,VHL,VHL,P40337,MDA-MB-231,MDA-MB-231,456.0,6.341035157335565,1,54.3,1,0.0,1,1,10.1038/s41467-018-08027-7,PROTAC-DB,Degradation of p38delta in MDA-MB-231 cells,,,MDA-MB-231,ACH-000768,Breast,mapped,1.0
COc1cc2c(Oc3ccc(NC(=O)C4(C(=O)Nc5ccc(F)cc5)CC4)cc3F)ccnc2cc1OCCCCOCCCCOCC(=O)N[C@H](C(=O)N1C[C@H](O)C[C@H]1C(=O)NCc1ccc(-c2scnc2C)cc1)C(C)(C)C,True,SJF-6696,p38alpha,Q16539,VHL,VHL,P40337,MDA-MB-231,MDA-MB-231,9.5,8.022276394711152,1,99.6,1,1.0,1,1,10.1038/s41467-018-08027-7,PROTAC-DB,Degradation of p38alpha in MDA-MB-231 cells,,,MDA-MB-231,ACH-000768,Breast,mapped,1.0
COc1cc2c(Oc3ccc(NC(=O)C4(C(=O)Nc5ccc(F)cc5)CC4)cc3F)ccnc2cc1OCCCCOCCCCOCC(=O)N[C@H](C(=O)N1C[C@H](O)C[C@H]1C(=O)NCc1ccc(-c2scnc2C)cc1)C(C)(C)C,True,SJF-6696,p38delta,O15264,VHL,VHL,P40337,MDA-MB-231,MDA-MB-231,1160.0,5.935542010773082,1,25.1,1,0.0,1,1,10.1038/s41467-018-08027-7,PROTAC-DB,Degradation of p38delta in MDA-MB-231 cells,,,MDA-MB-231,ACH-000768,Breast,mapped,1.0
COc1cc2c(Oc3ccc(NC(=O)C4(C(=O)Nc5ccc(F)cc5)CC4)cc3F)ccnc2cc1OCCOCCOCCOc1cc(-c2scnc2C)ccc1CNC(=O)[C@@H]1C[C@@H](O)CN1C(=O)[C@H](C(C)C)N1Cc2ccccc2C1=O,True,SJF-6683,p38alpha,Q16539,VHL,VHL,P40337,MDA-MB-231,MDA-MB-231,45.9,7.338187314462739,1,34.5,1,0.0,1,1,10.1038/s41467-018-08027-7,PROTAC-DB,Degradation of p38alpha in MDA-MB-231 cells,,,MDA-MB-231,ACH-000768,Breast,mapped,1.0
COc1cc2c(Oc3ccc(NC(=O)C4(C(=O)Nc5ccc(F)cc5)CC4)cc3F)ccnc2cc1OCCOCCOCCOc1cc(-c2scnc2C)ccc1CNC(=O)[C@@H]1C[C@@H](O)CN1C(=O)[C@H](C(C)C)N1Cc2ccccc2C1=O,True,SJF-6683,p38delta,O15264,VHL,VHL,P40337,MDA-MB-231,MDA-MB-231,79.2,7.101274818410507,1,98.4,1,1.0,1,1,10.1038/s41467-018-08027-7,PROTAC-DB,Degradation of p38delta in MDA-MB-231 cells,,,MDA-MB-231,ACH-000768,Breast,mapped,1.0
COc1cc2c(Oc3ccc(NC(=O)C4(C(=O)Nc5ccc(F)cc5)CC4)cc3F)ccnc2cc1OCCCCOCCCCOc1cc(-c2scnc2C)ccc1CNC(=O)[C@@H]1C[C@@H](O)CN1C(=O)[C@H](C(C)C)N1Cc2ccccc2C1=O,True,SJF-6677,p38alpha,Q16539,VHL,VHL,P40337,MDA-MB-231,MDA-MB-231,127.0,6.896196279044043,1,25.3,1,0.0,1,1,10.1038/s41467-018-08027-7,PROTAC-DB,Degradation of p38alpha in MDA-MB-231 cells,,,MDA-MB-231,ACH-000768,Breast,mapped,1.0
COc1cc2c(Oc3ccc(NC(=O)C4(C(=O)Nc5ccc(F)cc5)CC4)cc3F)ccnc2cc1OCCCCOCCCCOc1cc(-c2scnc2C)ccc1CNC(=O)[C@@H]1C[C@@H](O)CN1C(=O)[C@H](C(C)C)N1Cc2ccccc2C1=O,True,SJF-6677,p38delta,O15264,VHL,VHL,P40337,MDA-MB-231,MDA-MB-231,106.0,6.97469413473523,1,43.5,1,0.0,1,1,10.1038/s41467-018-08027-7,PROTAC-DB,Degradation of p38delta in MDA-MB-231 cells,,,MDA-MB-231,ACH-000768,Breast,mapped,1.0
COc1cc2c(Oc3ccc(NC(=O)C4(C(=O)Nc5ccc(F)cc5)CC4)cc3F)ccnc2cc1OCCCOCCOCCCOc1cc(-c2scnc2C)ccc1CNC(=O)[C@@H]1C[C@@H](O)CN1C(=O)[C@H](C(C)C)N1Cc2ccccc2C1=O,True,BES-4612,p38alpha,Q16539,VHL,VHL,P40337,MDA-MB-231,MDA-MB-231,760.0,6.119186407719209,1,16.8,1,0.0,1,1,10.1038/s41467-018-08027-7,PROTAC-DB,Degradation of p38alpha in MDA-MB-231 cells,,,MDA-MB-231,ACH-000768,Breast,mapped,1.0
COc1cc2c(Oc3ccc(NC(=O)C4(C(=O)Nc5ccc(F)cc5)CC4)cc3F)ccnc2cc1OCCCOCCOCCCOc1cc(-c2scnc2C)ccc1CNC(=O)[C@@H]1C[C@@H](O)CN1C(=O)[C@H](C(C)C)N1Cc2ccccc2C1=O,True,BES-4612,p38delta,O15264,VHL,VHL,P40337,MDA-MB-231,MDA-MB-231,1890.0,5.723538195826756,1,78.7,1,0.0,1,1,10.1038/s41467-018-08027-7,PROTAC-DB,Degradation of p38delta in MDA-MB-231 cells,,,MDA-MB-231,ACH-000768,Breast,mapped,1.0
COc1cc2c(Oc3ccc(NC(=O)C4(C(=O)Nc5ccc(F)cc5)CC4)cc3F)ccnc2cc1OCCCOCCCOCCCOc1cc(-c2scnc2C)ccc1CNC(=O)[C@@H]1C[C@@H](O)CN1C(=O)[C@H](C(C)C)N1Cc2ccccc2C1=O,True,SJF-6685,p38alpha,Q16539,VHL,VHL,P40337,MDA-MB-231,MDA-MB-231,304.0,6.517126416391246,1,19.9,1,0.0,1,1,10.1038/s41467-018-08027-7,PROTAC-DB,Degradation of p38alpha in MDA-MB-231 cells,,,MDA-MB-231,ACH-000768,Breast,mapped,1.0
COc1cc2c(Oc3ccc(NC(=O)C4(C(=O)Nc5ccc(F)cc5)CC4)cc3F)ccnc2cc1OCCCOCCCOCCCOc1cc(-c2scnc2C)ccc1CNC(=O)[C@@H]1C[C@@H](O)CN1C(=O)[C@H](C(C)C)N1Cc2ccccc2C1=O,True,SJF-6685,p38delta,O15264,VHL,VHL,P40337,MDA-MB-231,MDA-MB-231,1140.0,5.943095148663527,1,33.5,1,0.0,1,1,10.1038/s41467-018-08027-7,PROTAC-DB,Degradation of p38delta in MDA-MB-231 cells,,,MDA-MB-231,ACH-000768,Breast,mapped,1.0
Cc1sc2c(c1C)C(c1ccc(Cl)cc1)=N[C@@H](CC(=O)NCCCCCNc1cccc3c1CN(C1CCC(=O)NC1=O)C3=O)c1nnc(C)n1-2,True,SIAIS213110,BRD2,P25440,CRBN,CRBN,Q96SW2,,,0.5,9.301029995663981,1,,0,,0,1,10.1021/acs.orglett.9b01326,PROTAC-DB,Degradation of BRD2,,,,,,,
Cc1sc2c(c1C)C(c1ccc(Cl)cc1)=N[C@@H](CC(=O)NCCCCCNc1cccc3c1CN(C1CCC(=O)NC1=O)C3=O)c1nnc(C)n1-2,True,SIAIS213110,BRD3,Q15059,CRBN,CRBN,Q96SW2,,,0.5,9.301029995663981,1,,0,,0,1,10.1021/acs.orglett.9b01326,PROTAC-DB,Degradation of BRD3,,,,,,,
Cc1sc2c(c1C)C(c1ccc(Cl)cc1)=N[C@@H](CC(=O)NCCCCCNc1cccc3c1CN(C1CCC(=O)NC1=O)C3=O)c1nnc(C)n1-2,True,SIAIS213110,BRD4,O60885,CRBN,CRBN,Q96SW2,,,0.5,9.301029995663981,1,,0,,0,1,10.1021/acs.orglett.9b01326,PROTAC-DB,Degradation of BRD4,,,,,,,
Cc1ncsc1-c1ccc(CNC(=O)[C@@H]2C[C@@H](O)CN2C(=O)[C@@H](NC(=O)COCCCCOCCCOc2ccc(NC(=O)C[C@@H]3N=C(c4ccc(Cl)cc4)c4c(sc(C)c4C)-n4c(C)nnc43)cc2)C(C)(C)C)cc1,True,A743,BRD4,O60885,VHL,VHL,P40337,HCT116,HCT116-53BPI(+/-),23.1,7.636388020107856,1,89.0,1,1.0,1,1,10.1158/0008-5472.CAN-18-2918,PROTAC-DB,Degradation of BRD4 in HCT116 cells after 24 h treatment,24.0,,HCT 116,ACH-000971,Bowel,mapped,1.0
NC(=O)c1c(-c2ccc(Oc3ccc(F)cc3F)cc2)nn([C@@H]2CCCN(C(=O)OCCOCCNc3cccc4c3C(=O)N(C3CCC(=O)NC3=O)C4=O)C2)c1N,True,212,BTK,Q06187,CRBN,CRBN,Q96SW2,Ramos,Ramos,,,0,33.0,1,0.0,1,1,10.1073/pnas.1803662115,PROTAC-DB,Degradation of BTK in Ramos/THP-1 cells after 24 h treatment,24.0,,Ramos,ACH-001636,Lymphoid,mapped,1.0
NC(=O)c1c(-c2ccc(Oc3ccc(F)cc3F)cc2)nn([C@@H]2CCCN(C(=O)OCCOCCNc3cccc4c3C(=O)N(C3CCC(=O)NC3=O)C4=O)C2)c1N,True,212,BTK,Q06187,CRBN,CRBN,Q96SW2,THP-1,THP-1,,,0,18.0,1,0.0,1,1,10.1073/pnas.1803662115,PROTAC-DB,Degradation of BTK in Ramos/THP-1 cells after 24 h treatment,24.0,,THP-1,ACH-000146,Myeloid,mapped,1.0
NC(=O)c1c(-c2ccc(Oc3ccc(F)cc3F)cc2)nn([C@@H]2CCCN(C(=O)COCCOCCNc3cccc4c3C(=O)N(C3CCC(=O)NC3=O)C4=O)C2)c1N,True,213,BTK,Q06187,CRBN,CRBN,Q96SW2,Ramos,Ramos,,,0,34.0,1,0.0,1,1,10.1073/pnas.1803662115,PROTAC-DB,Degradation of BTK in Ramos/THP-1 cells after 24 h treatment,24.0,,Ramos,ACH-001636,Lymphoid,mapped,1.0
NC(=O)c1c(-c2ccc(Oc3ccc(F)cc3F)cc2)nn([C@@H]2CCCN(C(=O)COCCOCCNc3cccc4c3C(=O)N(C3CCC(=O)NC3=O)C4=O)C2)c1N,True,213,BTK,Q06187,CRBN,CRBN,Q96SW2,THP-1,THP-1,,,0,15.0,1,0.0,1,1,10.1073/pnas.1803662115,PROTAC-DB,Degradation of BTK in Ramos/THP-1 cells after 24 h treatment,24.0,,THP-1,ACH-000146,Myeloid,mapped,1.0
NC(=O)c1c(-c2ccc(Oc3ccc(F)cc3F)cc2)nn([C@@H]2CCCN(C(=O)OCCOCCOCCNc3cccc4c3C(=O)N(C3CCC(=O)NC3=O)C4=O)C2)c1N,True,214,BTK,Q06187,CRBN,CRBN,Q96SW2,Ramos,Ramos,1487.0,5.827689031478045,1,64.0,1,0.0,1,1,10.1073/pnas.1803662115,PROTAC-DB,Degradation of BTK in Ramos/THP-1 cells after 24 h treatment,24.0,,Ramos,ACH-001636,Lymphoid,mapped,1.0
NC(=O)c1c(-c2ccc(Oc3ccc(F)cc3F)cc2)nn([C@@H]2CCCN(C(=O)OCCOCCOCCNc3cccc4c3C(=O)N(C3CCC(=O)NC3=O)C4=O)C2)c1N,True,214,BTK,Q06187,CRBN,CRBN,Q96SW2,THP-1,THP-1,,,0,36.0,1,0.0,1,1,10.1073/pnas.1803662115,PROTAC-DB,Degradation of BTK in Ramos/THP-1 cells after 24 h treatment,24.0,,THP-1,ACH-000146,Myeloid,mapped,1.0
NC(=O)c1c(-c2ccc(Oc3ccc(F)cc3F)cc2)nn([C@@H]2CCCN(C(=O)OCCOCCOCCOCCNc3cccc4c3C(=O)N(C3CCC(=O)NC3=O)C4=O)C2)c1N,True,215,BTK,Q06187,CRBN,CRBN,Q96SW2,Ramos,Ramos,36.9,7.432973633840939,1,85.0,1,1.0,1,1,10.1073/pnas.1803662115,PROTAC-DB,Degradation of BTK in Ramos/THP-1 cells after 24 h treatment,24.0,,Ramos,ACH-001636,Lymphoid,mapped,1.0
NC(=O)c1c(-c2ccc(Oc3ccc(F)cc3F)cc2)nn([C@@H]2CCCN(C(=O)OCCOCCOCCOCCNc3cccc4c3C(=O)N(C3CCC(=O)NC3=O)C4=O)C2)c1N,True,215,BTK,Q06187,CRBN,CRBN,Q96SW2,THP-1,THP-1,398.5,6.399571674267869,1,68.0,1,1.0,1,1,10.1073/pnas.1803662115,PROTAC-DB,Degradation of BTK in Ramos/THP-1 cells after 24 h treatment,24.0,,THP-1,ACH-000146,Myeloid,mapped,1.0
NC(=O)c1c(-c2ccc(Oc3ccc(F)cc3F)cc2)nn([C@@H]2CCCN(C(=O)COCCOCCOCCOCCNc3cccc4c3C(=O)N(C3CCC(=O)NC3=O)C4=O)C2)c1N,True,216,BTK,Q06187,CRBN,CRBN,Q96SW2,Ramos,Ramos,21.8,7.661543506395395,1,84.0,1,1.0,1,1,10.1073/pnas.1803662115,PROTAC-DB,Degradation of BTK in Ramos/THP-1 cells after 24 h treatment,24.0,,Ramos,ACH-001636,Lymphoid,mapped,1.0
NC(=O)c1c(-c2ccc(Oc3ccc(F)cc3F)cc2)nn([C@@H]2CCCN(C(=O)COCCOCCOCCOCCNc3cccc4c3C(=O)N(C3CCC(=O)NC3=O)C4=O)C2)c1N,True,216,BTK,Q06187,CRBN,CRBN,Q96SW2,THP-1,THP-1,469.9,6.327994554977048,1,63.0,1,1.0,1,1,10.1073/pnas.1803662115,PROTAC-DB,Degradation of BTK in Ramos/THP-1 cells after 24 h treatment,24.0,,THP-1,ACH-000146,Myeloid,mapped,1.0
NC(=O)c1c(-c2ccc(Oc3ccc(F)cc3F)cc2)nn([C@@H]2CCCN(C(=O)OCCOCCOCCOCCOCCNc3cccc4c3C(=O)N(C3CCC(=O)NC3=O)C4=O)C2)c1N,True,217,BTK,Q06187,CRBN,CRBN,Q96SW2,Ramos,Ramos,4.5,8.346787486224656,1,87.0,1,1.0,1,1,10.1073/pnas.1803662115,PROTAC-DB,Degradation of BTK in Ramos/THP-1 cells after 24 h treatment,24.0,,Ramos,ACH-001636,Lymphoid,mapped,1.0
NC(=O)c1c(-c2ccc(Oc3ccc(F)cc3F)cc2)nn([C@@H]2CCCN(C(=O)OCCOCCOCCOCCOCCNc3cccc4c3C(=O)N(C3CCC(=O)NC3=O)C4=O)C2)c1N,True,217,BTK,Q06187,CRBN,CRBN,Q96SW2,THP-1,THP-1,90.5,7.043351420794797,1,75.0,1,1.0,1,1,10.1073/pnas.1803662115,PROTAC-DB,Degradation of BTK in Ramos/THP-1 cells after 24 h treatment,24.0,,THP-1,ACH-000146,Myeloid,mapped,1.0
NC(=O)c1c(-c2ccc(Oc3ccc(F)cc3F)cc2)nn([C@@H]2CCCN(C(=O)COCCOCCOCCOCCOCCNc3cccc4c3C(=O)N(C3CCC(=O)NC3=O)C4=O)C2)c1N,True,218,BTK,Q06187,CRBN,CRBN,Q96SW2,Ramos,Ramos,5.9,8.229147988357855,1,85.0,1,1.0,1,1,10.1073/pnas.1803662115,PROTAC-DB,Degradation of BTK in Ramos/THP-1 cells after 24 h treatment,24.0,,Ramos,ACH-001636,Lymphoid,mapped,1.0
NC(=O)c1c(-c2ccc(Oc3ccc(F)cc3F)cc2)nn([C@@H]2CCCN(C(=O)COCCOCCOCCOCCOCCNc3cccc4c3C(=O)N(C3CCC(=O)NC3=O)C4=O)C2)c1N,True,218,BTK,Q06187,CRBN,CRBN,Q96SW2,THP-1,THP-1,217.7,6.662141570958906,1,71.0,1,1.0,1,1,10.1073/pnas.1803662115,PROTAC-DB,Degradation of BTK in Ramos/THP-1 cells after 24 h treatment,24.0,,THP-1,ACH-000146,Myeloid,mapped,1.0
NC(=O)c1c(-c2ccc(Oc3ccc(F)cc3F)cc2)nn([C@@H]2CCCN(C(=O)OCCOCCOCCOCCOCCOCCNc3cccc4c3C(=O)N(C3CCC(=O)NC3=O)C4=O)C2)c1N,True,219,BTK,Q06187,CRBN,CRBN,Q96SW2,Ramos,Ramos,1.1,8.958607314841775,1,87.0,1,1.0,1,1,10.1073/pnas.1803662115,PROTAC-DB,Degradation of BTK in Ramos/THP-1 cells after 24 h treatment,24.0,,Ramos,ACH-001636,Lymphoid,mapped,1.0
NC(=O)c1c(-c2ccc(Oc3ccc(F)cc3F)cc2)nn([C@@H]2CCCN(C(=O)OCCOCCOCCOCCOCCOCCNc3cccc4c3C(=O)N(C3CCC(=O)NC3=O)C4=O)C2)c1N,True,219,BTK,Q06187,CRBN,CRBN,Q96SW2,THP-1,THP-1,37.4,7.42712839779952,1,80.0,1,1.0,1,1,10.1073/pnas.1803662115,PROTAC-DB,Degradation of BTK in Ramos/THP-1 cells after 24 h treatment,24.0,,THP-1,ACH-000146,Myeloid,mapped,1.0
NC(=O)c1c(-c2ccc(Oc3ccc(F)cc3F)cc2)nn([C@@H]2CCCN(C(=O)COCCOCCOCCOCCOCCOCCNc3cccc4c3C(=O)N(C3CCC(=O)NC3=O)C4=O)C2)c1N,True,220,BTK,Q06187,CRBN,CRBN,Q96SW2,Ramos,Ramos,9.7,8.013228265733755,1,85.0,1,1.0,1,1,10.1073/pnas.1803662115,PROTAC-DB,Degradation of BTK in Ramos/THP-1 cells after 24 h treatment,24.0,,Ramos,ACH-001636,Lymphoid,mapped,1.0
NC(=O)c1c(-c2ccc(Oc3ccc(F)cc3F)cc2)nn([C@@H]2CCCN(C(=O)COCCOCCOCCOCCOCCOCCNc3cccc4c3C(=O)N(C3CCC(=O)NC3=O)C4=O)C2)c1N,True,220,BTK,Q06187,CRBN,CRBN,Q96SW2,THP-1,THP-1,184.1,6.734946211495985,1,70.0,1,1.0,1,1,10.1073/pnas.1803662115,PROTAC-DB,Degradation of BTK in Ramos/THP-1 cells after 24 h treatment,24.0,,THP-1,ACH-000146,Myeloid,mapped,1.0
CN[C@@H](C)C(=O)N[C@H](C(=O)N1Cc2cc(OCCOCCOCCOCCOCCOC(=O)N3CCC[C@@H](n4nc(-c5ccc(Oc6ccc(F)cc6F)cc5)c(C(N)=O)c4N)C3)ccc2C[C@H]1C(=O)N[C@@H]1CCCc2ccccc21)C(C)(C)C,True,BC5P,BTK,Q06187,IAP,"BIRC2,BIRC3",Q7Z460,THP-1,THP-1,182.0,6.739928612014925,1,,0,,0,1,10.1038/s41589-020-00686-2,PROTAC-DB,Degradation of BTK in THP-1 cells,,,THP-1,ACH-000146,Myeloid,mapped,1.0
Cc1cc(Nc2ncc(Cl)c(Nc3ccccc3S(=O)(=O)C(C)C)n2)c(OC(C)C)cc1C1CCN(CC(=O)NCCOCCOCCOCCOCCOCCNc2cccc3c2C(=O)N(C2CCC(=O)NC2=O)C3=O)CC1,True,MS4077,NPM-ALK,Q9UM73,CRBN,CRBN,Q96SW2,SU-DHL-1,SU-DHL-1,3.0,8.522878745280337,1,,0,,0,1,10.1016/j.ejmech.2018.03.071,PROTAC-DB,Degradation of NPM-ALK/EML4-ALK in SU-DHL-1/NCI-H2228 cells after 16 h treatment,16.0,,SU-DHL-1,ACH-000664,Lymphoid,mapped,1.0
Cc1cc(Nc2ncc(Cl)c(Nc3ccccc3S(=O)(=O)C(C)C)n2)c(OC(C)C)cc1C1CCN(CC(=O)NCCOCCOCCOCCOCCOCCNc2cccc3c2C(=O)N(C2CCC(=O)NC2=O)C3=O)CC1,True,MS4077,EML4-ALK,Q9UM73,CRBN,CRBN,Q96SW2,NCI-H2228,NCI-H2228,34.0,7.468521082957745,1,,0,,0,1,10.1016/j.ejmech.2018.03.071,PROTAC-DB,Degradation of NPM-ALK/EML4-ALK in SU-DHL-1/NCI-H2228 cells after 16 h treatment,16.0,,NCI-H2228,ACH-000447,Lung,mapped,1.0
Cc1cc(Nc2ncc(Cl)c(Nc3ccccc3S(=O)(=O)C(C)C)n2)c(OC(C)C)cc1C1CCN(CC(=O)NCCNc2cccc3c2C(=O)N(C2CCC(=O)NC2=O)C3=O)CC1,True,MS4078,NPM-ALK,Q9UM73,CRBN,CRBN,Q96SW2,SU-DHL-1,SU-DHL-1,11.0,7.958607314841775,1,,0,,0,1,10.1016/j.ejmech.2018.03.071,PROTAC-DB,Degradation of NPM-ALK/EML4-ALK in SU-DHL-1/NCI-H2228 cells after 16 h treatment,16.0,,SU-DHL-1,ACH-000664,Lymphoid,mapped,1.0
Cc1cc(Nc2ncc(Cl)c(Nc3ccccc3S(=O)(=O)C(C)C)n2)c(OC(C)C)cc1C1CCN(CC(=O)NCCNc2cccc3c2C(=O)N(C2CCC(=O)NC2=O)C3=O)CC1,True,MS4078,EML4-ALK,Q9UM73,CRBN,CRBN,Q96SW2,NCI-H2228,NCI-H2228,59.0,7.229147988357855,1,,0,,0,1,10.1016/j.ejmech.2018.03.071,PROTAC-DB,Degradation of NPM-ALK/EML4-ALK in SU-DHL-1/NCI-H2228 cells after 16 h treatment,16.0,,NCI-H2228,ACH-000447,Lung,mapped,1.0
O=C(CCCCCCC(=O)N/N=C/c1ccc(OCCOCCOCCn2cc(CNc3cccc4c3C(=O)N(C3CCC(=O)NC3=O)C4=O)nn2)cc1)NO,True,dHDAC6,HDAC6,Q9UBN7,CRBN,CRBN,Q96SW2,MCF-7,MCF-7,34.0,7.468521082957745,1,70.5,1,1.0,1,1,10.1016/j.bmcl.2018.05.057,PROTAC-DB,Degradation of HDAC6 in MCF-7 cells after 12 h treatment,12.0,,MCF7,ACH-000019,Breast,mapped,1.0
O=C(CCCCCCC(=O)N/N=C/c1ccc(OCCOCCOCCn2cc(CNc3cccc4c3C(=O)N(C3CCC(=O)NC3=O)C4=O)nn2)cc1)NO,True,dHDAC6,HDAC6,Q9UBN7,CRBN,CRBN,Q96SW2,MM1S,MM1.S,9.12,8.040005161671584,1,84.07,1,1.0,1,1,10.1021/acs.jmedchem.9b00516,PROTAC-DB,Degradation of HDAC6 in MM1S cells after 6 h treatment,6.0,,MM1-S,ACH-000763,Lymphoid,mapped,1.0
Cc1ncsc1-c1ccc(CNC(=O)[C@@H]2[C@@H](F)[C@@H](O)CN2C(=O)[C@@H](NC(=O)COCCOCCOCCNC(=O)C[C@@H]2N=C(c3ccc(Cl)cc3)c3c(sc(C)c3C)-n3c(C)nnc32)C(C)(C)C)cc1,True,229,BRD2,P25440,VHL,VHL,P40337,HeLa,HeLa,10.0,8.0,1,,0,,0,1,10.1021/jacs.8b05807,PROTAC-DB,Degradation of BRD2 in HeLa cells after 24 h treatment,24.0,,HeLa,ACH-001086,Cervix,mapped,1.0
Cc1ncsc1-c1ccc(CNC(=O)[C@@H]2[C@@H](F)[C@@H](O)CN2C(=O)[C@@H](NC(=O)COCCOCCOCCNC(=O)C[C@@H]2N=C(c3ccc(Cl)cc3)c3c(sc(C)c3C)-n3c(C)nnc32)C(C)(C)C)cc1,True,229,BRD3,Q15059,VHL,VHL,P40337,HeLa,HeLa,10.0,8.0,1,,0,,0,1,10.1021/jacs.8b05807,PROTAC-DB,Degradation of BRD3 in HeLa cells after 24 h treatment,24.0,,HeLa,ACH-001086,Cervix,mapped,1.0
Cc1ncsc1-c1ccc(CNC(=O)[C@@H]2[C@@H](F)[C@@H](O)CN2C(=O)[C@@H](NC(=O)COCCOCCOCCNC(=O)C[C@@H]2N=C(c3ccc(Cl)cc3)c3c(sc(C)c3C)-n3c(C)nnc32)C(C)(C)C)cc1,True,229,BRD4,O60885,VHL,VHL,P40337,HeLa,HeLa,1.0,9.0,1,,0,,0,1,10.1021/jacs.8b05807,PROTAC-DB,Degradation of BRD4 in HeLa cells after 24 h treatment,24.0,,HeLa,ACH-001086,Cervix,mapped,1.0
Cc1ncsc1-c1ccc(CNC(=O)[C@@H]2[C@H](F)[C@@H](O)CN2C(=O)[C@@H](NC(=O)COCCOCCOCCNC(=O)C[C@@H]2N=C(c3ccc(Cl)cc3)c3c(sc(C)c3C)-n3c(C)nnc32)C(C)(C)C)cc1,True,230,BRD2,P25440,VHL,VHL,P40337,HeLa,HeLa,3000.0,5.522878745280337,1,,0,0.0,1,1,10.1021/jacs.8b05807,PROTAC-DB,Degradation of BRD2 in HeLa cells after 24 h treatment,24.0,,HeLa,ACH-001086,Cervix,mapped,1.0
Cc1ncsc1-c1ccc(CNC(=O)[C@@H]2[C@H](F)[C@@H](O)CN2C(=O)[C@@H](NC(=O)COCCOCCOCCNC(=O)C[C@@H]2N=C(c3ccc(Cl)cc3)c3c(sc(C)c3C)-n3c(C)nnc32)C(C)(C)C)cc1,True,230,BRD3,Q15059,VHL,VHL,P40337,HeLa,HeLa,3000.0,5.522878745280337,1,,0,0.0,1,1,10.1021/jacs.8b05807,PROTAC-DB,Degradation of BRD3 in HeLa cells after 24 h treatment,24.0,,HeLa,ACH-001086,Cervix,mapped,1.0
Cc1ncsc1-c1ccc(CNC(=O)[C@@H]2[C@H](F)[C@@H](O)CN2C(=O)[C@@H](NC(=O)COCCOCCOCCNC(=O)C[C@@H]2N=C(c3ccc(Cl)cc3)c3c(sc(C)c3C)-n3c(C)nnc32)C(C)(C)C)cc1,True,230,BRD4,O60885,VHL,VHL,P40337,HeLa,HeLa,10.0,8.0,1,,0,,0,1,10.1021/jacs.8b05807,PROTAC-DB,Degradation of BRD4 in HeLa cells after 24 h treatment,24.0,,HeLa,ACH-001086,Cervix,mapped,1.0
Cc1sc2c(c1C)C(c1ccc(Cl)cc1)=N[C@@H](CC(=O)Nc1ccc(OCCOCCOCCNc3cccc4nnn(C5CCC(=O)NC5=O)c(=O)c34)cc1)c1nnc(C)n1-2,True,TD-188,BRD4,O60885,CRBN,CRBN,Q96SW2,22RV1,22Rv1,3.3,8.481486060122112,1,,0,,0,1,10.1016/j.ejmech.2019.01.023,PROTAC-DB,Degradation of BRD4 in 22RV1 cells after 24 h treatment,24.0,,22Rv1,ACH-000956,Prostate,mapped,1.0
Cc1sc2c(c1C)C(c1ccc(Cl)cc1)=N[C@@H](CC(=O)Nc1cccc(OCCOCCOCCNc3cccc4nnn(C5CCC(=O)NC5=O)c(=O)c34)c1)c1nnc(C)n1-2,True,TD-428,BRD4,O60885,CRBN,CRBN,Q96SW2,22RV1,22Rv1,0.32,9.494850021680094,1,,0,,0,1,10.1016/j.ejmech.2019.01.023,PROTAC-DB,Degradation of BRD4 in 22RV1 cells after 24 h treatment,24.0,,22Rv1,ACH-000956,Prostate,mapped,1.0
CC(=O)c1c(C)c2cnc(Nc3ccc(N4CCN(CC(=O)NCCOCCOCCOCCNc5cccc6c5C(=O)N(C5CCC(=O)NC5=O)C6=O)CC4)cn3)nc2n(C2CCCC2)c1=O,True,CP-7,CDK4,P11802,CRBN,CRBN,Q96SW2,U251,U251-TR3,100.0,7.0,1,,0,,0,1,10.1021/acs.jmedchem.9b00871,PROTAC-DB,Degradation of CDK4 in U251 cells after 24 h treatment,24.0,,U-251 MG,ACH-000232,CNS/Brain,mapped,1.0
CC(=O)c1c(C)c2cnc(Nc3ccc(N4CCN(CC(=O)NCCOCCOCCOCCNc5cccc6c5C(=O)N(C5CCC(=O)NC5=O)C6=O)CC4)cn3)nc2n(C2CCCC2)c1=O,True,CP-7,CDK4,P11802,CRBN,CRBN,Q96SW2,Jurkat,Jurkat,126.0,6.899629454882437,1,,0,,0,1,10.1016/j.bmcl.2020.127106,PROTAC-DB,Degradation of CDK4 in Jurkat cells after 24 h treatment,24.0,,JURKAT,ACH-000995,Lymphoid,mapped,1.0
CC(=O)c1c(C)c2cnc(Nc3ccc(N4CCN(CC(=O)NCCOCCOCCOCCNc5cccc6c5C(=O)N(C5CCC(=O)NC5=O)C6=O)CC4)cn3)nc2n(C2CCCC2)c1=O,True,CP-7,CDK6,Q00534,CRBN,CRBN,Q96SW2,U251,U251-TR3,14.3,7.844663962534938,1,,0,,0,1,10.1021/acs.jmedchem.9b00871,PROTAC-DB,Degradation of CDK6 in U251 cells after 24 h treatment,24.0,,U-251 MG,ACH-000232,CNS/Brain,mapped,1.0
CC(=O)c1c(C)c2cnc(Nc3ccc(N4CCN(CC(=O)NCCOCCOCCOCCNc5cccc6c5C(=O)N(C5CCC(=O)NC5=O)C6=O)CC4)cn3)nc2n(C2CCCC2)c1=O,True,CP-7,CDK6,Q00534,CRBN,CRBN,Q96SW2,Jurkat,Jurkat,13.0,7.886056647693163,1,,0,,0,1,10.1016/j.bmcl.2020.127106,PROTAC-DB,Degradation of CDK6 in Jurkat cells after 24 h treatment,24.0,,JURKAT,ACH-000995,Lymphoid,mapped,1.0
Nc1ncnc2c1c(-c1ccc(Oc3ccccc3)cc1)nn2[C@@H]1CCCN(C(=O)c2cn(CCOCCOCCOCCNc3cccc4c3C(=O)N(C3CCC(=O)NC3=O)C4=O)nn2)C1,True,P13I,BTK,Q06187,CRBN,CRBN,Q96SW2,RAMOS,Ramos,8.5,8.070581074285707,1,,0,,0,1,10.1038/s41422-018-0055-1,PROTAC-DB,Degradation of BTK in RAMOS/HBL-1/Mino/IgE MM cells after 48 h treatment,48.0,,Ramos,ACH-001636,Lymphoid,mapped,1.0
Nc1ncnc2c1c(-c1ccc(Oc3ccccc3)cc1)nn2[C@@H]1CCCN(C(=O)c2cn(CCOCCOCCOCCNc3cccc4c3C(=O)N(C3CCC(=O)NC3=O)C4=O)nn2)C1,True,P13I,BTK,Q06187,CRBN,CRBN,Q96SW2,HBL-1,HBL-1 [Human AIDS-related non-Hodgkin lymphoma],6.3,8.200659450546418,1,,0,,0,1,10.1038/s41422-018-0055-1,PROTAC-DB,Degradation of BTK in RAMOS/HBL-1/Mino/IgE MM cells after 48 h treatment,48.0,,HBL-1,,,unmapped,0.0
Nc1ncnc2c1c(-c1ccc(Oc3ccccc3)cc1)nn2[C@@H]1CCCN(C(=O)c2cn(CCOCCOCCOCCNc3cccc4c3C(=O)N(C3CCC(=O)NC3=O)C4=O)nn2)C1,True,P13I,BTK,Q06187,CRBN,CRBN,Q96SW2,Mino,Mino,9.2,8.036212172654444,1,,0,,0,1,10.1038/s41422-018-0055-1,PROTAC-DB,Degradation of BTK in RAMOS/HBL-1/Mino/IgE MM cells after 48 h treatment,48.0,,Mino,ACH-000220,Lymphoid,mapped,1.0
Nc1ncnc2c1c(-c1ccc(Oc3ccccc3)cc1)nn2[C@@H]1CCCN(C(=O)c2cn(CCOCCOCCOCCNc3cccc4c3C(=O)N(C3CCC(=O)NC3=O)C4=O)nn2)C1,True,P13I,BTK,Q06187,CRBN,CRBN,Q96SW2,IgE MM,,11.4,7.943095148663527,1,,0,,0,1,10.1038/s41422-018-0055-1,PROTAC-DB,Degradation of BTK in RAMOS/HBL-1/Mino/IgE MM cells after 48 h treatment,48.0,,IgE MM,,,unmapped,0.0
Cc1ncsc1-c1ccc(CNC(=O)[C@@H]2C[C@@H](O)CN2C(=O)[C@@H](NC(=O)COCCCOCCCCCOc2ccc(N3C(=S)N(c4ccc(C#N)c(C(F)(F)F)c4)C(=O)C3(C)C)cc2)C(C)(C)C)cc1,True,256,AR,P10275,VHL,VHL,P40337,VCaP,VCaP,15.0,7.823908740944319,1,76.0,1,1.0,1,1,10.1038/s42003-018-0105-8; 10.1021/acsmedchemlett.0c00194,PROTAC-DB,Degradation of AR in VCaP cells after 20 h treatment,20.0,,VCaP,ACH-000115,Prostate,mapped,1.0
Cc1ncsc1-c1ccc(CNC(=O)[C@@H]2C[C@@H](O)CN2C(=O)[C@@H](NC(=O)CCOCCOc2ccc(Nc3ncc(C(F)(F)F)c(NCc4cccc(N(C)S(C)(=O)=O)c4)n3)cc2)C(C)(C)C)cc1,True,267,Fak,Q05397,VHL,VHL,P40337,PC3,HNC PC3,3.0,8.522878745280337,1,99.0,1,1.0,1,1,10.1021/jacs.8b08008,PROTAC-DB,Degradation of Fak in PC3 cells after 24 h treatment,24.0,,PC-3,ACH-000090,Prostate,mapped,1.0
Cc1ncsc1-c1ccc(CNC(=O)[C@@H]2C[C@@H](O)CN2C(=O)[C@@H](NC(=O)COCCOCCOc2ccc(-c3ccc4ncnc(Nc5ccc(OCc6cccc(F)c6)c(Cl)c5)c4c3)cc2)C(C)(C)C)cc1,True,275,WT,P00533,VHL,VHL,P40337,OVCAR8,OVCAR-8,39.2,7.406713932979542,1,97.6,1,1.0,1,1,10.1016/j.chembiol.2017.09.009,PROTAC-DB,Degradation of WT/Exon 20 Ins EGFR in OVCAR8/HeLa cells after 24 h treatment,24.0,,OVCAR-8,ACH-000696,Ovary/Fallopian Tube,mapped,1.0
Cc1ncsc1-c1ccc(CNC(=O)[C@@H]2C[C@@H](O)CN2C(=O)[C@@H](NC(=O)COCCOCCOc2ccc(-c3ccc4ncnc(Nc5ccc(OCc6cccc(F)c6)c(Cl)c5)c4c3)cc2)C(C)(C)C)cc1,True,275,Exon 20 Ins EGFR,P00533,VHL,VHL,P40337,HeLa,HeLa,736.2,6.133004186889352,1,68.8,1,1.0,1,1,10.1016/j.chembiol.2017.09.009,PROTAC-DB,Degradation of WT/Exon 20 Ins EGFR in OVCAR8/HeLa cells after 24 h treatment,24.0,,HeLa,ACH-001086,Cervix,mapped,1.0
COc1cc2ncnc(Nc3ccc(F)c(Cl)c3)c2cc1OCCCCCOCCOCCC(=O)N[C@H](C(=O)N1C[C@H](O)C[C@H]1C(=O)NCc1ccc(-c2scnc2C)cc1)C(C)(C)C,True,276,Exon 19 del,P00533,VHL,VHL,P40337,HCC827,HCC827,11.7,7.931814138253839,1,98.9,1,1.0,1,1,10.1016/j.chembiol.2017.09.009,PROTAC-DB,Degradation of Exon 19 del/L858R EGFR in HCC827/H3255 cells after 24 h treatment,24.0,,HCC-827,ACH-000012,Lung,mapped,1.0
COc1cc2ncnc(Nc3ccc(F)c(Cl)c3)c2cc1OCCCCCOCCOCCC(=O)N[C@H](C(=O)N1C[C@H](O)C[C@H]1C(=O)NCc1ccc(-c2scnc2C)cc1)C(C)(C)C,True,276,L858R EGFR,P00533,VHL,VHL,P40337,H3255,NCI-H3255,22.3,7.651695136951839,1,96.6,1,1.0,1,1,10.1016/j.chembiol.2017.09.009,PROTAC-DB,Degradation of Exon 19 del/L858R EGFR in HCC827/H3255 cells after 24 h treatment,24.0,,NCI-H3255,ACH-000109,Lung,mapped,1.0
Nc1ncnc2c1c(-c1ccc(Oc3ccccc3)cc1)nn2C1CCN(CCOCCOCC(=O)Nc2ccc3c(c2)C(=O)N(C2CCC(=O)NC2=O)C3=O)CC1,True,MT-802,BTK,Q06187,CRBN,CRBN,Q96SW2,NAMALWA,Namalwa,6.2,8.207608310501746,1,99.0,1,1.0,1,1,10.1016/j.bmcl.2019.126877,PROTAC-DB,Degradation of BTK in NAMALWA cells after 24 h treatment,24.0,,NAMALWA,ACH-000944,Lymphoid,mapped,1.0
Nc1ncnc2c1c(-c1ccc(Oc3ccccc3)cc1)nn2C1CCN(CCOCCOCC(=O)Nc2ccc3c(c2)C(=O)N(C2CCC(=O)NC2=O)C3=O)CC1,True,MT-802,BTK,Q06187,CRBN,CRBN,Q96SW2,NAMALWA,Namalwa,9.1,8.040958607678906,1,99.0,1,1.0,1,1,10.1021/acs.biochem.8b00391,PROTAC-DB,Degradation of BTK in NAMALWA/XLA cells after 24 h treatment,24.0,,NAMALWA,ACH-000944,Lymphoid,mapped,1.0
Nc1ncnc2c1c(-c1ccc(Oc3ccccc3)cc1)nn2C1CCN(CCOCCOCC(=O)Nc2ccc3c(c2)C(=O)N(C2CCC(=O)NC2=O)C3=O)CC1,True,MT-802,BTK,Q06187,CRBN,CRBN,Q96SW2,XLA,XLA-07,14.6,7.835647144215563,1,,0,,0,1,10.1021/acs.biochem.8b00391,PROTAC-DB,Degradation of BTK in NAMALWA/XLA cells after 24 h treatment,24.0,,XLA,,,unmapped,0.0
CN1C[C@H](Nc2cnn(C)c(=O)c2Br)C[C@H](c2ccc(C(=O)N(C)CCCN(C)c3ccc(CCCOc4cccc5c4C(=O)N(C4CCC(=O)NC4=O)C5=O)cc3)cc2)C1,True,GSK699,PCAF,Q92831,CRBN,CRBN,Q96SW2,THP1,PSC-THP1,1.5,8.823908740944319,1,,0,,0,1,10.1021/acschembio.8b00705,PROTAC-DB,Degradation of PCAF in THP1 cells after 18 h treatment,18.0,,THP-1,ACH-000146,Myeloid,mapped,1.0
Cc1ncsc1-c1ccc([C@H](C)NC(=O)[C@@H]2C[C@@H](O)CN2C(=O)[C@@H](NC(=O)COCCCOCCNC(=O)C[C@@H]2N=C(c3ccc(Cl)cc3)c3c(sc(C)c3C)-n3c(C)nnc32)C(C)(C)C)cc1,True,ARV-771,BRD2,P25440,VHL,VHL,P40337,22Rv1,22Rv1,5.0,8.301029995663981,1,,0,,0,1,10.1073/pnas.1521738113,PROTAC-DB,Degradation of BRD2 in 22Rv1/VCaP/LnCaP95 cells after 16 h treatment,16.0,,22Rv1,ACH-000956,Prostate,mapped,1.0
Cc1ncsc1-c1ccc([C@H](C)NC(=O)[C@@H]2C[C@@H](O)CN2C(=O)[C@@H](NC(=O)COCCCOCCNC(=O)C[C@@H]2N=C(c3ccc(Cl)cc3)c3c(sc(C)c3C)-n3c(C)nnc32)C(C)(C)C)cc1,True,ARV-771,BRD2,P25440,VHL,VHL,P40337,VCaP,VCaP,5.0,8.301029995663981,1,,0,,0,1,10.1073/pnas.1521738113,PROTAC-DB,Degradation of BRD2 in 22Rv1/VCaP/LnCaP95 cells after 16 h treatment,16.0,,VCaP,ACH-000115,Prostate,mapped,1.0
Cc1ncsc1-c1ccc([C@H](C)NC(=O)[C@@H]2C[C@@H](O)CN2C(=O)[C@@H](NC(=O)COCCCOCCNC(=O)C[C@@H]2N=C(c3ccc(Cl)cc3)c3c(sc(C)c3C)-n3c(C)nnc32)C(C)(C)C)cc1,True,ARV-771,BRD2,P25440,VHL,VHL,P40337,LnCaP95,LNCaP95 clone A7,5.0,8.301029995663981,1,,0,,0,1,10.1073/pnas.1521738113,PROTAC-DB,Degradation of BRD2 in 22Rv1/VCaP/LnCaP95 cells after 16 h treatment,16.0,,LnCaP95,,,unmapped,0.0
Cc1ncsc1-c1ccc([C@H](C)NC(=O)[C@@H]2C[C@@H](O)CN2C(=O)[C@@H](NC(=O)COCCCOCCNC(=O)C[C@@H]2N=C(c3ccc(Cl)cc3)c3c(sc(C)c3C)-n3c(C)nnc32)C(C)(C)C)cc1,True,ARV-771,BRD3,Q15059,VHL,VHL,P40337,22Rv1,22Rv1,5.0,8.301029995663981,1,,0,,0,1,10.1073/pnas.1521738113,PROTAC-DB,Degradation of BRD3 in 22Rv1/VCaP/LnCaP95 cells after 16 h treatment,16.0,,22Rv1,ACH-000956,Prostate,mapped,1.0
Cc1ncsc1-c1ccc([C@H](C)NC(=O)[C@@H]2C[C@@H](O)CN2C(=O)[C@@H](NC(=O)COCCCOCCNC(=O)C[C@@H]2N=C(c3ccc(Cl)cc3)c3c(sc(C)c3C)-n3c(C)nnc32)C(C)(C)C)cc1,True,ARV-771,BRD3,Q15059,VHL,VHL,P40337,VCaP,VCaP,5.0,8.301029995663981,1,,0,,0,1,10.1073/pnas.1521738113,PROTAC-DB,Degradation of BRD3 in 22Rv1/VCaP/LnCaP95 cells after 16 h treatment,16.0,,VCaP,ACH-000115,Prostate,mapped,1.0
Cc1ncsc1-c1ccc([C@H](C)NC(=O)[C@@H]2C[C@@H](O)CN2C(=O)[C@@H](NC(=O)COCCCOCCNC(=O)C[C@@H]2N=C(c3ccc(Cl)cc3)c3c(sc(C)c3C)-n3c(C)nnc32)C(C)(C)C)cc1,True,ARV-771,BRD3,Q15059,VHL,VHL,P40337,LnCaP95,LNCaP95 clone A7,5.0,8.301029995663981,1,,0,,0,1,10.1073/pnas.1521738113,PROTAC-DB,Degradation of BRD3 in 22Rv1/VCaP/LnCaP95 cells after 16 h treatment,16.0,,LnCaP95,,,unmapped,0.0
Cc1ncsc1-c1ccc([C@H](C)NC(=O)[C@@H]2C[C@@H](O)CN2C(=O)[C@@H](NC(=O)COCCCOCCNC(=O)C[C@@H]2N=C(c3ccc(Cl)cc3)c3c(sc(C)c3C)-n3c(C)nnc32)C(C)(C)C)cc1,True,ARV-771,BRD4,O60885,VHL,VHL,P40337,22Rv1,22Rv1,5.0,8.301029995663981,1,,0,,0,1,10.1073/pnas.1521738113; 10.1021/acs.jmedchem.1c01496,PROTAC-DB,Degradation of BRD4 in 22Rv1/VCaP/LnCaP95 cells after 16 h treatment,16.0,,22Rv1,ACH-000956,Prostate,mapped,1.0
Cc1ncsc1-c1ccc([C@H](C)NC(=O)[C@@H]2C[C@@H](O)CN2C(=O)[C@@H](NC(=O)COCCCOCCNC(=O)C[C@@H]2N=C(c3ccc(Cl)cc3)c3c(sc(C)c3C)-n3c(C)nnc32)C(C)(C)C)cc1,True,ARV-771,BRD4,O60885,VHL,VHL,P40337,VCaP,VCaP,5.0,8.301029995663981,1,,0,,0,1,10.1073/pnas.1521738113; 10.1021/acs.jmedchem.1c01496,PROTAC-DB,Degradation of BRD4 in 22Rv1/VCaP/LnCaP95 cells after 16 h treatment,16.0,,VCaP,ACH-000115,Prostate,mapped,1.0
Cc1ncsc1-c1ccc([C@H](C)NC(=O)[C@@H]2C[C@@H](O)CN2C(=O)[C@@H](NC(=O)COCCCOCCNC(=O)C[C@@H]2N=C(c3ccc(Cl)cc3)c3c(sc(C)c3C)-n3c(C)nnc32)C(C)(C)C)cc1,True,ARV-771,BRD4,O60885,VHL,VHL,P40337,LnCaP95,LNCaP95 clone A7,5.0,8.301029995663981,1,,0,,0,1,10.1073/pnas.1521738113; 10.1021/acs.jmedchem.1c01496,PROTAC-DB,Degradation of BRD4 in 22Rv1/VCaP/LnCaP95 cells after 16 h treatment,16.0,,LnCaP95,,,unmapped,0.0
Cc1sc2c(c1C)C(c1ccc(Cl)cc1)=N[C@@H](CC(=O)Nc1ccc(OCCOCCOCCOCCNc3cccc4c3C(=O)N(C3CCC(=O)NC3=O)C4=O)cc1)c1nnc(C)n1-2,True,ARV-825,BRD2,P25440,CRBN,CRBN,Q96SW2,HeLa,HeLa,6.0,8.221848749616356,1,83.0,1,1.0,1,1,10.1021/acs.jmedchem.6b01912,PROTAC-DB,Degradation of BRD2 in HeLa cells after 24 h treatment,24.0,,HeLa,ACH-001086,Cervix,mapped,1.0
Cc1sc2c(c1C)C(c1ccc(Cl)cc1)=N[C@@H](CC(=O)Nc1ccc(OCCOCCOCCOCCNc3cccc4c3C(=O)N(C3CCC(=O)NC3=O)C4=O)cc1)c1nnc(C)n1-2,True,ARV-825,BRD3,Q15059,CRBN,CRBN,Q96SW2,HeLa,HeLa,0.8,9.096910013008056,1,98.0,1,1.0,1,1,10.1021/acs.jmedchem.6b01912,PROTAC-DB,Degradation of BRD3 in HeLa cells after 24 h treatment,24.0,,HeLa,ACH-001086,Cervix,mapped,1.0
Cc1sc2c(c1C)C(c1ccc(Cl)cc1)=N[C@@H](CC(=O)Nc1ccc(OCCOCCOCCOCCNc3cccc4c3C(=O)N(C3CCC(=O)NC3=O)C4=O)cc1)c1nnc(C)n1-2,True,ARV-825,BRD4,O60885,CRBN,CRBN,Q96SW2,Namalwa,Namalwa,1.0,9.0,1,,0,,0,1,10.1016/j.chembiol.2015.05.009,PROTAC-DB,Degradation of BRD4 in Namalwa/CA-46 cells after overnight treatment,,,NAMALWA,ACH-000944,Lymphoid,mapped,1.0
Cc1sc2c(c1C)C(c1ccc(Cl)cc1)=N[C@@H](CC(=O)Nc1ccc(OCCOCCOCCOCCNc3cccc4c3C(=O)N(C3CCC(=O)NC3=O)C4=O)cc1)c1nnc(C)n1-2,True,ARV-825,BRD4,O60885,CRBN,CRBN,Q96SW2,CA-46,CA46,1.0,9.0,1,,0,,0,1,10.1016/j.chembiol.2015.05.009,PROTAC-DB,Degradation of BRD4 in Namalwa/CA-46 cells after overnight treatment,,,CA46,ACH-000440,Lymphoid,mapped,1.0
Cc1sc2c(c1C)C(c1ccc(Cl)cc1)=N[C@@H](CC(=O)Nc1ccc(OCCOCCOCCOCCNc3cccc4c3C(=O)N(C3CCC(=O)NC3=O)C4=O)cc1)c1nnc(C)n1-2,True,ARV-825,BRD4,O60885,CRBN,CRBN,Q96SW2,22RV1,22Rv1,0.57,9.244125144327509,1,,0,,0,1,10.1016/j.ejmech.2019.01.023,PROTAC-DB,Degradation of BRD4 in 22RV1 cells after 24 h treatment,24.0,,22Rv1,ACH-000956,Prostate,mapped,1.0
Cc1sc2c(c1C)C(c1ccc(Cl)cc1)=N[C@@H](CC(=O)Nc1ccc(OCCOCCOCCOCCNc3cccc4c3C(=O)N(C3CCC(=O)NC3=O)C4=O)cc1)c1nnc(C)n1-2,True,ARV-825,BRD4 short,O60885,CRBN,CRBN,Q96SW2,HeLa,HeLa,0.6,9.221848749616356,1,97.0,1,1.0,1,1,10.1021/acs.jmedchem.6b01912,PROTAC-DB,Degradation of BRD4 short/long in HeLa cells after 24 h treatment,24.0,,HeLa,ACH-001086,Cervix,mapped,1.0
Cc1sc2c(c1C)C(c1ccc(Cl)cc1)=N[C@@H](CC(=O)NCCCCNC(=O)COc1cccc3c1C(=O)N(C1CCC(=O)NC1=O)C3=O)c1nnc(C)n1-2,True,dBET1,BRD4,O60885,CRBN,CRBN,Q96SW2,SUM149,SUM149-Luc,430.0,6.366531544420414,1,,0,,0,1,10.1126/science.aab1433,PROTAC-DB,Degradation of BRD4 in SUM149 cells after 18 h treatment,18.0,,SUM-149PT,ACH-001390,Breast,mapped,1.0
Cc1sc2c(c1C)C(c1ccc(Cl)cc1)=N[C@@H](CC(=O)NCCCCNC(=O)COc1cccc3c1C(=O)N(C1CCC(=O)NC1=O)C3=O)c1nnc(C)n1-2,True,dBET1,BRD4 BD1,O60885,CRBN,CRBN,Q96SW2,,,500.0,6.301029995663981,1,,0,,0,1,10.1038/s41589-018-0055-y,PROTAC-DB,Degradation of BRD4 BD1/2 assessed by EGFP/mCherry reporter assay,,,,,,,
Cc1sc2c(c1C)C(c1ccc(Cl)cc1)=N[C@@H](CC(=O)NCCCCNC(=O)COc1cccc3c1C(=O)N(C1CCC(=O)NC1=O)C3=O)c1nnc(C)n1-2,True,dBET1,BRD4,O60885,CRBN,CRBN,Q96SW2,MV4-11,MV4-11,5.27,8.278189384787453,1,,0,,0,1,10.1002/anie.202108848,PROTAC-DB,Degradation of BRD4 in MV4-11 cells after 12/24 h treatment,12.0,,MV4-11,ACH-000045,Myeloid,mapped,1.0
Cc1sc2c(c1C)C(c1ccc(Cl)cc1)=N[C@@H](CC(=O)NCCCCNC(=O)COc1cccc3c1C(=O)N(C1CCC(=O)NC1=O)C3=O)c1nnc(C)n1-2,True,dBET1,BRD4,O60885,CRBN,CRBN,Q96SW2,HD-MB03,HD-MB03,230.0,6.638272163982407,1,,0,,0,1,10.1002/anie.202108848,PROTAC-DB,Degradation of BRD4 in HD-MB03 cells after 12 h treatment,12.0,,HD-MB03,,,unmapped,0.0
COc1cc(/C=C2\SC(=O)N(CCOCCC(=O)N[C@H](C(=O)N3C[C@H](O)C[C@H]3C(=O)NCc3ccc(-c4scnc4C)cc3)C(C)(C)C)C2=O)ccc1Oc1ccc(C#N)cc1C(F)(F)F,True,333,ERRalpha,P11474,VHL,VHL,P40337,MCF-7,MCF-7,100.0,7.0,1,86.0,1,1.0,1,1,10.1038/nchembio.1858,PROTAC-DB,Degradation of ERRalpha in MCF-7 cells after 8 h treatment,8.0,,MCF7,ACH-000019,Breast,mapped,1.0
Cc1ncsc1-c1ccc(CNC(=O)[C@@H]2C[C@@H](O)CN2C(=O)[C@@H](NC(=O)COCCOCCOCCOCCOc2cc3nccc(Nc4ccc5scnc5c4)c3cc2S(=O)(=O)C(C)(C)C)C(C)(C)C)cc1,True,334,RIPK2,O43353,VHL,VHL,P40337,THP-1,THP-1,1.4,8.853871964321762,1,95.0,1,1.0,1,1,10.1038/nchembio.1858,PROTAC-DB,Degradation of RIPK2 in THP-1 cells after 16 h treatment,16.0,,THP-1,ACH-000146,Myeloid,mapped,1.0
Cc1ncsc1-c1ccc(CNC(=O)[C@@H]2C[C@@H](O)CN2C(=O)[C@@H](NC(=O)COCCOCCOCCOCCOc2cc3nccc(Nc4ccc5scnc5c4)c3cc2S(=O)(=O)C(C)(C)C)C(C)(C)C)cc1,True,334,RIPK2,O43353,VHL,VHL,P40337,THP-1,THP-1,2.0,8.698970004336019,1,,0,,0,1,10.1038/s42003-020-0868-6,PROTAC-DB,Degradation of RIPK2 in THP-1 cells after 18 h treatment,18.0,,THP-1,ACH-000146,Myeloid,mapped,1.0
Cc1ncsc1-c1ccc(CNC(=O)[C@@H]2C[C@@H](O)CN2C(=O)[C@@H](NC(=O)COCCOCCOCCNC(=O)C[C@@H]2N=C(c3ccc(Cl)cc3)c3c(sc(C)c3C)-n3c(C)nnc32)C(C)(C)C)cc1,True,MZ1,BRD2,P25440,VHL,VHL,P40337,HeLa,HeLa,40.0,7.3979400086720375,1,98.0,1,1.0,1,1,10.1021/acs.jmedchem.6b01912,PROTAC-DB,Degradation of BRD2 in HeLa cells after 24 h treatment,24.0,,HeLa,ACH-001086,Cervix,mapped,1.0
Cc1ncsc1-c1ccc(CNC(=O)[C@@H]2C[C@@H](O)CN2C(=O)[C@@H](NC(=O)COCCOCCOCCNC(=O)C[C@@H]2N=C(c3ccc(Cl)cc3)c3c(sc(C)c3C)-n3c(C)nnc32)C(C)(C)C)cc1,True,MZ1,BRD3,Q15059,VHL,VHL,P40337,HeLa,HeLa,100.0,7.0,1,100.0,1,1.0,1,1,10.1021/acs.jmedchem.6b01912,PROTAC-DB,Degradation of BRD3 in HeLa cells after 24 h treatment,24.0,,HeLa,ACH-001086,Cervix,mapped,1.0
Cc1ncsc1-c1ccc(CNC(=O)[C@@H]2C[C@@H](O)CN2C(=O)[C@@H](NC(=O)COCCOCCOCCNC(=O)C[C@@H]2N=C(c3ccc(Cl)cc3)c3c(sc(C)c3C)-n3c(C)nnc32)C(C)(C)C)cc1,True,MZ1,BRD4 short,O60885,VHL,VHL,P40337,HeLa,HeLa,8.0,8.096910013008056,1,98.0,1,1.0,1,1,10.1021/acs.jmedchem.6b01912,PROTAC-DB,Degradation of BRD4 short/long in HeLa cells after 24 h treatment,24.0,,HeLa,ACH-001086,Cervix,mapped,1.0
Cc1ncsc1-c1ccc(CNC(=O)[C@@H]2C[C@@H](O)CN2C(=O)[C@@H](NC(=O)COCCOCCOCCOCCNC(=O)C[C@@H]2N=C(c3ccc(Cl)cc3)c3c(sc(C)c3C)-n3c(C)nnc32)C(C)(C)C)cc1,True,MZ2,BRD2,P25440,VHL,VHL,P40337,HeLa,HeLa,200.0,6.698970004336019,1,97.0,1,1.0,1,1,10.1021/acs.jmedchem.6b01912; 10.1021/acschembio.5b00216,PROTAC-DB,Degradation of BRD2 in HeLa cells after 24 h treatment,24.0,,HeLa,ACH-001086,Cervix,mapped,1.0
Cc1ncsc1-c1ccc(CNC(=O)[C@@H]2C[C@@H](O)CN2C(=O)[C@@H](NC(=O)COCCOCCOCCOCCNC(=O)C[C@@H]2N=C(c3ccc(Cl)cc3)c3c(sc(C)c3C)-n3c(C)nnc32)C(C)(C)C)cc1,True,MZ2,BRD3,Q15059,VHL,VHL,P40337,HeLa,HeLa,316.0,6.5003129173815966,1,99.0,1,1.0,1,1,10.1021/acs.jmedchem.6b01912; 10.1021/acschembio.5b00216,PROTAC-DB,Degradation of BRD3 in HeLa cells after 24 h treatment,24.0,,HeLa,ACH-001086,Cervix,mapped,1.0
Cc1ncsc1-c1ccc(CNC(=O)[C@@H]2C[C@@H](O)CN2C(=O)[C@@H](NC(=O)COCCOCCOCCOCCNC(=O)C[C@@H]2N=C(c3ccc(Cl)cc3)c3c(sc(C)c3C)-n3c(C)nnc32)C(C)(C)C)cc1,True,MZ2,BRD4 short,O60885,VHL,VHL,P40337,HeLa,HeLa,4.0,8.397940008672037,1,99.0,1,1.0,1,1,10.1021/acs.jmedchem.6b01912; 10.1021/acschembio.5b00216,PROTAC-DB,Degradation of BRD4 short/long in HeLa cells after 24 h treatment,24.0,,HeLa,ACH-001086,Cervix,mapped,1.0
Cc1sc2c(c1C)C(c1ccc(Cl)cc1)=N[C@@H](CC(=O)NCCCCCCCCNC(=O)COc1cccc3c1C(=O)N(C1CCC(=O)NC1=O)C3=O)c1nnc(C)n1-2,True,dBET6,BRD4 BD1,O60885,CRBN,CRBN,Q96SW2,,,10.0,8.0,1,,0,,0,1,10.1038/s41589-018-0055-y,PROTAC-DB,Degradation of BRD4 BD1/2 assessed by EGFP/mCherry reporter assay,,,,,,,
Cc1sc2c(c1C)C(c1ccc(Cl)cc1)=N[C@@H](CC(=O)NCCCCCCCCNC(=O)COc1cccc3c1C(=O)N(C1CCC(=O)NC1=O)C3=O)c1nnc(C)n1-2,True,dBET6,BRD4,O60885,CRBN,CRBN,Q96SW2,HEK293T,HEK293T,6.0,8.221848749616356,1,97.0,1,1.0,1,1,10.1021/acschembio.1c00376,PROTAC-DB,Degradation of BRD4 in HEK293T cells after 3 h treatment,3.0,,HEK293T,,,unmapped,0.0
COC(=O)C[C@@H]1N=C(c2ccc(Cl)cc2)c2c(sc(C(=O)NCCCCCCCCNC(=O)COc3cccc4c3C(=O)N(C3CCC(=O)NC3=O)C4=O)c2C)-n2c(C)nnc21,True,dBET23,BRD4 BD1,O60885,CRBN,CRBN,Q96SW2,,,50.0,7.301029995663981,1,,0,,0,1,10.1038/s41589-018-0055-y,PROTAC-DB,Degradation of BRD4 BD1/2 assessed by EGFP/mCherry reporter assay,,,,,,,
Cc1sc2c(c1C)C(c1ccc(Cl)cc1)=N[C@@H](CC(=O)NCCNc1cccc3c1C(=O)N(C1CCC(=O)NC1=O)C3=O)c1nnc(C)n1-2,True,dBET57,BRD4 BD1,O60885,CRBN,CRBN,Q96SW2,,,500.0,6.301029995663981,1,,0,,0,1,10.1038/s41589-018-0055-y,PROTAC-DB,Degradation of BRD4 BD1 assessed by EGFP/mCherry reporter assay,,,,,,,
COC(=O)C[C@@H]1N=C(c2ccc(Cl)cc2)c2c(sc(C(=O)NCCCCCCCCNc3cccc4c3C(=O)N(C3CCC(=O)NC3=O)C4=O)c2C)-n2c(C)nnc21,True,dBET70,BRD4 BD1,O60885,CRBN,CRBN,Q96SW2,,,5.0,8.301029995663981,1,,0,,0,1,10.1038/s41589-018-0055-y,PROTAC-DB,Degradation of BRD4 BD1/2 assessed by EGFP/mCherry reporter assay,,,,,,,
COC(=O)C[C@@H]1N=C(c2ccc(Cl)cc2)c2c(sc(C(=O)NCCCCCNc3cccc4c3C(=O)N(C3CCC(=O)NC3=O)C4=O)c2C)-n2c(C)nnc21,True,ZXH-3-26,BRD4 BD1,O60885,CRBN,CRBN,Q96SW2,,,5.0,8.301029995663981,1,,0,,0,1,10.1038/s41589-018-0055-y,PROTAC-DB,Degradation of BRD4 BD1 assessed by EGFP/mCherry reporter assay,,,,,,,
Cc1cc([C@H](C(=O)N2C[C@H](O)C[C@H]2C(=O)N[C@@H](CC(=O)N2CCC(C#Cc3ccc(C(=O)N[C@H]4C(C)(C)[C@H](Oc5ccc(C#N)c(Cl)c5)C4(C)C)cc3)CC2)c2ccccc2)C(C)C)on1,True,ARD-266,AR,P10275,VHL,VHL,P40337,LNCaP,LNCaP,0.5,9.301029995663981,1,99.0,1,1.0,1,1,10.1021/acs.jmedchem.9b01393,PROTAC-DB,Degradation of AR in LNCaP/VCaP/22Rv1 cells after 6 h treatment,6.0,,LNCaP clone FGC,ACH-000977,Prostate,mapped,1.0
Cc1cc([C@H](C(=O)N2C[C@H](O)C[C@H]2C(=O)N[C@@H](CC(=O)N2CCC(C#Cc3ccc(C(=O)N[C@H]4C(C)(C)[C@H](Oc5ccc(C#N)c(Cl)c5)C4(C)C)cc3)CC2)c2ccccc2)C(C)C)on1,True,ARD-266,AR,P10275,VHL,VHL,P40337,VCaP,VCaP,1.0,9.0,1,95.0,1,1.0,1,1,10.1021/acs.jmedchem.9b01393,PROTAC-DB,Degradation of AR in LNCaP/VCaP/22Rv1 cells after 6 h treatment,6.0,,VCaP,ACH-000115,Prostate,mapped,1.0
Cc1cc([C@H](C(=O)N2C[C@H](O)C[C@H]2C(=O)N[C@@H](CC(=O)N2CCC(C#Cc3ccc(C(=O)N[C@H]4C(C)(C)[C@H](Oc5ccc(C#N)c(Cl)c5)C4(C)C)cc3)CC2)c2ccccc2)C(C)C)on1,True,ARD-266,AR,P10275,VHL,VHL,P40337,22Rv1,22Rv1,0.2,9.698970004336019,1,95.0,1,1.0,1,1,10.1021/acs.jmedchem.9b01393,PROTAC-DB,Degradation of AR in LNCaP/VCaP/22Rv1 cells after 6 h treatment,6.0,,22Rv1,ACH-000956,Prostate,mapped,1.0
CC(=O)c1c(C)c2cnc(Nc3ccc(N4CCN(CC(=O)NCCOCCNc5cccc6c5C(=O)N(C5CCC(=O)NC5=O)C6=O)CC4)cn3)nc2n(C2CCCC2)c1=O,True,CP-5,CDK4,P11802,CRBN,CRBN,Q96SW2,U251,U251-TR3,100.0,7.0,1,,0,,0,1,10.1021/acs.jmedchem.9b00871,PROTAC-DB,Degradation of CDK4 in U251 cells after 24 h treatment,24.0,,U-251 MG,ACH-000232,CNS/Brain,mapped,1.0
CC(=O)c1c(C)c2cnc(Nc3ccc(N4CCN(CC(=O)NCCOCCNc5cccc6c5C(=O)N(C5CCC(=O)NC5=O)C6=O)CC4)cn3)nc2n(C2CCCC2)c1=O,True,CP-5,CDK6,Q00534,CRBN,CRBN,Q96SW2,U251,U251-TR3,1.1,8.958607314841775,1,,0,,0,1,10.1021/acs.jmedchem.9b00871,PROTAC-DB,Degradation of CDK6 in U251 cells after 24 h treatment,24.0,,U-251 MG,ACH-000232,CNS/Brain,mapped,1.0
CC(=O)c1c(C)c2cnc(Nc3ccc(N4CCN(CC(=O)NCCOCCOCCNc5cccc6c5C(=O)N(C5CCC(=O)NC5=O)C6=O)CC4)cn3)nc2n(C2CCCC2)c1=O,True,CP-6,CDK4,P11802,CRBN,CRBN,Q96SW2,U251,U251-TR3,100.0,7.0,1,,0,,0,1,10.1021/acs.jmedchem.9b00871,PROTAC-DB,Degradation of CDK4 in U251 cells after 24 h treatment,24.0,,U-251 MG,ACH-000232,CNS/Brain,mapped,1.0
CC(=O)c1c(C)c2cnc(Nc3ccc(N4CCN(CC(=O)NCCOCCOCCNc5cccc6c5C(=O)N(C5CCC(=O)NC5=O)C6=O)CC4)cn3)nc2n(C2CCCC2)c1=O,True,CP-6,CDK6,Q00534,CRBN,CRBN,Q96SW2,U251,U251-TR3,24.2,7.616184634019569,1,,0,,0,1,10.1021/acs.jmedchem.9b00871,PROTAC-DB,Degradation of CDK6 in U251 cells after 24 h treatment,24.0,,U-251 MG,ACH-000232,CNS/Brain,mapped,1.0
CC(=O)c1c(C)c2cnc(Nc3ccc(N4CCN(CC(=O)NCCOCCOCCOCCOCCNc5cccc6c5C(=O)N(C5CCC(=O)NC5=O)C6=O)CC4)cn3)nc2n(C2CCCC2)c1=O,True,CP-8,CDK4,P11802,CRBN,CRBN,Q96SW2,U251,U251-TR3,100.0,7.0,1,,0,,0,1,10.1021/acs.jmedchem.9b00871,PROTAC-DB,Degradation of CDK4 in U251 cells after 24 h treatment,24.0,,U-251 MG,ACH-000232,CNS/Brain,mapped,1.0
CC(=O)c1c(C)c2cnc(Nc3ccc(N4CCN(CC(=O)NCCOCCOCCOCCOCCNc5cccc6c5C(=O)N(C5CCC(=O)NC5=O)C6=O)CC4)cn3)nc2n(C2CCCC2)c1=O,True,CP-8,CDK6,Q00534,CRBN,CRBN,Q96SW2,U251,U251-TR3,31.0,7.508638306165727,1,,0,,0,1,10.1021/acs.jmedchem.9b00871,PROTAC-DB,Degradation of CDK6 in U251 cells after 24 h treatment,24.0,,U-251 MG,ACH-000232,CNS/Brain,mapped,1.0
CC(=O)c1c(C)c2cnc(Nc3ccc(N4CCN(Cc5cn(CCOCCNc6cccc7c6C(=O)N(C6CCC(=O)NC6=O)C7=O)nn5)CC4)cn3)nc2n(C2CCCC2)c1=O,True,CP-10,CDK4,P11802,CRBN,CRBN,Q96SW2,U251,U251-TR3,100.0,7.0,1,,0,,0,1,10.1021/acs.jmedchem.9b00871,PROTAC-DB,Degradation of CDK4 in U251 cells after 24 h treatment,24.0,,U-251 MG,ACH-000232,CNS/Brain,mapped,1.0
CC(=O)c1c(C)c2cnc(Nc3ccc(N4CCN(Cc5cn(CCCCCNc6cccc7c6C(=O)N(C6CCC(=O)NC6=O)C7=O)nn5)CC4)cn3)nc2n(C2CCCC2)c1=O,True,CP-13,CDK4,P11802,CRBN,CRBN,Q96SW2,U251,U251-TR3,100.0,7.0,1,,0,,0,1,10.1021/acs.jmedchem.9b00871,PROTAC-DB,Degradation of CDK4 in U251 cells after 24 h treatment,24.0,,U-251 MG,ACH-000232,CNS/Brain,mapped,1.0
CC(=O)c1c(C)c2cnc(Nc3ccc(N4CCN(Cc5cn(CCCCCNc6cccc7c6C(=O)N(C6CCC(=O)NC6=O)C7=O)nn5)CC4)cn3)nc2n(C2CCCC2)c1=O,True,CP-13,CDK6,Q00534,CRBN,CRBN,Q96SW2,U251,U251-TR3,5.3,8.275724130399212,1,,0,,0,1,10.1021/acs.jmedchem.9b00871,PROTAC-DB,Degradation of CDK6 in U251 cells after 24 h treatment,24.0,,U-251 MG,ACH-000232,CNS/Brain,mapped,1.0
CC(=O)c1c(C)c2cnc(Nc3ccc(N4CCN(Cc5cn(CCCCCCNc6cccc7c6C(=O)N(C6CCC(=O)NC6=O)C7=O)nn5)CC4)cn3)nc2n(C2CCCC2)c1=O,True,CP-14,CDK4,P11802,CRBN,CRBN,Q96SW2,U251,U251-TR3,100.0,7.0,1,,0,,0,1,10.1021/acs.jmedchem.9b00871,PROTAC-DB,Degradation of CDK4 in U251 cells after 24 h treatment,24.0,,U-251 MG,ACH-000232,CNS/Brain,mapped,1.0
CC(=O)c1c(C)c2cnc(Nc3ccc(N4CCN(Cc5cn(CCCCCCNc6cccc7c6C(=O)N(C6CCC(=O)NC6=O)C7=O)nn5)CC4)cn3)nc2n(C2CCCC2)c1=O,True,CP-14,CDK6,Q00534,CRBN,CRBN,Q96SW2,U251,U251-TR3,10.6,7.97469413473523,1,,0,,0,1,10.1021/acs.jmedchem.9b00871,PROTAC-DB,Degradation of CDK6 in U251 cells after 24 h treatment,24.0,,U-251 MG,ACH-000232,CNS/Brain,mapped,1.0
CC(=O)c1c(C)c2cnc(Nc3ccc(N4CCN(CCOCCOCCNc5cccc6c5C(=O)N(C5CCC(=O)NC5=O)C6=O)CC4)cn3)nc2n(C2CCCC2)c1=O,True,CP-15,CDK4,P11802,CRBN,CRBN,Q96SW2,U251,U251-TR3,50.0,7.301029995663981,1,,0,,0,1,10.1021/acs.jmedchem.9b00871,PROTAC-DB,Degradation of CDK4 in U251 cells after 24 h treatment,24.0,,U-251 MG,ACH-000232,CNS/Brain,mapped,1.0
CC(=O)c1c(C)c2cnc(Nc3ccc(N4CCN(CCOCCOCCNc5cccc6c5C(=O)N(C5CCC(=O)NC5=O)C6=O)CC4)cn3)nc2n(C2CCCC2)c1=O,True,CP-15,CDK6,Q00534,CRBN,CRBN,Q96SW2,U251,U251-TR3,1.6,8.795880017344075,1,,0,,0,1,10.1021/acs.jmedchem.9b00871,PROTAC-DB,Degradation of CDK6 in U251 cells after 24 h treatment,24.0,,U-251 MG,ACH-000232,CNS/Brain,mapped,1.0
CC(=O)c1c(C)c2cnc(Nc3ccc(N4CCN(Cc5cn(CCCCCCc6cccc7c6CN(C6CCC(=O)NC6=O)C7=O)nn5)CC4)cn3)nc2n(C2CCCC2)c1=O,True,CP-16,CDK4,P11802,CRBN,CRBN,Q96SW2,U251,U251-TR3,50.0,7.301029995663981,1,,0,,0,1,10.1021/acs.jmedchem.9b00871,PROTAC-DB,Degradation of CDK4 in U251 cells after 24 h treatment,24.0,,U-251 MG,ACH-000232,CNS/Brain,mapped,1.0
CC(=O)c1c(C)c2cnc(Nc3ccc(N4CCN(Cc5cn(CCCCCCc6cccc7c6CN(C6CCC(=O)NC6=O)C7=O)nn5)CC4)cn3)nc2n(C2CCCC2)c1=O,True,CP-16,CDK6,Q00534,CRBN,CRBN,Q96SW2,U251,U251-TR3,1.7,8.769551078621726,1,,0,,0,1,10.1021/acs.jmedchem.9b00871,PROTAC-DB,Degradation of CDK6 in U251 cells after 24 h treatment,24.0,,U-251 MG,ACH-000232,CNS/Brain,mapped,1.0
CC(=O)c1c(C)c2cnc(Nc3ccc(N4CCN(Cc5cn(CCCCC#Cc6cccc7c6C(=O)N(C6CCC(=O)NC6=O)C7=O)nn5)CC4)cn3)nc2n(C2CCCC2)c1=O,True,CP-21,CDK4,P11802,CRBN,CRBN,Q96SW2,U251,U251-TR3,100.0,7.0,1,,0,,0,1,10.1021/acs.jmedchem.9b00871,PROTAC-DB,Degradation of CDK4 in U251 cells after 24 h treatment,24.0,,U-251 MG,ACH-000232,CNS/Brain,mapped,1.0
CC(=O)c1c(C)c2cnc(Nc3ccc(N4CCN(Cc5cn(CCCCC#Cc6cccc7c6C(=O)N(C6CCC(=O)NC6=O)C7=O)nn5)CC4)cn3)nc2n(C2CCCC2)c1=O,True,CP-21,CDK6,Q00534,CRBN,CRBN,Q96SW2,U251,U251-TR3,81.6,7.088309841246139,1,,0,,0,1,10.1021/acs.jmedchem.9b00871,PROTAC-DB,Degradation of CDK6 in U251 cells after 24 h treatment,24.0,,U-251 MG,ACH-000232,CNS/Brain,mapped,1.0
CC(=O)c1c(C)c2cnc(Nc3ccc(N4CCN(Cc5cn(CCCCCC#Cc6cccc7c6C(=O)N(C6CCC(=O)NC6=O)C7=O)nn5)CC4)cn3)nc2n(C2CCCC2)c1=O,True,CP-22,CDK4,P11802,CRBN,CRBN,Q96SW2,U251,U251-TR3,100.0,7.0,1,,0,,0,1,10.1021/acs.jmedchem.9b00871,PROTAC-DB,Degradation of CDK4 in U251 cells after 24 h treatment,24.0,,U-251 MG,ACH-000232,CNS/Brain,mapped,1.0
CC(=O)c1c(C)c2cnc(Nc3ccc(N4CCN(Cc5cn(CCCCCC#Cc6cccc7c6C(=O)N(C6CCC(=O)NC6=O)C7=O)nn5)CC4)cn3)nc2n(C2CCCC2)c1=O,True,CP-22,CDK6,Q00534,CRBN,CRBN,Q96SW2,U251,U251-TR3,86.8,7.061480274823508,1,,0,,0,1,10.1021/acs.jmedchem.9b00871,PROTAC-DB,Degradation of CDK6 in U251 cells after 24 h treatment,24.0,,U-251 MG,ACH-000232,CNS/Brain,mapped,1.0
Cc1nc2c(F)cc(-c3nc(Nc4ccc(CN5CCN(Cc6cn(CCOCCNc7cccc8c7C(=O)N(C7CCC(=O)NC7=O)C8=O)nn6)CC5)cn4)ncc3F)cc2n1C(C)C,True,CP-A1,CDK4,P11802,CRBN,CRBN,Q96SW2,U251,U251-TR3,500.0,6.301029995663981,1,,0,,0,1,10.1021/acs.jmedchem.9b00871,PROTAC-DB,Degradation of CDK4 in U251 cells after 24 h treatment,24.0,,U-251 MG,ACH-000232,CNS/Brain,mapped,1.0
Cc1nc2c(F)cc(-c3nc(Nc4ccc(CN5CCN(Cc6cn(CCOCCNc7cccc8c7C(=O)N(C7CCC(=O)NC7=O)C8=O)nn6)CC5)cn4)ncc3F)cc2n1C(C)C,True,CP-A1,CDK6,Q00534,CRBN,CRBN,Q96SW2,U251,U251-TR3,8.6,8.065501548756432,1,,0,,0,1,10.1021/acs.jmedchem.9b00871,PROTAC-DB,Degradation of CDK6 in U251 cells after 24 h treatment,24.0,,U-251 MG,ACH-000232,CNS/Brain,mapped,1.0
Cc1nc2c(F)cc(-c3nc(Nc4ccc(CN5CCN(Cc6cn(CCOCCOCCNc7cccc8c7C(=O)N(C7CCC(=O)NC7=O)C8=O)nn6)CC5)cn4)ncc3F)cc2n1C(C)C,True,CP-A2,CDK4,P11802,CRBN,CRBN,Q96SW2,U251,U251-TR3,500.0,6.301029995663981,1,,0,,0,1,10.1021/acs.jmedchem.9b00871,PROTAC-DB,Degradation of CDK4 in U251 cells after 24 h treatment,24.0,,U-251 MG,ACH-000232,CNS/Brain,mapped,1.0
Cc1nc2c(F)cc(-c3nc(Nc4ccc(CN5CCN(Cc6cn(CCOCCOCCNc7cccc8c7C(=O)N(C7CCC(=O)NC7=O)C8=O)nn6)CC5)cn4)ncc3F)cc2n1C(C)C,True,CP-A2,CDK6,Q00534,CRBN,CRBN,Q96SW2,U251,U251-TR3,129.7,6.88706002391592,1,,0,,0,1,10.1021/acs.jmedchem.9b00871,PROTAC-DB,Degradation of CDK6 in U251 cells after 24 h treatment,24.0,,U-251 MG,ACH-000232,CNS/Brain,mapped,1.0
Cc1nc2c(F)cc(-c3nc(Nc4ccc(CN5CCN(Cc6cn(CCOCCOCCOCCNc7cccc8c7C(=O)N(C7CCC(=O)NC7=O)C8=O)nn6)CC5)cn4)ncc3F)cc2n1C(C)C,True,CP-A3,CDK4,P11802,CRBN,CRBN,Q96SW2,U251,U251-TR3,500.0,6.301029995663981,1,,0,,0,1,10.1021/acs.jmedchem.9b00871,PROTAC-DB,Degradation of CDK4 in U251 cells after 24 h treatment,24.0,,U-251 MG,ACH-000232,CNS/Brain,mapped,1.0
Cc1nc2c(F)cc(-c3nc(Nc4ccc(CN5CCN(Cc6cn(CCOCCOCCOCCNc7cccc8c7C(=O)N(C7CCC(=O)NC7=O)C8=O)nn6)CC5)cn4)ncc3F)cc2n1C(C)C,True,CP-A3,CDK6,Q00534,CRBN,CRBN,Q96SW2,U251,U251-TR3,271.9,6.5655907924125,1,,0,,0,1,10.1021/acs.jmedchem.9b00871,PROTAC-DB,Degradation of CDK6 in U251 cells after 24 h treatment,24.0,,U-251 MG,ACH-000232,CNS/Brain,mapped,1.0
Cc1nc2c(F)cc(-c3nc(Nc4ccc(CN5CCN(Cc6cn(CCOCCOCCOCCOCCNc7cccc8c7C(=O)N(C7CCC(=O)NC7=O)C8=O)nn6)CC5)cn4)ncc3F)cc2n1C(C)C,True,CP-A4,CDK4,P11802,CRBN,CRBN,Q96SW2,U251,U251-TR3,500.0,6.301029995663981,1,,0,,0,1,10.1021/acs.jmedchem.9b00871,PROTAC-DB,Degradation of CDK4 in U251 cells after 24 h treatment,24.0,,U-251 MG,ACH-000232,CNS/Brain,mapped,1.0
Cc1nc2c(F)cc(-c3nc(Nc4ccc(CN5CCN(Cc6cn(CCOCCOCCOCCOCCNc7cccc8c7C(=O)N(C7CCC(=O)NC7=O)C8=O)nn6)CC5)cn4)ncc3F)cc2n1C(C)C,True,CP-A4,CDK6,Q00534,CRBN,CRBN,Q96SW2,U251,U251-TR3,145.5,6.837137006678074,1,,0,,0,1,10.1021/acs.jmedchem.9b00871,PROTAC-DB,Degradation of CDK6 in U251 cells after 24 h treatment,24.0,,U-251 MG,ACH-000232,CNS/Brain,mapped,1.0
Cc1nc(Nc2ncc(C(=O)Nc3c(C)cccc3Cl)s2)cc(N2CCN(C(=O)CCCCCCCCC(=O)N[C@H](C(=O)N3C[C@H](O)C[C@H]3C(=O)NCc3ccc(-c4scnc4C)cc3)C(C)(C)C)CC2)n1,True,464,BCR-ABL,P00520,VHL,VHL,P40337,K562,EGFP-K562,10.1,7.995678626217358,1,,0,,0,1,10.1021/acs.jmedchem.9b01264,PROTAC-DB,Degradation of BCR-ABL in K562 cells after 16 h treatment,16.0,,K-562,ACH-000551,Myeloid,mapped,1.0
Cc1nc(Nc2ncc(C(=O)Nc3c(C)cccc3Cl)s2)cc(N2CCN(C(=O)CCCCCCCC(=O)N[C@H](C(=O)N3C[C@H](O)C[C@H]3C(=O)NCc3ccc(-c4scnc4C)cc3)C(C)(C)C)CC2)n1,True,465,BCR-ABL,P00520,VHL,VHL,P40337,K562,EGFP-K562,37.9,7.421360790031928,1,,0,,0,1,10.1021/acs.jmedchem.9b01264,PROTAC-DB,Degradation of BCR-ABL in K562 cells after 16 h treatment,16.0,,K-562,ACH-000551,Myeloid,mapped,1.0
Cc1nc(Nc2ncc(C(=O)Nc3c(C)cccc3Cl)s2)cc(N2CCN(C(=O)CCCCCCC(=O)N[C@H](C(=O)N3C[C@H](O)C[C@H]3C(=O)NCc3ccc(-c4scnc4C)cc3)C(C)(C)C)CC2)n1,True,SIAIS178,BCR-ABL,P00520,VHL,VHL,P40337,K562,EGFP-K562,8.5,8.070581074285707,1,,0,,0,1,10.1021/acs.jmedchem.9b01264,PROTAC-DB,Degradation of BCR-ABL in K562 cells after 16 h treatment,16.0,,K-562,ACH-000551,Myeloid,mapped,1.0
Cc1nc(Nc2ncc(C(=O)Nc3c(C)cccc3Cl)s2)cc(N2CCN(C(=O)CCCCCC(=O)N[C@H](C(=O)N3C[C@H](O)C[C@H]3C(=O)NCc3ccc(-c4scnc4C)cc3)C(C)(C)C)CC2)n1,True,467,BCR-ABL,P00520,VHL,VHL,P40337,K562,EGFP-K562,17.9,7.747146969020107,1,,0,,0,1,10.1021/acs.jmedchem.9b01264,PROTAC-DB,Degradation of BCR-ABL in K562 cells after 16 h treatment,16.0,,K-562,ACH-000551,Myeloid,mapped,1.0
Cc1nc(Nc2ncc(C(=O)Nc3c(C)cccc3Cl)s2)cc(N2CCN(C(=O)CCCCC(=O)N[C@H](C(=O)N3C[C@H](O)C[C@H]3C(=O)NCc3ccc(-c4scnc4C)cc3)C(C)(C)C)CC2)n1,True,468,BCR-ABL,P00520,VHL,VHL,P40337,K562,EGFP-K562,34.7,7.459670525209126,1,,0,,0,1,10.1021/acs.jmedchem.9b01264,PROTAC-DB,Degradation of BCR-ABL in K562 cells after 16 h treatment,16.0,,K-562,ACH-000551,Myeloid,mapped,1.0
Cc1nc(Nc2ncc(C(=O)Nc3c(C)cccc3Cl)s2)cc(N2CCN(C(=O)CCCC(=O)N[C@H](C(=O)N3C[C@H](O)C[C@H]3C(=O)NCc3ccc(-c4scnc4C)cc3)C(C)(C)C)CC2)n1,True,469,BCR-ABL,P00520,VHL,VHL,P40337,K562,EGFP-K562,40.2,7.39577394691553,1,,0,,0,1,10.1021/acs.jmedchem.9b01264,PROTAC-DB,Degradation of BCR-ABL in K562 cells after 16 h treatment,16.0,,K-562,ACH-000551,Myeloid,mapped,1.0
Cc1nc(Nc2ncc(C(=O)Nc3c(C)cccc3Cl)s2)cc(N2CCN(C(=O)CCC(=O)N[C@H](C(=O)N3C[C@H](O)C[C@H]3C(=O)NCc3ccc(-c4scnc4C)cc3)C(C)(C)C)CC2)n1,True,470,BCR-ABL,P00520,VHL,VHL,P40337,K562,EGFP-K562,611.4,6.21367456560993,1,,0,,0,1,10.1021/acs.jmedchem.9b01264,PROTAC-DB,Degradation of BCR-ABL in K562 cells after 16 h treatment,16.0,,K-562,ACH-000551,Myeloid,mapped,1.0
NC(=O)CC[C@H](NC(=O)[C@@H]1CC[C@@H]2CCN(C(=O)CCCC#Cc3cccc4c3CN(C3CCC(=O)NC3=O)C4=O)C[C@H](NC(=O)c3cc4cc(C(F)(F)P(=O)(O)O)ccc4[nH]3)C(=O)N21)C(=O)NC(c1ccccc1)c1ccccc1,True,475,STAT3,P40763,CRBN,CRBN,Q96SW2,Molm-16,MOLM-16,2630.0,5.580044251510242,1,,0,0.0,1,1,10.1021/acs.jmedchem.9b01530,PROTAC-DB,Degradation of total STAT3 and p-STAT3Y705 proteins in Molm-16 cells after 4 h treatment,4.0,,MOLM-16,ACH-000369,Myeloid,mapped,1.0
NC(=O)CC[C@H](NC(=O)[C@@H]1CC[C@@H]2CCN(C(=O)CCCCC#Cc3cccc4c3CN(C3CCC(=O)NC3=O)C4=O)C[C@H](NC(=O)c3cc4cc(C(F)(F)P(=O)(O)O)ccc4[nH]3)C(=O)N21)C(=O)NC(c1ccccc1)c1ccccc1,True,476,STAT3,P40763,CRBN,CRBN,Q96SW2,Molm-16,MOLM-16,260.0,6.585026652029182,1,,0,,0,1,10.1021/acs.jmedchem.9b01530,PROTAC-DB,Degradation of total STAT3 and p-STAT3Y705 proteins in Molm-16 cells after 4 h treatment,4.0,,MOLM-16,ACH-000369,Myeloid,mapped,1.0
NC(=O)CC[C@H](NC(=O)[C@@H]1CC[C@@H]2CCN(C(=O)CCCCCC#Cc3cccc4c3CN(C3CCC(=O)NC3=O)C4=O)C[C@H](NC(=O)c3cc4cc(C(F)(F)P(=O)(O)O)ccc4[nH]3)C(=O)N21)C(=O)NC(c1ccccc1)c1ccccc1,True,SD-36,STAT3,P40763,CRBN,CRBN,Q96SW2,Molm-16,MOLM-16,60.0,7.221848749616356,1,,0,,0,1,10.1021/acs.jmedchem.9b01530,PROTAC-DB,Degradation of total STAT3 and p-STAT3Y705 proteins in Molm-16/SU-DHL-1 cells after 4/16 h treatment,4.0,,MOLM-16,ACH-000369,Myeloid,mapped,1.0
NC(=O)CC[C@H](NC(=O)[C@@H]1CC[C@@H]2CCN(C(=O)CCCCCC#Cc3cccc4c3CN(C3CCC(=O)NC3=O)C4=O)C[C@H](NC(=O)c3cc4cc(C(F)(F)P(=O)(O)O)ccc4[nH]3)C(=O)N21)C(=O)NC(c1ccccc1)c1ccccc1,True,SD-36,p-STAT3Y705,P40763,CRBN,CRBN,Q96SW2,SU-DHL-1,SU-DHL-1,28.0,7.552841968657781,1,,0,,0,1,10.1021/acs.jmedchem.9b01530,PROTAC-DB,Degradation of total STAT3 and p-STAT3Y705 proteins in Molm-16/SU-DHL-1 cells after 4/16 h treatment,16.0,,SU-DHL-1,ACH-000664,Lymphoid,mapped,1.0
NC(=O)CC[C@H](NC(=O)[C@@H]1CC[C@@H]2CCN(C(=O)CCCCCCC#Cc3cccc4c3CN(C3CCC(=O)NC3=O)C4=O)C[C@H](NC(=O)c3cc4cc(C(F)(F)P(=O)(O)O)ccc4[nH]3)C(=O)N21)C(=O)NC(c1ccccc1)c1ccccc1,True,478,STAT3,P40763,CRBN,CRBN,Q96SW2,Molm-16,MOLM-16,90.0,7.045757490560675,1,,0,,0,1,10.1021/acs.jmedchem.9b01530,PROTAC-DB,Degradation of total STAT3 and p-STAT3Y705 proteins in Molm-16 cells after 4 h treatment,4.0,,MOLM-16,ACH-000369,Myeloid,mapped,1.0
NC(=O)CC[C@H](NC(=O)[C@@H]1CC[C@@H]2CCN(C(=O)CCCCCCCCC#Cc3cccc4c3CN(C3CCC(=O)NC3=O)C4=O)C[C@H](NC(=O)c3cc4cc(C(F)(F)P(=O)(O)O)ccc4[nH]3)C(=O)N21)C(=O)NC(c1ccccc1)c1ccccc1,True,479,STAT3,P40763,CRBN,CRBN,Q96SW2,Molm-16,MOLM-16,150.0,6.823908740944319,1,,0,,0,1,10.1021/acs.jmedchem.9b01530,PROTAC-DB,Degradation of total STAT3 and p-STAT3Y705 proteins in Molm-16 cells after 4 h treatment,4.0,,MOLM-16,ACH-000369,Myeloid,mapped,1.0
NC(=O)CC[C@H](NC(=O)[C@@H]1CC[C@@H]2CCN(CCCCCCC#Cc3cccc4c3CN(C3CCC(=O)NC3=O)C4=O)C[C@H](NC(=O)c3cc4cc(C(F)(F)P(=O)(O)O)ccc4[nH]3)C(=O)N21)C(=O)NC(c1ccccc1)c1ccccc1,True,480,STAT3,P40763,CRBN,CRBN,Q96SW2,Molm-16,MOLM-16,650.0,6.187086643357144,1,,0,,0,1,10.1021/acs.jmedchem.9b01530,PROTAC-DB,Degradation of total STAT3 and p-STAT3Y705 proteins in Molm-16/SU-DHL-1 cells after 4/16 h treatment,4.0,,MOLM-16,ACH-000369,Myeloid,mapped,1.0
NC(=O)CC[C@H](NC(=O)[C@@H]1CC[C@@H]2CCN(CCCCCCC#Cc3cccc4c3CN(C3CCC(=O)NC3=O)C4=O)C[C@H](NC(=O)c3cc4cc(C(F)(F)P(=O)(O)O)ccc4[nH]3)C(=O)N21)C(=O)NC(c1ccccc1)c1ccccc1,True,480,p-STAT3Y705,P40763,CRBN,CRBN,Q96SW2,SU-DHL-1,SU-DHL-1,919.0,6.036684488613889,1,,0,,0,1,10.1021/acs.jmedchem.9b01530,PROTAC-DB,Degradation of total STAT3 and p-STAT3Y705 proteins in Molm-16/SU-DHL-1 cells after 4/16 h treatment,16.0,,SU-DHL-1,ACH-000664,Lymphoid,mapped,1.0
NC(=O)CC[C@H](NC(=O)[C@@H]1CC[C@@H]2CCN(C(=O)OCCCCC#Cc3cccc4c3CN(C3CCC(=O)NC3=O)C4=O)C[C@H](NC(=O)c3cc4cc(C(F)(F)P(=O)(O)O)ccc4[nH]3)C(=O)N21)C(=O)NC(c1ccccc1)c1ccccc1,True,481,STAT3,P40763,CRBN,CRBN,Q96SW2,Molm-16,MOLM-16,240.0,6.619788758288394,1,,0,,0,1,10.1021/acs.jmedchem.9b01530,PROTAC-DB,Degradation of total STAT3 and p-STAT3Y705 proteins in Molm-16/SU-DHL-1 cells after 4/16 h treatment,4.0,,MOLM-16,ACH-000369,Myeloid,mapped,1.0
NC(=O)CC[C@H](NC(=O)[C@@H]1CC[C@@H]2CCN(C(=O)OCCCCC#Cc3cccc4c3CN(C3CCC(=O)NC3=O)C4=O)C[C@H](NC(=O)c3cc4cc(C(F)(F)P(=O)(O)O)ccc4[nH]3)C(=O)N21)C(=O)NC(c1ccccc1)c1ccccc1,True,481,p-STAT3Y705,P40763,CRBN,CRBN,Q96SW2,SU-DHL-1,SU-DHL-1,49.0,7.309803919971486,1,,0,,0,1,10.1021/acs.jmedchem.9b01530,PROTAC-DB,Degradation of total STAT3 and p-STAT3Y705 proteins in Molm-16/SU-DHL-1 cells after 4/16 h treatment,16.0,,SU-DHL-1,ACH-000664,Lymphoid,mapped,1.0
NC(=O)CC[C@H](NC(=O)[C@@H]1CC[C@@H]2CCN(C(=O)NCCCCC#Cc3cccc4c3CN(C3CCC(=O)NC3=O)C4=O)C[C@H](NC(=O)c3cc4cc(C(F)(F)P(=O)(O)O)ccc4[nH]3)C(=O)N21)C(=O)NC(c1ccccc1)c1ccccc1,True,482,STAT3,P40763,CRBN,CRBN,Q96SW2,Molm-16,MOLM-16,50.0,7.301029995663981,1,,0,,0,1,10.1021/acs.jmedchem.9b01530,PROTAC-DB,Degradation of total STAT3 and p-STAT3Y705 proteins in Molm-16/SU-DHL-1 cells after 4/16 h treatment,4.0,,MOLM-16,ACH-000369,Myeloid,mapped,1.0
NC(=O)CC[C@H](NC(=O)[C@@H]1CC[C@@H]2CCN(C(=O)NCCCCC#Cc3cccc4c3CN(C3CCC(=O)NC3=O)C4=O)C[C@H](NC(=O)c3cc4cc(C(F)(F)P(=O)(O)O)ccc4[nH]3)C(=O)N21)C(=O)NC(c1ccccc1)c1ccccc1,True,482,p-STAT3Y705,P40763,CRBN,CRBN,Q96SW2,SU-DHL-1,SU-DHL-1,11.0,7.958607314841775,1,,0,,0,1,10.1021/acs.jmedchem.9b01530,PROTAC-DB,Degradation of total STAT3 and p-STAT3Y705 proteins in Molm-16/SU-DHL-1 cells after 4/16 h treatment,16.0,,SU-DHL-1,ACH-000664,Lymphoid,mapped,1.0
NC(=O)CC[C@H](NC(=O)[C@@H]1CC[C@@H]2CCN(C(=O)c3cnn(CCCC#Cc4cccc5c4CN(C4CCC(=O)NC4=O)C5=O)c3)C[C@H](NC(=O)c3cc4cc(C(F)(F)P(=O)(O)O)ccc4[nH]3)C(=O)N21)C(=O)NC(c1ccccc1)c1ccccc1,True,483,STAT3,P40763,CRBN,CRBN,Q96SW2,Molm-16,MOLM-16,180.0,6.7447274948966935,1,,0,,0,1,10.1021/acs.jmedchem.9b01530,PROTAC-DB,Degradation of total STAT3 and p-STAT3Y705 proteins in Molm-16 cells after 4 h treatment,4.0,,MOLM-16,ACH-000369,Myeloid,mapped,1.0
NC(=O)CC[C@H](NC(=O)[C@@H]1CC[C@@H]2CCN(C(=O)CCCn3cc(C#Cc4cccc5c4CN(C4CCC(=O)NC4=O)C5=O)cn3)C[C@H](NC(=O)c3cc4cc(C(F)(F)P(=O)(O)O)ccc4[nH]3)C(=O)N21)C(=O)NC(c1ccccc1)c1ccccc1,True,484,STAT3,P40763,CRBN,CRBN,Q96SW2,Molm-16,MOLM-16,250.0,6.6020599913279625,1,,0,,0,1,10.1021/acs.jmedchem.9b01530,PROTAC-DB,Degradation of total STAT3 and p-STAT3Y705 proteins in Molm-16 cells after 4 h treatment,4.0,,MOLM-16,ACH-000369,Myeloid,mapped,1.0
NC(=O)CC[C@H](NC(=O)[C@@H]1CC[C@@H]2CCN(C(=O)N3CCC(CCC#Cc4cccc5c4CN(C4CCC(=O)NC4=O)C5=O)CC3)C[C@H](NC(=O)c3cc4cc(C(F)(F)P(=O)(O)O)ccc4[nH]3)C(=O)N21)C(=O)NC(c1ccccc1)c1ccccc1,True,485,STAT3,P40763,CRBN,CRBN,Q96SW2,Molm-16,MOLM-16,180.0,6.7447274948966935,1,,0,,0,1,10.1021/acs.jmedchem.9b01530,PROTAC-DB,Degradation of total STAT3 and p-STAT3Y705 proteins in Molm-16 cells after 4 h treatment,4.0,,MOLM-16,ACH-000369,Myeloid,mapped,1.0
NC(=O)CC[C@H](NC(=O)[C@@H]1CC[C@@H]2CCN(C(=O)CCN3CCC(C#Cc4cccc5c4CN(C4CCC(=O)NC4=O)C5=O)CC3)C[C@H](NC(=O)c3cc4cc(C(F)(F)P(=O)(O)O)ccc4[nH]3)C(=O)N21)C(=O)NC(c1ccccc1)c1ccccc1,True,486,STAT3,P40763,CRBN,CRBN,Q96SW2,Molm-16,MOLM-16,2470.0,5.607303046740334,1,,0,0.0,1,1,10.1021/acs.jmedchem.9b01530,PROTAC-DB,Degradation of total STAT3 and p-STAT3Y705 proteins in Molm-16 cells after 4 h treatment,4.0,,MOLM-16,ACH-000369,Myeloid,mapped,1.0
NC(=O)CC[C@H](NC(=O)[C@@H]1CC[C@@H]2CCN(C(=O)CC(=O)N3CCC(C#Cc4cccc5c4CN(C4CCC(=O)NC4=O)C5=O)CC3)C[C@H](NC(=O)c3cc4cc(C(F)(F)P(=O)(O)O)ccc4[nH]3)C(=O)N21)C(=O)NC(c1ccccc1)c1ccccc1,True,487,STAT3,P40763,CRBN,CRBN,Q96SW2,Molm-16,MOLM-16,380.0,6.42021640338319,1,,0,,0,1,10.1021/acs.jmedchem.9b01530,PROTAC-DB,Degradation of total STAT3 and p-STAT3Y705 proteins in Molm-16 cells after 4 h treatment,4.0,,MOLM-16,ACH-000369,Myeloid,mapped,1.0
NC(=O)CC[C@H](NC(=O)[C@@H]1CC[C@@H]2CCN(C(=O)CCCCCCCc3cccc4c3CN(C3CCC(=O)NC3=O)C4=O)C[C@H](NC(=O)c3cc4cc(C(F)(F)P(=O)(O)O)ccc4[nH]3)C(=O)N21)C(=O)NC(c1ccccc1)c1ccccc1,True,488,STAT3,P40763,CRBN,CRBN,Q96SW2,Molm-16,MOLM-16,160.0,6.795880017344075,1,,0,,0,1,10.1021/acs.jmedchem.9b01530,PROTAC-DB,Degradation of total STAT3 and p-STAT3Y705 proteins in Molm-16 cells after 4 h treatment,4.0,,MOLM-16,ACH-000369,Myeloid,mapped,1.0
NC(=O)CC[C@H](NC(=O)[C@@H]1CC[C@@H]2CCN(C(=O)CCCCCCNc3cccc4c3CN(C3CCC(=O)NC3=O)C4=O)C[C@H](NC(=O)c3cc4cc(C(F)(F)P(=O)(O)O)ccc4[nH]3)C(=O)N21)C(=O)NC(c1ccccc1)c1ccccc1,True,489,STAT3,P40763,CRBN,CRBN,Q96SW2,Molm-16,MOLM-16,90.0,7.045757490560675,1,,0,,0,1,10.1021/acs.jmedchem.9b01530,PROTAC-DB,Degradation of total STAT3 and p-STAT3Y705 proteins in Molm-16 cells after 4 h treatment,4.0,,MOLM-16,ACH-000369,Myeloid,mapped,1.0
NC(=O)CC[C@H](NC(=O)[C@@H]1CC[C@@H]2CCN(C(=O)CCCCCC#Cc3cccc4c3C(=O)N(C3CCC(=O)NC3=O)C4=O)C[C@H](NC(=O)c3cc4cc(C(F)(F)P(=O)(O)O)ccc4[nH]3)C(=O)N21)C(=O)NC(c1ccccc1)c1ccccc1,True,490,STAT3,P40763,CRBN,CRBN,Q96SW2,Molm-16,MOLM-16,3540.0,5.450996737974212,1,,0,0.0,1,1,10.1021/acs.jmedchem.9b01530,PROTAC-DB,Degradation of total STAT3 and p-STAT3Y705 proteins in Molm-16/SU-DHL-1 cells after 4/16 h treatment,4.0,,MOLM-16,ACH-000369,Myeloid,mapped,1.0
NC(=O)CC[C@H](NC(=O)[C@@H]1CC[C@@H]2CCN(C(=O)CCCCCC#Cc3cccc4c3C(=O)N(C3CCC(=O)NC3=O)C4=O)C[C@H](NC(=O)c3cc4cc(C(F)(F)P(=O)(O)O)ccc4[nH]3)C(=O)N21)C(=O)NC(c1ccccc1)c1ccccc1,True,490,p-STAT3Y705,P40763,CRBN,CRBN,Q96SW2,SU-DHL-1,SU-DHL-1,10000.0,5.0,1,,0,0.0,1,1,10.1021/acs.jmedchem.9b01530,PROTAC-DB,Degradation of total STAT3 and p-STAT3Y705 proteins in Molm-16/SU-DHL-1 cells after 4/16 h treatment,16.0,,SU-DHL-1,ACH-000664,Lymphoid,mapped,1.0
NC(=O)CC[C@H](NC(=O)[C@@H]1CC[C@@H]2CCN(C(=O)CCCCCC#Cc3ccc4c(c3)CN(C3CCC(=O)NC3=O)C4=O)C[C@H](NC(=O)c3cc4cc(C(F)(F)P(=O)(O)O)ccc4[nH]3)C(=O)N21)C(=O)NC(c1ccccc1)c1ccccc1,True,491,STAT3,P40763,CRBN,CRBN,Q96SW2,Molm-16,MOLM-16,410.0,6.3872161432802645,1,,0,,0,1,10.1021/acs.jmedchem.9b01530,PROTAC-DB,Degradation of total STAT3 and p-STAT3Y705 proteins in Molm-16 cells after 4 h treatment,4.0,,MOLM-16,ACH-000369,Myeloid,mapped,1.0
NC(=O)CC[C@H](NC(=O)[C@@H]1CC[C@@H]2CCN(C(=O)CCCCCC#Cc3ccc4c(c3)C(=O)N(C3CCC(=O)NC3=O)C4)C[C@H](NC(=O)c3cc4cc(C(F)(F)P(=O)(O)O)ccc4[nH]3)C(=O)N21)C(=O)NC(c1ccccc1)c1ccccc1,True,492,STAT3,P40763,CRBN,CRBN,Q96SW2,Molm-16,MOLM-16,360.0,6.443697499232712,1,,0,,0,1,10.1021/acs.jmedchem.9b01530,PROTAC-DB,Degradation of total STAT3 and p-STAT3Y705 proteins in Molm-16 cells after 4 h treatment,4.0,,MOLM-16,ACH-000369,Myeloid,mapped,1.0
NC(=O)CC[C@H](NC(=O)[C@@H]1CC[C@@H]2CCN(C(=O)CCCCCC#Cc3cccc4c3CN(C3CCC(=O)NC3=O)C4=O)C[C@H](NC(=O)c3cc4cc(C(F)(F)P(=O)(O)O)ccc4[nH]3)C(=O)N21)C(=O)NCc1ccccc1,True,493,STAT3,P40763,CRBN,CRBN,Q96SW2,Molm-16,MOLM-16,220.0,6.657577319177793,1,,0,,0,1,10.1021/acs.jmedchem.9b01530,PROTAC-DB,Degradation of total STAT3 and p-STAT3Y705 proteins in Molm-16/SU-DHL-1 cells after 4/16 h treatment,4.0,,MOLM-16,ACH-000369,Myeloid,mapped,1.0
NC(=O)CC[C@H](NC(=O)[C@@H]1CC[C@@H]2CCN(C(=O)CCCCCC#Cc3cccc4c3CN(C3CCC(=O)NC3=O)C4=O)C[C@H](NC(=O)c3cc4cc(C(F)(F)P(=O)(O)O)ccc4[nH]3)C(=O)N21)C(=O)NCc1ccccc1,True,493,p-STAT3Y705,P40763,CRBN,CRBN,Q96SW2,SU-DHL-1,SU-DHL-1,55.0,7.259637310505756,1,,0,,0,1,10.1021/acs.jmedchem.9b01530,PROTAC-DB,Degradation of total STAT3 and p-STAT3Y705 proteins in Molm-16/SU-DHL-1 cells after 4/16 h treatment,16.0,,SU-DHL-1,ACH-000664,Lymphoid,mapped,1.0
CNC(=O)[C@H](CCC(N)=O)NC(=O)[C@@H]1CC[C@@H]2CCN(C(=O)CCCCCC#Cc3cccc4c3CN(C3CCC(=O)NC3=O)C4=O)C[C@H](NC(=O)c3cc4cc(C(F)(F)P(=O)(O)O)ccc4[nH]3)C(=O)N21,True,494,STAT3,P40763,CRBN,CRBN,Q96SW2,Molm-16,MOLM-16,640.0,6.1938200260161125,1,,0,,0,1,10.1021/acs.jmedchem.9b01530,PROTAC-DB,Degradation of total STAT3 and p-STAT3Y705 proteins in Molm-16/SU-DHL-1 cells after 4/16 h treatment,4.0,,MOLM-16,ACH-000369,Myeloid,mapped,1.0
CNC(=O)[C@H](CCC(N)=O)NC(=O)[C@@H]1CC[C@@H]2CCN(C(=O)CCCCCC#Cc3cccc4c3CN(C3CCC(=O)NC3=O)C4=O)C[C@H](NC(=O)c3cc4cc(C(F)(F)P(=O)(O)O)ccc4[nH]3)C(=O)N21,True,494,p-STAT3Y705,P40763,CRBN,CRBN,Q96SW2,SU-DHL-1,SU-DHL-1,890.0,6.050609993355087,1,,0,,0,1,10.1021/acs.jmedchem.9b01530,PROTAC-DB,Degradation of total STAT3 and p-STAT3Y705 proteins in Molm-16/SU-DHL-1 cells after 4/16 h treatment,16.0,,SU-DHL-1,ACH-000664,Lymphoid,mapped,1.0
NC(=O)CC[C@H](NC(=O)[C@@H]1CC[C@@H]2CCN(C(=O)CCCCCC#Cc3cccc4c3CN(C3CCC(=O)NC3=O)C4=O)C[C@H](NC(=O)c3cc4cc(OP(=O)(O)O)ccc4[nH]3)C(=O)N21)C(=O)NC(c1ccccc1)c1ccccc1,True,495,STAT3,P40763,CRBN,CRBN,Q96SW2,Molm-16,MOLM-16,10000.0,5.0,1,,0,0.0,1,1,10.1021/acs.jmedchem.9b01530,PROTAC-DB,Degradation of total STAT3 and p-STAT3Y705 proteins in Molm-16 cells after 4 h treatment,4.0,,MOLM-16,ACH-000369,Myeloid,mapped,1.0
NC(=O)CC[C@H](NC(=O)[C@@H]1CC[C@@H]2CCN(C(=O)CCCCCC#Cc3cccc4c3CN(C3CCC(=O)NC3=O)C4=O)C[C@H](NC(=O)c3cc4cc(CP(=O)(O)O)ccc4[nH]3)C(=O)N21)C(=O)NC(c1ccccc1)c1ccccc1,True,496,STAT3,P40763,CRBN,CRBN,Q96SW2,Molm-16,MOLM-16,10000.0,5.0,1,,0,0.0,1,1,10.1021/acs.jmedchem.9b01530,PROTAC-DB,Degradation of total STAT3 and p-STAT3Y705 proteins in Molm-16 cells after 4 h treatment,4.0,,MOLM-16,ACH-000369,Myeloid,mapped,1.0
C/C(=C\C(=O)N[C@H]1CN(C(=O)CCCCCC#Cc2cccc3c2CN(C2CCC(=O)NC2=O)C3=O)CC[C@H]2CC[C@@H](C(=O)N[C@@H](CCC(N)=O)C(=O)NC(c3ccccc3)c3ccccc3)N2C1=O)c1ccc(C(F)(F)P(=O)(O)O)cc1,True,497,STAT3,P40763,CRBN,CRBN,Q96SW2,Molm-16,MOLM-16,4450.0,5.351639989019068,1,,0,0.0,1,1,10.1021/acs.jmedchem.9b01530,PROTAC-DB,Degradation of total STAT3 and p-STAT3Y705 proteins in Molm-16/SU-DHL-1 cells after 4/16 h treatment,4.0,,MOLM-16,ACH-000369,Myeloid,mapped,1.0
C/C(=C\C(=O)N[C@H]1CN(C(=O)CCCCCC#Cc2cccc3c2CN(C2CCC(=O)NC2=O)C3=O)CC[C@H]2CC[C@@H](C(=O)N[C@@H](CCC(N)=O)C(=O)NC(c3ccccc3)c3ccccc3)N2C1=O)c1ccc(C(F)(F)P(=O)(O)O)cc1,True,497,p-STAT3Y705,P40763,CRBN,CRBN,Q96SW2,SU-DHL-1,SU-DHL-1,10000.0,5.0,1,,0,0.0,1,1,10.1021/acs.jmedchem.9b01530,PROTAC-DB,Degradation of total STAT3 and p-STAT3Y705 proteins in Molm-16/SU-DHL-1 cells after 4/16 h treatment,16.0,,SU-DHL-1,ACH-000664,Lymphoid,mapped,1.0
O=C(CCCCC(=O)NCCN1C(=O)c2cccc3c(Sc4ccc(Br)cc4)ccc(c23)C1=O)NCCCCCCNc1cccc2c1C(=O)N(C1CCC(=O)NC1=O)C2=O,True,500,MCL1,Q07820,CRBN,CRBN,Q96SW2,HeLa,HeLa,700.0,6.154901959985743,1,,0,,0,1,10.1021/acs.jmedchem.9b00919,PROTAC-DB,Degradation of MCL1 in HeLa cells after 12 h treatment,12.0,,HeLa,ACH-001086,Cervix,mapped,1.0
O=C(CCCCC(=O)NCCN1C(=O)c2cccc3c(Sc4ccc(Br)cc4)ccc(c23)C1=O)NCCOCCOCCNc1cccc2c1C(=O)N(C1CCC(=O)NC1=O)C2=O,True,502,BCL2,P10415,CRBN,CRBN,Q96SW2,HeLa,HeLa,3000.0,5.522878745280337,1,,0,0.0,1,1,10.1021/acs.jmedchem.9b00919,PROTAC-DB,Degradation of BCL2 in HeLa cells after 12 h treatment,12.0,,HeLa,ACH-001086,Cervix,mapped,1.0
COc1cc(N2CCC(NC(=O)CCCCCCCCCC(=O)N[C@H](C(=O)N3C[C@H](O)C[C@H]3C(=O)NCc3ccc(-c4scnc4C)cc3)C(C)(C)C)CC2)ccc1Nc1ncc(Cl)c(Nc2ccccc2P(C)(C)=O)n1,True,SIAIS117,ALK,Q9UM73,VHL,VHL,P40337,SR,SR,7.0,8.154901959985743,1,,0,,0,1,10.1016/j.ejmech.2020.112190,PROTAC-DB,Degradation of ALK in SR cells after 16 h treatment,16.0,,SR,,,unmapped,0.0
COc1cc(N2CCC(NC(=O)CCCCCCCCCC(=O)N[C@H](C(=O)N3C[C@H](O)C[C@H]3C(=O)NCc3ccc(-c4scnc4C)cc3)C(C)(C)C)CC2)ccc1Nc1ncc(Cl)c(Nc2ccccc2P(C)(C)=O)n1,True,SIAIS117,G1202R ALK,Q9UM73,VHL,VHL,P40337,293T,293T FOXP3,200.0,6.698970004336019,1,,0,,0,1,10.1016/j.ejmech.2020.112190,PROTAC-DB,Degradation of G1202R ALK in 293T cells,,,293T,,,unmapped,0.0
COc1cc(N2CCN(CCOCCOCCNC(=O)CNc3cccc4c3C(=O)N(C3CCC(=O)NC3=O)C4=O)CC2)ccc1Nc1ncc(Cl)c(Nc2ccccc2S(=O)(=O)C(C)C)n1,True,TL13-12,ALK,Q9UM73,CRBN,CRBN,Q96SW2,H3122,NCI-H3122,10.0,8.0,1,,0,,0,1,10.1021/acs.jmedchem.7b01655,PROTAC-DB,Degradation of ALK in H3122/Karpas 299/Kelly cells 16 h treatment,,,NCI-H3122,ACH-000337,Lung,mapped,1.0
COc1cc(N2CCN(CCOCCOCCNC(=O)CNc3cccc4c3C(=O)N(C3CCC(=O)NC3=O)C4=O)CC2)ccc1Nc1ncc(Cl)c(Nc2ccccc2S(=O)(=O)C(C)C)n1,True,TL13-12,ALK,Q9UM73,CRBN,CRBN,Q96SW2,Karpas 299,Karpas-299,180.0,6.7447274948966935,1,,0,,0,1,10.1021/acs.jmedchem.7b01655,PROTAC-DB,Degradation of ALK in H3122/Karpas 299/Kelly cells 16 h treatment,,,KARPAS-299,ACH-000053,Lymphoid,mapped,1.0
COc1cc(N2CCN(CCOCCOCCNC(=O)CNc3cccc4c3C(=O)N(C3CCC(=O)NC3=O)C4=O)CC2)ccc1Nc1ncc(Cl)c(Nc2ccccc2S(=O)(=O)C(C)C)n1,True,TL13-12,ALK,Q9UM73,CRBN,CRBN,Q96SW2,Kelly,Kelly,50.0,7.301029995663981,1,,0,,0,1,10.1021/acs.jmedchem.7b01655,PROTAC-DB,Degradation of ALK in H3122/Karpas 299/Kelly cells 16 h treatment,,,KELLY,ACH-000259,Peripheral Nervous System,mapped,1.0
Cc1cc(Nc2ncc(Cl)c(Nc3ccccc3S(=O)(=O)C(C)C)n2)c(OC(C)C)cc1C1CCN(CCOCCOCCNC(=O)CNc2cccc3c2C(=O)N(C2CCC(=O)NC2=O)C3=O)CC1,True,TL13-112,ALK,Q9UM73,CRBN,CRBN,Q96SW2,H3122,NCI-H3122,10.0,8.0,1,,0,,0,1,10.1021/acs.jmedchem.7b01655,PROTAC-DB,Degradation of ALK in H3122/Karpas 299/Kelly cells 16 h treatment,,,NCI-H3122,ACH-000337,Lung,mapped,1.0
Cc1cc(Nc2ncc(Cl)c(Nc3ccccc3S(=O)(=O)C(C)C)n2)c(OC(C)C)cc1C1CCN(CCOCCOCCNC(=O)CNc2cccc3c2C(=O)N(C2CCC(=O)NC2=O)C3=O)CC1,True,TL13-112,ALK,Q9UM73,CRBN,CRBN,Q96SW2,Karpas 299,Karpas-299,40.0,7.3979400086720375,1,,0,,0,1,10.1021/acs.jmedchem.7b01655,PROTAC-DB,Degradation of ALK in H3122/Karpas 299/Kelly cells 16 h treatment,,,KARPAS-299,ACH-000053,Lymphoid,mapped,1.0
Cc1cc(Nc2ncc(Cl)c(Nc3ccccc3S(=O)(=O)C(C)C)n2)c(OC(C)C)cc1C1CCN(CCOCCOCCNC(=O)CNc2cccc3c2C(=O)N(C2CCC(=O)NC2=O)C3=O)CC1,True,TL13-112,ALK,Q9UM73,CRBN,CRBN,Q96SW2,Kelly,Kelly,50.0,7.301029995663981,1,,0,,0,1,10.1021/acs.jmedchem.7b01655,PROTAC-DB,Degradation of ALK in H3122/Karpas 299/Kelly cells 16 h treatment,,,KELLY,ACH-000259,Peripheral Nervous System,mapped,1.0
CCOc1cc(C(C)(C)C)ccc1C1=N[C@@H](c2ccc(Cl)cc2)[C@@H](c2ccc(Cl)cc2)N1C(=O)N1CCN(CC#Cc2cccc3c2CN(C2CCC(=O)NC2=O)C3=O)CC1,True,556,MDM2,Q00987,CRBN,CRBN,Q96SW2,RS4; 11,RS4;11,23.0,7.638272163982407,1,90.0,1,1.0,1,1,10.1016/j.ejmech.2019.05.046,PROTAC-DB,Degradation of MDM2 in RS4; 11 cells after 24 h treatment,24.0,,RS4;11,ACH-000874,Lymphoid,mapped,1.0
C=CC(=O)Nc1cccc(-n2c(=O)cc(C)c3cnc(Nc4ccc(N5CCN(C(=O)CCCCCCCCCCC(=O)Nc6cccc7c6C(=O)N(C6CCC(=O)NC6=O)C7=O)CC5)cc4OC)nc32)c1,True,572,EGFR,P00533,CRBN,CRBN,Q96SW2,A431,A431 siYAP,2000.0,5.698970004336019,1,,0,0.0,1,1,10.1016/j.ejmech.2020.112199,PROTAC-DB,Degradation of EGFR in A431 cells after 16 h treatment,16.0,,A-431,ACH-001328,Skin,mapped,1.0
C=CC(=O)Nc1cccc(-n2c(=O)cc(C)c3cnc(Nc4ccc(N5CCN(C(=O)CCCCCCCCCCCNC(=O)[C@H](CC(C)C)NC(=O)[C@@H](O)[C@H](N)Cc6ccccc6)CC5)cc4OC)nc32)c1,True,573,EGFR L858R/T790M,P00533,IAP,"BIRC2,BIRC3",Q7Z460,H1975,H1975/WR,2000.0,5.698970004336019,1,,0,0.0,1,1,10.1016/j.ejmech.2020.112199,PROTAC-DB,Degradation of EGFR L858R/T790M in H1975 cells after 16h treatment,16.0,,NCI-H1975,ACH-000587,Lung,mapped,1.0
C=CC(=O)Nc1cccc(-n2c(=O)cc(C)c3cnc(Nc4ccc(N5CCN(C(=O)CCCCCCCCCCCNC(=O)[C@H](CC(C)C)NC(=O)[C@@H](O)[C@H](N)Cc6ccccc6)CC5)cc4OC)nc32)c1,True,573,EGFR,P00533,IAP,"BIRC2,BIRC3",Q7Z460,A431,A431 siYAP,2000.0,5.698970004336019,1,,0,0.0,1,1,10.1016/j.ejmech.2020.112199,PROTAC-DB,Degradation of EGFR in A431 cells after 16 h treatment,16.0,,A-431,ACH-001328,Skin,mapped,1.0
C=CC(=O)Nc1cccc(-n2c(=O)cc(C)c3cnc(Nc4ccc(N5CCN(C(=O)CCCCCCCCCCCNC(=O)c6ccc(NC(=O)[C@@H]7N[C@@H](CC(C)(C)C)[C@](C#N)(c8ccc(Cl)cc8F)[C@H]7c7cccc(Cl)c7F)c(OC)c6)CC5)cc4OC)nc32)c1,True,574,EGFR,P00533,MDM2,MDM2,Q00987,A431,A431 siYAP,2000.0,5.698970004336019,1,,0,0.0,1,1,10.1016/j.ejmech.2020.112199,PROTAC-DB,Degradation of EGFR in A431 cells after 16 h treatment,16.0,,A-431,ACH-001328,Skin,mapped,1.0
C=CC(=O)Nc1cccc(-n2c(=O)cc(C)c3cnc(Nc4ccc(N5CCN(CCCCCCCCCCCCNC(=O)c6ccc(NC(=O)[C@@H]7N[C@@H](CC(C)(C)C)[C@](C#N)(c8ccc(Cl)cc8F)[C@H]7c7cccc(Cl)c7F)c(OC)c6)CC5)cc4OC)nc32)c1,True,575,EGFR,P00533,MDM2,MDM2,Q00987,A431,A431 siYAP,2000.0,5.698970004336019,1,,0,0.0,1,1,10.1016/j.ejmech.2020.112199,PROTAC-DB,Degradation of EGFR in A431 cells after 16 h treatment,16.0,,A-431,ACH-001328,Skin,mapped,1.0
C=CC(=O)Nc1cccc(-n2c(=O)cc(C)c3cnc(Nc4ccc(N5CCN(C(=O)CCCCCCCCCCC(=O)N[C@H](C(=O)N6C[C@H](O)C[C@H]6C(=O)NCc6ccc(-c7scnc7C)cc6)C(C)(C)C)CC5)cc4OC)nc32)c1,True,576,EGFR,P00533,VHL,VHL,P40337,A431,A431 siYAP,2000.0,5.698970004336019,1,,0,0.0,1,1,10.1016/j.ejmech.2020.112199,PROTAC-DB,Degradation of EGFR in A431 cells after 16 h treatment,16.0,,A-431,ACH-001328,Skin,mapped,1.0
C=CC(=O)Nc1cccc(-n2c(=O)cc(C)c3cnc(Nc4ccc(N5CCN(CCCCCCCCCCCC(=O)N[C@H](C(=O)N6C[C@H](O)C[C@H]6C(=O)NCc6ccc(-c7scnc7C)cc6)C(C)(C)C)CC5)cc4OC)nc32)c1,True,577,EGFR,P00533,VHL,VHL,P40337,A431,A431 siYAP,50.3,7.298432014944073,1,,0,,0,1,10.1016/j.ejmech.2020.112199,PROTAC-DB,Degradation of EGFR in A431 cells after 16 h treatment,16.0,,A-431,ACH-001328,Skin,mapped,1.0
C=CC(=O)Nc1cccc(-n2c(=O)cc(C)c3cnc(Nc4ccc(N5CCN(C(=O)CCCCCCCCCNC(=O)c6ccc(NC(=O)[C@@H]7N[C@@H](CC(C)(C)C)[C@](C#N)(c8ccc(Cl)cc8F)[C@H]7c7cccc(Cl)c7F)c(OC)c6)CC5)cc4OC)nc32)c1,True,578,EGFR,P00533,MDM2,MDM2,Q00987,A431,A431 siYAP,2000.0,5.698970004336019,1,,0,0.0,1,1,10.1016/j.ejmech.2020.112199,PROTAC-DB,Degradation of EGFR in A431 cells after 16 h treatment,16.0,,A-431,ACH-001328,Skin,mapped,1.0
C=CC(=O)Nc1cccc(-n2c(=O)cc(C)c3cnc(Nc4ccc(N5CCN(C(=O)CCCCCCCNC(=O)c6ccc(NC(=O)[C@@H]7N[C@@H](CC(C)(C)C)[C@](C#N)(c8ccc(Cl)cc8F)[C@H]7c7cccc(Cl)c7F)c(OC)c6)CC5)cc4OC)nc32)c1,True,579,EGFR,P00533,MDM2,MDM2,Q00987,A431,A431 siYAP,2000.0,5.698970004336019,1,,0,0.0,1,1,10.1016/j.ejmech.2020.112199,PROTAC-DB,Degradation of EGFR in A431 cells after 16 h treatment,16.0,,A-431,ACH-001328,Skin,mapped,1.0
C=CC(=O)Nc1cccc(-n2c(=O)cc(C)c3cnc(Nc4ccc(N5CCN(C(=O)CCCCCNC(=O)c6ccc(NC(=O)[C@@H]7N[C@@H](CC(C)(C)C)[C@](C#N)(c8ccc(Cl)cc8F)[C@H]7c7cccc(Cl)c7F)c(OC)c6)CC5)cc4OC)nc32)c1,True,580,EGFR,P00533,MDM2,MDM2,Q00987,A431,A431 siYAP,2000.0,5.698970004336019,1,,0,0.0,1,1,10.1016/j.ejmech.2020.112199,PROTAC-DB,Degradation of EGFR in A431 cells after 16 h treatment,16.0,,A-431,ACH-001328,Skin,mapped,1.0
C=CC(=O)Nc1cccc(-n2c(=O)cc(C)c3cnc(Nc4ccc(N5CCN(C(=O)CCCCCCCCC(=O)N[C@H](C(=O)N6C[C@H](O)C[C@H]6C(=O)NCc6ccc(-c7scnc7C)cc6)C(C)(C)C)CC5)cc4OC)nc32)c1,True,581,EGFR,P00533,VHL,VHL,P40337,A431,A431 siYAP,2000.0,5.698970004336019,1,,0,0.0,1,1,10.1016/j.ejmech.2020.112199,PROTAC-DB,Degradation of EGFR in A431 cells after 16 h treatment,16.0,,A-431,ACH-001328,Skin,mapped,1.0
C=CC(=O)Nc1cccc(-n2c(=O)cc(C)c3cnc(Nc4ccc(N5CCN(C(=O)CCCCCCC(=O)N[C@H](C(=O)N6C[C@H](O)C[C@H]6C(=O)NCc6ccc(-c7scnc7C)cc6)C(C)(C)C)CC5)cc4OC)nc32)c1,True,582,EGFR,P00533,VHL,VHL,P40337,A431,A431 siYAP,2000.0,5.698970004336019,1,,0,0.0,1,1,10.1016/j.ejmech.2020.112199,PROTAC-DB,Degradation of EGFR in A431 cells after 16 h treatment,16.0,,A-431,ACH-001328,Skin,mapped,1.0
C=CC(=O)Nc1cccc(-n2c(=O)cc(C)c3cnc(Nc4ccc(N5CCN(C(=O)CCCCC(=O)N[C@H](C(=O)N6C[C@H](O)C[C@H]6C(=O)NCc6ccc(-c7scnc7C)cc6)C(C)(C)C)CC5)cc4OC)nc32)c1,True,583,EGFR,P00533,VHL,VHL,P40337,A431,A431 siYAP,2000.0,5.698970004336019,1,,0,0.0,1,1,10.1016/j.ejmech.2020.112199,PROTAC-DB,Degradation of EGFR in A431 cells after 16 h treatment,16.0,,A-431,ACH-001328,Skin,mapped,1.0
C=CC(=O)Nc1cccc(-n2c(=O)cc(C)c3cnc(Nc4ccc(N5CCN(CCCCCCCCCC(=O)N[C@H](C(=O)N6C[C@H](O)C[C@H]6C(=O)NCc6ccc(-c7scnc7C)cc6)C(C)(C)C)CC5)cc4OC)nc32)c1,True,584,EGFR,P00533,VHL,VHL,P40337,A431,A431 siYAP,2000.0,5.698970004336019,1,,0,0.0,1,1,10.1016/j.ejmech.2020.112199,PROTAC-DB,Degradation of EGFR in A431 cells after 16 h treatment,16.0,,A-431,ACH-001328,Skin,mapped,1.0
C=CC(=O)Nc1cccc(-n2c(=O)cc(C)c3cnc(Nc4ccc(N5CCN(CCCCCCCC(=O)N[C@H](C(=O)N6C[C@H](O)C[C@H]6C(=O)NCc6ccc(-c7scnc7C)cc6)C(C)(C)C)CC5)cc4OC)nc32)c1,True,585,EGFR,P00533,VHL,VHL,P40337,A431,A431 siYAP,2000.0,5.698970004336019,1,,0,0.0,1,1,10.1016/j.ejmech.2020.112199,PROTAC-DB,Degradation of EGFR in A431 cells after 16 h treatment,16.0,,A-431,ACH-001328,Skin,mapped,1.0
C=CC(=O)Nc1cccc(-n2c(=O)cc(C)c3cnc(Nc4ccc(N5CCN(CCCCCC(=O)N[C@H](C(=O)N6C[C@H](O)C[C@H]6C(=O)NCc6ccc(-c7scnc7C)cc6)C(C)(C)C)CC5)cc4OC)nc32)c1,True,586,EGFR,P00533,VHL,VHL,P40337,A431,A431 siYAP,2000.0,5.698970004336019,1,,0,0.0,1,1,10.1016/j.ejmech.2020.112199,PROTAC-DB,Degradation of EGFR in A431 cells after 16 h treatment,16.0,,A-431,ACH-001328,Skin,mapped,1.0
C=CC(=O)Nc1cccc(-n2c(=O)cc(C)c3cnc(Nc4ccc(N5CCN(CCCC(=O)N[C@H](C(=O)N6C[C@H](O)C[C@H]6C(=O)NCc6ccc(-c7scnc7C)cc6)C(C)(C)C)CC5)cc4OC)nc32)c1,True,587,EGFR,P00533,VHL,VHL,P40337,A431,A431 siYAP,2000.0,5.698970004336019,1,,0,0.0,1,1,10.1016/j.ejmech.2020.112199,PROTAC-DB,Degradation of EGFR in A431 cells after 16 h treatment,16.0,,A-431,ACH-001328,Skin,mapped,1.0
COc1cc2ncnc(Nc3ccc(F)c(Cl)c3)c2cc1OCCCN1CCN(C(=O)CCCCCCCCCC(=O)N[C@H](C(=O)N2C[C@H](O)C[C@H]2C(=O)NCc2ccc(-c3scnc3C)cc2)C(C)(C)C)CC1,True,MS39,EGFR L858R,P00533,VHL,VHL,P40337,H3255,NCI-H3255,3.3,8.481486060122112,1,,0,,0,1,10.1021/acs.jmedchem.9b01566,PROTAC-DB,Degradation of EGFR L858R in H3255 cells after 16 h treatment,16.0,,NCI-H3255,ACH-000109,Lung,mapped,1.0
COc1cc2ncnc(Nc3ccc(F)c(Cl)c3)c2cc1OCCCN1CCN(C(=O)CCCCCCCCCC(=O)N[C@H](C(=O)N2C[C@H](O)C[C@H]2C(=O)NCc2ccc(-c3scnc3C)cc2)C(C)(C)C)CC1,True,MS39,EGFR e19d,P00533,VHL,VHL,P40337,HCC-827,HCC827-Luc [JCRB],5.0,8.301029995663981,1,,0,,0,1,10.1021/acs.jmedchem.9b01566,PROTAC-DB,Degradation of EGFR e19d in HCC-827 cells after 16 h treatment,16.0,,HCC-827,ACH-000012,Lung,mapped,1.0
COc1cc2ncnc(Nc3ccc(F)c(Cl)c3)c2cc1OCCCN1CCN(CCC(=O)NCCCCCCCCOc2cccc3c2C(=O)N(C2CCC(=O)NC2=O)C3=O)CC1,True,MS154,EGFR L858R,P00533,CRBN,CRBN,Q96SW2,H3255,NCI-H3255,25.0,7.6020599913279625,1,,0,,0,1,10.1021/acs.jmedchem.9b01566,PROTAC-DB,Degradation of EGFR L858R in H3255 cells after 16 h treatment,16.0,,NCI-H3255,ACH-000109,Lung,mapped,1.0
COc1cc2ncnc(Nc3ccc(F)c(Cl)c3)c2cc1OCCCN1CCN(CCC(=O)NCCCCCCCCOc2cccc3c2C(=O)N(C2CCC(=O)NC2=O)C3=O)CC1,True,MS154,EGFR e19d,P00533,CRBN,CRBN,Q96SW2,HCC-827,HCC827-Luc [JCRB],11.0,7.958607314841775,1,,0,,0,1,10.1021/acs.jmedchem.9b01566,PROTAC-DB,Degradation of EGFR e19d in HCC-827 cells after 16 h treatment,16.0,,HCC-827,ACH-000012,Lung,mapped,1.0
O=C(CCC(=O)N1CCN(Cc2ccc(NC(=O)c3[nH]ncc3Nc3ncnc4[nH]ccc34)cc2)CC1)NCCNc1cccc2c1C(=O)N(C1CCC(=O)NC1=O)C2=O,True,610,CDK2,P24941,CRBN,CRBN,Q96SW2,PC-3,PC-3,62.0,7.2076083105017466,1,,0,,0,1,10.1016/j.ejmech.2019.111952,PROTAC-DB,Degradation of CDK2 in PC-3 cells after 24 h treatment,24.0,,PC-3,ACH-000090,Prostate,mapped,1.0
O=C(CCC(=O)N1CCN(Cc2ccc(NC(=O)c3[nH]ncc3Nc3ncnc4[nH]ccc34)cc2)CC1)NCCNc1cccc2c1C(=O)N(C1CCC(=O)NC1=O)C2=O,True,610,CDK9,P50750,CRBN,CRBN,Q96SW2,PC-3,PC-3,33.0,7.481486060122112,1,,0,,0,1,10.1016/j.ejmech.2019.111952,PROTAC-DB,Degradation of CDK9 in PC-3 cells after 24 h treatment,24.0,,PC-3,ACH-000090,Prostate,mapped,1.0
Cc1ncsc1-c1ccc([C@H](C)NC(=O)[C@@H]2C[C@@H](O)CN2C(=O)[C@@H](NC(=O)CCCCCN2CCN(CC[C@H](CSc3ccccc3)Nc3ccc(S(=O)(=O)NC(=O)c4ccc(N5CCN(CC6=C(c7ccc(Cl)cc7)CCC(C)(C)C6)CC5)cc4)cc3S(=O)(=O)C(F)(F)F)CC2)C(C)(C)C)cc1,True,624,BCL-xL,Q07817,VHL,VHL,P40337,MOLT-4,MOLT-4,93.0,7.031517051446065,1,,0,,0,1,10.1016/j.ejmech.2020.112186,PROTAC-DB,Degradation of BCL-xL in MOLT-4 cells after 16 h treatment,16.0,,MOLT-4,ACH-001127,Lymphoid,mapped,0.0
Cc1ncsc1-c1ccc([C@H](C)NC(=O)[C@@H]2C[C@@H](O)CN2C(=O)[C@@H](NC(=O)CCCCCCN(C)CC[C@H](CSc2ccccc2)Nc2ccc(S(=O)(=O)NC(=O)c3ccc(N4CCN(CC5=C(c6ccc(Cl)cc6)CCC(C)(C)C5)CC4)cc3)cc2S(=O)(=O)C(F)(F)F)C(C)(C)C)cc1,True,635,BCL-xL,Q07817,VHL,VHL,P40337,MOLT-4,MOLT-4,71.0,7.1487416512809245,1,,0,,0,1,10.1016/j.ejmech.2020.112186,PROTAC-DB,Degradation of BCL-xL in MOLT-4 cells after 16 h treatment,16.0,,MOLT-4,ACH-001127,Lymphoid,mapped,0.0
CC1(C)CCC(c2ccc(Cl)cc2)=C(CN2CCN(c3ccc(C(=O)NS(=O)(=O)c4ccc(N[C@H](CCN5CCN(CCOCCOCCOCCNc6cccc7c6C(=O)N(C6CCC(=O)NC6=O)C7=O)CC5)CSc5ccccc5)c(S(=O)(=O)C(F)(F)F)c4)cc3)CC2)C1,True,657,BCL-xL,Q07817,CRBN,CRBN,Q96SW2,MOLT-4,MOLT-4,4.5,8.346787486224656,1,,0,,0,1,10.1016/j.ejmech.2020.112186,PROTAC-DB,Degradation of BCL-xL in MOLT-4 cells after 16 h treatment,16.0,,MOLT-4,ACH-001127,Lymphoid,mapped,0.0
CN(CCCCCCCn1cc(COCCOCCNc2cccc3c2C(=O)N(C2CCC(=O)NC2=O)C3=O)nn1)CC[C@H](CSc1ccccc1)Nc1ccc(S(=O)(=O)NC(=O)c2ccc(N3CCN(CC4=C(c5ccc(Cl)cc5)CCC(C)(C)C4)CC3)cc2)cc1S(=O)(=O)C(F)(F)F,True,662,BCL-xL,Q07817,CRBN,CRBN,Q96SW2,MOLT-4,MOLT-4,6.3,8.200659450546418,1,,0,,0,1,10.1016/j.ejmech.2020.112186,PROTAC-DB,Degradation of BCL-xL in MOLT-4 cells after 16 h treatment,16.0,,MOLT-4,ACH-001127,Lymphoid,mapped,0.0
CN(CCCNc1cccc2c1C(=O)N(C1CCC(=O)NC1=O)C2=O)CC[C@H](CSc1ccccc1)Nc1ccc(S(=O)(=O)NC(=O)c2ccc(N3CCN(CC4=C(c5ccc(Cl)cc5)CCC(C)(C)C4)CC3)cc2)cc1S(=O)(=O)C(F)(F)F,True,664,BCL-xL,Q07817,CRBN,CRBN,Q96SW2,MOLT-4,MOLT-4,10.6,7.97469413473523,1,,0,,0,1,10.1016/j.ejmech.2020.112186,PROTAC-DB,Degradation of BCL-xL in MOLT-4 cells after 16 h treatment,16.0,,MOLT-4,ACH-001127,Lymphoid,mapped,0.0
CN(CCOCCOCCOCCNc1cccc2c1C(=O)N(C1CCC(=O)NC1=O)C2=O)CC[C@H](CSc1ccccc1)Nc1ccc(S(=O)(=O)NC(=O)c2ccc(N3CCN(CC4=C(c5ccc(Cl)cc5)CCC(C)(C)C4)CC3)cc2)cc1S(=O)(=O)C(F)(F)F,True,XZ739,BCL-xL,Q07817,CRBN,CRBN,Q96SW2,MOLT-4,MOLT-4,2.5,8.602059991327963,1,,0,,0,1,10.1016/j.ejmech.2020.112186,PROTAC-DB,Degradation of BCL-xL in MOLT-4 cells after 16 h treatment,16.0,,MOLT-4,ACH-001127,Lymphoid,mapped,0.0
Cc1ncsc1-c1ccc([C@H](C)NC(=O)[C@@H]2C[C@@H](O)CN2C(=O)[C@@H](NC(=O)CCCCCC(=O)N2CCN(CC[C@H](CSc3ccccc3)Nc3ccc(S(=O)(=O)NC(=O)c4ccc(N5CCN(CC6=C(c7ccc(Cl)cc7)CCC(C)(C)C6)CC5)cc4)cc3S(=O)(=O)C(F)(F)F)CC2)C(C)(C)C)cc1,True,DT2216,BCL-xL,Q07817,VHL,VHL,P40337,MOLT-4,MOLT-4,53.0,7.275724130399211,1,,0,,0,1,10.1016/j.ejmech.2020.112186,PROTAC-DB,Degradation of BCL-xL in MOLT-4 cells after 16 h treatment,16.0,,MOLT-4,ACH-001127,Lymphoid,mapped,0.0
Cc1ncsc1-c1ccc([C@H](C)NC(=O)[C@@H]2C[C@@H](O)CN2C(=O)[C@@H](NC(=O)CCCCCC(=O)N2CCN(CC[C@H](CSc3ccccc3)Nc3ccc(S(=O)(=O)NC(=O)c4ccc(N5CCN(CC6=C(c7ccc(Cl)cc7)CCC(C)(C)C6)CC5)cc4)cc3S(=O)(=O)C(F)(F)F)CC2)C(C)(C)C)cc1,True,DT2216,BCL-xL,Q07817,VHL,VHL,P40337,MOLT-4,MOLT-4,63.0,7.200659450546418,1,90.8,1,1.0,1,1,10.1038/s41591-019-0668-z,PROTAC-DB,Degradation of BCL-xL in MOLT-4/platelets cells after 16 h treatment,16.0,,MOLT-4,ACH-001127,Lymphoid,mapped,0.0
Cc1ncsc1-c1ccc([C@H](C)NC(=O)[C@@H]2C[C@@H](O)CN2C(=O)[C@@H](NC(=O)CCCCCC(=O)N2CCN(CC[C@H](CSc3ccccc3)Nc3ccc(S(=O)(=O)NC(=O)c4ccc(N5CCN(CC6=C(c7ccc(Cl)cc7)CCC(C)(C)C6)CC5)cc4)cc3S(=O)(=O)C(F)(F)F)CC2)C(C)(C)C)cc1,True,DT2216,BCL-xL,Q07817,VHL,VHL,P40337,platelets,2T60,3000.0,5.522878745280337,1,26.0,1,0.0,1,1,10.1038/s41591-019-0668-z,PROTAC-DB,Degradation of BCL-xL in MOLT-4/platelets cells after 16 h treatment,16.0,,platelets,,,unmapped,0.0
CC(=O)c1c(C)c2cnc(Nc3ccc(N4CCN(CCCCNC(=O)CNc5cccc6c5C(=O)N(C5CCC(=O)NC5=O)C6=O)CC4)cn3)nc2n(C2CCCC2)c1=O,True,BSJ-02-162,CDK6,Q00534,CRBN,CRBN,Q96SW2,Jurkat,Jurkat,0.8,9.096910013008056,1,,0,,0,1,10.1016/j.bmcl.2020.127106,PROTAC-DB,Degradation of CDK6 in Jurkat cells after 24 h treatment,24.0,,JURKAT,ACH-000995,Lymphoid,mapped,1.0
O=C1CCC(N2C(=O)c3cccc(NCCOCCOCCOCCOCCNC(=O)c4ccc(CN(CC5CCNCC5)S(=O)(=O)c5ccc(S(=O)(=O)N(Cc6ccc(Cl)cc6)C6CCCC6)cc5)cc4)c3C2=O)C(=O)N1,True,714,PDEdelta,O43924,CRBN,CRBN,Q96SW2,Panc Tu-I,PancTu-I,48.0,7.318758762624412,1,83.4,1,1.0,1,1,10.1002/anie.201913904,PROTAC-DB,Degradation of PDEdelta in Panc Tu-I cells after 24 h treatment,24.0,,Panc Tu-I,,,unmapped,0.0
O=C1CCC(N2C(=O)c3cccc(NCCOCCOCc4cn(CCCC(=O)N5CCN(CC#Cc6ccc(OCCCc7sc(N8CCc9cccc(C(=O)Nc%10nc%11ccccc%11s%10)c9C8)nc7C(=O)O)c(F)c6)CC5)nn4)c3C2=O)C(=O)N1,True,XZ424,BCL-xL,Q07817,CRBN,CRBN,Q96SW2,MOLT-4,MOLT-4,50.0,7.301029995663981,1,,0,,0,1,10.1039/c9cc07217a,PROTAC-DB,Degradation of BCL-xL in MOLT-4 cells after 16 h treatment,16.0,,MOLT-4,ACH-001127,Lymphoid,mapped,0.0
CC(=O)c1c(C)c2cnc(Nc3ccc(N4CCN(Cc5cn(CCCCCC(=O)Nc6cccc7c6C(=O)N(C6CCC(=O)NC6=O)C7=O)nn5)CC4)cn3)nc2n(C2CCCC2)c1=O,True,pal-pom,CDK4,P11802,CRBN,CRBN,Q96SW2,MDA-MB-231,MDA-MB-231,12.9,7.889410289700751,1,,0,,0,1,10.1039/c9cc00163h,PROTAC-DB,Degradation of CDK4 in MDA-MB-231 cells after 18 h treatment,18.0,,MDA-MB-231,ACH-000768,Breast,mapped,1.0
CC(=O)c1c(C)c2cnc(Nc3ccc(N4CCN(Cc5cn(CCCCCC(=O)Nc6cccc7c6C(=O)N(C6CCC(=O)NC6=O)C7=O)nn5)CC4)cn3)nc2n(C2CCCC2)c1=O,True,pal-pom,CDK6,Q00534,CRBN,CRBN,Q96SW2,MDA-MB-231,MDA-MB-231,34.1,7.467245621007502,1,,0,,0,1,10.1039/c9cc00163h,PROTAC-DB,Degradation of CDK6 in MDA-MB-231 cells after 18 h treatment,18.0,,MDA-MB-231,ACH-000768,Breast,mapped,1.0
CN(C)C(=O)c1cc2cnc(Nc3ccc(N4CCN(Cc5cn(CCCCCC(=O)Nc6cccc7c6C(=O)N(C6CCC(=O)NC6=O)C7=O)nn5)CC4)cn3)nc2n1C1CCCC1,True,rib-pom,CDK4,P11802,CRBN,CRBN,Q96SW2,MDA-MB-231,MDA-MB-231,97.0,7.013228265733755,1,,0,,0,1,10.1039/c9cc00163h,PROTAC-DB,Degradation of CDK4 in MDA-MB-231 cells after 18 h treatment,18.0,,MDA-MB-231,ACH-000768,Breast,mapped,1.0
CN(C)C(=O)c1cc2cnc(Nc3ccc(N4CCN(Cc5cn(CCCCCC(=O)Nc6cccc7c6C(=O)N(C6CCC(=O)NC6=O)C7=O)nn5)CC4)cn3)nc2n1C1CCCC1,True,rib-pom,CDK6,Q00534,CRBN,CRBN,Q96SW2,MDA-MB-231,MDA-MB-231,300.0,6.522878745280337,1,,0,,0,1,10.1039/c9cc00163h,PROTAC-DB,Degradation of CDK6 in MDA-MB-231 cells after 18 h treatment,18.0,,MDA-MB-231,ACH-000768,Breast,mapped,1.0
CCCCN(Cc1ccc(C(=O)NO)cc1)C(=O)Nc1ccc(NC(=O)CCCc2cn(CCOCCNc3cccc4c3C(=O)N(C3CCC(=O)NC3=O)C4=O)nn2)cc1,True,NH2,HDAC6,Q9UBN7,CRBN,CRBN,Q96SW2,MM.1S,MM.1S-luc,3.2,8.494850021680094,1,,0,,0,1,10.1039/c9cc08509b,PROTAC-DB,Degradation of HDAC6 in MM.1S cells after 24 h treatment,24.0,,MM1-S,ACH-000763,Lymphoid,mapped,1.0
CC(=O)c1c(C)c2cnc(Nc3ccc(N4CCN(CCCCCCCC(=O)N[C@H](C(=O)N5C[C@H](O)C[C@H]5C(=O)N[C@@H](C)c5ccc(-c6scnc6C)cc5)C(C)(C)C)CC4)cn3)nc2n(C2CCCC2)c1=O,True,740,CDK6,Q00534,VHL,VHL,P40337,Jurkat,Jurkat,4.0,8.397940008672037,1,,0,,0,1,10.1016/j.bmcl.2020.127106,PROTAC-DB,Degradation of CDK6 in Jurkat cells after 24 h treatment,24.0,,JURKAT,ACH-000995,Lymphoid,mapped,1.0
CC(=O)c1c(C)c2cnc(Nc3ccc(N4CCN(CCOCCOCCOCC(=O)N[C@H](C(=O)N5C[C@H](O)C[C@H]5C(=O)N[C@@H](C)c5ccc(-c6scnc6C)cc5)C(C)(C)C)CC4)cn3)nc2n(C2CCCC2)c1=O,True,CST620,CDK4,P11802,VHL,VHL,P40337,MM.1S,MM.1S-luc,32.0,7.494850021680094,1,,0,,0,1,10.1039/d0sc00167h,PROTAC-DB,Degradation of CDK4 in MM.1S cells after 16 h treatment,16.0,,MM1-S,ACH-000763,Lymphoid,mapped,1.0
CC(=O)c1c(C)c2cnc(Nc3ccc(N4CCN(CCOCCOCCOCC(=O)N[C@H](C(=O)N5C[C@H](O)C[C@H]5C(=O)N[C@@H](C)c5ccc(-c6scnc6C)cc5)C(C)(C)C)CC4)cn3)nc2n(C2CCCC2)c1=O,True,741,CDK6,Q00534,VHL,VHL,P40337,Jurkat,Jurkat,20.0,7.698970004336019,1,,0,,0,1,10.1016/j.bmcl.2020.127106,PROTAC-DB,Degradation of CDK6 in Jurkat cells after 24 h treatment,24.0,,JURKAT,ACH-000995,Lymphoid,mapped,1.0
CC(=O)c1c(C)c2cnc(Nc3ccc(N4CCN(CCOCCOCCOCC(=O)N[C@H](C(=O)N5C[C@H](O)C[C@H]5C(=O)N[C@@H](C)c5ccc(-c6scnc6C)cc5)C(C)(C)C)CC4)cn3)nc2n(C2CCCC2)c1=O,True,CST620,CDK6,Q00534,VHL,VHL,P40337,MM.1S,MM.1S-luc,1.7,8.769551078621726,1,,0,,0,1,10.1039/d0sc00167h,PROTAC-DB,Degradation of CDK6 in MM.1S cells after 16 h treatment,16.0,,MM1-S,ACH-000763,Lymphoid,mapped,1.0
CC(=O)c1c(C)c2cnc(Nc3ccc(N4CCN(CC(=O)NCCOCCOCCOCCC(=O)N[C@H](C(=O)N5C[C@H](O)C[C@H]5C(=O)N[C@@H](C)c5ccc(-c6scnc6C)cc5)C(C)(C)C)CC4)cn3)nc2n(C2CCCC2)c1=O,True,742,CDK6,Q00534,VHL,VHL,P40337,Jurkat,Jurkat,200.0,6.698970004336019,1,,0,,0,1,10.1016/j.bmcl.2020.127106,PROTAC-DB,Degradation of CDK6 in Jurkat cells after 24 h treatment,24.0,,JURKAT,ACH-000995,Lymphoid,mapped,1.0
CN[C@@H](C)C(=O)N[C@H](C(=O)N1C[C@@H](NC(=O)CCCCCCCN2CCN(c3ccc(Nc4ncc5c(C)c(C(C)=O)c(=O)n(C6CCCC6)c5n4)nc3)CC2)C[C@H]1C(=O)Nc1c(F)cccc1F)C(C)(C)C,True,743,CDK4,P11802,IAP,"BIRC2,BIRC3",Q7Z460,Jurkat,Jurkat,20.0,7.698970004336019,1,,0,,0,1,10.1016/j.bmcl.2020.127106,PROTAC-DB,Degradation of CDK4 in Jurkat cells after 24 h treatment,24.0,,JURKAT,ACH-000995,Lymphoid,mapped,1.0
CN[C@@H](C)C(=O)N[C@H](C(=O)N1C[C@@H](NC(=O)CCCCCCCN2CCN(c3ccc(Nc4ncc5c(C)c(C(C)=O)c(=O)n(C6CCCC6)c5n4)nc3)CC2)C[C@H]1C(=O)Nc1c(F)cccc1F)C(C)(C)C,True,743,CDK6,Q00534,IAP,"BIRC2,BIRC3",Q7Z460,Jurkat,Jurkat,5.0,8.301029995663981,1,,0,,0,1,10.1016/j.bmcl.2020.127106,PROTAC-DB,Degradation of CDK6 in Jurkat cells after 24 h treatment,24.0,,JURKAT,ACH-000995,Lymphoid,mapped,1.0
CN[C@@H](C)C(=O)N[C@H](C(=O)N1C[C@@H](NC(=O)COCCOCCOCCN2CCN(c3ccc(Nc4ncc5c(C)c(C(C)=O)c(=O)n(C6CCCC6)c5n4)nc3)CC2)C[C@H]1C(=O)Nc1c(F)cccc1F)C(C)(C)C,True,744,CDK4,P11802,IAP,"BIRC2,BIRC3",Q7Z460,Jurkat,Jurkat,79.0,7.102372908709558,1,,0,,0,1,10.1016/j.bmcl.2020.127106,PROTAC-DB,Degradation of CDK4 in Jurkat cells after 24 h treatment,24.0,,JURKAT,ACH-000995,Lymphoid,mapped,1.0
CN[C@@H](C)C(=O)N[C@H](C(=O)N1C[C@@H](NC(=O)COCCOCCOCCN2CCN(c3ccc(Nc4ncc5c(C)c(C(C)=O)c(=O)n(C6CCCC6)c5n4)nc3)CC2)C[C@H]1C(=O)Nc1c(F)cccc1F)C(C)(C)C,True,744,CDK6,Q00534,IAP,"BIRC2,BIRC3",Q7Z460,Jurkat,Jurkat,16.0,7.795880017344075,1,,0,,0,1,10.1016/j.bmcl.2020.127106,PROTAC-DB,Degradation of CDK6 in Jurkat cells after 24 h treatment,24.0,,JURKAT,ACH-000995,Lymphoid,mapped,1.0
CN[C@@H](C)C(=O)N[C@H](C(=O)N1C[C@@H](NC(=O)CCOCCOCCOCCNC(=O)CN2CCN(c3ccc(Nc4ncc5c(C)c(C(C)=O)c(=O)n(C6CCCC6)c5n4)nc3)CC2)C[C@H]1C(=O)Nc1c(F)cccc1F)C(C)(C)C,True,745,CDK4,P11802,IAP,"BIRC2,BIRC3",Q7Z460,Jurkat,Jurkat,5012.0,5.299988937677887,1,,0,0.0,1,1,10.1016/j.bmcl.2020.127106,PROTAC-DB,Degradation of CDK4 in Jurkat cells after 24 h treatment,24.0,,JURKAT,ACH-000995,Lymphoid,mapped,1.0
CN[C@@H](C)C(=O)N[C@H](C(=O)N1C[C@@H](NC(=O)CCOCCOCCOCCNC(=O)CN2CCN(c3ccc(Nc4ncc5c(C)c(C(C)=O)c(=O)n(C6CCCC6)c5n4)nc3)CC2)C[C@H]1C(=O)Nc1c(F)cccc1F)C(C)(C)C,True,745,CDK6,Q00534,IAP,"BIRC2,BIRC3",Q7Z460,Jurkat,Jurkat,1585.0,5.79997073344623,1,,0,0.0,1,1,10.1016/j.bmcl.2020.127106,PROTAC-DB,Degradation of CDK6 in Jurkat cells after 24 h treatment,24.0,,JURKAT,ACH-000995,Lymphoid,mapped,1.0
CC(=O)c1c(C)c2cnc(Nc3ccc(N4CCN(CCOCCOCCNC(=O)CNc5cccc6c5C(=O)N(C5CCC(=O)NC5=O)C6=O)CC4)cn3)nc2n(C2CCCC2)c1=O,True,746,CDK6,Q00534,CRBN,CRBN,Q96SW2,Jurkat,Jurkat,5.0,8.301029995663981,1,,0,,0,1,10.1016/j.bmcl.2020.127106,PROTAC-DB,Degradation of CDK6 in Jurkat cells after 24 h treatment,24.0,,JURKAT,ACH-000995,Lymphoid,mapped,1.0
Cc1ncsc1-c1ccc(CNC(=O)[C@@H]2C[C@@H](O)CN2C(=O)[C@@H](NC(=O)COCCOCCN2CCC(n3nc(-c4ccc(Oc5ccccc5)cc4)c4c(N)ncnc43)CC2)C(C)(C)C)cc1,True,SJF638,BTK,Q06187,VHL,VHL,P40337,NAMALWA,Namalwa,374.0,6.42712839779952,1,49.0,1,0.0,1,1,10.1016/j.bmcl.2019.126877,PROTAC-DB,Degradation of BTK in NAMALWA cells after 24 h treatment,24.0,,NAMALWA,ACH-000944,Lymphoid,mapped,1.0
Cc1ncsc1-c1ccc(CNC(=O)[C@@H]2C[C@@H](O)CN2C(=O)[C@H](C(C)C)N2Cc3ccccc3C2=O)c(OCCCCOCCCCN2CCC(n3nc(-c4ccc(Oc5ccccc5)cc4)c4c(N)ncnc43)CC2)c1,True,SJF678,BTK,Q06187,VHL,VHL,P40337,NAMALWA,Namalwa,162.0,6.790484985457369,1,50.0,1,0.0,1,1,10.1016/j.bmcl.2019.126877,PROTAC-DB,Degradation of BTK in NAMALWA cells after 24 h treatment,24.0,,NAMALWA,ACH-000944,Lymphoid,mapped,1.0
Cc1ncsc1-c1ccc(CNC(=O)[C@@H]2C[C@@H](O)CN2C(=O)[C@H](C(C)C)N2Cc3ccccc3C2=O)c(OCCCOCCC(=O)N2CCC(n3nc(-c4ccc(Oc5ccccc5)cc4)c4c(N)ncnc43)CC2)c1,True,SJF690,BTK,Q06187,VHL,VHL,P40337,NAMALWA,Namalwa,1000.0,6.0,1,,0,,0,1,10.1016/j.bmcl.2019.126877,PROTAC-DB,Degradation of BTK in NAMALWA cells after 24 h treatment,24.0,,NAMALWA,ACH-000944,Lymphoid,mapped,1.0
Nc1ncnc2c1c(-c1ccc(Oc3ccccc3)cc1)nn2C1CCN(CCOCCOCCOc2ccc3c(c2)C(=O)N(C2CCC(=O)NC2=O)C3=O)CC1,True,SJF608,BTK,Q06187,CRBN,CRBN,Q96SW2,NAMALWA,Namalwa,8.3,8.080921907623926,1,91.0,1,1.0,1,1,10.1016/j.bmcl.2019.126877,PROTAC-DB,Degradation of BTK in NAMALWA cells after 24 h treatment,24.0,,NAMALWA,ACH-000944,Lymphoid,mapped,1.0
Nc1ncnc2c1c(-c1ccc(Oc3ccccc3)cc1)nn2C1CCN(CCOCCOCCOc2ccc3c(c2)CN(C2CCC(=O)NC2=O)C3=O)CC1,True,SJF620,BTK,Q06187,CRBN,CRBN,Q96SW2,NAMALWA,Namalwa,7.9,8.102372908709558,1,95.0,1,1.0,1,1,10.1016/j.bmcl.2019.126877,PROTAC-DB,Degradation of BTK in NAMALWA cells after 24 h treatment,24.0,,NAMALWA,ACH-000944,Lymphoid,mapped,1.0
Cc1ncsc1-c1ccc(CNC(=O)[C@@H]2C[C@@H](O)CN2C(=O)[C@@H](NC(=O)C2(F)CC2)C(C)(C)C)c(OCCOCCOCCN2CCN(c3cc(-c4ccccc4O)nnc3N)CC2)c1,True,796,SMARCA4,P51532,VHL,VHL,P40337,MV-4-11,MV4-11,250.0,6.6020599913279625,1,70.0,1,1.0,1,1,10.1038/s41589-019-0294-6,PROTAC-DB,Degradation of SMARCA4 in MV-4-11 cells after 18 h treatment,18.0,,MV4-11,ACH-000045,Myeloid,mapped,1.0
Cc1ncsc1-c1ccc(CNC(=O)[C@@H]2C[C@@H](O)CN2C(=O)[C@@H](NC(=O)C2(F)CC2)C(C)(C)C)c(OCCOc2ccc(CN3CCN(c4cc(-c5ccccc5O)nnc4N)CC3)cc2)c1,True,ACBI1,SMARCA2,P51531,VHL,VHL,P40337,MV-4-11,MV4-11,6.0,8.221848749616356,1,,0,,0,1,10.1038/s41589-019-0294-6,PROTAC-DB,Degradation of SMARCA2 in MV-4-11/NCI-H1568 cells after 18 h treatment,18.0,,MV4-11,ACH-000045,Myeloid,mapped,1.0
Cc1ncsc1-c1ccc(CNC(=O)[C@@H]2C[C@@H](O)CN2C(=O)[C@@H](NC(=O)C2(F)CC2)C(C)(C)C)c(OCCOc2ccc(CN3CCN(c4cc(-c5ccccc5O)nnc4N)CC3)cc2)c1,True,ACBI1,SMARCA2,P51531,VHL,VHL,P40337,NCI-H1568,NCI-H1568,3.3,8.481486060122112,1,,0,,0,1,10.1038/s41589-019-0294-6,PROTAC-DB,Degradation of SMARCA2 in MV-4-11/NCI-H1568 cells after 18 h treatment,18.0,,NCI-H1568,ACH-000869,Lung,mapped,1.0
Cc1ncsc1-c1ccc(CNC(=O)[C@@H]2C[C@@H](O)CN2C(=O)[C@@H](NC(=O)C2(F)CC2)C(C)(C)C)c(OCCOc2ccc(CN3CCN(c4cc(-c5ccccc5O)nnc4N)CC3)cc2)c1,True,ACBI1,SMARCA2,P51532,VHL,VHL,P40337,MV-4-11,MV4-11,11.0,7.958607314841775,1,,0,,0,1,10.1038/s41589-019-0294-6,PROTAC-DB,Degradation of SMARCA2 in MV-4-11 cells after 18 h treatment,18.0,,MV4-11,ACH-000045,Myeloid,mapped,1.0
Cc1ncsc1-c1ccc(CNC(=O)[C@@H]2C[C@@H](O)CN2C(=O)[C@@H](NC(=O)C2(F)CC2)C(C)(C)C)c(OCCOc2ccc(CN3CCN(c4cc(-c5ccccc5O)nnc4N)CC3)cc2)c1,True,ACBI1,PBRM1,Q86U86,VHL,VHL,P40337,MV-4-11,MV4-11,32.0,7.494850021680094,1,,0,,0,1,10.1038/s41589-019-0294-6,PROTAC-DB,Degradation of PBRM1 in MV-4-11/NCI-H1568 cells after 18 h treatment,18.0,,MV4-11,ACH-000045,Myeloid,mapped,1.0
Cc1ncsc1-c1ccc(CNC(=O)[C@@H]2C[C@@H](O)CN2C(=O)[C@@H](NC(=O)C2(F)CC2)C(C)(C)C)c(OCCOc2ccc(CN3CCN(c4cc(-c5ccccc5O)nnc4N)CC3)cc2)c1,True,ACBI1,PBRM1,Q86U86,VHL,VHL,P40337,NCI-H1568,NCI-H1568,15.6,7.806875401645538,1,,0,,0,1,10.1038/s41589-019-0294-6,PROTAC-DB,Degradation of PBRM1 in MV-4-11/NCI-H1568 cells after 18 h treatment,18.0,,NCI-H1568,ACH-000869,Lung,mapped,1.0
COc1cc2c(OC[C@@H]3CCC(=O)N3)ncc(C#CCCCCCCCCCCC(=O)N[C@H](C(=O)N3C[C@H](O)C[C@H]3C(=O)NCc3ccc(-c4scnc4C)cc3)C(C)(C)C)c2cc1C(N)=O,True,810,IRAK4,Q9NWZ3,VHL,VHL,P40337,PBMC,BSS1-PBMC-iPS4F4,,,0,50.0,1,0.0,1,1,10.1021/acsmedchemlett.9b00219,PROTAC-DB,Degradation of IRAK4 in PBMC cells after 24 h treatment,24.0,,PBMC,,,unmapped,0.0
CC[C@@H]1[C@H](F)C(=O)N[C@@H]1COc1ncc(C#CCCCCCCCCCCC(=O)N[C@H](C(=O)N2C[C@H](O)C[C@H]2C(=O)NCc2ccc(-c3scnc3C)cc2)C(C)(C)C)c2cc(C(N)=O)c(OC)cc12,True,815,IRAK4,Q9NWZ3,VHL,VHL,P40337,PBMC,BSS1-PBMC-iPS4F4,259.0,6.586700235918748,1,,0,,0,1,10.1021/acsmedchemlett.9b00219,PROTAC-DB,Degradation of IRAK4 in PBMC cells after 24 h treatment,24.0,,PBMC,,,unmapped,0.0
CC[C@@H]1[C@H](F)C(=O)N[C@@H]1COc1ncc(C#CCN2CCC3(CC2)CCN(c2ncc(C(=O)N[C@H](C(=O)N4C[C@H](O)C[C@H]4C(=O)NCc4ccc(-c5scnc5C)cc4)C(C)(C)C)cn2)CC3)c2cc(C(N)=O)c(OC)cc12,True,816,IRAK4,Q9NWZ3,VHL,VHL,P40337,PBMC,BSS1-PBMC-iPS4F4,151.0,6.82102305270683,1,,0,,0,1,10.1021/acsmedchemlett.9b00219,PROTAC-DB,Degradation of IRAK4 in PBMC cells/dermal fibroblast after 24/24 h treatment,24.0,,PBMC,,,unmapped,0.0
CC[C@@H]1C(=O)N(C)c2cnc(Nc3ccc(C(=O)NCCOCCOCCNc4cccc5c4C(=O)N(C4CCC(=O)NC4=O)C5=O)cc3OC)nc2N1C1CCCC1,True,HBL-4,PLK1,P53350,CRBN,CRBN,Q96SW2,MV4-11,MV4-11,10.0,8.0,1,,0,,0,1,10.1016/j.bbrc.2019.11.007,PROTAC-DB,Degradation of PLK1 in MV4-11 cells after 24 h treatment,24.0,,MV4-11,ACH-000045,Myeloid,mapped,1.0
CC[C@@H]1C(=O)N(C)c2cnc(Nc3ccc(C(=O)NCCOCCOCCNc4cccc5c4C(=O)N(C4CCC(=O)NC4=O)C5=O)cc3OC)nc2N1C1CCCC1,True,HBL-4,BRD4,O60885,CRBN,CRBN,Q96SW2,MV4-11,MV4-11,5.0,8.301029995663981,1,,0,,0,1,10.1016/j.bbrc.2019.11.007,PROTAC-DB,Degradation of BRD4 in MV4-11 cells after 24 h treatment,24.0,,MV4-11,ACH-000045,Myeloid,mapped,1.0
Cc1ncsc1-c1ccc([C@H](C)NC(=O)[C@@H]2C[C@@H](O)CN2C(=O)[C@@H](NC(=O)CCCCOc2ccc(/C=N/NC(=O)c3ccc(C(=O)c4c(-c5ccc(O)cc5)sc5cc(O)ccc45)cc3)cc2)C(C)(C)C)cc1,True,825,ERalpha,P03372,VHL,VHL,P40337,MCF-7,MCF-7,7.7,8.113509274827518,1,95.0,1,1.0,1,1,10.1021/acschembio.0c00140,PROTAC-DB,Degradation of ERalpha in MCF-7/T47D cells after 6 h treatment,6.0,,MCF7,ACH-000019,Breast,mapped,1.0
Cc1ncsc1-c1ccc([C@H](C)NC(=O)[C@@H]2C[C@@H](O)CN2C(=O)[C@@H](NC(=O)CCCCOc2ccc(/C=N/NC(=O)c3ccc(C(=O)c4c(-c5ccc(O)cc5)sc5cc(O)ccc45)cc3)cc2)C(C)(C)C)cc1,True,825,ERalpha,P03372,VHL,VHL,P40337,T47D,T47D Ad12,10.3,7.987162775294828,1,98.0,1,1.0,1,1,10.1021/acschembio.0c00140,PROTAC-DB,Degradation of ERalpha in MCF-7/T47D cells after 6 h treatment,6.0,,T-47D,ACH-000147,Breast,mapped,1.0
Cc1ncsc1-c1ccc([C@H](C)NC(=O)[C@@H]2C[C@@H](O)CN2C(=O)[C@@H](NC(=O)CCCOc2ccc(/C=N/NC(=O)c3ccc(Oc4c(-c5ccc(O)cc5)sc5cc(O)ccc45)cc3)cc2)C(C)(C)C)cc1,True,860,ERalpha,P03372,VHL,VHL,P40337,MCF-7,MCF-7,5.2,8.2839966563652,1,75.0,1,1.0,1,1,10.1021/acschembio.0c00140,PROTAC-DB,Degradation of ERalpha in MCF-7 cells after 6 h treatment,6.0,,MCF7,ACH-000019,Breast,mapped,1.0
Cc1ncsc1-c1ccc([C@H](C)NC(=O)[C@@H]2C[C@@H](O)CN2C(=O)[C@@H](NC(=O)CCCCOc2ccc(CCNC(=O)c3ccc(C(=O)c4c(-c5ccc(O)cc5)sc5cc(O)ccc45)cc3)cc2)C(C)(C)C)cc1,True,AM-A3,ERalpha,P03372,VHL,VHL,P40337,MCF-7,MCF-7,1.1,8.958607314841775,1,98.0,1,1.0,1,1,10.1021/acschembio.0c00140,PROTAC-DB,Degradation of ERalpha in MCF-7 cells after 6h treatment,6.0,,MCF7,ACH-000019,Breast,mapped,1.0
Cc1ncsc1-c1ccc(CNC(=O)[C@@H]2C[C@@H](O)CN2C(=O)[C@@H](NC(=O)CCCNC(=O)c2ccc(-c3cnc(NCc4ccco4)n4cnnc34)cc2)C(C)(C)C)cc1,True,UNC6852,EED,O75530,VHL,VHL,P40337,HeLa,HeLa,790.0,6.102372908709558,1,92.0,1,1.0,1,1,10.1016/j.chembiol.2019.11.006,PROTAC-DB,Degradation of EED in HeLa/DB cells after 24 h treatment,24.0,,HeLa,ACH-001086,Cervix,mapped,1.0
Cc1ncsc1-c1ccc(CNC(=O)[C@@H]2C[C@@H](O)CN2C(=O)[C@@H](NC(=O)CCCNC(=O)c2ccc(-c3cnc(NCc4ccco4)n4cnnc34)cc2)C(C)(C)C)cc1,True,UNC6852,EED,O75530,VHL,VHL,P40337,DB,DB,610.0,6.214670164989233,1,94.0,1,1.0,1,1,10.1016/j.chembiol.2019.11.006,PROTAC-DB,Degradation of EED in HeLa/DB cells after 24 h treatment,24.0,,DB,ACH-000334,Lymphoid,mapped,1.0
Cc1ncsc1-c1ccc(CNC(=O)[C@@H]2C[C@@H](O)CN2C(=O)[C@@H](NC(=O)CCCNC(=O)c2ccc(-c3cnc(NCc4ccco4)n4cnnc34)cc2)C(C)(C)C)cc1,True,UNC6852,EZH2,Q15910,VHL,VHL,P40337,HeLa,HeLa,300.0,6.522878745280337,1,75.0,1,1.0,1,1,10.1016/j.chembiol.2019.11.006,PROTAC-DB,Degradation of EZH2 in HeLa/DB cells after 24 h treatment,24.0,,HeLa,ACH-001086,Cervix,mapped,1.0
Cc1ncsc1-c1ccc(CNC(=O)[C@@H]2C[C@@H](O)CN2C(=O)[C@@H](NC(=O)CCCNC(=O)c2ccc(-c3cnc(NCc4ccco4)n4cnnc34)cc2)C(C)(C)C)cc1,True,UNC6852,EZH2,Q15910,VHL,VHL,P40337,DB,DB,670.0,6.173925197299173,1,96.0,1,1.0,1,1,10.1016/j.chembiol.2019.11.006,PROTAC-DB,Degradation of EZH2 in HeLa/DB cells after 24 h treatment,24.0,,DB,ACH-000334,Lymphoid,mapped,1.0
Cc1ncsc1-c1ccc(CNC(=O)[C@@H]2C[C@@H](O)CN2C(=O)[C@@H](NC(=O)CCCNC(=O)c2ccc(-c3cnc(NCc4ccco4)n4cnnc34)cc2)C(C)(C)C)cc1,True,UNC6852,SUZ12,Q15022,VHL,VHL,P40337,HeLa,HeLa,,,0,22.0,1,0.0,1,1,10.1016/j.chembiol.2019.11.006,PROTAC-DB,Degradation of SUZ12 in HeLa/DB cells after 24 h treatment,24.0,,HeLa,ACH-001086,Cervix,mapped,1.0
Cc1ncsc1-c1ccc(CNC(=O)[C@@H]2C[C@@H](O)CN2C(=O)[C@@H](NC(=O)CCCNC(=O)c2ccc(-c3cnc(NCc4ccco4)n4cnnc34)cc2)C(C)(C)C)cc1,True,UNC6852,SUZ12,Q15022,VHL,VHL,P40337,DB,DB,590.0,6.229147988357855,1,82.0,1,1.0,1,1,10.1016/j.chembiol.2019.11.006,PROTAC-DB,Degradation of SUZ12 in HeLa/DB cells after 24 h treatment,24.0,,DB,ACH-000334,Lymphoid,mapped,1.0
Cc1ncsc1-c1ccc(CNC(=O)[C@@H]2C[C@@H](O)CN2C(=O)[C@@H](NC(=O)COCCNC(=O)c2cccc(-c3cc(Nc4ccc(OC(F)(F)F)cc4)ncn3)c2)C(C)(C)C)cc1,True,GMB-101,BCR-ABL,P00520,VHL,VHL,P40337,K562,EGFP-K562,2000.0,5.698970004336019,1,85.0,1,0.0,1,1,10.1158/0008-5472.CAN-19-1236,PROTAC-DB,Degradation of BCR-ABL in K562 cells after 18 h treatment,18.0,,K-562,ACH-000551,Myeloid,mapped,1.0
Cc1ncsc1-c1ccc(CNC(=O)[C@@H]2C[C@@H](O)CN2C(=O)[C@@H](NC(=O)COCCOc2ccc(-c3cc(Nc4ccc(OC(F)(F)F)cc4)ncn3)cc2)C(C)(C)C)cc1,True,GMB-475,BCR-ABL,P00520,VHL,VHL,P40337,K562,EGFP-K562,340.0,6.468521082957745,1,95.0,1,1.0,1,1,10.1158/0008-5472.CAN-19-1236,PROTAC-DB,Degradation of BCR-ABL in K562 cells after 18 h treatment,18.0,,K-562,ACH-000551,Myeloid,mapped,1.0
Cc1ncsc1-c1ccc(CNC(=O)[C@@H]2C[C@@H](O)CN2C(=O)[C@@H](NC(=O)COCCCCCOCCOCCCCCOCC(=O)NCCNc2cccc3c2C(=O)N(C2CCC(=O)NC2=O)C3=O)C(C)(C)C)cc1,True,968,CRBN,Q96SW2,VHL,VHL,P40337,HeLa,HeLa,200.0,6.698970004336019,1,75.0,1,1.0,1,1,10.1016/j.bmc.2019.02.048,PROTAC-DB,Degradation of CRBN in HeLa/HEK293 cells,,,HeLa,ACH-001086,Cervix,mapped,1.0
Cc1ncsc1-c1ccc(CNC(=O)[C@@H]2C[C@@H](O)CN2C(=O)[C@@H](NC(=O)COCCCCCOCCOCCCCCOCC(=O)NCCNc2cccc3c2C(=O)N(C2CCC(=O)NC2=O)C3=O)C(C)(C)C)cc1,True,968,CRBN,Q96SW2,VHL,VHL,P40337,HEK293,HEK293,230.0,6.638272163982407,1,98.0,1,1.0,1,1,10.1016/j.bmc.2019.02.048,PROTAC-DB,Degradation of CRBN in HeLa/HEK293 cells,,,HEK293,,,unmapped,0.0
CO[C@H]1C[C@@H]2CC[C@@H](C)[C@@](O)(O2)C(=O)C(=O)N2CCCC[C@H]2C(=O)O[C@H]([C@H](C)C[C@@H]2CC[C@@H](OCCOCc3cn(CCOCCOCCNc4cccc5c4C(=O)N(C4CCC(=O)NC4=O)C5=O)nn3)[C@H](OC)C2)CC(=O)[C@H](C)/C=C(\C)[C@@H](O)[C@@H](OC)C(=O)[C@H](C)C[C@H](C)/C=C/C=C/C=C/1C,True,RC32,FKBP12,P62942,CRBN,CRBN,Q96SW2,Jurkat,Jurkat,0.27,9.568636235841012,1,,0,,0,1,10.1038/s41421-018-0079-1,PROTAC-DB,Degradation of FKBP12 in Jurkat cells after 12 h treatment,12.0,,JURKAT,ACH-000995,Lymphoid,mapped,1.0
CN[C@@H](C)C(=O)N[C@H](C(=O)N1Cc2cc(OCCOCCOCCOCCOc3cc4nccc(Nc5ccc6scnc6c5)c4cc3S(=O)(=O)C(C)(C)C)ccc2C[C@H]1C(=O)N[C@@H]1CCCc2ccccc21)C(C)(C)C,True,977,RIPK2,O43353,IAP,"BIRC2,BIRC3",Q7Z460,THP-1,THP-1,0.4,9.397940008672037,1,,0,,0,1,10.1038/s42003-020-0868-6,PROTAC-DB,Degradation of RIPK2 in THP-1 cells after 18 h treatment,18.0,,THP-1,ACH-000146,Myeloid,mapped,1.0
CC(C)(C)S(=O)(=O)c1cc2c(Nc3ccc4scnc4c3)ccnc2cc1OCCOCCOCCOCCOCC(=O)Nc1cccc2c1CN(C1CCC(=O)NC1=O)C2=O,True,978,RIPK2,O43353,CRBN,CRBN,Q96SW2,THP-1,THP-1,2.5,8.602059991327963,1,,0,,0,1,10.1038/s42003-020-0868-6,PROTAC-DB,Degradation of RIPK2 in THP-1 cells after 18 h treatment,18.0,,THP-1,ACH-000146,Myeloid,mapped,1.0
CN[C@@H](C)C(=O)N[C@H](C(=O)N1CCC[C@H]1c1nc(C(=O)c2ccc(F)cc2)cs1)C1CCN(C(=O)c2cnc(N3CCN(CCOc4cc5ncnc(Nc6n[nH]c(C)c6C)c5cc4S(=O)(=O)C(C)(C)C)CC3)nc2)CC1,True,979,RIPK2,O43353,IAP,"BIRC2,BIRC3",P98170,hPBMC,,12.6,7.8996294548824375,1,69.2,1,1.0,1,1,10.1038/s42003-020-0868-6,PROTAC-DB,Degradation of RIPK2 in hPBMC cells after 24 h treatment,24.0,,hPBMC,,,unmapped,0.0
CN[C@@H](C)C(=O)N[C@H](C(=O)N1C[C@@H](NC(=O)c2cnc(N3CCN(CCCOc4cc5ncnc(Nc6n[nH]c(C)c6C)c5cc4S(=O)(=O)C(C)(C)C)CC3)cn2)C[C@H]1C(=O)Nc1c(F)cccc1F)C(C)(C)C,True,980,RIPK2,O43353,IAP,"BIRC2,BIRC3",Q7Z460,hPBMC,,0.4,9.397940008672037,1,94.3,1,1.0,1,1,10.1038/s42003-020-0868-6,PROTAC-DB,Degradation of RIPK2 in hPBMC cells after 24 h treatment,24.0,,hPBMC,,,unmapped,0.0
CN[C@@H](C)C(=O)N[C@H](C(=O)N1C[C@@H](NC(=O)c2cnc(N3CCN(CCCOc4cc5ncnc(Nc6n[nH]c(C)c6C)c5cc4S(=O)(=O)C(C)(C)C)CC3)cn2)C[C@H]1C(=O)Nc1c(F)cccc1F)C(C)(C)C,True,980,RIPK2,O43353,IAP,"BIRC2,BIRC3",P98170,THP1,PSC-THP1,0.79,9.102372908709558,1,,0,,0,1,10.1021/acs.jmedchem.1c01118,PROTAC-DB,Degradation of RIPK2 in THP1 cells after 18 h treatment,18.0,,THP-1,ACH-000146,Myeloid,mapped,1.0
Cc1ncsc1-c1ccc(CNC(=O)[C@@H]2C[C@@H](O)CN2C(=O)[C@@H](NC(=O)CCOCCOCCOCCOCCOCCC(=O)NCCCOC(=O)NC(Nc2ncccn2)C(Cl)(Cl)Cl)C(C)(C)C)cc1,True,CP5V,Cdc20,Q12834,VHL,VHL,P40337,MCF7,MCF7 AREc32,1600.0,5.795880017344075,1,,0,0.0,1,1,10.1016/j.ebiom.2019.10.013,PROTAC-DB,Degradation of Cdc20 in MCF7/MDA-MB-231 cells after 10 h treatment,10.0,,MCF7,ACH-000019,Breast,mapped,1.0
Cc1ncsc1-c1ccc(CNC(=O)[C@@H]2C[C@@H](O)CN2C(=O)[C@@H](NC(=O)CCOCCOCCOCCOCCOCCC(=O)NCCCOC(=O)NC(Nc2ncccn2)C(Cl)(Cl)Cl)C(C)(C)C)cc1,True,CP5V,Cdc20,Q12834,VHL,VHL,P40337,MDA-MB-231,MDA-MB-231,1600.0,5.795880017344075,1,,0,0.0,1,1,10.1016/j.ebiom.2019.10.013,PROTAC-DB,Degradation of Cdc20 in MCF7/MDA-MB-231 cells after 10 h treatment,10.0,,MDA-MB-231,ACH-000768,Breast,mapped,1.0
Cc1ncsc1-c1ccc(CNC(=O)[C@@H]2C[C@@H](O)CN2C(=O)[C@@H](NC(=O)COCCOCCOCCOCCOCCOCC(=O)N[C@H](C(=O)N2C[C@H](O)C[C@H]2C(=O)NCc2ccc(-c3scnc3C)cc2)C(C)(C)C)C(C)(C)C)cc1,True,CM11,pVHL30,P40337,VHL,VHL,P40337,HeLa,HeLa,10.0,8.0,1,,0,,0,1,10.1038/s41467-017-00954-1,PROTAC-DB,Degradation of pVHL30 in HeLa cells after 24 h treatment,24.0,,HeLa,ACH-001086,Cervix,mapped,1.0
O=C1CCC(N2C(=O)c3cccc(NCCOCCOCCn4cc(CCCCN(Cc5ccc(C(=O)NO)cc5)C(=O)Nc5ccccc5)nn4)c3C2=O)C(=O)N1,True,NP8,HADC6,Q9UBN7,CRBN,CRBN,Q96SW2,MM.1S,MM.1S-luc,3.8,8.42021640338319,1,,0,,0,1,10.1007/s13238-018-0602-z,PROTAC-DB,Degradation of HADC6 in MM.1S cells after 24 h treatment,24.0,,MM1-S,ACH-000763,Lymphoid,mapped,1.0
Cc1ccc(NC(=O)c2ccc(CN3CCN(C(=O)COCCOCCOCCNC(=O)[C@H](CC(C)C)NC(=O)[C@@H](O)[C@H](N)Cc4ccccc4)CC3)cc2)cc1Nc1nccc(-c2cccnc2)n1,True,SNIPER(ABL)-49,BCR-ABL,P00520,IAP,"BIRC2,BIRC3",P98170,K562,EGFP-K562,100000.0,4.0,1,,0,0.0,1,1,10.1111/cas.13284,PROTAC-DB,Degradation of BCR-ABL in K562 cells after 6 h treatment,6.0,,K-562,ACH-000551,Myeloid,mapped,1.0
CC(C)C[C@H](NC(=O)[C@@H](O)[C@H](N)Cc1ccccc1)C(=O)NCCOCCOCCOCCNC(=O)c1cccc(-c2cc(Nc3ccc(OC(F)(F)F)cc3)ncn2)c1,True,SNIPER(ABL)-13,BCR-ABL,P00520,IAP,"BIRC2,BIRC3",P98170,K562,EGFP-K562,20000.0,4.698970004336019,1,,0,0.0,1,1,10.1111/cas.13284,PROTAC-DB,Degradation of BCR-ABL in K562 cells after 6 h treatment,6.0,,K-562,ACH-000551,Myeloid,mapped,1.0
CCN1CCN(Cc2ccc(NC(=O)c3cccc(-c4ccc5nc(NC(=O)COCCOCCOCCNC(=O)[C@H](CC(C)C)NC(=O)[C@@H](O)[C@H](N)Cc6ccccc6)sc5n4)c3)cc2C(F)(F)F)CC1,True,SNIPER(ABL)-44,BCR-ABL,P00520,IAP,"BIRC2,BIRC3",P98170,K562,EGFP-K562,10000.0,5.0,1,,0,0.0,1,1,10.1111/cas.13284,PROTAC-DB,Degradation of BCR-ABL in K562 cells after 6 h treatment,6.0,,K-562,ACH-000551,Myeloid,mapped,1.0
Cc1nc(Nc2ncc(C(=O)Nc3c(C)cccc3Cl)s2)cc(N2CCN(C(=O)COCCOCCOCCNC(=O)[C@H](CC(C)C)NC(=O)[C@@H](O)[C@H](N)Cc3ccccc3)CC2)n1,True,SNIPER(ABL)-20,BCR-ABL,P00520,IAP,"BIRC2,BIRC3",P98170,K562,EGFP-K562,100000.0,4.0,1,,0,0.0,1,1,10.1111/cas.13284,PROTAC-DB,Degradation of BCR-ABL in K562 cells after 6 h treatment,6.0,,K-562,ACH-000551,Myeloid,mapped,1.0
CN[C@@H](C)C(=O)N[C@H](C(=O)N1CCC[C@H]1C(=O)N[C@H](C(=O)NCCOCCOCCOCC(=O)N1CCN(Cc2ccc(C(=O)Nc3ccc(C)c(Nc4nccc(-c5cccnc5)n4)c3)cc2)CC1)C(c1ccccc1)c1ccccc1)C1CCCCC1,True,SNIPER(ABL)-50,BCR-ABL,P00520,IAP,"BIRC2,BIRC3",P98170,K562,EGFP-K562,100000.0,4.0,1,,0,0.0,1,1,10.1111/cas.13284,PROTAC-DB,Degradation of BCR-ABL in K562 cells after 6 h treatment,6.0,,K-562,ACH-000551,Myeloid,mapped,1.0
CN[C@@H](C)C(=O)N[C@H](C(=O)N1CCC[C@H]1C(=O)N[C@H](C(=O)NCCOCCOCCOCCNC(=O)c1cccc(-c2cc(Nc3ccc(OC(F)(F)F)cc3)ncn2)c1)C(c1ccccc1)c1ccccc1)C1CCCCC1,True,SNIPER(ABL)-15,BCR-ABL,P00520,IAP,"BIRC2,BIRC3",P98170,K562,EGFP-K562,5000.0,5.301029995663981,1,,0,0.0,1,1,10.1111/cas.13284,PROTAC-DB,Degradation of BCR-ABL in K562 cells after 6 h treatment,6.0,,K-562,ACH-000551,Myeloid,mapped,1.0
CCN1CCN(Cc2ccc(NC(=O)c3cccc(-c4ccc5nc(NC(=O)COCCOCCOCCNC(=O)[C@@H](NC(=O)[C@@H]6CCCN6C(=O)[C@@H](NC(=O)[C@H](C)NC)C6CCCCC6)C(c6ccccc6)c6ccccc6)sc5n4)c3)cc2C(F)(F)F)CC1,True,SNIPER(ABL)-47,BCR-ABL,P00520,IAP,"BIRC2,BIRC3",P98170,K562,EGFP-K562,2000.0,5.698970004336019,1,,0,0.0,1,1,10.1111/cas.13284,PROTAC-DB,Degradation of BCR-ABL in K562 cells after 6 h treatment,6.0,,K-562,ACH-000551,Myeloid,mapped,1.0
CN[C@@H](C)C(=O)N[C@H](C(=O)N1CCC[C@H]1C(=O)N[C@H](C(=O)NCCOCCOCCOCC(=O)N1CCN(c2cc(Nc3ncc(C(=O)Nc4c(C)cccc4Cl)s3)nc(C)n2)CC1)C(c1ccccc1)c1ccccc1)C1CCCCC1,True,SNIPER(ABL)-19,BCR-ABL,P00520,IAP,"BIRC2,BIRC3",P98170,K562,EGFP-K562,300.0,6.522878745280337,1,,0,,0,1,10.1111/cas.13284,PROTAC-DB,Degradation of BCR-ABL in K562 cells after 6 h treatment,6.0,,K-562,ACH-000551,Myeloid,mapped,1.0
CN[C@@H](C)C(=O)N[C@H](C(=O)N1CCC[C@H]1c1nc(C(=O)c2cccc(OCCOCCOCCOCC(=O)N3CCN(Cc4ccc(C(=O)Nc5ccc(C)c(Nc6nccc(-c7cccnc7)n6)c5)cc4)CC3)c2)cs1)C1CCCCC1,True,SNIPER(ABL)-58,BCR-ABL,P00520,IAP,"BIRC2,BIRC3",P98170,K562,EGFP-K562,10000.0,5.0,1,,0,0.0,1,1,10.1111/cas.13284,PROTAC-DB,Degradation of BCR-ABL in K562 cells after 6 h treatment,6.0,,K-562,ACH-000551,Myeloid,mapped,1.0
CN[C@@H](C)C(=O)N[C@H](C(=O)N1CCC[C@H]1c1nc(C(=O)c2cccc(OCCOCCOCCOCCNC(=O)c3cccc(-c4cc(Nc5ccc(OC(F)(F)F)cc5)ncn4)c3)c2)cs1)C1CCCCC1,True,SNIPER(ABL)-24,BCR-ABL,P00520,IAP,"BIRC2,BIRC3",P98170,K562,EGFP-K562,5000.0,5.301029995663981,1,,0,0.0,1,1,10.1111/cas.13284,PROTAC-DB,Degradation of BCR-ABL in K562 cells after 6 h treatment,6.0,,K-562,ACH-000551,Myeloid,mapped,1.0
CCN1CCN(Cc2ccc(NC(=O)c3cccc(-c4ccc5nc(NC(=O)COCCOCCOCCOc6cccc(C(=O)c7csc([C@@H]8CCCN8C(=O)[C@@H](NC(=O)[C@H](C)NC)C8CCCCC8)n7)c6)sc5n4)c3)cc2C(F)(F)F)CC1,True,SNIPER(ABL)-33,BCR-ABL,P00520,IAP,"BIRC2,BIRC3",P98170,K562,EGFP-K562,300.0,6.522878745280337,1,,0,,0,1,10.1111/cas.13284,PROTAC-DB,Degradation of BCR-ABL in K562 cells after 6 h treatment,6.0,,K-562,ACH-000551,Myeloid,mapped,1.0
CN[C@@H](C)C(=O)N[C@H](C(=O)N1CCC[C@H]1c1nc(C(=O)c2cccc(OCCOCCOCCOCC(=O)N3CCN(c4cc(Nc5ncc(C(=O)Nc6c(C)cccc6Cl)s5)nc(C)n4)CC3)c2)cs1)C1CCCCC1,True,SNIPER(ABL)-39,BCR-ABL,P00520,IAP,"BIRC2,BIRC3",P98170,K562,EGFP-K562,10.0,8.0,1,,0,,0,1,10.1111/cas.13284,PROTAC-DB,Degradation of BCR-ABL in K562 cells after 6 h treatment,6.0,,K-562,ACH-000551,Myeloid,mapped,1.0
CC/C(=C(\c1ccc(O)cc1)c1ccc(OCCN(C)C(=O)COCCOCCOCCOc2cccc(C(=O)c3csc([C@@H]4CCCN4C(=O)[C@@H](NC(=O)[C@H](C)NC)C4CCCCC4)n3)c2)cc1)c1ccccc1,True,SNIPER(ER)-87,ERalpha,P03372,XIAP,BIRC4,P98170,MCF-7,MCF-7,3.0,8.522878745280337,1,,0,,0,1,10.1074/jbc.RA117.001091,PROTAC-DB,Degradation of ERalpha in MCF-7 cells after 4/48 h treatment,4.0,,MCF7,ACH-000019,Breast,mapped,1.0
CC/C(=C(\c1ccc(O)cc1)c1ccc(OCCN(C)C(=O)COCCOCCOCCOc2cccc(C(=O)c3csc([C@@H]4CCCN4C(=O)[C@@H](NC(=O)[C@H](C)NC)C4CCCCC4)n3)c2)cc1)c1ccccc1,True,SNIPER(ER)-87,ERalpha,P03372,XIAP,BIRC4,P98170,MCF-7,MCF-7,3.0,8.522878745280337,1,,0,,0,1,10.1074/jbc.M116.768853,PROTAC-DB,Degradation of ERalpha in MCF-7 cells after 6 h treatment,6.0,,MCF7,ACH-000019,Breast,mapped,1.0
CC/C(=C(\c1ccc(O)cc1)c1ccc(OCCN(C)C(=O)COCCOCCOCCNC(=O)c2cc(-c3cncc([C@@H]4CCCN4C(=O)[C@@H](NC(=O)[C@H](C)NC)C4CCCCC4)c3)ccc2F)cc1)c1ccccc1,True,SNIPER(ER)-104,ERalpha,P03372,XIAP,BIRC4,P98170,MCF-7,MCF-7,100.0,7.0,1,,0,,0,1,10.1074/jbc.RA117.001091,PROTAC-DB,Degradation of ERalpha in MCF-7 cells after 4h treatment,4.0,,MCF7,ACH-000019,Breast,mapped,1.0
CC/C(=C(\c1ccc(O)cc1)c1ccc(OCCN(C)C(=O)COCCOCCOCCNC(=O)c2cccc3c2ccn3-c2cncc([C@@H]3CCCN3C(=O)[C@@H](NC(=O)[C@H](C)NC)C(C)C)c2)cc1)c1ccccc1,True,SNIPER(ER)-105,ERalpha,P03372,XIAP,BIRC4,P98170,MCF-7,MCF-7,3.0,8.522878745280337,1,,0,,0,1,10.1074/jbc.RA117.001091,PROTAC-DB,Degradation of ERalpha in MCF-7 cells after 4/48h treatment,4.0,,MCF7,ACH-000019,Breast,mapped,1.0
CC/C(=C(\c1ccc(O)cc1)c1ccc(OCCN(C)C(=O)COCCOCCOCCOc2cccc(O[C@H]3C[C@@H](C(=O)N[C@@H]4CCCc5ccccc54)N(C(=O)[C@@H](NC(=O)[C@H](C)NC)C4CCCCC4)C3)c2)cc1)c1ccccc1,True,SNIPER(ER)-110,ERalpha,P03372,XIAP,BIRC4,P98170,MCF-7,MCF-7,3.0,8.522878745280337,1,,0,,0,1,10.1074/jbc.RA117.001091,PROTAC-DB,Degradation of ERalpha in MCF-7 cells after 4/48h treatment,4.0,,MCF7,ACH-000019,Breast,mapped,1.0
CC/C(=C(\c1ccc(O)cc1)c1ccc(OCCN(C)C(=O)COCCOCCOCCOc2ccc(O[C@H]3C[C@@H](C(=O)N[C@@H]4CCCc5ccccc54)N(C(=O)[C@@H](NC(=O)[C@H](C)NC)C4CCCCC4)C3)cc2)cc1)c1ccccc1,True,SNIPER(ER)-113,ERalpha,P03372,XIAP,BIRC4,P98170,MCF-7,MCF-7,3.0,8.522878745280337,1,,0,,0,1,10.1074/jbc.RA117.001091,PROTAC-DB,Degradation of ERalpha in MCF-7 cells after 4/48h treatment,4.0,,MCF7,ACH-000019,Breast,mapped,1.0
CC/C(=C(\c1ccc(O)cc1)c1ccc(OCCN(C)C(=O)COCCOCCOCCOc2cccc(CCN3C[C@@H]4CC[C@H]3[C@@H](NC(=O)[C@@H](NC(=O)[C@H](C)NC)C3CCCCC3)C4)c2)cc1)c1ccccc1,True,SNIPER(ER)-118,ERalpha,P03372,XIAP,BIRC4,P98170,MCF-7,MCF-7,100.0,7.0,1,,0,,0,1,10.1074/jbc.RA117.001091,PROTAC-DB,Degradation of ERalpha in MCF-7 cells after 4h treatment,4.0,,MCF7,ACH-000019,Breast,mapped,1.0
CC/C(=C(\c1ccc(O)cc1)c1ccc(OCCN(C)C(=O)COCCOCCOCCOc2ccccc2O[C@H]2C[C@@H](C(=O)N[C@@H]3CCCc4ccccc43)N(C(=O)[C@@H](NC(=O)[C@H](C)NC)C3CCCCC3)C2)cc1)c1ccccc1,True,SNIPER(ER)-119,ERalpha,P03372,XIAP,BIRC4,P98170,MCF-7,MCF-7,4.0,8.397940008672037,1,,0,,0,1,10.1074/jbc.RA117.001091,PROTAC-DB,Degradation of ERalpha in MCF-7 cells after 4/48h treatment,4.0,,MCF7,ACH-000019,Breast,mapped,1.0
CC/C(=C(\c1ccc(O)cc1)c1ccc(OCCN(C)C(=O)COCCOCCOCCOc2ccc(CCN3C[C@@H]4CC[C@H]3[C@@H](NC(=O)[C@@H](NC(=O)[C@H](C)NC)C3CCCCC3)C4)cc2)cc1)c1ccccc1,True,SNIPER(ER)-121,ERalpha,P03372,XIAP,BIRC4,P98170,MCF-7,MCF-7,100.0,7.0,1,,0,,0,1,10.1074/jbc.RA117.001091,PROTAC-DB,Degradation of ERalpha in MCF-7 cells after 4h treatment,4.0,,MCF7,ACH-000019,Breast,mapped,1.0
CC/C(=C(\c1ccc(O)cc1)c1ccc(OCCN(C)C(=O)COCCOCCOCCOc2cccc(C(=O)c3cncc([C@@H]4CCCN4C(=O)[C@@H](NC(=O)[C@H](C)NC)C4CCCCC4)c3)c2)cc1)c1ccccc1,True,SNIPER(ER)-126,ERalpha,P03372,XIAP,BIRC4,P98170,MCF-7,MCF-7,3.0,8.522878745280337,1,,0,,0,1,10.1074/jbc.RA117.001091,PROTAC-DB,Degradation of ERalpha in MCF-7 cells after 4/48h treatment,4.0,,MCF7,ACH-000019,Breast,mapped,1.0
CC/C(=C(\c1ccc(O)cc1)c1ccc(OCCN(C)C(=O)COCCOCCOCCOCC(=O)N2CCC([C@H](NC(=O)[C@H](C)NC)C(=O)N3CCC[C@H]3c3nc4c(-c5ccccc5)nccc4s3)CC2)cc1)c1ccccc1,True,SNIPER(ER)-130,ERalpha,P03372,XIAP,BIRC4,P98170,MCF-7,MCF-7,36.9,7.432973633840939,1,,0,,0,1,10.1074/jbc.RA117.001091,PROTAC-DB,Degradation of ERalpha in MCF-7 cells after 4h treatment,4.0,,MCF7,ACH-000019,Breast,mapped,1.0
CC/C(=C(\c1ccc(O)cc1)c1ccc(OCCN(C)C(=O)COCCOCCOCCOCC(=O)NCCCC[C@H](NC(=O)[C@H](C)NC)C(=O)N2CCC[C@H]2C(=O)Nc2snnc2-c2ccccc2)cc1)c1ccccc1,True,SNIPER(ER)-131,ERalpha,P03372,XIAP,BIRC4,P98170,MCF-7,MCF-7,33.8,7.471083299722345,1,,0,,0,1,10.1074/jbc.RA117.001091,PROTAC-DB,Degradation of ERalpha in MCF-7 cells after 4h treatment,4.0,,MCF7,ACH-000019,Breast,mapped,1.0
CC/C(=C(\c1ccc(O)cc1)c1ccc(OCCN(C)C(=O)COCCOCCOCCOc2cccc(O[C@@H]3C[C@@H](C(=O)N[C@@H]4CCCc5ccccc54)N(C(=O)[C@@H](NC(=O)[C@H](C)NC)C4CCCCC4)C3)c2)cc1)c1ccccc1,True,SNIPER(ER)-134,ERalpha,P03372,XIAP,BIRC4,P98170,MCF-7,MCF-7,100.0,7.0,1,,0,,0,1,10.1074/jbc.RA117.001091,PROTAC-DB,Degradation of ERalpha in MCF-7 cells after 4h treatment,4.0,,MCF7,ACH-000019,Breast,mapped,1.0
CC/C(=C(\c1ccc(O)cc1)c1ccc(OCCN(C)C(=O)COCCOCCOCCOc2ccc(O[C@H]3C[C@@H](c4nc(-c5ccc(F)c6ccccc56)cs4)N(C(=O)[C@@H](NC(=O)[C@H](C)NC)C4CCCCC4)C3)cc2)cc1)c1ccccc1,True,SNIPER(ER)-136,ERalpha,P03372,XIAP,BIRC4,P98170,MCF-7,MCF-7,100.0,7.0,1,,0,,0,1,10.1074/jbc.RA117.001091,PROTAC-DB,Degradation of ERalpha in MCF-7 cells after 4h treatment,4.0,,MCF7,ACH-000019,Breast,mapped,1.0
Cc1c(C#N)c(-c2ccc(C#N)cc2)c(C)n1Cc1ccc(C(=O)NCCOCCOCCOCCNC(=O)[C@H](CC(C)C)NC(=O)[C@@H](O)[C@H](N)Cc2ccccc2)cc1,True,SNIPER(AR)-2,AR,P10275,IAP,"BIRC2,BIRC3",Q7Z460,22Rv1,22Rv1,21600.0,4.665546248849069,1,,0,0.0,1,1,10.1021/acs.jmedchem.7b00168,PROTAC-DB,Degradation of AR in 22Rv1 cells after 6 h treatment,6.0,,22Rv1,ACH-000956,Prostate,mapped,1.0
CC(C)C[C@H](NC(=O)[C@@H](O)[C@H](N)Cc1ccccc1)C(=O)NCCOCCOCCOCCNC(=O)c1ccc(S(=O)(=O)CC(C)(O)C(=O)Nc2ccc(C#N)c(C(F)(F)F)c2)cc1,True,SNIPER(AR)-8,AR,P10275,IAP,"BIRC2,BIRC3",Q7Z460,22Rv1,22Rv1,30000.0,4.522878745280337,1,,0,0.0,1,1,10.1021/acs.jmedchem.7b00168,PROTAC-DB,Degradation of AR in 22Rv1 cells after 6 h treatment,6.0,,22Rv1,ACH-000956,Prostate,mapped,1.0
Cc1nn(-c2ccc(C#N)c(C(F)(F)F)c2)c(C)c1Cc1ccc(C(=O)NCCOCCOCCOCCNC(=O)[C@H](CC(C)C)NC(=O)[C@@H](O)[C@H](N)Cc2ccccc2)cc1,True,SNIPER(AR)-23,AR,P10275,IAP,"BIRC2,BIRC3",Q7Z460,22Rv1,22Rv1,11700.0,4.931814138253838,1,,0,0.0,1,1,10.1021/acs.jmedchem.7b00168,PROTAC-DB,Degradation of AR in 22Rv1 cells after 6 h treatment,6.0,,22Rv1,ACH-000956,Prostate,mapped,1.0
Cc1nn(-c2ccc(C#N)c(Cl)c2)c(C)c1CCc1ccc(C(=O)NCCOCCOCCOCCNC(=O)[C@H](CC(C)C)NC(=O)[C@@H](O)[C@H](N)Cc2ccccc2)cc1,True,SNIPER(AR)-26,AR,P10275,IAP,"BIRC2,BIRC3",Q7Z460,22Rv1,22Rv1,20500.0,4.688246138944246,1,,0,0.0,1,1,10.1021/acs.jmedchem.7b00168,PROTAC-DB,Degradation of AR in 22Rv1 cells after 6 h treatment,6.0,,22Rv1,ACH-000956,Prostate,mapped,1.0
Cc1nn(-c2ccc(C#N)cc2Cl)c(C)c1Cc1ccc(C(=O)NCCOCCOCCOCCNC(=O)[C@H](CC(C)C)NC(=O)[C@@H](O)[C@H](N)Cc2ccccc2)cc1,True,SNIPER(AR)-27,AR,P10275,IAP,"BIRC2,BIRC3",Q7Z460,22Rv1,22Rv1,30000.0,4.522878745280337,1,,0,0.0,1,1,10.1021/acs.jmedchem.7b00168,PROTAC-DB,Degradation of AR in 22Rv1 cells after 6 h treatment,6.0,,22Rv1,ACH-000956,Prostate,mapped,1.0
CCCS(=O)(=O)Nc1ccc(F)c(-n2cc(-c3cncnc3)c3nc(N(C)C4CCN(C(=O)CCOCCOCCOCCNc5cccc6c5C(=O)N(C5CCC(=O)NC5=O)C6=O)CC4)ccc32)c1F,True,Pmd-PEG3-BI,BRAF V600E,P15056,CRBN,CRBN,Q96SW2,A375,A375-C5,100.0,7.0,1,65.0,1,1.0,1,1,10.1038/s41589-020-0609-7,PROTAC-DB,Degradation of BRAF V600E in A375 cells after 24 h treatment,24.0,,A-375,ACH-000219,Skin,mapped,1.0
CCCS(=O)(=O)Nc1ccc(F)c(-n2cc(-c3cncnc3)c3nc(N(C)C4CCN(C(=O)CCOCCOCCOCCOCCNc5cccc6c5C(=O)N(C5CCC(=O)NC5=O)C6=O)CC4)ccc32)c1F,True,P4B,BRAF V600E,P15056,CRBN,CRBN,Q96SW2,A375,A375-C5,15.0,7.823908740944319,1,82.0,1,1.0,1,1,10.1038/s41589-020-0609-7,PROTAC-DB,Degradation of BRAF V600E in A375 cells after 24 h treatment,24.0,,A-375,ACH-000219,Skin,mapped,1.0
CCCS(=O)(=O)Nc1ccc(F)c(-n2cc(-c3cncnc3)c3nc(N(C)C4CCN(C(=O)CCOCCOCCOCCOCCOCCNc5cccc6c5C(=O)N(C5CCC(=O)NC5=O)C6=O)CC4)ccc32)c1F,True,P5B,BRAF V600E,P15056,CRBN,CRBN,Q96SW2,A375,A375-C5,70.0,7.154901959985743,1,82.0,1,1.0,1,1,10.1038/s41589-020-0609-7,PROTAC-DB,Degradation of BRAF V600E in A375 cells after 24 h treatment,24.0,,A-375,ACH-000219,Skin,mapped,1.0
CCCS(=O)(=O)Nc1ccc(F)c(-n2cc(-c3cncnc3)c3nc(N(C)C4CCN(C(=O)CCOCCOCCOCCOCCC(=O)N[C@H](C(=O)N5C[C@H](O)C[C@H]5C(=O)NCc5ccc(-c6scnc6C)cc5)C(C)(C)C)CC4)ccc32)c1F,True,VH-PEG4-BI,BRAF V600E,P15056,VHL,VHL,P40337,A375,A375-C5,100.0,7.0,1,40.0,1,0.0,1,1,10.1038/s41589-020-0609-7,PROTAC-DB,Degradation of BRAF V600E in A375 cells after 24 h treatment,24.0,,A-375,ACH-000219,Skin,mapped,1.0
CC(C)c1c(C(=O)Nc2ccccc2)c(-c2cccc(OCCCc3cn(CCOCCOCCOCCOCCNc4cccc5c4C(=O)N(C4CCC(=O)NC4=O)C5=O)nn3)c2)c(-c2ccc(F)cc2)n1CC[C@@H](O)C[C@@H](O)CC(=O)O,True,P22A,HMGCR,P04035,CRBN,CRBN,Q96SW2,SRD15,,100.0,7.0,1,,0,,0,1,10.1021/acs.jmedchem.0c00339,PROTAC-DB,Degradation of HMGCR in SRD15 cells after 16 h treatment,16.0,,SRD15,,,unmapped,0.0
CC(C)c1c(C(=O)Nc2ccccc2)c(-c2cccc(OCCCCc3cn(CCOCCOCCOCCOCCOCCNc4cccc5c4C(=O)N(C4CCC(=O)NC4=O)C5=O)nn3)c2)c(-c2ccc(F)cc2)n1CC[C@@H](O)C[C@@H](O)CC(=O)O,True,P26A,HMGCR,P04035,CRBN,CRBN,Q96SW2,SRD15,,3000.0,5.522878745280337,1,,0,0.0,1,1,10.1021/acs.jmedchem.0c00339,PROTAC-DB,Degradation of HMGCR in SRD15 cells after 16 h treatment,16.0,,SRD15,,,unmapped,0.0
Cc1ncsc1-c1ccc([C@H](C)NC(=O)[C@@H]2C[C@@H](O)CN2C(=O)[C@@H](NC(=O)CCCCCCCCCCNCCCONC(=O)c2ccc(F)c(F)c2Nc2ccc(I)cc2F)C(C)(C)C)cc1,True,MS432,MEK2,P36507,VHL,VHL,P40337,HT-29,HT-29,17.0,7.769551078621726,1,,0,,0,1,10.1021/acs.jmedchem.9b01528,PROTAC-DB,Degradation of MEK2 in HT-29/SK-MEL-28/COLO 205 cells after 24 h treatment,24.0,,HT-29,ACH-000552,Bowel,mapped,1.0
Cc1ncsc1-c1ccc([C@H](C)NC(=O)[C@@H]2C[C@@H](O)CN2C(=O)[C@@H](NC(=O)CCCCCCCCCCNCCCONC(=O)c2ccc(F)c(F)c2Nc2ccc(I)cc2F)C(C)(C)C)cc1,True,MS432,MEK2,P36507,VHL,VHL,P40337,SK-MEL-28,SK-MEL-28,9.3,8.031517051446064,1,,0,,0,1,10.1021/acs.jmedchem.9b01528,PROTAC-DB,Degradation of MEK2 in HT-29/SK-MEL-28/COLO 205 cells after 24 h treatment,24.0,,SK-MEL-28,ACH-000615,Skin,mapped,1.0
Cc1ncsc1-c1ccc([C@H](C)NC(=O)[C@@H]2C[C@@H](O)CN2C(=O)[C@@H](NC(=O)CCCCCCCCCCNCCCONC(=O)c2ccc(F)c(F)c2Nc2ccc(I)cc2F)C(C)(C)C)cc1,True,MS432,MEK2,P36507,VHL,VHL,P40337,COLO 205,COLO 205,11.0,7.958607314841775,1,,0,,0,1,10.1021/acs.jmedchem.9b01528,PROTAC-DB,Degradation of MEK2 in HT-29/SK-MEL-28/COLO 205 cells after 24 h treatment,24.0,,COLO 205,ACH-001039,Bowel,mapped,0.0
Cc1ncsc1-c1ccc([C@H](C)NC(=O)[C@@H]2C[C@@H](O)CN2C(=O)[C@@H](NC(=O)CCCCCCCCCCNCCCONC(=O)c2ccc(F)c(F)c2Nc2ccc(I)cc2F)C(C)(C)C)cc1,True,MS432,MEK1,Q02750,VHL,VHL,P40337,HT-29,HT-29,31.0,7.508638306165727,1,,0,,0,1,10.1021/acs.jmedchem.9b01528,PROTAC-DB,Degradation of MEK1 in HT-29/SK-MEL-28/COLO 205 cells after 24 h treatment,24.0,,HT-29,ACH-000552,Bowel,mapped,1.0
Cc1ncsc1-c1ccc([C@H](C)NC(=O)[C@@H]2C[C@@H](O)CN2C(=O)[C@@H](NC(=O)CCCCCCCCCCNCCCONC(=O)c2ccc(F)c(F)c2Nc2ccc(I)cc2F)C(C)(C)C)cc1,True,MS432,MEK1,Q02750,VHL,VHL,P40337,SK-MEL-28,SK-MEL-28,31.0,7.508638306165727,1,,0,,0,1,10.1021/acs.jmedchem.9b01528,PROTAC-DB,Degradation of MEK1 in HT-29/SK-MEL-28/COLO 205 cells after 24 h treatment,24.0,,SK-MEL-28,ACH-000615,Skin,mapped,1.0
Cc1ncsc1-c1ccc([C@H](C)NC(=O)[C@@H]2C[C@@H](O)CN2C(=O)[C@@H](NC(=O)CCCCCCCCCCNCCCONC(=O)c2ccc(F)c(F)c2Nc2ccc(I)cc2F)C(C)(C)C)cc1,True,MS432,MEK1,Q02750,VHL,VHL,P40337,COLO 205,COLO 205,18.0,7.7447274948966935,1,,0,,0,1,10.1021/acs.jmedchem.9b01528,PROTAC-DB,Degradation of MEK1 in HT-29/SK-MEL-28/COLO 205 cells after 24 h treatment,24.0,,COLO 205,ACH-001039,Bowel,mapped,0.0
CCCCN(Cc1ccc(C(=O)NO)cc1)C(=O)Nc1ccc(OCCn2cc(CNc3cccc4c3C(=O)N(C3CCC(=O)NC3=O)C4=O)nn2)cc1,True,1154,HDAC6,Q9UBN7,CRBN,CRBN,Q96SW2,MM1S,MM1.S,3.41,8.467245621007502,1,88.01,1,1.0,1,1,10.1021/acs.jmedchem.9b00516,PROTAC-DB,Degradation of HDAC6 in MM1S cells after 6 h treatment,6.0,,MM1-S,ACH-000763,Lymphoid,mapped,1.0
CCCCN(Cc1ccc(C(=O)NO)cc1)C(=O)Nc1ccc(OCCCCCn2cc(CNc3cccc4c3C(=O)N(C3CCC(=O)NC3=O)C4=O)nn2)cc1,True,1157,HDAC6,Q9UBN7,CRBN,CRBN,Q96SW2,MM1S,MM1.S,1.64,8.785156151952302,1,86.26,1,1.0,1,1,10.1021/acs.jmedchem.9b00516,PROTAC-DB,Degradation of HDAC6 in MM1S cells after 6 h treatment,6.0,,MM1-S,ACH-000763,Lymphoid,mapped,1.0
CCCCN(Cc1ccc(C(=O)NO)cc1)C(=O)Nc1ccc(OCCCCCn2cc(CNc3cccc4c3C(=O)N(C3CCC(=O)NC3=O)C4=O)nn2)cc1,True,1157,HDAC6,Q9UBN7,CRBN,CRBN,Q96SW2,Mouse 4935,,18.0,7.7447274948966935,1,45.0,1,0.0,1,1,10.1021/acsmedchemlett.0c00046,PROTAC-DB,Degradation of HDAC6 in MM1S/Mouse 4935 cells after 4/6 h treatment,6.0,,Mouse 4935,,,unmapped,0.0
CCCCN(Cc1ccc(C(=O)NO)cc1)C(=O)Nc1ccc(OCCn2cc(CCCNc3cccc4c3C(=O)N(C3CCC(=O)NC3=O)C4=O)nn2)cc1,True,1162,HDAC6,Q9UBN7,CRBN,CRBN,Q96SW2,MM1S,MM1.S,2.54,8.595166283380062,1,86.3,1,1.0,1,1,10.1021/acs.jmedchem.9b00516,PROTAC-DB,Degradation of HDAC6 in MM1S cells after 6 h treatment,6.0,,MM1-S,ACH-000763,Lymphoid,mapped,1.0
CCCCN(Cc1ccc(C(=O)NO)cc1)C(=O)Nc1ccc(OCCCCCCCCCCCn2cc(CCCCC(=O)N[C@H](C(=O)N3C[C@H](O)C[C@H]3C(=O)NCc3ccc(-c4scnc4C)cc3)C(C)(C)C)nn2)cc1,True,1181,HDAC6,Q9UBN7,VHL,VHL,P40337,MM1S,MM1.S,7.1,8.148741651280925,1,90.0,1,1.0,1,1,10.1021/acsmedchemlett.0c00046,PROTAC-DB,Degradation of HDAC6 in MM1S/Mouse 4935 cells after 4/6 h treatment,4.0,,MM1-S,ACH-000763,Lymphoid,mapped,1.0
CCCCN(Cc1ccc(C(=O)NO)cc1)C(=O)Nc1ccc(OCCCCCCCCCCCn2cc(CCCCC(=O)N[C@H](C(=O)N3C[C@H](O)C[C@H]3C(=O)NCc3ccc(-c4scnc4C)cc3)C(C)(C)C)nn2)cc1,True,1181,HDAC6,Q9UBN7,VHL,VHL,P40337,Mouse 4935,,4.3,8.366531544420413,1,57.0,1,0.0,1,1,10.1021/acsmedchemlett.0c00046,PROTAC-DB,Degradation of HDAC6 in MM1S/Mouse 4935 cells after 4/6 h treatment,6.0,,Mouse 4935,,,unmapped,0.0
C=CC(=O)Nc1cc(Nc2nccc(-c3cn(C)c4ccccc34)n2)c(OC)cc1N(C)CCN(C)CCOCCOCCOCCOCC(=O)Nc1cccc2c1CN(C1CCC(=O)NC1=O)C2=O,True,1220,EGFR,P00533,CRBN,CRBN,Q96SW2,PC9,PC9-BrM3,161.0,6.79317412396815,1,68.0,1,1.0,1,1,10.1016/j.bmcl.2020.127167,PROTAC-DB,Degradation of EGFR in PC9 cells after 6 h treatment,6.0,,PC-9,ACH-000779,Lung,mapped,1.0
CN(CCOCCOCCOCCOCCOCCNc1cccc2c1C(=O)N(C1CCC(=O)NC1=O)C2=O)Cc1ccc(-c2[nH]c3cc(F)cc4c3c2CCNC4=O)cc1,True,iRucaparib-AP5,PARP1,P09874,CRBN,CRBN,Q96SW2,Primary Cardiomyocytes,,35.7,7.447331783887806,1,90.0,1,1.0,1,1,10.1038/s41589-019-0379-2,PROTAC-DB,Degradation of PARP1 in Primary Cardiomyocytes after 24 h treatment,24.0,,Primary Cardiomyocytes,,,unmapped,0.0
CN(CCOCCOCCOCCOCCOCCOCCNc1cccc2c1C(=O)N(C1CCC(=O)NC1=O)C2=O)Cc1ccc(-c2[nH]c3cc(F)cc4c3c2CCNC4=O)cc1,True,iRucaparib-AP6,PARP1,P09874,CRBN,CRBN,Q96SW2,Primary Cardiomyocytes,,81.8,7.087246696328677,1,92.0,1,1.0,1,1,10.1038/s41589-019-0379-2,PROTAC-DB,Degradation of PARP1 in Primary Cardiomyocytes after 24 h treatment,24.0,,Primary Cardiomyocytes,,,unmapped,0.0
C[C@]1(c2nc3c(C(N)=O)cccc3[nH]2)CCCN1CCOCCOCCOCCOCCOCCOCCNc1cccc2c1C(=O)N(C1CCC(=O)NC1=O)C2=O,True,iVeliparib-AP6,PARP2,Q9UGN5,CRBN,CRBN,Q96SW2,HeLa,HeLa,62.8,7.2020403562628035,1,,0,,0,1,10.1038/s41589-019-0379-2,PROTAC-DB,Degradation of PARP2 in HeLa cells after 24 h treatment,24.0,,HeLa,ACH-001086,Cervix,mapped,1.0
O=C(CCCCCCC(=O)N/N=C/c1ccc(OCCCC#Cc2cccc3c2CN(C2CCC(=O)NC2=O)C3=O)cc1)NO,True,YZ167,HDAC6,Q9UBN7,CRBN,CRBN,Q96SW2,MM.1S,MM.1S-luc,1.94,8.712198270069774,1,,0,,0,1,10.1016/j.chembiol.2020.04.008,PROTAC-DB,Degradation of HDAC6 in MM1S after 6 h treatment by in-cell ELISA analysis,6.0,,MM1-S,ACH-000763,Lymphoid,mapped,1.0
O=C(CCc1ccc2c(c1)[nH]c1ccncc12)NCCOCCOCCNc1cccc2c1C(=O)N(C1CCC(=O)NC1=O)C2=O,True,QC-01-175,tau/P-tau,P10636,CRBN,CRBN,Q96SW2,A152T neurons,,,,0,75.0,1,,0,1,10.7554/eLife.45457,PROTAC-DB,Degradation of total tau/P-tau in A152T neurons after 24 h treatment,24.0,,A152T neurons,,,unmapped,0.0
O=C1CCC(N2C(=O)c3cccc(NCCOCCOCCOCCC(=O)N[C@@H](Cc4ccccc4)C(=O)N4C/C(=C\c5ccc(Cl)c(Cl)c5)C(=O)/C(=C/c5ccc(Cl)c(Cl)c5)C4)c3C2=O)C(=O)N1,True,WL40,Rpn13,Q16186,CRBN,CRBN,Q96SW2,MM.1S,MM.1S-luc,,,0,95.0,1,,0,1,10.1038/s41375-019-0467-z,PROTAC-DB,Degradation of Rpn13 in MM.1S after 16 h treatment,16.0,,MM1-S,ACH-000763,Lymphoid,mapped,1.0
CCC[C@H](NC(=O)[C@@H]1[C@H]2CCC[C@H]2CN1C(=O)[C@@H](NC(=O)[C@@H](NC(=O)c1cnc(C(=O)NCCCCCCNc2cccc3c2CN(C2CCC(=O)NC2=O)C3=O)cn1)C1CCCCC1)C(C)(C)C)C(=O)C(=O)NC1CC1,True,DGY-03-081,NS3,A8DG50,CRBN,CRBN,Q96SW2,Huh7.5,Huh-7.5,669.0,6.174573882232177,1,,0,,0,1,10.1038/s41467-019-11429-w,PROTAC-DB,Degradation of NS3 in Huh7.5 cells after 4 h treatment,4.0,,HuH-7,ACH-000480,Liver,mapped,1.0
CCC[C@H](NC(=O)[C@@H]1[C@H]2CCC[C@H]2CN1C(=O)[C@@H](NC(=O)[C@@H](NC(=O)c1cnc(C(=O)NCCOCCOCCNc2cccc3c2C(=O)N(C2CCC(=O)NC2=O)C3=O)cn1)C1CCCCC1)C(C)(C)C)C(=O)C(=O)NC1CC1,True,DGY-04-035,NS3,A8DG50,CRBN,CRBN,Q96SW2,Huh7.5,Huh-7.5,489.0,6.310691140876379,1,,0,,0,1,10.1038/s41467-019-11429-w,PROTAC-DB,Degradation of NS3 in Huh7.5 cells after 4 h treatment,4.0,,HuH-7,ACH-000480,Liver,mapped,1.0
CCC[C@H](NC(=O)[C@@H]1[C@H]2CCC[C@H]2CN1C(=O)[C@@H](NC(=O)[C@@H](NC(=O)c1cnc(C(=O)NCCOCCOCCOc2cc3c4c(cccc4c2)C(=O)N(C2CCC(=O)NC2=O)C3=O)cn1)C1CCCCC1)C(C)(C)C)C(=O)C(=O)NC1CC1,True,DGY-08-097,NS3,A8DG50,CRBN,CRBN,Q96SW2,Huh7.5,Huh-7.5,50.0,7.301029995663981,1,,0,,0,1,10.1038/s41467-019-11429-w,PROTAC-DB,Degradation of NS3 in Huh7.5 cells after 4 h treatment,4.0,,HuH-7,ACH-000480,Liver,mapped,1.0
CC1(C)CCC(c2ccc(Cl)cc2)=C(CN2CCN(c3ccc(C(=O)NS(=O)(=O)c4ccc(N[C@H](CCN5CCN(C(=O)CCCn6cc(COCCOCCNc7cccc8c7C(=O)N(C7CCC(=O)NC7=O)C8=O)nn6)CC5)CSc5ccccc5)c(S(=O)(=O)C(F)(F)F)c4)cc3)CC2)C1,True,PZ15227,BCL-xL,Q07817,CRBN,CRBN,Q96SW2,WI38,WI-38 VA13 subline 2RA,46.0,7.337242168318426,1,96.2,1,1.0,1,1,10.1038/s41467-020-15838-0,PROTAC-DB,Degradation of BCL-xL in WI38 cells after 16 h treatment,16.0,,WI38,,,unmapped,0.0
C=CC(=O)N1C[C@@H](n2nc(-c3ccc(Oc4ccccc4)cc3)c3c(N)ncnc32)C[C@H]1C(=O)OCCOCCOCC(=O)N[C@H](C(=O)N1C[C@H](O)C[C@H]1C(=O)NCc1ccc(-c2scnc2C)cc1)C(C)(C)C,True,1373,BLK,P51451,VHL,VHL,P40337,Ramos,Ramos,220.0,6.657577319177793,1,75.0,1,1.0,1,1,10.1039/c9cc08238g,PROTAC-DB,Degradation of BLK in Ramos cells after 18 h treatment,18.0,,Ramos,ACH-001636,Lymphoid,mapped,1.0
Nc1ncnc2c1c(-c1ccc(Oc3ccccc3)cc1)nn2[C@@H]1CCCN(C(=O)CCCCCCOCCOCCOCCOCCOc2cccc3c2C(=O)N(C2CCC(=O)NC2=O)C3=O)C1,True,NC-1,BTK,Q06187,CRBN,CRBN,Q96SW2,Mino,Mino,2.2,8.657577319177793,1,97.0,1,1.0,1,1,10.1021/jacs.9b13907,PROTAC-DB,Degradation of BTK in Mino cells after 24 h treatment,24.0,,Mino,ACH-000220,Lymphoid,mapped,1.0
Nc1ncnc2c1c(-c1ccc(Oc3ccccc3)cc1)nn2[C@@H]1CCCN(C(=O)/C=C/COCCOCCOCCOCCOCCOc2cccc3c2C(=O)N(C2CCC(=O)NC2=O)C3=O)C1,True,IR-1,BTK,Q06187,CRBN,CRBN,Q96SW2,Mino,Mino,8.6,8.065501548756432,1,91.0,1,1.0,1,1,10.1021/jacs.9b13907,PROTAC-DB,Degradation of BTK in Mino cells after 24 h treatment,24.0,,Mino,ACH-000220,Lymphoid,mapped,1.0
Nc1ncnc2c1c(-c1ccc(Oc3ccccc3)cc1)nn2[C@@H]1CCCN(C(=O)/C=C/CCCCOCCOCCOCCOCCOc2cccc3c2C(=O)N(C2CCC(=O)NC2=O)C3=O)C1,True,IR-2,BTK,Q06187,CRBN,CRBN,Q96SW2,Mino,Mino,1.9,8.721246399047171,1,88.0,1,1.0,1,1,10.1021/jacs.9b13907,PROTAC-DB,Degradation of BTK in Mino cells after 24 h treatment,24.0,,Mino,ACH-000220,Lymphoid,mapped,1.0
N#C/C(=C/COCCOCCOCCOCCOCCOc1cccc2c1C(=O)N(C1CCC(=O)NC1=O)C2=O)C(=O)N1CCC[C@@H](n2nc(-c3ccc(Oc4ccccc4)cc3)c3c(N)ncnc32)C1,True,1383,BTK,Q06187,CRBN,CRBN,Q96SW2,Mino,Mino,10.0,8.0,1,68.0,1,1.0,1,1,10.1021/jacs.9b13907,PROTAC-DB,Degradation of BTK in Mino cells after 24 h treatment,24.0,,Mino,ACH-000220,Lymphoid,mapped,1.0
N#C/C(=C/CCCCOCCOCCOCCOCCOc1cccc2c1C(=O)N(C1CCC(=O)NC1=O)C2=O)C(=O)N1CCC[C@@H](n2nc(-c3ccc(Oc4ccccc4)cc3)c3c(N)ncnc32)C1,True,1384,BTK,Q06187,CRBN,CRBN,Q96SW2,Mino,Mino,35.0,7.455931955649724,1,66.0,1,1.0,1,1,10.1021/jacs.9b13907,PROTAC-DB,Degradation of BTK in Mino cells after 24 h treatment,24.0,,Mino,ACH-000220,Lymphoid,mapped,1.0
CC(C)(/C=C(/C#N)C(=O)N1CCC[C@@H](n2nc(-c3ccc(Oc4ccccc4)cc3)c3c(N)ncnc32)C1)CCCOCCOCCOCCOCCOc1cccc2c1C(=O)N(C1CCC(=O)NC1=O)C2=O,True,1385,BTK,Q06187,CRBN,CRBN,Q96SW2,Mino,Mino,6.0,8.221848749616356,1,85.0,1,1.0,1,1,10.1021/jacs.9b13907,PROTAC-DB,Degradation of BTK in Mino cells after 24 h treatment,24.0,,Mino,ACH-000220,Lymphoid,mapped,1.0
Cc1ncsc1-c1ccc(CNC(=O)[C@@H]2C[C@@H](O)CN2C(=O)[C@@H](NC(=O)COCCCOCCCCCOc2ccc(N3C(=O)N(c4ccc(C#N)c(C(F)(F)F)c4)C(=O)C3(C)C)cc2)C(C)(C)C)cc1,True,1429,AR,P10275,VHL,VHL,P40337,LNCaP,LNCaP,50.0,7.301029995663981,1,71.0,1,1.0,1,1,10.1021/acsmedchemlett.9b00115,PROTAC-DB,Degradation of AR in LNCaP/VCaP cells after 2-4 h treatment,,,LNCaP clone FGC,ACH-000977,Prostate,mapped,1.0
Cc1ncsc1-c1ccc(CNC(=O)[C@@H]2C[C@@H](O)CN2C(=O)[C@@H](NC(=O)COCCCOCCCCCOc2ccc(N3C(=O)N(c4ccc(C#N)c(C(F)(F)F)c4)C(=O)C3(C)C)cc2)C(C)(C)C)cc1,True,1429,AR,P10275,VHL,VHL,P40337,VCaP,VCaP,50.0,7.301029995663981,1,51.0,1,0.0,1,1,10.1021/acsmedchemlett.9b00115,PROTAC-DB,Degradation of AR in LNCaP/VCaP cells after 2-4 h treatment,,,VCaP,ACH-000115,Prostate,mapped,1.0
Cc1ncsc1-c1ccc(CNC(=O)[C@@H]2C[C@@H](O)CN2C(=O)[C@@H](NC(=O)COCCCOCCN2CCC(c3ccc(N4C(=S)N(c5ccc(C#N)c(C(F)(F)F)c5)C(=O)C4(C)C)cc3)CC2)C(C)(C)C)cc1,True,1430,AR,P10275,VHL,VHL,P40337,LNCaP,LNCaP,501.0,6.300162274132754,1,51.0,1,0.0,1,1,10.1021/acsmedchemlett.9b00115,PROTAC-DB,Degradation of AR in LNCaP cells after 2-4 h treatment,,,LNCaP clone FGC,ACH-000977,Prostate,mapped,1.0
CC(C)(C)[C@H](NC(=O)COCCCCCOc1ccc(C(=O)N[C@H]2C(C)(C)[C@H](Oc3ccc(C#N)c(Cl)c3)C2(C)C)cc1)C(=O)N1C[C@H](O)C[C@H]1C(=O)NCc1ccc(-c2cncs2)cc1,True,1431,AR,P10275,VHL,VHL,P40337,LNCaP,LNCaP,50.0,7.301029995663981,1,71.0,1,1.0,1,1,10.1021/acsmedchemlett.9b00115,PROTAC-DB,Degradation of AR in LNCaP cells after 2-4 h treatment,,,LNCaP clone FGC,ACH-000977,Prostate,mapped,1.0
Cc1ncsc1-c1ccc([C@H](C)NC(=O)[C@@H]2C[C@@H](O)CN2C(=O)[C@@H](NC(=O)COCCCCCNc2ccc(C(=O)N[C@H]3C(C)(C)[C@H](Oc4ccc(C#N)c(Cl)c4)C3(C)C)cc2)C(C)(C)C)cc1,True,1432,AR,P10275,VHL,VHL,P40337,LNCaP,LNCaP,50.0,7.301029995663981,1,71.0,1,1.0,1,1,10.1021/acsmedchemlett.9b00115,PROTAC-DB,Degradation of AR in LNCaP cells after 2-4 h treatment,,,LNCaP clone FGC,ACH-000977,Prostate,mapped,1.0
Cc1ncsc1-c1ccc(CNC(=O)[C@@H]2C[C@@H](O)CN2C(=O)[C@@H](NC(=O)COCCc2ccc(-c3ccc(C(=O)N[C@H]4C(C)(C)[C@H](Oc5ccc(C#N)c(Cl)c5)C4(C)C)cc3)cc2)C(C)(C)C)cc1,True,1433,AR,P10275,VHL,VHL,P40337,LNCaP,LNCaP,50.0,7.301029995663981,1,71.0,1,1.0,1,1,10.1021/acsmedchemlett.9b00115,PROTAC-DB,Degradation of AR in LNCaP cells after 2-4 h treatment,,,LNCaP clone FGC,ACH-000977,Prostate,mapped,1.0
Cc1ncoc1-c1ccc(CNC(=O)[C@@H]2C[C@@H](O)CN2C(=O)[C@@H](NC(=O)COCc2ccc(OC(=O)N[C@H]3C(C)(C)[C@H](Oc4ccc(C#N)c(Cl)c4)C3(C)C)cc2)C(C)(C)C)cc1,True,1434,AR,P10275,VHL,VHL,P40337,LNCaP,LNCaP,50.0,7.301029995663981,1,71.0,1,1.0,1,1,10.1021/acsmedchemlett.9b00115,PROTAC-DB,Degradation of AR in LNCaP cells after 2-4 h treatment,,,LNCaP clone FGC,ACH-000977,Prostate,mapped,1.0
O=C1CCC(N2C(=O)c3ccc(OCCOCCOCCN4CCN(Cc5ccc6nc(NC(=O)c7cccc(C(F)(F)F)c7)n([C@H]7CC[C@@H](CO)CC7)c6c5)CC4)cc3C2=O)C(=O)N1,True,1461,IRAK4,Q9NWZ3,CRBN,CRBN,Q96SW2,MCF7,MCF7 AREc32,30.0,7.522878745280337,1,70.0,1,1.0,1,1,10.1021/acsmedchemlett.9b00385,PROTAC-DB,Degradation of IRAK4 in MCF7 cells,,,MCF7,ACH-000019,Breast,mapped,1.0
O=C1CCC(N2C(=O)c3ccc(OCCOCCOCCOCCN4CCN(Cc5ccc6nc(NC(=O)c7cccc(C(F)(F)F)c7)n([C@H]7CC[C@@H](CO)CC7)c6c5)CC4)cc3C2=O)C(=O)N1,True,1462,IRAK4,Q9NWZ3,CRBN,CRBN,Q96SW2,MCF7,MCF7 AREc32,30.0,7.522878745280337,1,70.0,1,1.0,1,1,10.1021/acsmedchemlett.9b00385,PROTAC-DB,Degradation of IRAK4 in MCF7 cells,,,MCF7,ACH-000019,Breast,mapped,1.0
O=C1CCC(N2C(=O)c3ccc(N4CCC(CN5CCN(Cc6ccc7nc(NC(=O)c8cccc(C(F)(F)F)c8)n([C@H]8CC[C@@H](CO)CC8)c7c6)CC5)CC4)cc3C2=O)C(=O)N1,True,1463,IRAK4,Q9NWZ3,CRBN,CRBN,Q96SW2,MCF7,MCF7 AREc32,30.0,7.522878745280337,1,70.0,1,1.0,1,1,10.1021/acsmedchemlett.9b00385,PROTAC-DB,Degradation of IRAK4 in MCF7 cells,,,MCF7,ACH-000019,Breast,mapped,1.0
COc1cc2nn(C3CCN(CCOCCOc4ccc5c(c4)C(=O)N(C4CCC(=O)NC4=O)C5=O)CC3)cc2cc1NC(=O)c1cccc(C(F)(F)F)n1,True,1464,IRAK4,Q9NWZ3,CRBN,CRBN,Q96SW2,MCF7,MCF7 AREc32,30.0,7.522878745280337,1,50.0,1,0.0,1,1,10.1021/acsmedchemlett.9b00385,PROTAC-DB,Degradation of IRAK4 in MCF7 cells,,,MCF7,ACH-000019,Breast,mapped,1.0
COc1cc2nn(C3CCN(CCOCCOc4ccc5c(c4)C(=O)N(C4CCC(=O)NC4=O)C5)CC3)cc2cc1NC(=O)c1cccc(C(F)(F)F)n1,True,1465,IRAK4,Q9NWZ3,CRBN,CRBN,Q96SW2,MCF7,MCF7 AREc32,30.0,7.522878745280337,1,50.0,1,0.0,1,1,10.1021/acsmedchemlett.9b00385,PROTAC-DB,Degradation of IRAK4 in MCF7 cells,,,MCF7,ACH-000019,Breast,mapped,1.0
O=C1CCC(N2C(=O)c3ccc(OC4CCC(CN5CCN(Cc6ccc7nc(NC(=O)c8cccc(C(F)(F)F)c8)n([C@H]8CC[C@@H](CO)CC8)c7c6)CC5)CC4)cc3C2=O)C(=O)N1,True,1466,IRAK4,Q9NWZ3,CRBN,CRBN,Q96SW2,MCF7,MCF7 AREc32,30.0,7.522878745280337,1,70.0,1,1.0,1,1,10.1021/acsmedchemlett.9b00385,PROTAC-DB,Degradation of IRAK4 in MCF7 cells,,,MCF7,ACH-000019,Breast,mapped,1.0
Cc1ncsc1-c1ccc([C@H](C)NC(=O)[C@@H]2C[C@@H](O)CN2C(=O)[C@@H](NC(=O)COCCOCCOCCOc2cc(F)c([C@@H]3c4[nH]c5ccccc5c4C[C@@H](C)N3CC(C)(C)F)c(F)c2)C(C)(C)C)cc1,True,1467,ERalpha,P03372,VHL,VHL,P40337,MCF7,MCF7 AREc32,0.3,9.522878745280337,1,,0,,0,1,10.1021/acsmedchemlett.9b00397,PROTAC-DB,Degradation of ERalpha in MCF7 cells,,,MCF7,ACH-000019,Breast,mapped,1.0
Cc1ncsc1-c1ccc(CNC(=O)[C@@H]2C[C@@H](O)CN2C(=O)[C@@H](NC(=O)COCCCOCCOc2cc(F)c([C@@H]3c4[nH]c5ccccc5c4C[C@@H](C)N3CC(C)(C)F)c(F)c2)C(C)(C)C)cc1,True,1468,ERalpha,P03372,VHL,VHL,P40337,MCF7,MCF7 AREc32,0.4,9.397940008672037,1,,0,,0,1,10.1021/acsmedchemlett.9b00397,PROTAC-DB,Degradation of ERalpha in MCF7 cells,,,MCF7,ACH-000019,Breast,mapped,1.0
Cc1ncsc1-c1ccc(CNC(=O)[C@@H]2C[C@@H](O)CN2C(=O)[C@@H](NC(=O)COCCOCCOCCOc2cc(F)c([C@@H]3c4[nH]c5ccccc5c4C[C@@H](C)N3CC(C)(C)F)c(F)c2)C(C)(C)C)cc1,True,1469,ERalpha,P03372,VHL,VHL,P40337,MCF7,MCF7 AREc32,0.3,9.522878745280337,1,,0,,0,1,10.1021/acsmedchemlett.9b00397,PROTAC-DB,Degradation of ERalpha in MCF7 cells,,,MCF7,ACH-000019,Breast,mapped,1.0
Cc1ncsc1-c1ccc(CNC(=O)[C@@H]2C[C@@H](O)CN2C(=O)[C@@H](NC(=O)COCCCOCCCOc2cc(F)c([C@@H]3c4[nH]c5ccccc5c4C[C@@H](C)N3CC(C)(C)F)c(F)c2)C(C)(C)C)cc1,True,1470,ERalpha,P03372,VHL,VHL,P40337,MCF7,MCF7 AREc32,0.4,9.397940008672037,1,,0,,0,1,10.1021/acsmedchemlett.9b00397,PROTAC-DB,Degradation of ERalpha in MCF7 cells,,,MCF7,ACH-000019,Breast,mapped,1.0
Cc1ncsc1-c1ccc(CNC(=O)[C@@H]2C[C@@H](O)CN2C(=O)[C@@H](NC(=O)COCCOCCC(F)(F)CCOc2cc(F)c([C@@H]3c4[nH]c5ccccc5c4C[C@@H](C)N3CC(C)(C)F)c(F)c2)C(C)(C)C)cc1,True,1471,ERalpha,P03372,VHL,VHL,P40337,MCF7,MCF7 AREc32,0.8,9.096910013008056,1,,0,,0,1,10.1021/acsmedchemlett.9b00397,PROTAC-DB,Degradation of ERalpha in MCF7 cells,,,MCF7,ACH-000019,Breast,mapped,1.0
Cc1ncsc1-c1ccc([C@H](C)NC(=O)[C@@H]2C[C@@H](O)CN2C(=O)[C@@H](NC(=O)COCCOCCCCCOc2cc(F)c([C@@H]3c4[nH]c5ccccc5c4C[C@@H](C)N3CC(C)(C)F)c(F)c2)C(C)(C)C)cc1,True,1472,ERalpha,P03372,VHL,VHL,P40337,MCF7,MCF7 AREc32,0.6,9.221848749616356,1,,0,,0,1,10.1021/acsmedchemlett.9b00397,PROTAC-DB,Degradation of ERalpha in MCF7 cells,,,MCF7,ACH-000019,Breast,mapped,1.0
Cc1ncsc1-c1ccc([C@H](C)NC(=O)[C@@H]2C[C@@H](O)CN2C(=O)[C@@H](NC(=O)CCCCCCCCN2CCN(C(=O)CCC(=O)Nc3cccc(Sc4ncc(N5CCC(C)(N)CC5)nc4N)c3Cl)CC2)C(C)(C)C)cc1,True,SHP2-D26,SHP2,Q06124,VHL,VHL,P40337,KYSE520,KYSE-520,6.0,8.221848749616356,1,,0,,0,1,10.1021/acs.jmedchem.0c00471,PROTAC-DB,Degradation of SHP2 in KYSE520/MV4;11 cells after 12 h treatment,12.0,,KYSE-520,ACH-000637,Esophagus/Stomach,mapped,1.0
Cc1ncsc1-c1ccc([C@H](C)NC(=O)[C@@H]2C[C@@H](O)CN2C(=O)[C@@H](NC(=O)CCCCCCCCN2CCN(C(=O)CCC(=O)Nc3cccc(Sc4ncc(N5CCC(C)(N)CC5)nc4N)c3Cl)CC2)C(C)(C)C)cc1,True,SHP2-D26,SHP2,Q06124,VHL,VHL,P40337,MV4;11,MV4-11,2.6,8.585026652029182,1,,0,,0,1,10.1021/acs.jmedchem.0c00471,PROTAC-DB,Degradation of SHP2 in KYSE520/MV4;11 cells after 12 h treatment,12.0,,MV4-11,ACH-000045,Myeloid,mapped,1.0
CN(c1ncccc1CNc1nc(Nc2ccc(NC(=O)c3cn(CCOCCOCCNc4cccc5c4C(=O)N(C4CCC(=O)NC4=O)C5=O)nn3)cc2)ncc1C(F)(F)F)S(C)(=O)=O,True,FC-11,FAK,Q05397,CRBN,CRBN,Q96SW2,TM3,TM3,0.31,9.508638306165727,1,,0,,0,1,10.1021/acsmedchemlett.9b00372,PROTAC-DB,Degradation of FAK in TM3/PA1/MDA-MB-436 cells after 8 h treatment,8.0,,TM3,,,ambiguous,0.0
CN(c1ncccc1CNc1nc(Nc2ccc(NC(=O)c3cn(CCOCCOCCNc4cccc5c4C(=O)N(C4CCC(=O)NC4=O)C5=O)nn3)cc2)ncc1C(F)(F)F)S(C)(=O)=O,True,FC-11,FAK,Q05397,CRBN,CRBN,Q96SW2,PA1,PA1,0.08,10.096910013008056,1,,0,,0,1,10.1021/acsmedchemlett.9b00372,PROTAC-DB,Degradation of FAK in TM3/PA1/MDA-MB-436 cells after 8 h treatment,8.0,,PA-1 [PA1],ACH-001374,Ovary/Fallopian Tube,mapped,1.0
CN(c1ncccc1CNc1nc(Nc2ccc(NC(=O)c3cn(CCOCCOCCNc4cccc5c4C(=O)N(C4CCC(=O)NC4=O)C5=O)nn3)cc2)ncc1C(F)(F)F)S(C)(=O)=O,True,FC-11,FAK,Q05397,CRBN,CRBN,Q96SW2,MDA-MB-436,MDA-MB-436,0.33,9.481486060122112,1,,0,,0,1,10.1021/acsmedchemlett.9b00372,PROTAC-DB,Degradation of FAK in TM3/PA1/MDA-MB-436 cells after 8 h treatment,8.0,,MDA-MB-436,ACH-000573,Breast,mapped,1.0
CN(c1ncccc1CNc1nc(Nc2ccc(NC(=O)c3cn(CCOCCOCCNc4cccc5c4C(=O)N(C4CCC(=O)NC4=O)C5=O)nn3)cc2)ncc1C(F)(F)F)S(C)(=O)=O,True,FC-11,FAK,Q05397,CRBN,CRBN,Q96SW2,LNCaP,LNCaP,0.37,9.431798275933005,1,,0,,0,1,10.1021/acsmedchemlett.9b00372,PROTAC-DB,Degradation of FAK in LNCaP/Ramos cells after 8 h treatment,8.0,,LNCaP clone FGC,ACH-000977,Prostate,mapped,1.0
CN(c1ncccc1CNc1nc(Nc2ccc(NC(=O)c3cn(CCOCCOCCNc4cccc5c4C(=O)N(C4CCC(=O)NC4=O)C5=O)nn3)cc2)ncc1C(F)(F)F)S(C)(=O)=O,True,FC-11,FAK,Q05397,CRBN,CRBN,Q96SW2,Ramos,Ramos,0.04,10.397940008672037,1,,0,,0,1,10.1021/acsmedchemlett.9b00372,PROTAC-DB,Degradation of FAK in LNCaP/Ramos cells after 8 h treatment,8.0,,Ramos,ACH-001636,Lymphoid,mapped,1.0
CN(c1ncccc1CNc1nc(Nc2ccc(NC(=O)c3cn(CCOCCOCCNc4cccc5c4C(=O)N(C4CCC(=O)NC4=O)C5=O)nn3)cc2)ncc1C(F)(F)F)S(C)(=O)=O,True,FC-11,Fak,Q05397,CRBN,CRBN,Q96SW2,primary Sertoli,,1.3,8.886056647693163,1,,0,,0,1,10.1007/s13238-020-00732-8,PROTAC-DB,Degradation of Fak in primary Sertoli/germ cells after 8 h treatment,8.0,,primary Sertoli,,,unmapped,0.0
CN(c1ncccc1CNc1nc(Nc2ccc(NC(=O)c3cn(CCOCCOCCNc4cccc5c4C(=O)N(C4CCC(=O)NC4=O)C5=O)nn3)cc2)ncc1C(F)(F)F)S(C)(=O)=O,True,FC-11,Fak,Q05397,CRBN,CRBN,Q96SW2,germ,G1 [Mouse germ stem cell],0.4,9.397940008672037,1,,0,,0,1,10.1007/s13238-020-00732-8,PROTAC-DB,Degradation of Fak in primary Sertoli/germ cells after 8 h treatment,8.0,,GR-M,ACH-001072,Pancreas,mapped,0.0
Cc1nc(Nc2ncc(C(=O)Nc3c(C)cccc3Cl)s2)cc(N2CCN(CCOc3ccc(/N=N/c4ccc(C(=O)Nc5cccc6c5CN(C5CCC(=O)NC5=O)C6=O)cc4)cc3)CC2)n1,True,Azo-PROTAC-2C,BCR-ABL,P00520,CRBN,CRBN,Q96SW2,K562,EGFP-K562,391.0,6.407823242604133,1,,0,,0,1,10.1021/acs.jmedchem.9b02058,PROTAC-DB,Degradation of BCR-ABL in K562 cells,,,K-562,ACH-000551,Myeloid,mapped,1.0
Cc1nc(Nc2ncc(C(=O)Nc3c(C)cccc3Cl)s2)cc(N2CCN(CCCOc3ccc(/N=N/c4ccc(C(=O)Nc5cccc6c5CN(C5CCC(=O)NC5=O)C6=O)cc4)cc3)CC2)n1,True,Azo-PROTAC-3C,BCR-ABL,P00520,CRBN,CRBN,Q96SW2,K562,EGFP-K562,114.0,6.943095148663527,1,,0,,0,1,10.1021/acs.jmedchem.9b02058,PROTAC-DB,Degradation of BCR-ABL in K562 cells,,,K-562,ACH-000551,Myeloid,mapped,1.0
Cc1nc(Nc2ncc(C(=O)Nc3c(C)cccc3Cl)s2)cc(N2CCN(CCCCOc3ccc(/N=N/c4ccc(C(=O)Nc5cccc6c5CN(C5CCC(=O)NC5=O)C6=O)cc4)cc3)CC2)n1,True,Azo-PROTAC-4C,BCR-ABL,P00520,CRBN,CRBN,Q96SW2,K562,EGFP-K562,62.0,7.2076083105017466,1,,0,,0,1,10.1021/acs.jmedchem.9b02058,PROTAC-DB,Degradation of BCR-ABL in K562 cells,,,K-562,ACH-000551,Myeloid,mapped,1.0
Cc1nc(Nc2ncc(C(=O)Nc3c(C)cccc3Cl)s2)cc(N2CCN(CCCCCOc3ccc(/N=N/c4ccc(C(=O)Nc5cccc6c5CN(C5CCC(=O)NC5=O)C6=O)cc4)cc3)CC2)n1,True,Azo-PROTAC-5C,BCR-ABL,P00520,CRBN,CRBN,Q96SW2,K562,EGFP-K562,500.0,6.301029995663981,1,,0,,0,1,10.1021/acs.jmedchem.9b02058,PROTAC-DB,Degradation of BCR-ABL in K562 cells,,,K-562,ACH-000551,Myeloid,mapped,1.0
Cc1nc(Nc2ncc(C(=O)Nc3c(C)cccc3Cl)s2)cc(N2CCN(CCCCCCOc3ccc(/N=N/c4ccc(C(=O)Nc5cccc6c5CN(C5CCC(=O)NC5=O)C6=O)cc4)cc3)CC2)n1,True,Azo-PROTAC-6C,BCR-ABL,P00520,CRBN,CRBN,Q96SW2,K562,EGFP-K562,500.0,6.301029995663981,1,,0,,0,1,10.1021/acs.jmedchem.9b02058,PROTAC-DB,Degradation of BCR-ABL in K562 cells,,,K-562,ACH-000551,Myeloid,mapped,1.0
Cc1ncsc1-c1ccc2c(c1)OCCOCCOC[C@@H](NC(=O)C[C@@H]1N=C(c3ccc(Cl)cc3)c3c(sc(C)c3C)-n3c(C)nnc31)COCCOCCOCC(=O)N[C@@H](C(C)(C)C)C(=O)N1C[C@H](O)C[C@H]1C(=O)NC2,True,macroPROTAC-1,BRD4,O60885,VHL,VHL,P40337,HeLa,HeLa,25.0,7.6020599913279625,1,,0,,0,1,10.1002/anie.201914396,PROTAC-DB,Degradation of BRD4 in HeLa cells after 4/18 h treatment,4.0,,HeLa,ACH-001086,Cervix,mapped,1.0
Cc1ncsc1-c1ccc2c(c1)OCCOCCOC[C@@H](NC(=O)C[C@@H]1N=C(c3ccc(Cl)cc3)c3c(sc(C)c3C)-n3c(C)nnc31)COCCOCCOCC(=O)N[C@@H](C(C)(C)C)C(=O)N1C[C@H](O)C[C@H]1C(=O)NC2,True,macroPROTAC-1,BRD2,P25440,VHL,VHL,P40337,HeLa,HeLa,125.0,6.903089986991944,1,,0,,0,1,10.1002/anie.201914396,PROTAC-DB,Degradation of BRD2 in HeLa cells after 4/18 h treatment,4.0,,HeLa,ACH-001086,Cervix,mapped,1.0
Cc1ncsc1-c1ccc2c(c1)OCCOCCOC[C@@H](NC(=O)C[C@@H]1N=C(c3ccc(Cl)cc3)c3c(sc(C)c3C)-n3c(C)nnc31)COCCOCCOCC(=O)N[C@@H](C(C)(C)C)C(=O)N1C[C@H](O)C[C@H]1C(=O)NC2,True,macroPROTAC-1,BRD3,Q15059,VHL,VHL,P40337,HeLa,HeLa,125.0,6.903089986991944,1,,0,,0,1,10.1002/anie.201914396,PROTAC-DB,Degradation of BRD3 in HeLa cells after 4/18 h treatment,4.0,,HeLa,ACH-001086,Cervix,mapped,1.0
CC1(C)C(=O)N(c2ccc(C#N)c(C(F)(F)F)c2)C(=S)N1c1ccc(OCCOCCOCCOCCOc2cccc3c2CN([C@H]2CCC(=O)NC2=O)C3=O)cc1,True,1561,AR,P10275,CRBN,CRBN,Q96SW2,LNCaP,LNCaP,10.0,8.0,1,33.0,1,0.0,1,1,10.1021/acsmedchemlett.0c00194,PROTAC-DB,Degradation of AR in LNCaP cells after 6 h treatment,6.0,,LNCaP clone FGC,ACH-000977,Prostate,mapped,1.0
Cc1ncsc1-c1ccc(CNC(=O)[C@@H]2C[C@@H](O)CN2C(=O)[C@@H](NC(=O)COCCCOCCCCCOc2ccc(N3C(=S)N(c4cnc(C#N)c(C(F)(F)F)c4)C(=O)C3(C)C)cc2)C(C)(C)C)cc1,True,1584,AR,P10275,VHL,VHL,P40337,LNCaP,LNCaP,50.0,7.301029995663981,1,71.0,1,1.0,1,1,10.1021/acsmedchemlett.0c00236,PROTAC-DB,"Degradation of AR in LNCaP/VCaP cells using ELISA assay (DC50: 15min, Dmax: 4h)",,,LNCaP clone FGC,ACH-000977,Prostate,mapped,1.0
Cc1ncsc1-c1ccc(CNC(=O)[C@@H]2C[C@@H](O)CN2C(=O)[C@@H](NC(=O)COCCCOCCCCCOc2ccc(N3C(=S)N(c4cnc(C#N)c(C(F)(F)F)c4)C(=O)C3(C)C)cc2)C(C)(C)C)cc1,True,1584,AR,P10275,VHL,VHL,P40337,VCaP,VCaP,50.0,7.301029995663981,1,51.0,1,0.0,1,1,10.1021/acsmedchemlett.0c00236,PROTAC-DB,"Degradation of AR in LNCaP/VCaP cells using ELISA assay (DC50: 15min, Dmax: 4h)",,,VCaP,ACH-000115,Prostate,mapped,1.0
Cc1ncsc1-c1ccc([C@H](C)NC(=O)[C@@H]2C[C@@H](O)CN2C(=O)[C@@H](NC(=O)COCCCOCCCCCOc2ccc(N3C(=S)N(c4ccc(C#N)c(C(F)(F)F)c4)C(=O)C3(C)C)cc2F)C(C)(C)C)cc1,True,1585,AR,P10275,VHL,VHL,P40337,LNCaP,LNCaP,50.0,7.301029995663981,1,71.0,1,1.0,1,1,10.1021/acsmedchemlett.0c00236,PROTAC-DB,"Degradation of AR in LNCaP/VCaP cells using ELISA assay (DC50: 15min, Dmax: 4h)",,,LNCaP clone FGC,ACH-000977,Prostate,mapped,1.0
Cc1ncsc1-c1ccc([C@H](C)NC(=O)[C@@H]2C[C@@H](O)CN2C(=O)[C@@H](NC(=O)COCCCOCCCCCOc2ccc(N3C(=S)N(c4ccc(C#N)c(C(F)(F)F)c4)C(=O)C3(C)C)cc2F)C(C)(C)C)cc1,True,1585,AR,P10275,VHL,VHL,P40337,VCaP,VCaP,50.0,7.301029995663981,1,51.0,1,0.0,1,1,10.1021/acsmedchemlett.0c00236,PROTAC-DB,"Degradation of AR in LNCaP/VCaP cells using ELISA assay (DC50: 15min, Dmax: 4h)",,,VCaP,ACH-000115,Prostate,mapped,1.0
Cc1ncsc1-c1ccc([C@H](C)NC(=O)[C@@H]2C[C@@H](O)CN2C(=O)[C@@H](NC(=O)COCCCOCCCCCOc2c(F)cc(N3C(=S)N(c4ccc(C#N)c(C(F)(F)F)c4)C(=O)C3(C)C)cc2F)C(C)(C)C)cc1,True,1586,AR,P10275,VHL,VHL,P40337,LNCaP,LNCaP,50.0,7.301029995663981,1,71.0,1,1.0,1,1,10.1021/acsmedchemlett.0c00236,PROTAC-DB,"Degradation of AR in LNCaP/VCaP cells using ELISA assay (DC50: 15min, Dmax: 4h)",,,LNCaP clone FGC,ACH-000977,Prostate,mapped,1.0
Cc1ncsc1-c1ccc([C@H](C)NC(=O)[C@@H]2C[C@@H](O)CN2C(=O)[C@@H](NC(=O)COCCCOCCCCCOc2c(F)cc(N3C(=S)N(c4ccc(C#N)c(C(F)(F)F)c4)C(=O)C3(C)C)cc2F)C(C)(C)C)cc1,True,1586,AR,P10275,VHL,VHL,P40337,VCaP,VCaP,50.0,7.301029995663981,1,51.0,1,0.0,1,1,10.1021/acsmedchemlett.0c00236,PROTAC-DB,"Degradation of AR in LNCaP/VCaP cells using ELISA assay (DC50: 15min, Dmax: 4h)",,,VCaP,ACH-000115,Prostate,mapped,1.0
Cc1ncsc1-c1ccc(CNC(=O)[C@@H]2C[C@@H](O)CN2C(=O)[C@@H](NC(=O)COCCCOCCCCOc2ccc(N3C(=S)N(c4ccc(C#N)c(C(F)(F)F)c4)C(=O)C3(C)C)cc2F)C(C)(C)C)cc1,True,1587,AR,P10275,VHL,VHL,P40337,LNCaP,LNCaP,50.0,7.301029995663981,1,71.0,1,1.0,1,1,10.1021/acsmedchemlett.0c00236,PROTAC-DB,"Degradation of AR in LNCaP/VCaP cells using ELISA assay (DC50: 15min, Dmax: 4h)",,,LNCaP clone FGC,ACH-000977,Prostate,mapped,1.0
Cc1ncsc1-c1ccc(CNC(=O)[C@@H]2C[C@@H](O)CN2C(=O)[C@@H](NC(=O)COCCCOCCCCOc2ccc(N3C(=S)N(c4ccc(C#N)c(C(F)(F)F)c4)C(=O)C3(C)C)cc2F)C(C)(C)C)cc1,True,1587,AR,P10275,VHL,VHL,P40337,VCaP,VCaP,50.0,7.301029995663981,1,71.0,1,1.0,1,1,10.1021/acsmedchemlett.0c00236,PROTAC-DB,"Degradation of AR in LNCaP/VCaP cells using ELISA assay (DC50: 15min, Dmax: 4h)",,,VCaP,ACH-000115,Prostate,mapped,1.0
Cc1ncsc1-c1ccc(CNC(=O)[C@@H]2C[C@@H](O)CN2C(=O)[C@@H](NC(=O)COCCCOCCCCOc2ccc(N3C(=S)N(c4cnc(C#N)c(C(F)(F)F)c4)C(=O)C3(C)C)cc2)C(C)(C)C)cc1,True,1588,AR,P10275,VHL,VHL,P40337,LNCaP,LNCaP,50.0,7.301029995663981,1,71.0,1,1.0,1,1,10.1021/acsmedchemlett.0c00236,PROTAC-DB,"Degradation of AR in LNCaP/VCaP cells using ELISA assay (DC50: 15min, Dmax: 4h)",,,LNCaP clone FGC,ACH-000977,Prostate,mapped,1.0
Cc1ncsc1-c1ccc(CNC(=O)[C@@H]2C[C@@H](O)CN2C(=O)[C@@H](NC(=O)COCCCOCCCCOc2ccc(N3C(=S)N(c4cnc(C#N)c(C(F)(F)F)c4)C(=O)C3(C)C)cc2)C(C)(C)C)cc1,True,1588,AR,P10275,VHL,VHL,P40337,VCaP,VCaP,50.0,7.301029995663981,1,71.0,1,1.0,1,1,10.1021/acsmedchemlett.0c00236,PROTAC-DB,"Degradation of AR in LNCaP/VCaP cells using ELISA assay (DC50: 15min, Dmax: 4h)",,,VCaP,ACH-000115,Prostate,mapped,1.0
Cc1ncsc1-c1ccc(CNC(=O)[C@@H]2C[C@@H](O)CN2C(=O)[C@@H](NC(=O)COCCCOCCCCOc2ccc(N3C(=S)N(c4ccc(C#N)c(Cl)c4)C(=O)C3(C)C)cc2)C(C)(C)C)cc1,True,1589,AR,P10275,VHL,VHL,P40337,LNCaP,LNCaP,50.0,7.301029995663981,1,71.0,1,1.0,1,1,10.1021/acsmedchemlett.0c00236,PROTAC-DB,"Degradation of AR in LNCaP/VCaP cells using ELISA assay (DC50: 15min, Dmax: 4h)",,,LNCaP clone FGC,ACH-000977,Prostate,mapped,1.0
Cc1ncsc1-c1ccc(CNC(=O)[C@@H]2C[C@@H](O)CN2C(=O)[C@@H](NC(=O)COCCCOCCCCOc2ccc(N3C(=S)N(c4ccc(C#N)c(Cl)c4)C(=O)C3(C)C)cc2)C(C)(C)C)cc1,True,1589,AR,P10275,VHL,VHL,P40337,VCaP,VCaP,50.0,7.301029995663981,1,71.0,1,1.0,1,1,10.1021/acsmedchemlett.0c00236,PROTAC-DB,"Degradation of AR in LNCaP/VCaP cells using ELISA assay (DC50: 15min, Dmax: 4h)",,,VCaP,ACH-000115,Prostate,mapped,1.0
Cc1ncsc1-c1ccc(CNC(=O)[C@@H]2C[C@@H](O)CN2C(=O)[C@@H](NC(=O)COCCCOCCCCOc2ccc(-c3ccc(N4C(=S)N(c5ccc(C#N)c(C(F)(F)F)c5)C(=O)C4(C)C)cc3)cc2)C(C)(C)C)cc1,True,1590,AR,P10275,VHL,VHL,P40337,LNCaP,LNCaP,50.0,7.301029995663981,1,71.0,1,1.0,1,1,10.1021/acsmedchemlett.0c00236,PROTAC-DB,"Degradation of AR in LNCaP/VCaP cells using ELISA assay (DC50: 15min, Dmax: 4h)",,,LNCaP clone FGC,ACH-000977,Prostate,mapped,1.0
Cc1ncsc1-c1ccc(CNC(=O)[C@@H]2C[C@@H](O)CN2C(=O)[C@@H](NC(=O)COCCCOCCCCOc2ccc(-c3ccc(N4C(=S)N(c5ccc(C#N)c(C(F)(F)F)c5)C(=O)C4(C)C)cc3)cc2)C(C)(C)C)cc1,True,1590,AR,P10275,VHL,VHL,P40337,VCaP,VCaP,50.0,7.301029995663981,1,71.0,1,1.0,1,1,10.1021/acsmedchemlett.0c00236,PROTAC-DB,"Degradation of AR in LNCaP/VCaP cells using ELISA assay (DC50: 15min, Dmax: 4h)",,,VCaP,ACH-000115,Prostate,mapped,1.0
Cc1ccc(-n2nc3c(=O)n(CCCC(=O)NCCCNc4cccc5c4C(=O)N(C4CCC(=O)NC4=O)C5=O)nc(C)c3c2C)cc1,True,1593,PDEdelta,O43924,CRBN,CRBN,Q96SW2,SW480,SW480,30000.0,4.522878745280337,1,,0,0.0,1,1,10.1021/acs.jmedchem.0c00929,PROTAC-DB,Degradation of PDEdelta in SW480 cells after 24 h treatment,24.0,,SW 480,ACH-000842,Bowel,mapped,1.0
Cc1ccc(-n2nc3c(=O)n(CCCC(=O)NCCCCNc4cccc5c4C(=O)N(C4CCC(=O)NC4=O)C5=O)nc(C)c3c2C)cc1,True,1594,PDEdelta,O43924,CRBN,CRBN,Q96SW2,SW480,SW480,25000.0,4.6020599913279625,1,,0,0.0,1,1,10.1021/acs.jmedchem.0c00929,PROTAC-DB,Degradation of PDEdelta in SW480 cells after 24 h treatment,24.0,,SW 480,ACH-000842,Bowel,mapped,1.0
Cc1ccc(-n2nc3c(=O)n(CCCC(=O)NCCCCCNc4cccc5c4C(=O)N(C4CCC(=O)NC4=O)C5=O)nc(C)c3c2C)cc1,True,1595,PDEdelta,O43924,CRBN,CRBN,Q96SW2,SW480,SW480,22000.0,4.657577319177793,1,,0,0.0,1,1,10.1021/acs.jmedchem.0c00929,PROTAC-DB,Degradation of PDEdelta in SW480 cells after 24 h treatment,24.0,,SW 480,ACH-000842,Bowel,mapped,1.0
Cc1ccc(-n2nc3c(=O)n(CCCC(=O)NCCCCCCNc4cccc5c4C(=O)N(C4CCC(=O)NC4=O)C5=O)nc(C)c3c2C)cc1,True,1596,PDEdelta,O43924,CRBN,CRBN,Q96SW2,SW480,SW480,15000.0,4.823908740944319,1,,0,0.0,1,1,10.1021/acs.jmedchem.0c00929,PROTAC-DB,Degradation of PDEdelta in SW480 cells after 24 h treatment,24.0,,SW 480,ACH-000842,Bowel,mapped,1.0
Cc1ccc(-n2nc3c(=O)n(CCCC(=O)NCCCCCCCNc4cccc5c4C(=O)N(C4CCC(=O)NC4=O)C5=O)nc(C)c3c2C)cc1,True,1597,PDEdelta,O43924,CRBN,CRBN,Q96SW2,SW480,SW480,14000.0,4.853871964321762,1,,0,0.0,1,1,10.1021/acs.jmedchem.0c00929,PROTAC-DB,Degradation of PDEdelta in SW480 cells after 24 h treatment,24.0,,SW 480,ACH-000842,Bowel,mapped,1.0
Cc1ccc(-n2nc3c(=O)n(CCCC(=O)NCCCCCCCCNc4cccc5c4C(=O)N(C4CCC(=O)NC4=O)C5=O)nc(C)c3c2C)cc1,True,1598,PDEdelta,O43924,CRBN,CRBN,Q96SW2,SW480,SW480,3600.0,5.443697499232712,1,,0,0.0,1,1,10.1021/acs.jmedchem.0c00929,PROTAC-DB,Degradation of PDEdelta in SW480 cells after 24 h treatment,24.0,,SW 480,ACH-000842,Bowel,mapped,1.0
Cc1ccc(-n2nc3c(=O)n(CCCC(=O)NCCOCCOCCNc4cccc5c4C(=O)N(C4CCC(=O)NC4=O)C5=O)nc(C)c3c2C)cc1,True,1599,PDEdelta,O43924,CRBN,CRBN,Q96SW2,SW480,SW480,30000.0,4.522878745280337,1,,0,0.0,1,1,10.1021/acs.jmedchem.0c00929,PROTAC-DB,Degradation of PDEdelta in SW480 cells after 24 h treatment,24.0,,SW 480,ACH-000842,Bowel,mapped,1.0
Cc1ccc(-n2nc3c(=O)n(CCCC(=O)NCCCOCCOCCOCCCNc4cccc5c4C(=O)N(C4CCC(=O)NC4=O)C5=O)nc(C)c3c2C)cc1,True,1600,PDEdelta,O43924,CRBN,CRBN,Q96SW2,SW480,SW480,10000.0,5.0,1,,0,0.0,1,1,10.1021/acs.jmedchem.0c00929,PROTAC-DB,Degradation of PDEdelta in SW480 cells after 24 h treatment,24.0,,SW 480,ACH-000842,Bowel,mapped,1.0
Cc1ccc(-n2nc3c(=O)n(CCCC(=O)NCCCCCCCCNc4ccc5c(c4)C(=O)N(C4CCC(=O)NC4=O)C5=O)nc(C)c3c2C)cc1,True,1601,PDEdelta,O43924,CRBN,CRBN,Q96SW2,SW480,SW480,5000.0,5.301029995663981,1,,0,0.0,1,1,10.1021/acs.jmedchem.0c00929,PROTAC-DB,Degradation of PDEdelta in SW480 cells after 24 h treatment,24.0,,SW 480,ACH-000842,Bowel,mapped,1.0
Cc1ccc(NC(=O)c2ccc(CN3CCN(C(=O)CCCc4cn(CCNc5cccc6c5C(=O)N(C5CCC(=O)NC5=O)C6=O)nn4)CC3)cc2)cc1Nc1nccc(-c2cccnc2)n1,True,P10lm,BCR-ABL,P00520,CRBN,CRBN,Q96SW2,K562,EGFP-K562,10000.0,5.0,1,,0,0.0,1,1,10.1021/acs.jmedchem.0c00967,PROTAC-DB,Degradation of BCR-ABL in K562 cells after 32 h treatment,32.0,,K-562,ACH-000551,Myeloid,mapped,1.0
Cc1ccc(NC(=O)c2ccc(CN3CCN(C(=O)CCCc4cn(CCOCCNc5cccc6c5C(=O)N(C5CCC(=O)NC5=O)C6=O)nn4)CC3)cc2)cc1Nc1nccc(-c2cccnc2)n1,True,P13lm,BCR-ABL,P00520,CRBN,CRBN,Q96SW2,K562,EGFP-K562,10000.0,5.0,1,,0,0.0,1,1,10.1021/acs.jmedchem.0c00967,PROTAC-DB,Degradation of BCR-ABL in K562 cells after 32 h treatment,32.0,,K-562,ACH-000551,Myeloid,mapped,1.0
Cc1ccc(NC(=O)c2ccc(CN3CCN(C(=O)CCCc4cn(CCOCCOCCNc5cccc6c5C(=O)N(C5CCC(=O)NC5=O)C6=O)nn4)CC3)cc2)cc1Nc1nccc(-c2cccnc2)n1,True,P16lm,BCR-ABL,P00520,CRBN,CRBN,Q96SW2,K562,EGFP-K562,10000.0,5.0,1,,0,0.0,1,1,10.1021/acs.jmedchem.0c00967,PROTAC-DB,Degradation of BCR-ABL in K562 cells after 32 h treatment,32.0,,K-562,ACH-000551,Myeloid,mapped,1.0
Cc1ccc(NC(=O)c2ccc(CN3CCN(C(=O)CCCc4cn(CCOCCOCCOCCNc5cccc6c5C(=O)N(C5CCC(=O)NC5=O)C6=O)nn4)CC3)cc2)cc1Nc1nccc(-c2cccnc2)n1,True,P19lm,BCR-ABL,P00520,CRBN,CRBN,Q96SW2,K562,EGFP-K562,10000.0,5.0,1,,0,0.0,1,1,10.1021/acs.jmedchem.0c00967,PROTAC-DB,Degradation of BCR-ABL in K562 cells after 32 h treatment,32.0,,K-562,ACH-000551,Myeloid,mapped,1.0
Cc1ccc(NC(=O)c2ccc(CN3CCN(C(=O)CCCc4cn(CCOCCOCCOCCOCCNc5cccc6c5C(=O)N(C5CCC(=O)NC5=O)C6=O)nn4)CC3)cc2)cc1Nc1nccc(-c2cccnc2)n1,True,P20lm,BCR-ABL,P00520,CRBN,CRBN,Q96SW2,K562,EGFP-K562,10000.0,5.0,1,,0,0.0,1,1,10.1021/acs.jmedchem.0c00967,PROTAC-DB,Degradation of BCR-ABL in K562 cells after 32 h treatment,32.0,,K-562,ACH-000551,Myeloid,mapped,1.0
Cc1nc(Nc2ncc(C(=O)Nc3c(C)cccc3Cl)s2)cc(N2CCN(C(=O)CCCc3cn(CCNc4cccc5c4C(=O)N(C4CCC(=O)NC4=O)C5=O)nn3)CC2)n1,True,P10D,BCR-ABL,P00520,CRBN,CRBN,Q96SW2,K562,EGFP-K562,56.0,7.251811972993799,1,,0,,0,1,10.1021/acs.jmedchem.0c00967,PROTAC-DB,Degradation of BCR-ABL in K562 cells after 48 h treatment,48.0,,K-562,ACH-000551,Myeloid,mapped,1.0
Cc1nc(Nc2ncc(C(=O)Nc3c(C)cccc3Cl)s2)cc(N2CCN(C(=O)CCCc3cn(CCOCCNc4cccc5c4C(=O)N(C4CCC(=O)NC4=O)C5=O)nn3)CC2)n1,True,P13D,BCR-ABL,P00520,CRBN,CRBN,Q96SW2,K562,EGFP-K562,56.0,7.251811972993799,1,,0,,0,1,10.1021/acs.jmedchem.0c00967,PROTAC-DB,Degradation of BCR-ABL in K562 cells after 48 h treatment,48.0,,K-562,ACH-000551,Myeloid,mapped,1.0
Cc1nc(Nc2ncc(C(=O)Nc3c(C)cccc3Cl)s2)cc(N2CCN(C(=O)CCCc3cn(CCOCCOCCNc4cccc5c4C(=O)N(C4CCC(=O)NC4=O)C5=O)nn3)CC2)n1,True,P16D,BCR-ABL,P00520,CRBN,CRBN,Q96SW2,K562,EGFP-K562,20.0,7.698970004336019,1,,0,,0,1,10.1021/acs.jmedchem.0c00967,PROTAC-DB,Degradation of BCR-ABL in K562 cells after 48 h treatment,48.0,,K-562,ACH-000551,Myeloid,mapped,1.0
Cc1nc(Nc2ncc(C(=O)Nc3c(C)cccc3Cl)s2)cc(N2CCN(C(=O)CCCc3cn(CCOCCOCCOCCNc4cccc5c4C(=O)N(C4CCC(=O)NC4=O)C5=O)nn3)CC2)n1,True,P19D,BCR-ABL,P00520,CRBN,CRBN,Q96SW2,K562,EGFP-K562,56.0,7.251811972993799,1,,0,,0,1,10.1021/acs.jmedchem.0c00967,PROTAC-DB,Degradation of BCR-ABL in K562 cells after 48 h treatment,48.0,,K-562,ACH-000551,Myeloid,mapped,1.0
Cc1nc(Nc2ncc(C(=O)Nc3c(C)cccc3Cl)s2)cc(N2CCN(C(=O)CCCc3cn(CCOCCOCCOCCOCCNc4cccc5c4C(=O)N(C4CCC(=O)NC4=O)C5=O)nn3)CC2)n1,True,P22D,BCR-ABL,P00520,CRBN,CRBN,Q96SW2,K562,EGFP-K562,10.0,8.0,1,,0,,0,1,10.1021/acs.jmedchem.0c00967,PROTAC-DB,Degradation of BCR-ABL in K562 cells after 32 h treatment,32.0,,K-562,ACH-000551,Myeloid,mapped,1.0
O=C1CCC(N2C(=O)c3cccc(NCCn4cc(CCCC(=O)N[C@@H]5CCN(c6ncc(C(=O)Nc7ccc(OC(F)(F)Cl)cc7)cc6-c6cc[nH]n6)C5)nn4)c3C2=O)C(=O)N1,True,P10As,BCR-ABL,P00520,CRBN,CRBN,Q96SW2,K562,EGFP-K562,625.0,6.204119982655925,1,,0,,0,1,10.1021/acs.jmedchem.0c00967,PROTAC-DB,Degradation of BCR-ABL in K562 cells after 32 h treatment,32.0,,K-562,ACH-000551,Myeloid,mapped,1.0
O=C1CCC(N2C(=O)c3cccc(NCCOCCn4cc(CCCC(=O)N[C@@H]5CCN(c6ncc(C(=O)Nc7ccc(OC(F)(F)Cl)cc7)cc6-c6cc[nH]n6)C5)nn4)c3C2=O)C(=O)N1,True,P13As,BCR-ABL,P00520,CRBN,CRBN,Q96SW2,K562,EGFP-K562,400.0,6.3979400086720375,1,,0,,0,1,10.1021/acs.jmedchem.0c00967,PROTAC-DB,Degradation of BCR-ABL in K562 cells after 32 h treatment,32.0,,K-562,ACH-000551,Myeloid,mapped,1.0
O=C1CCC(N2C(=O)c3cccc(NCCOCCOCCn4cc(CCCC(=O)N[C@@H]5CCN(c6ncc(C(=O)Nc7ccc(OC(F)(F)Cl)cc7)cc6-c6cc[nH]n6)C5)nn4)c3C2=O)C(=O)N1,True,P16As,BCR-ABL,P00520,CRBN,CRBN,Q96SW2,K562,EGFP-K562,300.0,6.522878745280337,1,,0,,0,1,10.1021/acs.jmedchem.0c00967,PROTAC-DB,Degradation of BCR-ABL in K562 cells after 32 h treatment,32.0,,K-562,ACH-000551,Myeloid,mapped,1.0
O=C1CCC(N2C(=O)c3cccc(NCCOCCOCCOCCn4cc(CCCC(=O)N[C@@H]5CCN(c6ncc(C(=O)Nc7ccc(OC(F)(F)Cl)cc7)cc6-c6cc[nH]n6)C5)nn4)c3C2=O)C(=O)N1,True,P19As,BCR-ABL,P00520,CRBN,CRBN,Q96SW2,K562,EGFP-K562,200.0,6.698970004336019,1,,0,,0,1,10.1021/acs.jmedchem.0c00967,PROTAC-DB,Degradation of BCR-ABL in K562 cells after 32 h treatment,32.0,,K-562,ACH-000551,Myeloid,mapped,1.0
O=C1CCC(N2C(=O)c3cccc(NCCOCCOCCOCCOCCn4cc(CCCC(=O)N[C@@H]5CCN(c6ncc(C(=O)Nc7ccc(OC(F)(F)Cl)cc7)cc6-c6cc[nH]n6)C5)nn4)c3C2=O)C(=O)N1,True,P22As,BCR-ABL,P00520,CRBN,CRBN,Q96SW2,K562,EGFP-K562,500.0,6.301029995663981,1,,0,,0,1,10.1021/acs.jmedchem.0c00967,PROTAC-DB,Degradation of BCR-ABL in K562 cells after 32 h treatment,32.0,,K-562,ACH-000551,Myeloid,mapped,1.0
Cc1ccc(C(=O)Nc2ccc(CN3CCN(C(=O)CCCc4cn(CCNc5cccc6c5C(=O)N(C5CCC(=O)NC5=O)C6=O)nn4)CC3)c(C(F)(F)F)c2)cc1C#Cc1cnc2cccnn12,True,P10P,BCR-ABL,P00520,CRBN,CRBN,Q96SW2,K562,EGFP-K562,625.0,6.204119982655925,1,,0,,0,1,10.1021/acs.jmedchem.0c00967,PROTAC-DB,Degradation of BCR-ABL in K562 cells after 32 h treatment,32.0,,K-562,ACH-000551,Myeloid,mapped,1.0
Cc1ccc(C(=O)Nc2ccc(CN3CCN(C(=O)CCCc4cn(CCOCCNc5cccc6c5C(=O)N(C5CCC(=O)NC5=O)C6=O)nn4)CC3)c(C(F)(F)F)c2)cc1C#Cc1cnc2cccnn12,True,P13P,BCR-ABL,P00520,CRBN,CRBN,Q96SW2,K562,EGFP-K562,70.0,7.154901959985743,1,,0,,0,1,10.1021/acs.jmedchem.0c00967,PROTAC-DB,Degradation of BCR-ABL in K562 cells after 32 h treatment,32.0,,K-562,ACH-000551,Myeloid,mapped,1.0
Cc1ccc(C(=O)Nc2ccc(CN3CCN(C(=O)CCCc4cn(CCOCCOCCNc5cccc6c5C(=O)N(C5CCC(=O)NC5=O)C6=O)nn4)CC3)c(C(F)(F)F)c2)cc1C#Cc1cnc2cccnn12,True,P16P,BCR-ABL,P00520,CRBN,CRBN,Q96SW2,K562,EGFP-K562,70.0,7.154901959985743,1,,0,,0,1,10.1021/acs.jmedchem.0c00967,PROTAC-DB,Degradation of BCR-ABL in K562 cells after 32 h treatment,32.0,,K-562,ACH-000551,Myeloid,mapped,1.0
Cc1ccc(C(=O)Nc2ccc(CN3CCN(C(=O)CCCc4cn(CCOCCOCCOCCNc5cccc6c5C(=O)N(C5CCC(=O)NC5=O)C6=O)nn4)CC3)c(C(F)(F)F)c2)cc1C#Cc1cnc2cccnn12,True,P19P,BCR-ABL,P00520,CRBN,CRBN,Q96SW2,K562,EGFP-K562,20.0,7.698970004336019,1,,0,,0,1,10.1021/acs.jmedchem.0c00967,PROTAC-DB,Degradation of BCR-ABL in K562 cells after 32 h treatment,32.0,,K-562,ACH-000551,Myeloid,mapped,1.0
Cc1ccc(C(=O)Nc2ccc(CN3CCN(C(=O)CCCc4cn(CCOCCOCCOCCOCCNc5cccc6c5C(=O)N(C5CCC(=O)NC5=O)C6=O)nn4)CC3)c(C(F)(F)F)c2)cc1C#Cc1cnc2cccnn12,True,P22P,BCR-ABL,P00520,CRBN,CRBN,Q96SW2,K562,EGFP-K562,70.0,7.154901959985743,1,,0,,0,1,10.1021/acs.jmedchem.0c00967,PROTAC-DB,Degradation of BCR-ABL in K562 cells after 32 h treatment,32.0,,K-562,ACH-000551,Myeloid,mapped,1.0
Cc1ccc(C(=O)NCCCCc2cn(CCCC(=O)NCCCCCCc3cccc4c3CN(C3CCC(=O)NC3=O)C4=O)nn2)cc1-n1c(C)cc(OCc2ccc(F)cc2F)c(Br)c1=O,True,NR-6a,p38beta,Q15759,CRBN,CRBN,Q96SW2,T47D,T47D Ad12,35.19,7.4535807331648085,1,,0,,0,1,10.1016/j.ejmech.2020.112451,PROTAC-DB,Degradation of p38beta in T47D/MB-MDA-231 cells after 24 h treatment,24.0,,T-47D,ACH-000147,Breast,mapped,1.0
Cc1ccc(C(=O)NCCCCc2cn(CCCC(=O)NCCCCCCc3cccc4c3CN(C3CCC(=O)NC3=O)C4=O)nn2)cc1-n1c(C)cc(OCc2ccc(F)cc2F)c(Br)c1=O,True,NR-6a,p38beta,Q15759,CRBN,CRBN,Q96SW2,MB-MDA-231,MDA-MB-231,19.1,7.718966632752273,1,,0,,0,1,10.1016/j.ejmech.2020.112451,PROTAC-DB,Degradation of p38beta in T47D/MB-MDA-231 cells after 24 h treatment,24.0,,MDA-MB-231,ACH-000768,Breast,mapped,1.0
Cc1ccc(C(=O)NCCCCc2cn(CCCC(=O)NCCCCCCc3cccc4c3CN(C3CCC(=O)NC3=O)C4=O)nn2)cc1-n1c(C)cc(OCc2ccc(F)cc2F)c(Br)c1=O,True,NR-6a,p38alpha,Q16539,CRBN,CRBN,Q96SW2,T47D,T47D Ad12,2.9,8.537602002101044,1,,0,,0,1,10.1016/j.ejmech.2020.112451,PROTAC-DB,Degradation of p38alpha in T47D/MB-MDA-231 cells after 24 h treatment,24.0,,T-47D,ACH-000147,Breast,mapped,1.0
Cc1ccc(C(=O)NCCCCc2cn(CCCC(=O)NCCCCCCc3cccc4c3CN(C3CCC(=O)NC3=O)C4=O)nn2)cc1-n1c(C)cc(OCc2ccc(F)cc2F)c(Br)c1=O,True,NR-6a,p38alpha,Q16539,CRBN,CRBN,Q96SW2,MB-MDA-231,MDA-MB-231,18.4,7.735182176990463,1,,0,,0,1,10.1016/j.ejmech.2020.112451,PROTAC-DB,Degradation of p38alpha in T47D/MB-MDA-231 cells after 24 h treatment,24.0,,MDA-MB-231,ACH-000768,Breast,mapped,1.0
Cc1ccc(C(=O)NCCCCc2cn(CCCC(=O)NCCCCNc3cccc4c3C(=O)N(C3CCC(=O)NC3=O)C4=O)nn2)cc1-n1c(C)cc(OCc2ccc(F)cc2F)c(Br)c1=O,True,NR-7h,p38beta,Q15759,CRBN,CRBN,Q96SW2,T47D,T47D Ad12,48.47,7.314526980277241,1,,0,,0,1,10.1016/j.ejmech.2020.112451,PROTAC-DB,Degradation of p38beta in T47D/MB-MDA-231 cells after 24 h treatment,24.0,,T-47D,ACH-000147,Breast,mapped,1.0
Cc1ccc(C(=O)NCCCCc2cn(CCCC(=O)NCCCCNc3cccc4c3C(=O)N(C3CCC(=O)NC3=O)C4=O)nn2)cc1-n1c(C)cc(OCc2ccc(F)cc2F)c(Br)c1=O,True,NR-7h,p38beta,Q15759,CRBN,CRBN,Q96SW2,MB-MDA-231,MDA-MB-231,48.9,7.31069114087638,1,,0,,0,1,10.1016/j.ejmech.2020.112451,PROTAC-DB,Degradation of p38beta in T47D/MB-MDA-231 cells after 24 h treatment,24.0,,MDA-MB-231,ACH-000768,Breast,mapped,1.0
Cc1ccc(C(=O)NCCCCc2cn(CCCC(=O)NCCCCNc3cccc4c3C(=O)N(C3CCC(=O)NC3=O)C4=O)nn2)cc1-n1c(C)cc(OCc2ccc(F)cc2F)c(Br)c1=O,True,NR-7h,p38alpha,Q16539,CRBN,CRBN,Q96SW2,T47D,T47D Ad12,24.0,7.619788758288394,1,,0,,0,1,10.1016/j.ejmech.2020.112451,PROTAC-DB,Degradation of p38alpha in T47D/MB-MDA-231 cells after 24 h treatment,24.0,,T-47D,ACH-000147,Breast,mapped,1.0
Cc1ccc(C(=O)NCCCCc2cn(CCCC(=O)NCCCCNc3cccc4c3C(=O)N(C3CCC(=O)NC3=O)C4=O)nn2)cc1-n1c(C)cc(OCc2ccc(F)cc2F)c(Br)c1=O,True,NR-7h,p38alpha,Q16539,CRBN,CRBN,Q96SW2,MB-MDA-231,MDA-MB-231,27.2,7.565431095965801,1,,0,,0,1,10.1016/j.ejmech.2020.112451,PROTAC-DB,Degradation of p38alpha in T47D/MB-MDA-231 cells after 24 h treatment,24.0,,MDA-MB-231,ACH-000768,Breast,mapped,1.0
Cc1ncsc1-c1ccc(CNC(=O)[C@@H]2C[C@@H](O)CN2C(=O)[C@@H](NC(=O)COCCNc2ncc(C(=O)Nc3ccc(OC(F)(F)Cl)cc3)cc2-c2ccn[nH]2)C(C)(C)C)cc1,True,GMB-805,BCR-ABL,P00520,VHL,VHL,P40337,K562,EGFP-K562,30.0,7.522878745280337,1,,0,,0,1,10.1039/d0cc02201b,PROTAC-DB,Degradation of BCR-ABL in K562 cells after 24 h treatment,24.0,,K-562,ACH-000551,Myeloid,mapped,1.0
Cc1ncsc1-c1ccc(CNC(=O)[C@@H]2C[C@@H](O)CN2C(=O)[C@@H](NC(=O)CCOCCOCCOCCOCCOCCOCC#Cc2ccc(OCCCc3sc(N4CCc5cccc(C(=O)Nc6nc7ccccc7s6)c5C4)nc3C(=O)O)cc2)C(C)(C)C)cc1,True,1649,BCL-xL,Q07817,VHL,VHL,P40337,THP-1,THP-1,4.8,8.318758762624412,1,76.0,1,1.0,1,1,10.1021/acschembio.0c00266,PROTAC-DB,Degradation of BCL-xL in THP-1 cells after 24 h treatment,24.0,,THP-1,ACH-000146,Myeloid,mapped,1.0
NC(=O)c1c(-c2ccc(Oc3ccc(F)cc3F)cc2)nn([C@@H]2CCCN(C(=O)OCCOCCOCCOCCOCCOCCOCCOCCOCCNc3cccc4c3C(=O)N(C3CCC(=O)NC3=O)C4=O)C2)c1N,True,1650,BTK,Q06187,CRBN,CRBN,Q96SW2,Ramos,Ramos,9.6,8.017728766960431,1,,0,,0,1,10.1073/pnas.1803662115,PROTAC-DB,Degradation of BTK in Ramos cells after 24 h treatment,24.0,,Ramos,ACH-001636,Lymphoid,mapped,1.0
CC(=O)N1c2ccc(-c3ccc(C(=O)NCCOCCOCC(=O)N[C@H](C(=O)N4C[C@H](O)C[C@H]4C(=O)NCc4ccc(-c5scnc5C)cc4)C(C)(C)C)cc3)cc2[C@H](Nc2ccc(Cl)cc2)C[C@@H]1C,True,MZP-61,BRD2,P25440,VHL,VHL,P40337,HeLa,HeLa,,,0,37.0,1,0.0,1,1,10.1021/acs.jmedchem.6b01912,PROTAC-DB,Degradation of BRD2 in HeLa cells after 24 h treatment,24.0,,HeLa,ACH-001086,Cervix,mapped,1.0
CC(=O)N1c2ccc(-c3ccc(C(=O)NCCOCCOCC(=O)N[C@H](C(=O)N4C[C@H](O)C[C@H]4C(=O)NCc4ccc(-c5scnc5C)cc4)C(C)(C)C)cc3)cc2[C@H](Nc2ccc(Cl)cc2)C[C@@H]1C,True,MZP-61,BRD3,Q15059,VHL,VHL,P40337,HeLa,HeLa,158.0,6.801342913045577,1,74.0,1,1.0,1,1,10.1021/acs.jmedchem.6b01912,PROTAC-DB,Degradation of BRD3 in HeLa cells after 24 h treatment,24.0,,HeLa,ACH-001086,Cervix,mapped,1.0
CC(=O)N1c2ccc(-c3ccc(C(=O)NCCOCCOCC(=O)N[C@H](C(=O)N4C[C@H](O)C[C@H]4C(=O)NCc4ccc(-c5scnc5C)cc4)C(C)(C)C)cc3)cc2[C@H](Nc2ccc(Cl)cc2)C[C@@H]1C,True,MZP-61,BRD4 short,O60885,VHL,VHL,P40337,HeLa,HeLa,126.0,6.899629454882437,1,94.0,1,1.0,1,1,10.1021/acs.jmedchem.6b01912,PROTAC-DB,Degradation of BRD4 short/long in HeLa cells after 24 h treatment,24.0,,HeLa,ACH-001086,Cervix,mapped,1.0
CC(=O)N1c2ccc(-c3ccc(C(=O)NCCOCCOCCOCC(=O)N[C@H](C(=O)N4C[C@H](O)C[C@H]4C(=O)NCc4ccc(-c5scnc5C)cc4)C(C)(C)C)cc3)cc2[C@H](Nc2ccc(Cl)cc2)C[C@@H]1C,True,MZP-54,BRD2,P25440,VHL,VHL,P40337,HeLa,HeLa,,,0,43.0,1,0.0,1,1,10.1021/acs.jmedchem.6b01912,PROTAC-DB,Degradation of BRD2 in HeLa cells after 24 h treatment,24.0,,HeLa,ACH-001086,Cervix,mapped,1.0
CC(=O)N1c2ccc(-c3ccc(C(=O)NCCOCCOCCOCC(=O)N[C@H](C(=O)N4C[C@H](O)C[C@H]4C(=O)NCc4ccc(-c5scnc5C)cc4)C(C)(C)C)cc3)cc2[C@H](Nc2ccc(Cl)cc2)C[C@@H]1C,True,MZP-54,BRD3,Q15059,VHL,VHL,P40337,HeLa,HeLa,50.0,7.301029995663981,1,91.0,1,1.0,1,1,10.1021/acs.jmedchem.6b01912,PROTAC-DB,Degradation of BRD3 in HeLa cells after 24 h treatment,24.0,,HeLa,ACH-001086,Cervix,mapped,1.0
CC(=O)N1c2ccc(-c3ccc(C(=O)NCCOCCOCCOCC(=O)N[C@H](C(=O)N4C[C@H](O)C[C@H]4C(=O)NCc4ccc(-c5scnc5C)cc4)C(C)(C)C)cc3)cc2[C@H](Nc2ccc(Cl)cc2)C[C@@H]1C,True,MZP-54,BRD4 short,O60885,VHL,VHL,P40337,HeLa,HeLa,8.0,8.096910013008056,1,98.0,1,1.0,1,1,10.1021/acs.jmedchem.6b01912,PROTAC-DB,Degradation of BRD4 short/long in HeLa cells after 24 h treatment,24.0,,HeLa,ACH-001086,Cervix,mapped,1.0
CC(=O)N1c2ccc(-c3ccc(C(=O)NCCOCCOCCOCCOCC(=O)N[C@H](C(=O)N4C[C@H](O)C[C@H]4C(=O)NCc4ccc(-c5scnc5C)cc4)C(C)(C)C)cc3)cc2[C@H](Nc2ccc(Cl)cc2)C[C@@H]1C,True,MZP-55,BRD2,P25440,VHL,VHL,P40337,HeLa,HeLa,,,0,26.0,1,0.0,1,1,10.1021/acs.jmedchem.6b01912,PROTAC-DB,Degradation of BRD2 in HeLa cells after 24 h treatment,24.0,,HeLa,ACH-001086,Cervix,mapped,1.0
CC(=O)N1c2ccc(-c3ccc(C(=O)NCCOCCOCCOCCOCC(=O)N[C@H](C(=O)N4C[C@H](O)C[C@H]4C(=O)NCc4ccc(-c5scnc5C)cc4)C(C)(C)C)cc3)cc2[C@H](Nc2ccc(Cl)cc2)C[C@@H]1C,True,MZP-55,BRD3,Q15059,VHL,VHL,P40337,HeLa,HeLa,20.0,7.698970004336019,1,92.0,1,1.0,1,1,10.1021/acs.jmedchem.6b01912,PROTAC-DB,Degradation of BRD3 in HeLa cells after 24 h treatment,24.0,,HeLa,ACH-001086,Cervix,mapped,1.0
CC(=O)N1c2ccc(-c3ccc(C(=O)NCCOCCOCCOCCOCC(=O)N[C@H](C(=O)N4C[C@H](O)C[C@H]4C(=O)NCc4ccc(-c5scnc5C)cc4)C(C)(C)C)cc3)cc2[C@H](Nc2ccc(Cl)cc2)C[C@@H]1C,True,MZP-55,BRD4 short,O60885,VHL,VHL,P40337,HeLa,HeLa,8.0,8.096910013008056,1,95.0,1,1.0,1,1,10.1021/acs.jmedchem.6b01912,PROTAC-DB,Degradation of BRD4 short/long in HeLa cells after 24 h treatment,24.0,,HeLa,ACH-001086,Cervix,mapped,1.0
Cc1ncsc1-c1ccc(CNC(=O)[C@@H]2C[C@@H](O)CN2C(=O)[C@@H](NC(=O)COCCOCCNC(=O)C[C@@H]2N=C(c3ccc(Cl)cc3)c3c(sc(C)c3C)-n3c(C)nnc32)C(C)(C)C)cc1,True,MZ4,BRD2,P25440,VHL,VHL,P40337,HeLa,HeLa,631.0,6.199970640755866,1,93.0,1,1.0,1,1,10.1021/acs.jmedchem.6b01912,PROTAC-DB,Degradation of BRD2 in HeLa cells after 24 h treatment,24.0,,HeLa,ACH-001086,Cervix,mapped,1.0
Cc1ncsc1-c1ccc(CNC(=O)[C@@H]2C[C@@H](O)CN2C(=O)[C@@H](NC(=O)COCCOCCNC(=O)C[C@@H]2N=C(c3ccc(Cl)cc3)c3c(sc(C)c3C)-n3c(C)nnc32)C(C)(C)C)cc1,True,MZ4,BRD3,Q15059,VHL,VHL,P40337,HeLa,HeLa,316.0,6.5003129173815966,1,97.0,1,1.0,1,1,10.1021/acs.jmedchem.6b01912,PROTAC-DB,Degradation of BRD3 in HeLa cells after 24 h treatment,24.0,,HeLa,ACH-001086,Cervix,mapped,1.0
Cc1ncsc1-c1ccc(CNC(=O)[C@@H]2C[C@@H](O)CN2C(=O)[C@@H](NC(=O)COCCOCCNC(=O)C[C@@H]2N=C(c3ccc(Cl)cc3)c3c(sc(C)c3C)-n3c(C)nnc32)C(C)(C)C)cc1,True,MZ4,BRD4 short,O60885,VHL,VHL,P40337,HeLa,HeLa,100.0,7.0,1,96.0,1,1.0,1,1,10.1021/acs.jmedchem.6b01912,PROTAC-DB,Degradation of BRD4 short/long in HeLa cells after 24 h treatment,24.0,,HeLa,ACH-001086,Cervix,mapped,1.0
COc1cc(C(=O)NCCOCCOCCOCCC(=O)Nc2cccc3c2C(=O)N(C2CCC(=O)NC2=O)C3=O)ccc1Nc1ncc(C(F)(F)F)c(Oc2cccc3c2C(=O)CC3)n1,True,BI-3663,Fak,Q05397,CRBN,CRBN,Q96SW2,HLE,HLE,158.0,6.801342913045577,1,79.0,1,1.0,1,1,10.1021/acs.jmedchem.8b01826,PROTAC-DB,Degradation of Fak in HLE/HuH-7/SNU-423 cells after 18 h treatment,18.0,,HLE,ACH-001089,Liver,mapped,0.0
COc1cc(C(=O)NCCOCCOCCOCCC(=O)Nc2cccc3c2C(=O)N(C2CCC(=O)NC2=O)C3=O)ccc1Nc1ncc(C(F)(F)F)c(Oc2cccc3c2C(=O)CC3)n1,True,BI-3663,Fak,Q05397,CRBN,CRBN,Q96SW2,HuH-7,Huh-7,50.0,7.301029995663981,1,93.0,1,1.0,1,1,10.1021/acs.jmedchem.8b01826,PROTAC-DB,Degradation of Fak in HLE/HuH-7/SNU-423 cells after 18 h treatment,18.0,,HuH-7,ACH-000480,Liver,mapped,1.0
COc1cc(C(=O)NCCOCCOCCOCCC(=O)Nc2cccc3c2C(=O)N(C2CCC(=O)NC2=O)C3=O)ccc1Nc1ncc(C(F)(F)F)c(Oc2cccc3c2C(=O)CC3)n1,True,BI-3663,Fak,Q05397,CRBN,CRBN,Q96SW2,SNU-423,SNU-423,13.0,7.886056647693163,1,93.0,1,1.0,1,1,10.1021/acs.jmedchem.8b01826,PROTAC-DB,Degradation of Fak in HLE/HuH-7/SNU-423 cells after 18 h treatment,18.0,,SNU-423,ACH-000493,Liver,mapped,1.0
COc1cc(C(=O)NCCOCCOCCOCCC(=O)Nc2cccc3c2C(=O)N(C2CCC(=O)NC2=O)C3=O)ccc1Nc1ncc(C(F)(F)F)c(Oc2cccc3c2C(=O)CC3)n1,True,BI-3663,Fak,Q05397,CRBN,CRBN,Q96SW2,HUH-1,HuH-1,251.0,6.600326278518962,1,50.0,1,0.0,1,1,10.1021/acs.jmedchem.8b01826,PROTAC-DB,Degradation of Fak in HUH-1/HepG2/SK-Hep-1 cells after 18 h treatment,18.0,,huH-1,ACH-000475,Liver,mapped,1.0
COc1cc(C(=O)NCCOCCOCCOCCC(=O)Nc2cccc3c2C(=O)N(C2CCC(=O)NC2=O)C3=O)ccc1Nc1ncc(C(F)(F)F)c(Oc2cccc3c2C(=O)CC3)n1,True,BI-3663,Fak,Q05397,CRBN,CRBN,Q96SW2,HepG2,HepG2 hALR,32.0,7.494850021680094,1,89.0,1,1.0,1,1,10.1021/acs.jmedchem.8b01826,PROTAC-DB,Degradation of Fak in HUH-1/HepG2/SK-Hep-1 cells after 18 h treatment,18.0,,Hep G2,ACH-000739,Liver,mapped,1.0
COc1cc(C(=O)NCCOCCOCCOCCC(=O)Nc2cccc3c2C(=O)N(C2CCC(=O)NC2=O)C3=O)ccc1Nc1ncc(C(F)(F)F)c(Oc2cccc3c2C(=O)CC3)n1,True,BI-3663,Fak,Q05397,CRBN,CRBN,Q96SW2,SK-Hep-1,SK-HEP-1,32.0,7.494850021680094,1,89.0,1,1.0,1,1,10.1021/acs.jmedchem.8b01826,PROTAC-DB,Degradation of Fak in HUH-1/HepG2/SK-Hep-1 cells after 18 h treatment,18.0,,SK-HEP-1,ACH-000361,Liver,mapped,1.0
COc1cc(C(=O)NCCOCCOCCOCCC(=O)Nc2cccc3c2C(=O)N(C2CCC(=O)NC2=O)C3=O)ccc1Nc1ncc(C(F)(F)F)c(Oc2cccc3c2C(=O)CC3)n1,True,BI-3663,Fak,Q05397,CRBN,CRBN,Q96SW2,A549,A549 Cas9,27.0,7.568636235841013,1,95.0,1,1.0,1,1,10.1021/acs.jmedchem.8b01826,PROTAC-DB,Degradation of Fak in A549/Hep3B2.1-7/SNU-387 cells after 18 h treatment,18.0,,A549,ACH-000681,Lung,mapped,1.0
COc1cc(C(=O)NCCOCCOCCOCCC(=O)Nc2cccc3c2C(=O)N(C2CCC(=O)NC2=O)C3=O)ccc1Nc1ncc(C(F)(F)F)c(Oc2cccc3c2C(=O)CC3)n1,True,BI-3663,Fak,Q05397,CRBN,CRBN,Q96SW2,Hep3B2.1-7,,13.0,7.886056647693163,1,96.0,1,1.0,1,1,10.1021/acs.jmedchem.8b01826,PROTAC-DB,Degradation of Fak in A549/Hep3B2.1-7/SNU-387 cells after 18 h treatment,18.0,,Hep 3B2.1-7,ACH-000625,Liver,mapped,1.0
COc1cc(C(=O)NCCOCCOCCOCCC(=O)Nc2cccc3c2C(=O)N(C2CCC(=O)NC2=O)C3=O)ccc1Nc1ncc(C(F)(F)F)c(Oc2cccc3c2C(=O)CC3)n1,True,BI-3663,Fak,Q05397,CRBN,CRBN,Q96SW2,SNU-387,SNU-387,25.0,7.6020599913279625,1,90.0,1,1.0,1,1,10.1021/acs.jmedchem.8b01826,PROTAC-DB,Degradation of Fak in A549/Hep3B2.1-7/SNU-387 cells after 18 h treatment,18.0,,SNU-387,ACH-000478,Liver,mapped,1.0
COc1cc(C(=O)NCCOCCOCCOCCC(=O)Nc2cccc3c2C(=O)N(C2CCC(=O)NC2=O)C3=O)ccc1Nc1ncc(C(F)(F)F)c(Oc2cccc3c2C(=O)CC3)n1,True,BI-3663,Fak,Q05397,CRBN,CRBN,Q96SW2,HLF,HLF,398.0,6.400116927926312,1,30.0,1,0.0,1,1,10.1021/acs.jmedchem.8b01826,PROTAC-DB,Degradation of Fak in HLF/SNU-398/HUCCT1 cells after 18 h treatment,18.0,,HLF,ACH-000393,Liver,mapped,1.0
COc1cc(C(=O)NCCOCCOCCOCCC(=O)Nc2cccc3c2C(=O)N(C2CCC(=O)NC2=O)C3=O)ccc1Nc1ncc(C(F)(F)F)c(Oc2cccc3c2C(=O)CC3)n1,True,BI-3663,Fak,Q05397,CRBN,CRBN,Q96SW2,SNU-398,SNU-398,3.0,8.522878745280337,1,95.0,1,1.0,1,1,10.1021/acs.jmedchem.8b01826,PROTAC-DB,Degradation of Fak in HLF/SNU-398/HUCCT1 cells after 18 h treatment,18.0,,SNU-398,ACH-000221,Liver,mapped,1.0
COc1cc(C(=O)NCCOCCOCCOCCC(=O)Nc2cccc3c2C(=O)N(C2CCC(=O)NC2=O)C3=O)ccc1Nc1ncc(C(F)(F)F)c(Oc2cccc3c2C(=O)CC3)n1,True,BI-3663,Fak,Q05397,CRBN,CRBN,Q96SW2,HUCCT1,HuCC-T1-G10,13.0,7.886056647693163,1,90.0,1,1.0,1,1,10.1021/acs.jmedchem.8b01826,PROTAC-DB,Degradation of Fak in HLF/SNU-398/HUCCT1 cells after 18 h treatment,18.0,,HuCCT1,ACH-000976,Biliary Tract,mapped,1.0
COc1cc(C(=O)NCCOCCOCCOCC(=O)N[C@H](C(=O)N2C[C@H](O)C[C@H]2C(=O)NCc2ccc(-c3scnc3C)cc2)C(C)(C)C)ccc1Nc1ncc(C(F)(F)F)c(Oc2cccc3c2C(=O)CC3)n1,True,BI-0319,Fak,Q05397,VHL,VHL,P40337,A549,A549 Cas9,243.0,6.614393726401688,1,80.0,1,1.0,1,1,10.1021/acs.jmedchem.8b01826,PROTAC-DB,Degradation of Fak in A549/Hep3B2.1-7/SNU-387 cells after 18 h treatment,18.0,,A549,ACH-000681,Lung,mapped,1.0
COc1cc(C(=O)NCCOCCOCCOCC(=O)N[C@H](C(=O)N2C[C@H](O)C[C@H]2C(=O)NCc2ccc(-c3scnc3C)cc2)C(C)(C)C)ccc1Nc1ncc(C(F)(F)F)c(Oc2cccc3c2C(=O)CC3)n1,True,BI-0319,Fak,Q05397,VHL,VHL,P40337,Hep3B2.1-7,,631.0,6.199970640755866,1,59.0,1,0.0,1,1,10.1021/acs.jmedchem.8b01826,PROTAC-DB,Degradation of Fak in A549/Hep3B2.1-7/SNU-387 cells after 18 h treatment,18.0,,Hep 3B2.1-7,ACH-000625,Liver,mapped,1.0
COc1cc(C(=O)NCCOCCOCCOCC(=O)N[C@H](C(=O)N2C[C@H](O)C[C@H]2C(=O)NCc2ccc(-c3scnc3C)cc2)C(C)(C)C)ccc1Nc1ncc(C(F)(F)F)c(Oc2cccc3c2C(=O)CC3)n1,True,BI-0319,Fak,Q05397,VHL,VHL,P40337,SNU-387,SNU-387,32.0,7.494850021680094,1,98.0,1,1.0,1,1,10.1021/acs.jmedchem.8b01826,PROTAC-DB,Degradation of Fak in A549/Hep3B2.1-7/SNU-387 cells after 18 h treatment,18.0,,SNU-387,ACH-000478,Liver,mapped,1.0
COc1cc(C(=O)NCCOCCOCCOCC(=O)N[C@H](C(=O)N2C[C@H](O)C[C@H]2C(=O)NCc2ccc(-c3scnc3C)cc2)C(C)(C)C)ccc1Nc1ncc(C(F)(F)F)c(Oc2cccc3c2C(=O)CC3)n1,True,BI-0319,Fak,Q05397,VHL,VHL,P40337,HLE,HLE,25.0,7.6020599913279625,1,85.0,1,1.0,1,1,10.1021/acs.jmedchem.8b01826,PROTAC-DB,Degradation of Fak in HLE/HuH-7/SNU-423 cells after 18 h treatment,18.0,,HLE,ACH-001089,Liver,mapped,0.0
COc1cc(C(=O)NCCOCCOCCOCC(=O)N[C@H](C(=O)N2C[C@H](O)C[C@H]2C(=O)NCc2ccc(-c3scnc3C)cc2)C(C)(C)C)ccc1Nc1ncc(C(F)(F)F)c(Oc2cccc3c2C(=O)CC3)n1,True,BI-0319,Fak,Q05397,VHL,VHL,P40337,HuH-7,Huh-7,100.0,7.0,1,79.0,1,1.0,1,1,10.1021/acs.jmedchem.8b01826,PROTAC-DB,Degradation of Fak in HLE/HuH-7/SNU-423 cells after 18 h treatment,18.0,,HuH-7,ACH-000480,Liver,mapped,1.0
COc1cc(C(=O)NCCOCCOCCOCC(=O)N[C@H](C(=O)N2C[C@H](O)C[C@H]2C(=O)NCc2ccc(-c3scnc3C)cc2)C(C)(C)C)ccc1Nc1ncc(C(F)(F)F)c(Oc2cccc3c2C(=O)CC3)n1,True,BI-0319,Fak,Q05397,VHL,VHL,P40337,SNU-423,SNU-423,79.0,7.102372908709558,1,87.0,1,1.0,1,1,10.1021/acs.jmedchem.8b01826,PROTAC-DB,Degradation of Fak in HLE/HuH-7/SNU-423 cells after 18 h treatment,18.0,,SNU-423,ACH-000493,Liver,mapped,1.0
COc1cc(C(=O)NCCOCCOCCOCC(=O)N[C@H](C(=O)N2C[C@H](O)C[C@H]2C(=O)NCc2ccc(-c3scnc3C)cc2)C(C)(C)C)ccc1Nc1ncc(C(F)(F)F)c(Oc2cccc3c2C(=O)CC3)n1,True,BI-0319,Fak,Q05397,VHL,VHL,P40337,HLF,HLF,40.0,7.3979400086720375,1,66.0,1,1.0,1,1,10.1021/acs.jmedchem.8b01826,PROTAC-DB,Degradation of Fak in HLF/SNU-398/HUCCT1 cells after 18 h treatment,18.0,,HLF,ACH-000393,Liver,mapped,1.0
COc1cc(C(=O)NCCOCCOCCOCC(=O)N[C@H](C(=O)N2C[C@H](O)C[C@H]2C(=O)NCc2ccc(-c3scnc3C)cc2)C(C)(C)C)ccc1Nc1ncc(C(F)(F)F)c(Oc2cccc3c2C(=O)CC3)n1,True,BI-0319,Fak,Q05397,VHL,VHL,P40337,SNU-398,SNU-398,10.0,8.0,1,99.0,1,1.0,1,1,10.1021/acs.jmedchem.8b01826,PROTAC-DB,Degradation of Fak in HLF/SNU-398/HUCCT1 cells after 18 h treatment,18.0,,SNU-398,ACH-000221,Liver,mapped,1.0
COc1cc(C(=O)NCCOCCOCCOCC(=O)N[C@H](C(=O)N2C[C@H](O)C[C@H]2C(=O)NCc2ccc(-c3scnc3C)cc2)C(C)(C)C)ccc1Nc1ncc(C(F)(F)F)c(Oc2cccc3c2C(=O)CC3)n1,True,BI-0319,Fak,Q05397,VHL,VHL,P40337,HUCCT1,HuCC-T1-G10,126.0,6.899629454882437,1,86.0,1,1.0,1,1,10.1021/acs.jmedchem.8b01826,PROTAC-DB,Degradation of Fak in HLF/SNU-398/HUCCT1 cells after 18 h treatment,18.0,,HuCCT1,ACH-000976,Biliary Tract,mapped,1.0
COc1cc(C(=O)NCCOCCOCCOCC(=O)N[C@H](C(=O)N2C[C@H](O)C[C@H]2C(=O)NCc2ccc(-c3scnc3C)cc2)C(C)(C)C)ccc1Nc1ncc(C(F)(F)F)c(Oc2cccc3c2C(=O)CC3)n1,True,BI-0319,Fak,Q05397,VHL,VHL,P40337,HUH-1,HuH-1,79.0,7.102372908709558,1,79.0,1,1.0,1,1,10.1021/acs.jmedchem.8b01826,PROTAC-DB,Degradation of Fak in HUH-1/HepG2/SK-Hep-1 cells after 18 h treatment,18.0,,huH-1,ACH-000475,Liver,mapped,1.0
COc1cc(C(=O)NCCOCCOCCOCC(=O)N[C@H](C(=O)N2C[C@H](O)C[C@H]2C(=O)NCc2ccc(-c3scnc3C)cc2)C(C)(C)C)ccc1Nc1ncc(C(F)(F)F)c(Oc2cccc3c2C(=O)CC3)n1,True,BI-0319,Fak,Q05397,VHL,VHL,P40337,HepG2,HepG2 hALR,631.0,6.199970640755866,1,65.0,1,1.0,1,1,10.1021/acs.jmedchem.8b01826,PROTAC-DB,Degradation of Fak in HUH-1/HepG2/SK-Hep-1 cells after 18 h treatment,18.0,,Hep G2,ACH-000739,Liver,mapped,1.0
COc1cc(C(=O)NCCOCCOCCOCC(=O)N[C@H](C(=O)N2C[C@H](O)C[C@H]2C(=O)NCc2ccc(-c3scnc3C)cc2)C(C)(C)C)ccc1Nc1ncc(C(F)(F)F)c(Oc2cccc3c2C(=O)CC3)n1,True,BI-0319,Fak,Q05397,VHL,VHL,P40337,SK-Hep-1,SK-HEP-1,126.0,6.899629454882437,1,87.0,1,1.0,1,1,10.1021/acs.jmedchem.8b01826,PROTAC-DB,Degradation of Fak in HUH-1/HepG2/SK-Hep-1 cells after 18 h treatment,18.0,,SK-HEP-1,ACH-000361,Liver,mapped,1.0
C=C(F)C(=O)N1CCN(c2nc(OC[C@@H]3CCCN3CCCOCCC(=O)N[C@H](C(=O)N3C[C@H](O)C[C@H]3C(=O)NCc3ccc(-c4scnc4C)cc3)C(C)(C)C)nc3c2CCN(c2cccc4cccc(Cl)c24)C3)C[C@@H]1CC#N,True,LC-2,KRAS G12C,P01116,VHL,VHL,P40337,NCI-H23,NCI-H23,250.0,6.6020599913279625,1,90.0,1,1.0,1,1,10.1021/acscentsci.0c00411,PROTAC-DB,Degradation of KRAS G12C in NCI-H23/NCI-H358 cells after 24 h treatment,24.0,,NCI-H23,ACH-000900,Lung,mapped,1.0
C=C(F)C(=O)N1CCN(c2nc(OC[C@@H]3CCCN3CCCOCCC(=O)N[C@H](C(=O)N3C[C@H](O)C[C@H]3C(=O)NCc3ccc(-c4scnc4C)cc3)C(C)(C)C)nc3c2CCN(c2cccc4cccc(Cl)c24)C3)C[C@@H]1CC#N,True,LC-2,KRAS G12C,P01116,VHL,VHL,P40337,NCI-H358,NCI-H358,520.0,6.2839966563652006,1,40.0,1,0.0,1,1,10.1021/acscentsci.0c00411,PROTAC-DB,Degradation of KRAS G12C in NCI-H23/NCI-H358 cells after 24 h treatment,24.0,,NCI-H358,ACH-000860,Lung,mapped,1.0
C=C(F)C(=O)N1CCN(c2nc(OC[C@@H]3CCCN3CCCOCCC(=O)N[C@H](C(=O)N3C[C@H](O)C[C@H]3C(=O)NCc3ccc(-c4scnc4C)cc3)C(C)(C)C)nc3c2CCN(c2cccc4cccc(Cl)c24)C3)C[C@@H]1CC#N,True,LC-2,KRAS G12C,P01116,VHL,VHL,P40337,NCI-H2030,NCI-H2030,590.0,6.229147988357855,1,80.0,1,1.0,1,1,10.1021/acscentsci.0c00411,PROTAC-DB,Degradation of KRAS G12C in NCI-H2030/MIA PaCa-2/SW1573 cells after 24 h treatment,24.0,,NCI-H2030,ACH-000521,Lung,mapped,1.0
C=C(F)C(=O)N1CCN(c2nc(OC[C@@H]3CCCN3CCCOCCC(=O)N[C@H](C(=O)N3C[C@H](O)C[C@H]3C(=O)NCc3ccc(-c4scnc4C)cc3)C(C)(C)C)nc3c2CCN(c2cccc4cccc(Cl)c24)C3)C[C@@H]1CC#N,True,LC-2,KRAS G12C,P01116,VHL,VHL,P40337,MIA PaCa-2,MIA PaCa-2,320.0,6.494850021680094,1,75.0,1,1.0,1,1,10.1021/acscentsci.0c00411,PROTAC-DB,Degradation of KRAS G12C in NCI-H2030/MIA PaCa-2/SW1573 cells after 24 h treatment,24.0,,MIA PaCa-2,ACH-000601,Pancreas,mapped,1.0
C=C(F)C(=O)N1CCN(c2nc(OC[C@@H]3CCCN3CCCOCCC(=O)N[C@H](C(=O)N3C[C@H](O)C[C@H]3C(=O)NCc3ccc(-c4scnc4C)cc3)C(C)(C)C)nc3c2CCN(c2cccc4cccc(Cl)c24)C3)C[C@@H]1CC#N,True,LC-2,KRAS G12C,P01116,VHL,VHL,P40337,SW1573,SW1573,760.0,6.119186407719209,1,90.0,1,1.0,1,1,10.1021/acscentsci.0c00411,PROTAC-DB,Degradation of KRAS G12C in NCI-H2030/MIA PaCa-2/SW1573 cells after 24 h treatment,24.0,,SW 1573,ACH-000677,Lung,mapped,1.0
O=C(CCCCCCCCCCC(=O)N1CCN(C(=O)c2cc(Cc3n[nH]c(=O)c4ccccc34)ccc2F)CC1)NCCNc1cccc2c1C(=O)N(C1CCC(=O)NC1=O)C2=O,True,SK-575,PARP1,P09874,CRBN,CRBN,Q96SW2,HCC1937,HCC1937,0.384,9.415668775632469,1,99.0,1,1.0,1,1,10.1021/acs.jmedchem.0c00821,PROTAC-DB,Degradation of PARP1 in HCC1937/22RV1/MDA-MB-468 cells after 24 h treatment,24.0,,HCC1937,ACH-000223,Breast,mapped,1.0
O=C(CCCCCCCCCCC(=O)N1CCN(C(=O)c2cc(Cc3n[nH]c(=O)c4ccccc34)ccc2F)CC1)NCCNc1cccc2c1C(=O)N(C1CCC(=O)NC1=O)C2=O,True,SK-575,PARP1,P09874,CRBN,CRBN,Q96SW2,22RV1,22Rv1,0.512,9.290730039024169,1,99.0,1,1.0,1,1,10.1021/acs.jmedchem.0c00821,PROTAC-DB,Degradation of PARP1 in HCC1937/22RV1/MDA-MB-468 cells after 24 h treatment,24.0,,22Rv1,ACH-000956,Prostate,mapped,1.0
O=C(CCCCCCCCCCC(=O)N1CCN(C(=O)c2cc(Cc3n[nH]c(=O)c4ccccc34)ccc2F)CC1)NCCNc1cccc2c1C(=O)N(C1CCC(=O)NC1=O)C2=O,True,SK-575,PARP1,P09874,CRBN,CRBN,Q96SW2,MDA-MB-468,MDA-MB-468,0.263,9.580044251510243,1,99.0,1,1.0,1,1,10.1021/acs.jmedchem.0c00821,PROTAC-DB,Degradation of PARP1 in HCC1937/22RV1/MDA-MB-468 cells after 24 h treatment,24.0,,MDA-MB-468,ACH-000849,Breast,mapped,1.0
O=C(CCCCCCCCCCC(=O)N1CCN(C(=O)c2cc(Cc3n[nH]c(=O)c4ccccc34)ccc2F)CC1)NCCNc1cccc2c1C(=O)N(C1CCC(=O)NC1=O)C2=O,True,SK-575,PARP1,P09874,CRBN,CRBN,Q96SW2,PC-3,PC-3,0.578,9.23807216157947,1,99.0,1,1.0,1,1,10.1021/acs.jmedchem.0c00821,PROTAC-DB,Degradation of PARP1 in PC-3/LNCaP/MDA-MB-231 cells after 24 h treatment,24.0,,PC-3,ACH-000090,Prostate,mapped,1.0
O=C(CCCCCCCCCCC(=O)N1CCN(C(=O)c2cc(Cc3n[nH]c(=O)c4ccccc34)ccc2F)CC1)NCCNc1cccc2c1C(=O)N(C1CCC(=O)NC1=O)C2=O,True,SK-575,PARP1,P09874,CRBN,CRBN,Q96SW2,LNCaP,LNCaP,1.08,8.96657624451305,1,99.0,1,1.0,1,1,10.1021/acs.jmedchem.0c00821,PROTAC-DB,Degradation of PARP1 in PC-3/LNCaP/MDA-MB-231 cells after 24 h treatment,24.0,,LNCaP clone FGC,ACH-000977,Prostate,mapped,1.0
O=C(CCCCCCCCCCC(=O)N1CCN(C(=O)c2cc(Cc3n[nH]c(=O)c4ccccc34)ccc2F)CC1)NCCNc1cccc2c1C(=O)N(C1CCC(=O)NC1=O)C2=O,True,SK-575,PARP1,P09874,CRBN,CRBN,Q96SW2,MDA-MB-231,MDA-MB-231,0.228,9.642065152999546,1,99.0,1,1.0,1,1,10.1021/acs.jmedchem.0c00821,PROTAC-DB,Degradation of PARP1 in PC-3/LNCaP/MDA-MB-231 cells after 24 h treatment,24.0,,MDA-MB-231,ACH-000768,Breast,mapped,1.0
O=C(CCCCCCCCCCC(=O)N1CCN(C(=O)c2cc(Cc3n[nH]c(=O)c4ccccc34)ccc2F)CC1)NCCNc1cccc2c1C(=O)N(C1CCC(=O)NC1=O)C2=O,True,SK-575,PARP1,P09874,CRBN,CRBN,Q96SW2,MDA-MB-436,MDA-MB-436,1.26,8.899629454882437,1,99.0,1,1.0,1,1,10.1021/acs.jmedchem.0c00821,PROTAC-DB,Degradation of PARP1 in MDA-MB-436/Capan-1/SW620 cells after 24 h treatment,24.0,,MDA-MB-436,ACH-000573,Breast,mapped,1.0
O=C(CCCCCCCCCCC(=O)N1CCN(C(=O)c2cc(Cc3n[nH]c(=O)c4ccccc34)ccc2F)CC1)NCCNc1cccc2c1C(=O)N(C1CCC(=O)NC1=O)C2=O,True,SK-575,PARP1,P09874,CRBN,CRBN,Q96SW2,Capan-1,Capan-1,6.72,8.172630726946174,1,99.0,1,1.0,1,1,10.1021/acs.jmedchem.0c00821,PROTAC-DB,Degradation of PARP1 in MDA-MB-436/Capan-1/SW620 cells after 24 h treatment,24.0,,Capan-1,ACH-000354,Pancreas,mapped,1.0
O=C(CCCCCCCCCCC(=O)N1CCN(C(=O)c2cc(Cc3n[nH]c(=O)c4ccccc34)ccc2F)CC1)NCCNc1cccc2c1C(=O)N(C1CCC(=O)NC1=O)C2=O,True,SK-575,PARP1,P09874,CRBN,CRBN,Q96SW2,SW620,SW620,0.509,9.293282217663242,1,99.0,1,1.0,1,1,10.1021/acs.jmedchem.0c00821,PROTAC-DB,Degradation of PARP1 in MDA-MB-436/Capan-1/SW620 cells after 24 h treatment,24.0,,SW 620,ACH-000651,Bowel,mapped,1.0
O=C1CCC(N2C(=O)c3cccc(NCCCCCC(=O)N4CCN(c5cccc(-c6cnc7ccc(N8CCC[C@@H]8c8cccc(F)c8)nn67)n5)CC4)c3C2=O)C(=O)N1,True,CG416,TPM3-TRKA,P04629,CRBN,CRBN,Q96SW2,KM12,KM12,0.48,9.318758762624412,1,,0,,0,1,10.1021/acs.jmedchem.0c01342,PROTAC-DB,Degradation of TPM3-TRKA/TRKA in KM12/HEL cells after 6 h treatment,6.0,,KM12,ACH-000969,Bowel,mapped,1.0
O=C1CCC(N2C(=O)c3cccc(NCCCCCC(=O)N4CCN(c5cccc(-c6cnc7ccc(N8CCC[C@@H]8c8cccc(F)c8)nn67)n5)CC4)c3C2=O)C(=O)N1,True,CG416,TRKA,P04629,CRBN,CRBN,Q96SW2,HEL,HEL,1.26,8.899629454882437,1,,0,,0,1,10.1021/acs.jmedchem.0c01342,PROTAC-DB,Degradation of TPM3-TRKA/TRKA in KM12/HEL cells after 6 h treatment,6.0,,HEL,ACH-000004,Myeloid,mapped,1.0
O=C1CCC(N2C(=O)c3cccc(NCCOCCC(=O)N4CCN(c5cccc(-c6cnc7ccc(N8CCC[C@@H]8c8cccc(F)c8)nn67)n5)CC4)c3C2=O)C(=O)N1,True,CG428,TPM3-TRKA,P04629,CRBN,CRBN,Q96SW2,KM12,KM12,0.36,9.443697499232712,1,,0,,0,1,10.1021/acs.jmedchem.0c01342,PROTAC-DB,Degradation of TPM3-TRKA/TRKA in KM12/HEL cells after 6 h treatment,6.0,,KM12,ACH-000969,Bowel,mapped,1.0
O=C1CCC(N2C(=O)c3cccc(NCCOCCC(=O)N4CCN(c5cccc(-c6cnc7ccc(N8CCC[C@@H]8c8cccc(F)c8)nn67)n5)CC4)c3C2=O)C(=O)N1,True,CG428,TRKA,P04629,CRBN,CRBN,Q96SW2,HEL,HEL,2.23,8.65169513695184,1,,0,,0,1,10.1021/acs.jmedchem.0c01342,PROTAC-DB,Degradation of TPM3-TRKA/TRKA in KM12/HEL cells after 6 h treatment,6.0,,HEL,ACH-000004,Myeloid,mapped,1.0
CC(C)c1ccn2ncnc(N[C@H]3CC[C@@H](N4CCN(C(=O)CCC(=O)N5CCC(CN6CCN(c7ccc8c(c7)C(=O)N(C7CCC(=O)NC7=O)C8=O)CC6)CC5)CC4)CC3)c12,True,1716,IRAK3,Q9Y616,CRBN,CRBN,Q96SW2,THP1,PSC-THP1,52.0,7.2839966563652006,1,74.0,1,1.0,1,1,10.1021/acs.jmedchem.0c01125,PROTAC-DB,Degradation of IRAK3 in THP1 cells after 16 h treatment,16.0,,THP-1,ACH-000146,Myeloid,mapped,1.0
CC(C)c1ccn2ncnc(N[C@H]3CC[C@@H](N4CCN(C(=O)CCC(=O)N5CCC(CCN6CCN(c7ccc8c(c7)C(=O)N(C7CCC(=O)NC7=O)C8=O)CC6)CC5)CC4)CC3)c12,True,1717,IRAK3,Q9Y616,CRBN,CRBN,Q96SW2,THP1,PSC-THP1,2.0,8.698970004336019,1,98.0,1,1.0,1,1,10.1021/acs.jmedchem.0c01125,PROTAC-DB,Degradation of IRAK3 in THP1 cells after 16 h treatment,16.0,,THP-1,ACH-000146,Myeloid,mapped,1.0
Cc1ncsc1-c1ccc([C@H](C)NC(=O)[C@@H]2C[C@@H](O)CN2C(=O)[C@@H](NC(=O)CCCCCCCCCCN(C)CCCONC(=O)c2ccc(F)c(F)c2Nc2ccc(I)cc2F)C(C)(C)C)cc1,True,MS928,MEK2,P36507,VHL,VHL,P40337,HT-29,HT-29,8.0,8.096910013008056,1,,0,,0,1,10.1021/acs.jmedchem.0c01609,PROTAC-DB,Degradation of MEK2 in HT-29/SK-MEL-28 cells after 24 h treatment,24.0,,HT-29,ACH-000552,Bowel,mapped,1.0
Cc1ncsc1-c1ccc([C@H](C)NC(=O)[C@@H]2C[C@@H](O)CN2C(=O)[C@@H](NC(=O)CCCCCCCCCCN(C)CCCONC(=O)c2ccc(F)c(F)c2Nc2ccc(I)cc2F)C(C)(C)C)cc1,True,MS928,MEK2,P36507,VHL,VHL,P40337,SK-MEL-28,SK-MEL-28,6.0,8.221848749616356,1,,0,,0,1,10.1021/acs.jmedchem.0c01609,PROTAC-DB,Degradation of MEK2 in HT-29/SK-MEL-28 cells after 24 h treatment,24.0,,SK-MEL-28,ACH-000615,Skin,mapped,1.0
Cc1ncsc1-c1ccc([C@H](C)NC(=O)[C@@H]2C[C@@H](O)CN2C(=O)[C@@H](NC(=O)CCCCCCCCCCN(C)CCCONC(=O)c2ccc(F)c(F)c2Nc2ccc(I)cc2F)C(C)(C)C)cc1,True,MS928,MEK1,Q02750,VHL,VHL,P40337,HT-29,HT-29,18.0,7.7447274948966935,1,,0,,0,1,10.1021/acs.jmedchem.0c01609,PROTAC-DB,Degradation of MEK1 in HT-29/SK-MEL-28 cells after 24 h treatment,24.0,,HT-29,ACH-000552,Bowel,mapped,1.0
Cc1ncsc1-c1ccc([C@H](C)NC(=O)[C@@H]2C[C@@H](O)CN2C(=O)[C@@H](NC(=O)CCCCCCCCCCN(C)CCCONC(=O)c2ccc(F)c(F)c2Nc2ccc(I)cc2F)C(C)(C)C)cc1,True,MS928,MEK1,Q02750,VHL,VHL,P40337,SK-MEL-28,SK-MEL-28,16.0,7.795880017344075,1,,0,,0,1,10.1021/acs.jmedchem.0c01609,PROTAC-DB,Degradation of MEK1 in HT-29/SK-MEL-28 cells after 24 h treatment,24.0,,SK-MEL-28,ACH-000615,Skin,mapped,1.0
Cc1ncsc1-c1ccc([C@H](C)NC(=O)[C@@H]2C[C@@H](O)CN2C(=O)[C@@H](NC(=O)CCCCCCCCCCCNCCCCONC(=O)c2ccc(F)c(F)c2Nc2ccc(I)cc2F)C(C)(C)C)cc1,True,MS934,MEK2,P36507,VHL,VHL,P40337,HT-29,HT-29,9.0,8.045757490560675,1,,0,,0,1,10.1021/acs.jmedchem.0c01609,PROTAC-DB,Degradation of MEK2 in HT-29/SK-MEL-28 cells after 24 h treatment,24.0,,HT-29,ACH-000552,Bowel,mapped,1.0
Cc1ncsc1-c1ccc([C@H](C)NC(=O)[C@@H]2C[C@@H](O)CN2C(=O)[C@@H](NC(=O)CCCCCCCCCCCNCCCCONC(=O)c2ccc(F)c(F)c2Nc2ccc(I)cc2F)C(C)(C)C)cc1,True,MS934,MEK2,P36507,VHL,VHL,P40337,SK-MEL-28,SK-MEL-28,4.0,8.397940008672037,1,,0,,0,1,10.1021/acs.jmedchem.0c01609,PROTAC-DB,Degradation of MEK2 in HT-29/SK-MEL-28 cells after 24 h treatment,24.0,,SK-MEL-28,ACH-000615,Skin,mapped,1.0
Cc1ncsc1-c1ccc([C@H](C)NC(=O)[C@@H]2C[C@@H](O)CN2C(=O)[C@@H](NC(=O)CCCCCCCCCCCNCCCCONC(=O)c2ccc(F)c(F)c2Nc2ccc(I)cc2F)C(C)(C)C)cc1,True,MS934,MEK1,Q02750,VHL,VHL,P40337,HT-29,HT-29,18.0,7.7447274948966935,1,,0,,0,1,10.1021/acs.jmedchem.0c01609,PROTAC-DB,Degradation of MEK1 in HT-29/SK-MEL-28 cells after 24 h treatment,24.0,,HT-29,ACH-000552,Bowel,mapped,1.0
Cc1ncsc1-c1ccc([C@H](C)NC(=O)[C@@H]2C[C@@H](O)CN2C(=O)[C@@H](NC(=O)CCCCCCCCCCCNCCCCONC(=O)c2ccc(F)c(F)c2Nc2ccc(I)cc2F)C(C)(C)C)cc1,True,MS934,MEK1,Q02750,VHL,VHL,P40337,SK-MEL-28,SK-MEL-28,10.0,8.0,1,,0,,0,1,10.1021/acs.jmedchem.0c01609,PROTAC-DB,Degradation of MEK1 in HT-29/SK-MEL-28 cells after 24 h treatment,24.0,,SK-MEL-28,ACH-000615,Skin,mapped,1.0
O=C1CCC(N2C(=O)c3ccc(NCCOCCOCCOCCOCCOCCNCCCONC(=O)c4ccc(F)c(F)c4Nc4ccc(I)cc4F)cc3C2=O)C(=O)N1,True,MS910,MEK2,P36507,CRBN,CRBN,Q96SW2,HT-29,HT-29,55.0,7.259637310505756,1,,0,,0,1,10.1021/acs.jmedchem.0c01609,PROTAC-DB,Degradation of MEK2 in HT-29/SK-MEL-28 cells after 24 h treatment,24.0,,HT-29,ACH-000552,Bowel,mapped,1.0
O=C1CCC(N2C(=O)c3ccc(NCCOCCOCCOCCOCCOCCNCCCONC(=O)c4ccc(F)c(F)c4Nc4ccc(I)cc4F)cc3C2=O)C(=O)N1,True,MS910,MEK2,P36507,CRBN,CRBN,Q96SW2,SK-MEL-28,SK-MEL-28,38.0,7.42021640338319,1,,0,,0,1,10.1021/acs.jmedchem.0c01609,PROTAC-DB,Degradation of MEK2 in HT-29/SK-MEL-28 cells after 24 h treatment,24.0,,SK-MEL-28,ACH-000615,Skin,mapped,1.0
O=C1CCC(N2C(=O)c3ccc(NCCOCCOCCOCCOCCOCCNCCCONC(=O)c4ccc(F)c(F)c4Nc4ccc(I)cc4F)cc3C2=O)C(=O)N1,True,MS910,MEK1,Q02750,CRBN,CRBN,Q96SW2,HT-29,HT-29,118.0,6.928117992693875,1,,0,,0,1,10.1021/acs.jmedchem.0c01609,PROTAC-DB,Degradation of MEK1 in HT-29/SK-MEL-28 cells after 24 h treatment,24.0,,HT-29,ACH-000552,Bowel,mapped,1.0
O=C1CCC(N2C(=O)c3ccc(NCCOCCOCCOCCOCCOCCNCCCONC(=O)c4ccc(F)c(F)c4Nc4ccc(I)cc4F)cc3C2=O)C(=O)N1,True,MS910,MEK1,Q02750,CRBN,CRBN,Q96SW2,SK-MEL-28,SK-MEL-28,94.0,7.026872146400302,1,,0,,0,1,10.1021/acs.jmedchem.0c01609,PROTAC-DB,Degradation of MEK1 in HT-29/SK-MEL-28 cells after 24 h treatment,24.0,,SK-MEL-28,ACH-000615,Skin,mapped,1.0
Cc1ncsc1-c1ccc([C@H](C)NC(=O)[C@@H]2C[C@@H](O)CN2C(=O)[C@@H](NC(=O)COCCOCCOCCOCCOCC(=O)N2CC(Nc3cc(C(=O)NC[C@H](O)CN4CCc5ccccc5C4)ncn3)C2)C(C)(C)C)cc1,True,MS4322,PRMT5,O14744,VHL,VHL,P40337,MCF-7,MCF-7,1100.0,5.958607314841775,1,74.0,1,0.0,1,1,10.1021/acs.jmedchem.0c01111,PROTAC-DB,Degradation of PRMT5 in MCF-7 cells after 6 d treatment,,,MCF7,ACH-000019,Breast,mapped,1.0
Cc1ncsc1-c1ccc(CNC(=O)[C@@H]2C[C@@H](O)CN2C(=O)[C@@H](NC(=O)COCCOCCOCCNC(=O)c2cc3c(cc2CS(C)(=O)=O)-c2cn(C)c(=O)c4[nH]cc(c24)CN3c2ncc(F)cc2F)C(C)(C)C)cc1,True,1783,BRD4,O60885,VHL,VHL,P40337,PC3-S1,,7.5,8.1249387366083,1,98.0,1,1.0,1,1,10.1021/acs.jmedchem.0c01846,PROTAC-DB,Degradation of BRD4 in PC3-S1 cells after 4 h treatment,4.0,,PC3-S1,,,unmapped,0.0
Cc1ncsc1-c1ccc(CNC(=O)[C@@H]2C[C@@H](O)CN2C(=O)[C@@H](NC(=O)CCCCCCCCCCNC(=O)c2cc3c(cc2CS(C)(=O)=O)-c2cn(C)c(=O)c4[nH]cc(c24)CN3c2ncc(F)cc2F)C(C)(C)C)cc1,True,1784,BRD4,O60885,VHL,VHL,P40337,PC3-S1,,0.095,10.022276394711152,1,96.0,1,1.0,1,1,10.1021/acs.jmedchem.0c01846,PROTAC-DB,Degradation of BRD4 in PC3-S1 cells after 4 h treatment,4.0,,PC3-S1,,,unmapped,0.0
Cc1ncsc1-c1ccc(CNC(=O)[C@@H]2C[C@@H](O)CN2C(=O)[C@@H](NC(=O)COCCOCCOCCNC(=O)c2cc3c(cc2CS(C)(=O)=O)-c2cn(C)c(=O)c4[nH]cc(c24)CN3c2ncc(F)cc2F)C(C)(C)C)c(OC2CCNCC2)c1,True,1785,BRD4,O60885,VHL,VHL,P40337,PC3-S1,,180.0,6.7447274948966935,1,99.0,1,1.0,1,1,10.1021/acs.jmedchem.0c01846,PROTAC-DB,Degradation of BRD4 in PC3-S1 cells after 4 h treatment,4.0,,PC3-S1,,,unmapped,0.0
Cc1ncsc1-c1ccc(CNC(=O)[C@@H]2C[C@@H](O)CN2C(=O)[C@@H](NC(=O)CCCCCCCCCCNC(=O)c2cc3c(cc2CS(C)(=O)=O)-c2cn(C)c(=O)c4[nH]cc(c24)CN3c2ncc(F)cc2F)C(C)(C)C)c(OC2CCNCC2)c1,True,1786,BRD4,O60885,VHL,VHL,P40337,PC3-S1,,3.4,8.468521082957745,1,98.0,1,1.0,1,1,10.1021/acs.jmedchem.0c01846,PROTAC-DB,Degradation of BRD4 in PC3-S1 cells after 4 h treatment,4.0,,PC3-S1,,,unmapped,0.0
Cc1ncsc1-c1ccc(CNC(=O)[C@@H]2C[C@@H](O)CN2C(=O)[C@@H](NC(=O)COCCc2cc(N)cc(OCCNC(=O)c3cc4c(cc3CS(C)(=O)=O)-c3cn(C)c(=O)c5[nH]cc(c35)CN4c3ncc(F)cc3F)c2)C(C)(C)C)cc1,True,1787,BRD4,O60885,VHL,VHL,P40337,EOL-1,EoL-1,2.1,8.67778070526608,1,98.0,1,1.0,1,1,10.1021/acs.jmedchem.0c01846,PROTAC-DB,Degradation of BRD4 in EOL-1 cells 4 h treatment,,,EOL-1,ACH-000198,Myeloid,mapped,1.0
Cc1ncsc1-c1ccc(CNC(=O)[C@@H]2C[C@@H](O)CN2C(=O)[C@@H](NC(=O)COCCc2cc(O)cc(OCCNC(=O)c3cc4c(cc3CS(C)(=O)=O)-c3cn(C)c(=O)c5[nH]cc(c35)CN4c3ncc(F)cc3F)c2)C(C)(C)C)cc1,True,1788,BRD4,O60885,VHL,VHL,P40337,PC3-S1,,1.4,8.853871964321762,1,100.0,1,1.0,1,1,10.1021/acs.jmedchem.0c01846,PROTAC-DB,Degradation of BRD4 in PC3-S1 cells after 4 h treatment,4.0,,PC3-S1,,,unmapped,0.0
Cc1ncsc1-c1ccc(CNC(=O)[C@@H]2C[C@@H](O)CN2C(=O)[C@@H](NC(=O)COCCOCCOCCNC(=O)C[C@@H]2N=C(c3ccc(N)cc3)c3c(sc(C)c3C)-n3c(C)nnc32)C(C)(C)C)cc1,True,1789,BRD4,O60885,VHL,VHL,P40337,PC3-S1,,20000.0,4.698970004336019,1,,0,0.0,1,1,10.1021/acs.jmedchem.0c01845,PROTAC-DB,Degradation of BRD4 in PC3-S1 cells after 4 h treatment,4.0,,PC3-S1,,,unmapped,0.0
Cc1ncsc1-c1ccc(CNC(=O)[C@@H]2C[C@@H](O)CN2C(=O)[C@@H](NC(=O)COCCOCCOCCNC(=O)C[C@@H]2N=C(c3ccc(C#CCN)cc3)c3c(sc(C)c3C)-n3c(C)nnc32)C(C)(C)C)cc1,True,1790,BRD4,O60885,VHL,VHL,P40337,PC3-S1,,930.0,6.031517051446065,1,79.0,1,1.0,1,1,10.1021/acs.jmedchem.0c01845,PROTAC-DB,Degradation of BRD4 in PC3-S1 cells after 4 h treatment,4.0,,PC3-S1,,,unmapped,0.0
CNCCOc1cc(-c2scnc2C)ccc1CNC(=O)[C@@H]1C[C@@H](O)CN1C(=O)[C@@H](NC(=O)COCCOCCOCCNC(=O)C[C@@H]1N=C(c2ccc(Cl)cc2)c2c(sc(C)c2C)-n2c(C)nnc21)C(C)(C)C,True,1791,BRD4,O60885,VHL,VHL,P40337,PC3-S1,,780.0,6.107905397309519,1,99.0,1,1.0,1,1,10.1021/acs.jmedchem.0c01845,PROTAC-DB,Degradation of BRD4 in PC3-S1 cells after 4 h treatment,4.0,,PC3-S1,,,unmapped,0.0
Cc1ncsc1-c1ccc(CNC(=O)[C@@H]2C[C@@H](O)CN2C(=O)[C@@H](NC(=O)COCCOCCOCCNC(=O)C[C@@H]2N=C(c3ccc(Cl)cc3)c3c(sc(C)c3C)-n3c(C)nnc32)C(C)(C)C)c(OC2CCNCC2)c1,True,1792,BRD4,O60885,VHL,VHL,P40337,PC3-S1,,350.0,6.455931955649724,1,100.0,1,1.0,1,1,10.1021/acs.jmedchem.0c01845,PROTAC-DB,Degradation of BRD4 in PC3-S1 cells after 4 h treatment,4.0,,PC3-S1,,,unmapped,0.0
Cc1ncsc1-c1ccc(CNC(=O)[C@@H]2C[C@@H](O)CN2C(=O)[C@@H](NC(=O)COCCc2cc(N)cc(OCCNC(=O)C[C@@H]3N=C(c4ccc(Cl)cc4)c4c(sc(C)c4C)-n4c(C)nnc43)c2)C(C)(C)C)cc1,True,1793,BRD4,O60885,VHL,VHL,P40337,PC3-S1,,85.0,7.070581074285707,1,98.0,1,1.0,1,1,10.1021/acs.jmedchem.0c01845,PROTAC-DB,Degradation of BRD4 in PC3-S1 cells after 4 h treatment,4.0,,PC3-S1,,,unmapped,0.0
Cc1ncsc1-c1ccc(CNC(=O)[C@@H]2C[C@@H](O)CN2C(=O)[C@@H](NC(=O)COC[C@@H]2CNC[C@H](COCCNC(=O)C[C@@H]3N=C(c4ccc(Cl)cc4)c4c(sc(C)c4C)-n4c(C)nnc43)C2)C(C)(C)C)cc1,True,1794,BRD4,O60885,VHL,VHL,P40337,PC3-S1,,280.0,6.552841968657781,1,88.0,1,1.0,1,1,10.1021/acs.jmedchem.0c01845,PROTAC-DB,Degradation of BRD4 in PC3-S1 cells after 4 h treatment,4.0,,PC3-S1,,,unmapped,0.0
Cc1ncsc1-c1ccc(CNC(=O)[C@@H]2C[C@@H](O)CN2C(=O)[C@@H](NC(=O)CCc2cc(N)cc(CCOCCOCC#Cc3ccc(C4=N[C@@H](Cc5nccs5)c5nnc(C)n5-c5sc(C)c(C)c54)cc3)c2)C(C)(C)C)cc1,True,1795,BRD4,O60885,VHL,VHL,P40337,PC3-S1,,87.0,7.060480747381382,1,100.0,1,1.0,1,1,10.1021/acs.jmedchem.0c01845,PROTAC-DB,Degradation of BRD4 in PC3-S1 cells after 4 h treatment,4.0,,PC3-S1,,,unmapped,0.0
Cc1ncsc1-c1ccc(CNC(=O)[C@@H]2C[C@@H](O)CN2C(=O)[C@@H](NC(=O)CCc2cc(N)cc(CCOCCOCC#Cc3ccc(C4=N[C@@H](CC(=O)NCCS(=O)(=O)O)c5nnc(C)n5-c5sc(C)c(C)c54)cc3)c2)C(C)(C)C)cc1,True,1796,BRD4,O60885,VHL,VHL,P40337,PC3-S1,,6500.0,5.187086643357144,1,100.0,1,0.0,1,1,10.1021/acs.jmedchem.0c01845,PROTAC-DB,Degradation of BRD4 in PC3-S1 cells after 4 h treatment,4.0,,PC3-S1,,,unmapped,0.0
Cc1ncsc1-c1ccc(CNC(=O)[C@@H]2C[C@@H](O)CN2C(=O)[C@@H](NC(=O)COCC#CC#CCNC(=O)C[C@@H]2N=C(c3ccc(Cl)cc3)c3c(sc(C)c3C)-n3c(C)nnc32)C(C)(C)C)cc1,True,1797,BRD4,O60885,VHL,VHL,P40337,PC3-S1,,7.2,8.142667503568731,1,99.0,1,1.0,1,1,10.1021/acs.jmedchem.0c01845,PROTAC-DB,Degradation of BRD4 in PC3-S1 cells after 4 h treatment,4.0,,PC3-S1,,,unmapped,0.0
O=C1CCC(N2C(=O)c3cccc(NCCOCCOCCOCCOCCOCCOCCOCCNCCNc4nonc4/C(=N\O)Nc4ccc(F)c(Br)c4)c3C2=O)C(=O)N1,True,1834,IDO1,P14902,CRBN,CRBN,Q96SW2,HeLa,HeLa,2840.0,5.546681659952962,1,93.0,1,0.0,1,1,10.1016/j.apsb.2020.02.010,PROTAC-DB,Degradation of IDO1 in HeLa cells after 24 h treatment,24.0,,HeLa,ACH-001086,Cervix,mapped,1.0
COc1cc2nc(N3CCN(C(=O)c4cn(CCOCC(=O)Nc5cccc6c5C(=O)N(C5CCC(=O)NC5=O)C6=O)nn4)CC3)nc(N)c2cc1OC,True,1840,ADRA1A,P35348,CRBN,CRBN,Q96SW2,HEK293,HEK293,4320.0,5.364516253185088,1,,0,0.0,1,1,10.1016/j.apsb.2020.01.014,PROTAC-DB,Degradation of ADRA1A in HEK293 cells after 12 h treatment,12.0,,HEK293,,,unmapped,0.0
COc1cc2nc(N3CCN(C(=O)c4cn(CCOCCOCCOCC(=O)Nc5cccc6c5C(=O)N(C5CCC(=O)NC5=O)C6=O)nn4)CC3)nc(N)c2cc1OC,True,1842,ADRA1A,P35348,CRBN,CRBN,Q96SW2,HEK293,HEK293,2860.0,5.543633966870957,1,94.0,1,0.0,1,1,10.1016/j.apsb.2020.01.014,PROTAC-DB,Degradation of ADRA1A in HEK293 cells after 12 h treatment,12.0,,HEK293,,,unmapped,0.0
COC(=O)C1=CC[C@@]23CC[C@H]([C@@](C)(/C=C/C=C(\C)C(=O)Oc4cccc5c4C(=O)N(C4CCC(=O)NC4=O)C5=O)OC2=O)[C@@]3(OC(C)=O)CC1,True,1844,CD147,P35613,CRBN,CRBN,Q96SW2,Sk-Mel-28,SK-MEL-28,40000.0,4.3979400086720375,1,,0,0.0,1,1,10.1016/j.bioorg.2020.104453,PROTAC-DB,Degradation of CD147 in Sk-Mel-28 cells after 6 h treatment,6.0,,SK-MEL-28,ACH-000615,Skin,mapped,1.0
COC(=O)C1=CC[C@@]23CC[C@H]([C@@](C)(/C=C/C=C(\C)C(=O)OCOc4cccc5c4C(=O)N(C4CCC(=O)NC4=O)C5=O)OC2=O)[C@@]3(OC(C)=O)CC1,True,1845,CD147,P35613,CRBN,CRBN,Q96SW2,Sk-Mel-28,SK-MEL-28,13850.0,4.858550226599532,1,,0,0.0,1,1,10.1016/j.bioorg.2020.104453,PROTAC-DB,Degradation of CD147 in Sk-Mel-28 cells after 6 h treatment,6.0,,SK-MEL-28,ACH-000615,Skin,mapped,1.0
COC(=O)C1=CC[C@@]23CC[C@H]([C@@](C)(/C=C/C=C(\C)C(=O)OCCOc4cccc5c4C(=O)N(C4CCC(=O)NC4=O)C5=O)OC2=O)[C@@]3(OC(C)=O)CC1,True,1846,CD147,P35613,CRBN,CRBN,Q96SW2,Sk-Mel-28,SK-MEL-28,40000.0,4.3979400086720375,1,,0,0.0,1,1,10.1016/j.bioorg.2020.104453,PROTAC-DB,Degradation of CD147 in Sk-Mel-28 cells after 6 h treatment,6.0,,SK-MEL-28,ACH-000615,Skin,mapped,1.0
COC(=O)C1=CC[C@@]23CC[C@H]([C@@](C)(/C=C/C=C(\C)C(=O)OCCCOc4cccc5c4C(=O)N(C4CCC(=O)NC4=O)C5=O)OC2=O)[C@@]3(OC(C)=O)CC1,True,1847,CD147,P35613,CRBN,CRBN,Q96SW2,Sk-Mel-28,SK-MEL-28,40000.0,4.3979400086720375,1,,0,0.0,1,1,10.1016/j.bioorg.2020.104453,PROTAC-DB,Degradation of CD147 in Sk-Mel-28 cells after 6 h treatment,6.0,,SK-MEL-28,ACH-000615,Skin,mapped,1.0
COC(=O)C1=CC[C@@]23CC[C@H]([C@@](C)(/C=C/C=C(\C)C(=O)OCCCCCOc4cccc5c4C(=O)N(C4CCC(=O)NC4=O)C5=O)OC2=O)[C@@]3(OC(C)=O)CC1,True,1848,CD147,P35613,CRBN,CRBN,Q96SW2,Sk-Mel-28,SK-MEL-28,40000.0,4.3979400086720375,1,,0,0.0,1,1,10.1016/j.bioorg.2020.104453,PROTAC-DB,Degradation of CD147 in Sk-Mel-28 cells after 6 h treatment,6.0,,SK-MEL-28,ACH-000615,Skin,mapped,1.0
COC(=O)C1=CC[C@@]23CC[C@H]([C@@](C)(/C=C/C=C(\C)C(=O)OCCCCCCCOc4cccc5c4C(=O)N(C4CCC(=O)NC4=O)C5=O)OC2=O)[C@@]3(OC(C)=O)CC1,True,1849,CD147,P35613,CRBN,CRBN,Q96SW2,Sk-Mel-28,SK-MEL-28,40000.0,4.3979400086720375,1,,0,0.0,1,1,10.1016/j.bioorg.2020.104453,PROTAC-DB,Degradation of CD147 in Sk-Mel-28 cells after 6 h treatment,6.0,,SK-MEL-28,ACH-000615,Skin,mapped,1.0
COC(=O)C1=CC[C@@]23CC[C@H]([C@@](C)(/C=C/C=C(\C)C(=O)OCCOCCOCCOc4cccc5c4C(=O)N(C4CCC(=O)NC4=O)C5=O)OC2=O)[C@@]3(OC(C)=O)CC1,True,1850,CD147,P35613,CRBN,CRBN,Q96SW2,Sk-Mel-28,SK-MEL-28,40000.0,4.3979400086720375,1,,0,0.0,1,1,10.1016/j.bioorg.2020.104453,PROTAC-DB,Degradation of CD147 in Sk-Mel-28 cells after 6 h treatment,6.0,,SK-MEL-28,ACH-000615,Skin,mapped,1.0
COC(=O)C1=CC[C@@]23CC[C@H]([C@@](C)(/C=C/C=C(\C)C(=O)OCCOCCOCCOCCOc4cccc5c4C(=O)N(C4CCC(=O)NC4=O)C5=O)OC2=O)[C@@]3(OC(C)=O)CC1,True,1851,CD147,P35613,CRBN,CRBN,Q96SW2,Sk-Mel-28,SK-MEL-28,40000.0,4.3979400086720375,1,,0,0.0,1,1,10.1016/j.bioorg.2020.104453,PROTAC-DB,Degradation of CD147 in Sk-Mel-28 cells after 6 h treatment,6.0,,SK-MEL-28,ACH-000615,Skin,mapped,1.0
COC(=O)C1=CC[C@@]23CC[C@H]([C@@](C)(/C=C/C=C(\C)C(=O)NCCNc4cccc5c4C(=O)N(C4CCC(=O)NC4=O)C5=O)OC2=O)[C@@]3(OC(C)=O)CC1,True,1852,CD147,P35613,CRBN,CRBN,Q96SW2,Sk-Mel-28,SK-MEL-28,6720.0,5.172630726946175,1,,0,0.0,1,1,10.1016/j.bioorg.2020.104453,PROTAC-DB,Degradation of CD147 in Sk-Mel-28 cells after 6 h treatment,6.0,,SK-MEL-28,ACH-000615,Skin,mapped,1.0
COC(=O)C1=CC[C@@]23CC[C@H]([C@@](C)(/C=C/C=C(\C)C(=O)NCCCNc4cccc5c4C(=O)N(C4CCC(=O)NC4=O)C5=O)OC2=O)[C@@]3(OC(C)=O)CC1,True,1853,CD147,P35613,CRBN,CRBN,Q96SW2,Sk-Mel-28,SK-MEL-28,40000.0,4.3979400086720375,1,,0,0.0,1,1,10.1016/j.bioorg.2020.104453,PROTAC-DB,Degradation of CD147 in Sk-Mel-28 cells after 6 h treatment,6.0,,SK-MEL-28,ACH-000615,Skin,mapped,1.0
COC(=O)C1=CC[C@@]23CC[C@H]([C@@](C)(/C=C/C=C(\C)C(=O)NCCCCNc4cccc5c4C(=O)N(C4CCC(=O)NC4=O)C5=O)OC2=O)[C@@]3(OC(C)=O)CC1,True,1854,CD147,P35613,CRBN,CRBN,Q96SW2,Sk-Mel-28,SK-MEL-28,40000.0,4.3979400086720375,1,,0,0.0,1,1,10.1016/j.bioorg.2020.104453,PROTAC-DB,Degradation of CD147 in Sk-Mel-28 cells after 6 h treatment,6.0,,SK-MEL-28,ACH-000615,Skin,mapped,1.0
COC(=O)C1=CC[C@@]23CC[C@H]([C@@](C)(/C=C/C=C(\C)C(=O)NCCCCCCNc4cccc5c4C(=O)N(C4CCC(=O)NC4=O)C5=O)OC2=O)[C@@]3(OC(C)=O)CC1,True,1855,CD147,P35613,CRBN,CRBN,Q96SW2,Sk-Mel-28,SK-MEL-28,40000.0,4.3979400086720375,1,,0,0.0,1,1,10.1016/j.bioorg.2020.104453,PROTAC-DB,Degradation of CD147 in Sk-Mel-28 cells after 6 h treatment,6.0,,SK-MEL-28,ACH-000615,Skin,mapped,1.0
COC(=O)C1=CC[C@@]23CC[C@H]([C@@](C)(/C=C/C=C(\C)C(=O)N4CCN(c5cccc6c5C(=O)N(C5CCC(=O)NC5=O)C6=O)CC4)OC2=O)[C@@]3(OC(C)=O)CC1,True,1856,CD147,P35613,CRBN,CRBN,Q96SW2,Sk-Mel-28,SK-MEL-28,40000.0,4.3979400086720375,1,,0,0.0,1,1,10.1016/j.bioorg.2020.104453,PROTAC-DB,Degradation of CD147 in Sk-Mel-28 cells after 6 h treatment,6.0,,SK-MEL-28,ACH-000615,Skin,mapped,1.0
COC(=O)C1=CC[C@@]23CC[C@H]([C@@](C)(/C=C/C=C(\C)C(=O)NC4CCN(c5cccc6c5C(=O)N(C5CCC(=O)NC5=O)C6=O)CC4)OC2=O)[C@@]3(OC(C)=O)CC1,True,1857,CD147,P35613,CRBN,CRBN,Q96SW2,Sk-Mel-28,SK-MEL-28,16840.0,4.773657912836369,1,,0,0.0,1,1,10.1016/j.bioorg.2020.104453,PROTAC-DB,Degradation of CD147 in Sk-Mel-28 cells after 6 h treatment,6.0,,SK-MEL-28,ACH-000615,Skin,mapped,1.0
COC(=O)C1=CC[C@@]23CC[C@H]([C@@](C)(/C=C/C=C(\C)C(=O)N4CCC(Nc5cccc6c5C(=O)N(C5CCC(=O)NC5=O)C6=O)CC4)OC2=O)[C@@]3(OC(C)=O)CC1,True,1858,CD147,P35613,CRBN,CRBN,Q96SW2,Sk-Mel-28,SK-MEL-28,40000.0,4.3979400086720375,1,,0,0.0,1,1,10.1016/j.bioorg.2020.104453,PROTAC-DB,Degradation of CD147 in Sk-Mel-28 cells after 6 h treatment,6.0,,SK-MEL-28,ACH-000615,Skin,mapped,1.0
Nc1cc(F)ccc1NC(=O)c1ccc(NC(=O)CCCCNC(=O)CNc2cccc3c2C(=O)N(C2CCC(=O)NC2=O)C3=O)cc1,True,HD-TAC7,HDAC3,O15379,CRBN,CRBN,Q96SW2,RAW 264.7,RAW 264.7,320.0,6.494850021680094,1,,0,,0,1,10.1016/j.ejmech.2020.112800,PROTAC-DB,Degradation of HDAC3 in RAW 264.7 cells after 24 h treatment,24.0,,RAW 264.7,,,unmapped,0.0
Cc1ncsc1-c1ccc(CNC(=O)[C@@H]2C[C@@H](O)CN2C(=O)[C@@H](NC(=O)CCCCCCN2CCN(c3ccc(Nc4ncc5nc(Nc6ccccc6)n(C6CCCC6)c5n4)cc3)CC2)C(C)(C)C)cc1,True,1995,EGFR L858R/T790M,P00533,VHL,VHL,P40337,H1975,H1975/WR,126.2,6.898940645091884,1,90.3,1,1.0,1,1,10.1016/j.ejmech.2020.112781,PROTAC-DB,Degradation of EGFR L858R/T790M in H1975 cells after 48 h treatment,48.0,,NCI-H1975,ACH-000587,Lung,mapped,1.0
Cc1ncsc1-c1ccc(CNC(=O)[C@@H]2C[C@@H](O)CN2C(=O)[C@@H](NC(=O)CCCCCCN2CCN(c3ccc(Nc4ncc5nc(Nc6ccccc6)n(C6CCCC6)c5n4)cc3)CC2)C(C)(C)C)cc1,True,1995,EGFR del19,P00533,VHL,VHL,P40337,HCC827,HCC827,0.51,9.292429823902063,1,80.4,1,1.0,1,1,10.1016/j.ejmech.2020.112781,PROTAC-DB,Degradation of EGFR del19 in HCC827 cells after 48 h treatment,48.0,,HCC-827,ACH-000012,Lung,mapped,1.0
Cc1ncsc1-c1ccc(CNC(=O)[C@@H]2C[C@@H](O)CN2C(=O)[C@@H](NC(=O)CCCCCCCN2CCN(c3ccc(Nc4ncc5nc(Nc6ccccc6)n(C6CCCC6)c5n4)cc3)CC2)C(C)(C)C)cc1,True,1996,EGFR L858R/T790M,P00533,VHL,VHL,P40337,H1975,H1975/WR,151.2,6.820448208834812,1,80.3,1,1.0,1,1,10.1016/j.ejmech.2020.112781,PROTAC-DB,Degradation of EGFR L858R/T790M in H1975 cells after 48 h treatment,48.0,,NCI-H1975,ACH-000587,Lung,mapped,1.0
Cc1ncsc1-c1ccc(CNC(=O)[C@@H]2C[C@@H](O)CN2C(=O)[C@@H](NC(=O)CCCCCCCN2CCN(c3ccc(Nc4ncc5nc(Nc6ccccc6)n(C6CCCC6)c5n4)cc3)CC2)C(C)(C)C)cc1,True,1996,EGFR del19,P00533,VHL,VHL,P40337,HCC827,HCC827,3.54,8.450996737974211,1,74.8,1,1.0,1,1,10.1016/j.ejmech.2020.112781,PROTAC-DB,Degradation of EGFR del19 in HCC827 cells after 48 h treatment,48.0,,HCC-827,ACH-000012,Lung,mapped,1.0
CN(CCOCCOCCOCCN1CCN(c2ccc(Nc3ncc4nc(Nc5ccccc5)n(C5CCCC5)c4n3)cc2)CC1)CC(=O)Nc1cccc2c1CN(C1CCC(=O)NC1=O)C2=O,True,1998,EGFR del19,P00533,CRBN,CRBN,Q96SW2,HCC827,HCC827,1.91,8.718966632752272,1,82.0,1,1.0,1,1,10.1016/j.ejmech.2020.112781,PROTAC-DB,Degradation of EGFR del19 in HCC827 cells after 48 h treatment,48.0,,HCC-827,ACH-000012,Lung,mapped,1.0
CC(C)Nc1cc(-n2ccc3cc(C#N)cnc32)ncc1C(=O)N[C@H]1CC[C@H](C(=O)NCCNC(=O)COc2cccc3c2C(=O)N(C2CCC(=O)NC2=O)C3=O)CC1,True,2004,IRAK4,Q9NWZ3,CRBN,CRBN,Q96SW2,HEK293T,HEK293T,,,0,46.0,1,0.0,1,1,10.1016/j.chembiol.2020.08.010,PROTAC-DB,Degradation of IRAK4 in HEK293T cells after 24 h treatment,24.0,,HEK293T,,,unmapped,0.0
CC(C)Nc1cc(-n2ccc3cc(C#N)cnc32)ncc1C(=O)N[C@H]1CC[C@H](C(=O)NCCCNC(=O)COc2cccc3c2C(=O)N(C2CCC(=O)NC2=O)C3=O)CC1,True,2005,IRAK4,Q9NWZ3,CRBN,CRBN,Q96SW2,HEK293T,HEK293T,485.0,6.314258261397736,1,92.0,1,1.0,1,1,10.1016/j.chembiol.2020.08.010,PROTAC-DB,Degradation of IRAK4 in HEK293T cells after 24 h treatment,24.0,,HEK293T,,,unmapped,0.0
CC(C)Nc1cc(-n2ccc3cc(C#N)cnc32)ncc1C(=O)N[C@H]1CC[C@H](C(=O)NCCCCNC(=O)COc2cccc3c2C(=O)N(C2CCC(=O)NC2=O)C3=O)CC1,True,2006,IRAK4,Q9NWZ3,CRBN,CRBN,Q96SW2,HEK293T,HEK293T,190.0,6.721246399047171,1,93.0,1,1.0,1,1,10.1016/j.chembiol.2020.08.010,PROTAC-DB,Degradation of IRAK4 in HEK293T cells after 24 h treatment,24.0,,HEK293T,,,unmapped,0.0
CC(C)Nc1cc(-n2ccc3cc(C#N)cnc32)ncc1C(=O)N[C@H]1CC[C@H](C(=O)NCCCCCNC(=O)COc2cccc3c2C(=O)N(C2CCC(=O)NC2=O)C3=O)CC1,True,2007,IRAK4,Q9NWZ3,CRBN,CRBN,Q96SW2,HEK293T,HEK293T,293.0,6.533132379645891,1,97.0,1,1.0,1,1,10.1016/j.chembiol.2020.08.010,PROTAC-DB,Degradation of IRAK4 in HEK293T cells after 24 h treatment,24.0,,HEK293T,,,unmapped,0.0
CC(C)Nc1cc(-n2ccc3cc(C#N)cnc32)ncc1C(=O)N[C@H]1CC[C@H](C(=O)NCCOCCNC(=O)COc2cccc3c2C(=O)N(C2CCC(=O)NC2=O)C3=O)CC1,True,2008,IRAK4,Q9NWZ3,CRBN,CRBN,Q96SW2,HEK293T,HEK293T,405.0,6.392544976785332,1,90.0,1,1.0,1,1,10.1016/j.chembiol.2020.08.010,PROTAC-DB,Degradation of IRAK4 in HEK293T cells after 24 h treatment,24.0,,HEK293T,,,unmapped,0.0
CC(C)Nc1cc(-n2ccc3cc(C#N)cnc32)ncc1C(=O)N[C@H]1CC[C@H](C(=O)NCCOCCOCCNC(=O)COc2cccc3c2C(=O)N(C2CCC(=O)NC2=O)C3=O)CC1,True,2009,IRAK4,Q9NWZ3,CRBN,CRBN,Q96SW2,HEK293T,HEK293T,7420.0,5.129596094720973,1,71.0,1,0.0,1,1,10.1016/j.chembiol.2020.08.010,PROTAC-DB,Degradation of IRAK4 in HEK293T cells after 24 h treatment,24.0,,HEK293T,,,unmapped,0.0
CC(C)Nc1cc(-n2ccc3cc(C#N)cnc32)ncc1C(=O)N[C@H]1CC[C@H](C(=O)NCCOCCOCCOCCNC(=O)COc2cccc3c2C(=O)N(C2CCC(=O)NC2=O)C3=O)CC1,True,2010,IRAK4,Q9NWZ3,CRBN,CRBN,Q96SW2,HEK293T,HEK293T,,,0,47.0,1,0.0,1,1,10.1016/j.chembiol.2020.08.010,PROTAC-DB,Degradation of IRAK4 in HEK293T cells after 24 h treatment,24.0,,HEK293T,,,unmapped,0.0
CC(C)Nc1cc(-n2ccc3cc(C#N)cnc32)ncc1C(=O)N[C@H]1CC[C@H](C(=O)NCCOCCOCCOCCOCCNC(=O)COc2cccc3c2C(=O)N(C2CCC(=O)NC2=O)C3=O)CC1,True,2011,IRAK4,Q9NWZ3,CRBN,CRBN,Q96SW2,HEK293T,HEK293T,,,0,30.0,1,0.0,1,1,10.1016/j.chembiol.2020.08.010,PROTAC-DB,Degradation of IRAK4 in HEK293T cells after 24 h treatment,24.0,,HEK293T,,,unmapped,0.0
CCCNNC(=O)c1ccc(-c2ccc(NC(=O)CCCCCCC(=O)N[C@H](C(=O)N3C[C@H](O)C[C@H]3C(=O)N[C@@H](C)c3ccc(-c4scnc4C)cc3)C(C)(C)C)cc2)cc1,True,XZ9002,HDAC3,O15379,VHL,VHL,P40337,MDA-MB-468,MDA-MB-468,42.0,7.376750709602099,1,,0,,0,1,10.1039/d0cc03243c,PROTAC-DB,Degradation of HDAC3 in MDA-MB-468 cells after 14 h treatment,14.0,,MDA-MB-468,ACH-000849,Breast,mapped,1.0
CC(=O)c1c(C)c2cnc(Nc3ccc(N4CCN(CCOCCOCCOc5cc(-c6scnc6C)ccc5CNC(=O)[C@@H]5C[C@@H](O)CN5C(=O)[C@@H](NC(=O)C5(F)CC5)C(C)(C)C)CC4)cn3)nc2n(C2CCCC2)c1=O,True,CST651,CDK4,P11802,VHL,VHL,P40337,MM.1S,MM.1S-luc,20.0,7.698970004336019,1,,0,,0,1,10.1039/d0sc00167h,PROTAC-DB,Degradation of CDK4 in MM.1S cells after 16 h treatment,16.0,,MM1-S,ACH-000763,Lymphoid,mapped,1.0
CC(=O)c1c(C)c2cnc(Nc3ccc(N4CCN(CCOCCOCCOc5cc(-c6scnc6C)ccc5CNC(=O)[C@@H]5C[C@@H](O)CN5C(=O)[C@@H](NC(=O)C5(F)CC5)C(C)(C)C)CC4)cn3)nc2n(C2CCCC2)c1=O,True,CST651,CDK6,Q00534,VHL,VHL,P40337,MM.1S,MM.1S-luc,5.1,8.292429823902063,1,95.0,1,1.0,1,1,10.1039/d0sc00167h,PROTAC-DB,Degradation of CDK6 in MM.1S cells after 16 h treatment,16.0,,MM1-S,ACH-000763,Lymphoid,mapped,1.0
COc1cc(Nc2ncc3c(n2)-c2ccc(Cl)cc2C(c2c(F)cccc2OC)=NC3)ccc1C(=O)NCCOCCOCCNC(=O)COc1cccc2c1C(=O)N(C1CCC(=O)NC1=O)C2=O,True,JB170,AURKA,O14965,CRBN,CRBN,Q96SW2,MV4-11,MV4-11,28.0,7.552841968657781,1,,0,,0,1,10.1038/s41589-020-00652-y,PROTAC-DB,Degradation of AURKA in MV4-11 cells after 6 h treatment,6.0,,MV4-11,ACH-000045,Myeloid,mapped,1.0
CCCS(=O)(=O)Nc1ccc(F)c(-n2cc(-c3cncnc3)c3nc(N(C)C4CCN(C(=O)CCOCCOCCOCCOCCOCCOCCNc5cccc6c5C(=O)N(C5CCC(=O)NC5=O)C6=O)CC4)ccc32)c1F,True,Pmd-PEG6-BI,BRAF V600E,P15056,CRBN,CRBN,Q96SW2,A375,A375-C5,90.0,7.045757490560675,1,84.0,1,1.0,1,1,10.1038/s41589-020-0609-7,PROTAC-DB,Degradation of BRAF V600E in A375 cells after 24 h treatment,24.0,,A-375,ACH-000219,Skin,mapped,1.0
CCCS(=O)(=O)Nc1ccc(F)c(-n2cc(-c3cncnc3)c3nc(N(C)C4CCN(C(=O)CCOCCOCCOCCOCCOCCOCCOCCOCCNc5cccc6c5C(=O)N(C5CCC(=O)NC5=O)C6=O)CC4)ccc32)c1F,True,Pmd-PEG8-BI,BRAF V600E,P15056,CRBN,CRBN,Q96SW2,A375,A375-C5,45.0,7.346787486224656,1,65.0,1,1.0,1,1,10.1038/s41589-020-0609-7,PROTAC-DB,Degradation of BRAF V600E in A375 cells after 24 h treatment,24.0,,A-375,ACH-000219,Skin,mapped,1.0
CCCS(=O)(=O)Nc1ccc(F)c(-n2cc(-c3cncnc3)c3nc(N(C)C4CCN(C(=O)CCC(=O)NCCCOCCOCCOCCCNc5cccc6c5C(=O)N(C5CCC(=O)NC5=O)C6=O)CC4)ccc32)c1F,True,Pmd-1C-PEG3-1C-2C-BI,BRAF V600E,P15056,CRBN,CRBN,Q96SW2,A375,A375-C5,100.0,7.0,1,51.0,1,0.0,1,1,10.1038/s41589-020-0609-7,PROTAC-DB,Degradation of BRAF V600E in A375 cells after 24 h treatment,24.0,,A-375,ACH-000219,Skin,mapped,1.0
Nc1nccc(-c2sc(C3CCN(C(=O)CCOCCOCCOCCNc4cccc5c4C(=O)N(C4CCC(=O)NC4=O)C5=O)CC3)nc2-c2cccc(NS(=O)(=O)c3c(F)cccc3F)c2F)n1,True,Pmd-PEG3-Dab#2,BRAF V600E,P15056,CRBN,CRBN,Q96SW2,A375,A375-C5,500.0,6.301029995663981,1,50.0,1,0.0,1,1,10.1038/s41589-020-0609-7,PROTAC-DB,Degradation of BRAF V600E in A375 cells after 24 h treatment,24.0,,A-375,ACH-000219,Skin,mapped,1.0
CCCS(=O)(=O)Nc1ccc(F)c(-n2cc(-c3cncnc3)c3nc(N(C)C4CCN(CC(=O)NCCCOCCCCOCCCNc5cccc6c5C(=O)N(C5CCC(=O)NC5=O)C6=O)CC4)ccc32)c1F,True,Pmd-DODA-C1-BI,BRAF V600E,P15056,CRBN,CRBN,Q96SW2,A375,A375-C5,25.0,7.6020599913279625,1,71.0,1,1.0,1,1,10.1038/s41589-020-0609-7,PROTAC-DB,Degradation of BRAF V600E in A375 cells after 24 h treatment,24.0,,A-375,ACH-000219,Skin,mapped,1.0
CCCS(=O)(=O)Nc1ccc(F)c(-n2cc(-c3cncnc3)c3nc(N(C)C4CCN(C(=O)CCOCCOCCn5cc(COCCNc6cccc7c6C(=O)N(C6CCC(=O)NC6=O)C7=O)nn5)CC4)ccc32)c1F,True,Pmd-PEG1-Trz-PEG2-BI,BRAF V600E,P15056,CRBN,CRBN,Q96SW2,A375,A375-C5,80.0,7.096910013008056,1,72.0,1,1.0,1,1,10.1038/s41589-020-0609-7,PROTAC-DB,Degradation of BRAF V600E in A375 cells after 24 h treatment,24.0,,A-375,ACH-000219,Skin,mapped,1.0
CCCS(=O)(=O)Nc1ccc(F)c(-n2cc(-c3cncnc3)c3nc(N(C)C4CCN(C(=O)CCOCCOCCOCCOCC#Cc5cccc6c5CN(C5CCC(=O)NC5=O)C6=O)CC4)ccc32)c1F,True,Len(C)PEG4-BI,BRAF V600E,P15056,CRBN,CRBN,Q96SW2,A375,A375-C5,50.0,7.301029995663981,1,74.0,1,1.0,1,1,10.1038/s41589-020-0609-7,PROTAC-DB,Degradation of BRAF V600E in A375 cells after 24 h treatment,24.0,,A-375,ACH-000219,Skin,mapped,1.0
CN[C@@H](C)C(=O)N[C@H](C(=O)N1Cc2cc(OCc3cnc(COC(=O)N4CCC[C@@H](n5nc(-c6ccc(Oc7ccc(F)cc7F)cc6)c(C(N)=O)c5N)C4)cn3)ccc2C[C@H]1C(=O)N[C@@H]1CCCc2ccccc21)C(C)(C)C,True,BCPyr,BTK,Q06187,IAP,"BIRC2,BIRC3",Q7Z460,THP-1,THP-1,800.0,6.096910013008056,1,,0,,0,1,10.1038/s41589-020-00686-2,PROTAC-DB,Degradation of BTK in THP-1 cells,,,THP-1,ACH-000146,Myeloid,mapped,1.0
CN[C@@H](C)C(=O)N[C@H](C(=O)N1CCC[C@H]1c1nc(C(=O)c2ccc(F)cc2)cs1)C1CCN(CCCC(=O)N2CCC[C@@H](n3nc(-c4ccc(Oc5ccc(F)cc5F)cc4)c(C(N)=O)c3N)C2)CC1,True,BCPip,BTK,Q06187,IAP,"BIRC2,BIRC3",P98170,THP-1,THP-1,4700.0,5.327902142064283,1,,0,0.0,1,1,10.1038/s41589-020-00686-2,PROTAC-DB,Degradation of BTK in THP-1 cells,,,THP-1,ACH-000146,Myeloid,mapped,1.0
Cc1ccsc1C(=O)n1nc(Nc2ccc(S(=O)(=O)NCCOCc3cn(CCOCCOCCNc4cccc5c4C(=O)N(C4CCC(=O)NC4=O)C5=O)nn3)cc2)nc1N,True,CPS2,CDK2,P24941,CRBN,CRBN,Q96SW2,Pfeiffer,Pfeiffer,160.0,6.795880017344075,1,,0,,0,1,10.1038/s41589-021-00742-5,PROTAC-DB,Degradation of CDK2 in Pfeiffer/DOHH2/K562 cells after 48 h treatment,48.0,,Pfeiffer,ACH-000140,Lymphoid,mapped,1.0
Cc1ccsc1C(=O)n1nc(Nc2ccc(S(=O)(=O)NCCOCc3cn(CCOCCOCCNc4cccc5c4C(=O)N(C4CCC(=O)NC4=O)C5=O)nn3)cc2)nc1N,True,CPS2,CDK2,P24941,CRBN,CRBN,Q96SW2,DOHH2,DoHH2,4.0,8.397940008672037,1,,0,,0,1,10.1038/s41589-021-00742-5,PROTAC-DB,Degradation of CDK2 in Pfeiffer/DOHH2/K562 cells after 48 h treatment,48.0,,DOHH-2,ACH-000056,Lymphoid,mapped,1.0
Cc1ccsc1C(=O)n1nc(Nc2ccc(S(=O)(=O)NCCOCc3cn(CCOCCOCCNc4cccc5c4C(=O)N(C4CCC(=O)NC4=O)C5=O)nn3)cc2)nc1N,True,CPS2,CDK2,P24941,CRBN,CRBN,Q96SW2,K562,EGFP-K562,9.0,8.045757490560675,1,,0,,0,1,10.1038/s41589-021-00742-5,PROTAC-DB,Degradation of CDK2 in Pfeiffer/DOHH2/K562 cells after 48 h treatment,48.0,,K-562,ACH-000551,Myeloid,mapped,1.0
Cc1ccsc1C(=O)n1nc(Nc2ccc(S(=O)(=O)NCCOCc3cn(CCOCCOCCNc4cccc5c4C(=O)N(C4CCC(=O)NC4=O)C5=O)nn3)cc2)nc1N,True,CPS2,CDK2,P24941,CRBN,CRBN,Q96SW2,MM.1S,MM.1S-luc,22.0,7.657577319177793,1,,0,,0,1,10.1038/s41589-021-00742-5,PROTAC-DB,Degradation of CDK2 in MM.1S/MDA-MB-231 cells after 48 h treatment,48.0,,MM1-S,ACH-000763,Lymphoid,mapped,1.0
Cc1ccsc1C(=O)n1nc(Nc2ccc(S(=O)(=O)NCCOCc3cn(CCOCCOCCNc4cccc5c4C(=O)N(C4CCC(=O)NC4=O)C5=O)nn3)cc2)nc1N,True,CPS2,CDK2,P24941,CRBN,CRBN,Q96SW2,MDA-MB-231,MDA-MB-231,8.0,8.096910013008056,1,,0,,0,1,10.1038/s41589-021-00742-5,PROTAC-DB,Degradation of CDK2 in MM.1S/MDA-MB-231 cells after 48 h treatment,48.0,,MDA-MB-231,ACH-000768,Breast,mapped,1.0
Cc1ccsc1C(=O)n1nc(Nc2ccc(S(=O)(=O)NCCOCc3cn(CCOCCOCCNc4cccc5c4C(=O)N(C4CCC(=O)NC4=O)C5=O)nn3)cc2)nc1N,True,CPS2,CDK2,P24941,CRBN,CRBN,Q96SW2,Jurkat,Jurkat,38.0,7.42021640338319,1,,0,,0,1,10.1038/s41589-021-00742-5,PROTAC-DB,Degradation of CDK2 in Jurkat/MOLT-4/U937 cells after 48 h treatment,48.0,,JURKAT,ACH-000995,Lymphoid,mapped,1.0
Cc1ccsc1C(=O)n1nc(Nc2ccc(S(=O)(=O)NCCOCc3cn(CCOCCOCCNc4cccc5c4C(=O)N(C4CCC(=O)NC4=O)C5=O)nn3)cc2)nc1N,True,CPS2,CDK2,P24941,CRBN,CRBN,Q96SW2,MOLT-4,MOLT-4,53.0,7.275724130399211,1,,0,,0,1,10.1038/s41589-021-00742-5,PROTAC-DB,Degradation of CDK2 in Jurkat/MOLT-4/U937 cells after 48 h treatment,48.0,,MOLT-4,ACH-001127,Lymphoid,mapped,0.0
Cc1ccsc1C(=O)n1nc(Nc2ccc(S(=O)(=O)NCCOCc3cn(CCOCCOCCNc4cccc5c4C(=O)N(C4CCC(=O)NC4=O)C5=O)nn3)cc2)nc1N,True,CPS2,CDK2,P24941,CRBN,CRBN,Q96SW2,U937,U937(CD59+),11.0,7.958607314841775,1,,0,,0,1,10.1038/s41589-021-00742-5,PROTAC-DB,Degradation of CDK2 in Jurkat/MOLT-4/U937 cells after 48 h treatment,48.0,,U-937,ACH-000406,Myeloid,mapped,1.0
Cc1ccsc1C(=O)n1nc(Nc2ccc(S(=O)(=O)NCCOCc3cn(CCOCCOCCNc4cccc5c4C(=O)N(C4CCC(=O)NC4=O)C5=O)nn3)cc2)nc1N,True,CPS2,CDK2,P24941,CRBN,CRBN,Q96SW2,Z138,Z-138,43.0,7.366531544420414,1,,0,,0,1,10.1038/s41589-021-00742-5,PROTAC-DB,Degradation of CDK2 in Z138/HBL-1/Mino cells after 48 h treatment,48.0,,Z-138,ACH-002500,Lymphoid,mapped,1.0
Cc1ccsc1C(=O)n1nc(Nc2ccc(S(=O)(=O)NCCOCc3cn(CCOCCOCCNc4cccc5c4C(=O)N(C4CCC(=O)NC4=O)C5=O)nn3)cc2)nc1N,True,CPS2,CDK2,P24941,CRBN,CRBN,Q96SW2,HBL-1,HBL-1 [Human AIDS-related non-Hodgkin lymphoma],33.0,7.481486060122112,1,,0,,0,1,10.1038/s41589-021-00742-5,PROTAC-DB,Degradation of CDK2 in Z138/HBL-1/Mino cells after 48 h treatment,48.0,,HBL-1,,,unmapped,0.0
Cc1ccsc1C(=O)n1nc(Nc2ccc(S(=O)(=O)NCCOCc3cn(CCOCCOCCNc4cccc5c4C(=O)N(C4CCC(=O)NC4=O)C5=O)nn3)cc2)nc1N,True,CPS2,CDK2,P24941,CRBN,CRBN,Q96SW2,Mino,Mino,29.0,7.5376020021010435,1,,0,,0,1,10.1038/s41589-021-00742-5,PROTAC-DB,Degradation of CDK2 in Z138/HBL-1/Mino cells after 48 h treatment,48.0,,Mino,ACH-000220,Lymphoid,mapped,1.0
Cc1ccsc1C(=O)n1nc(Nc2ccc(S(=O)(=O)NCCOCc3cn(CCOCCOCCNc4cccc5c4C(=O)N(C4CCC(=O)NC4=O)C5=O)nn3)cc2)nc1N,True,CPS2,CDK2,P24941,CRBN,CRBN,Q96SW2,OCI-AML2,OCI-AML-2,56.0,7.251811972993799,1,,0,,0,1,10.1038/s41589-021-00742-5,PROTAC-DB,Degradation of CDK2 in OCI-AML2/OCI-AML3/Ramos cells after 48 h treatment,48.0,,OCI-AML2,ACH-000113,Myeloid,mapped,1.0
Cc1ccsc1C(=O)n1nc(Nc2ccc(S(=O)(=O)NCCOCc3cn(CCOCCOCCNc4cccc5c4C(=O)N(C4CCC(=O)NC4=O)C5=O)nn3)cc2)nc1N,True,CPS2,CDK2,P24941,CRBN,CRBN,Q96SW2,OCI-AML3,OCI-AML-3,13.0,7.886056647693163,1,,0,,0,1,10.1038/s41589-021-00742-5,PROTAC-DB,Degradation of CDK2 in OCI-AML2/OCI-AML3/Ramos cells after 48 h treatment,48.0,,OCI-AML3,ACH-000336,Myeloid,mapped,1.0
Cc1ccsc1C(=O)n1nc(Nc2ccc(S(=O)(=O)NCCOCc3cn(CCOCCOCCNc4cccc5c4C(=O)N(C4CCC(=O)NC4=O)C5=O)nn3)cc2)nc1N,True,CPS2,CDK2,P24941,CRBN,CRBN,Q96SW2,Ramos,Ramos,18.0,7.7447274948966935,1,,0,,0,1,10.1038/s41589-021-00742-5,PROTAC-DB,Degradation of CDK2 in OCI-AML2/OCI-AML3/Ramos cells after 48 h treatment,48.0,,Ramos,ACH-001636,Lymphoid,mapped,1.0
Cc1ccsc1C(=O)n1nc(Nc2ccc(S(=O)(=O)NCCOCc3cn(CCOCCOCCNc4cccc5c4C(=O)N(C4CCC(=O)NC4=O)C5=O)nn3)cc2)nc1N,True,CPS2,CDK2,P24941,CRBN,CRBN,Q96SW2,Kasumi-1,Kasumi-1,61.0,7.214670164989233,1,,0,,0,1,10.1038/s41589-021-00742-5,PROTAC-DB,Degradation of CDK2 in Kasumi-1/NB4/MV-4-11 cells after 48 h treatment,48.0,,KASUMI-1,ACH-000263,Myeloid,mapped,1.0
Cc1ccsc1C(=O)n1nc(Nc2ccc(S(=O)(=O)NCCOCc3cn(CCOCCOCCNc4cccc5c4C(=O)N(C4CCC(=O)NC4=O)C5=O)nn3)cc2)nc1N,True,CPS2,CDK2,P24941,CRBN,CRBN,Q96SW2,NB4,NB4,12.0,7.920818753952375,1,,0,,0,1,10.1038/s41589-021-00742-5,PROTAC-DB,Degradation of CDK2 in Kasumi-1/NB4/MV-4-11 cells after 48 h treatment,48.0,,NB-4,ACH-000294,Myeloid,mapped,1.0
Cc1ccsc1C(=O)n1nc(Nc2ccc(S(=O)(=O)NCCOCc3cn(CCOCCOCCNc4cccc5c4C(=O)N(C4CCC(=O)NC4=O)C5=O)nn3)cc2)nc1N,True,CPS2,CDK2,P24941,CRBN,CRBN,Q96SW2,MV-4-11,MV4-11,1.0,9.0,1,,0,,0,1,10.1038/s41589-021-00742-5,PROTAC-DB,Degradation of CDK2 in Kasumi-1/NB4/MV-4-11 cells after 48 h treatment,48.0,,MV4-11,ACH-000045,Myeloid,mapped,1.0
CCCS(=O)(=O)Nc1ccc(F)c(C(=O)c2c[nH]c3ncc(-c4ccc(N5CCN(CC(=O)N[C@H](C(=O)N6C[C@H](O)C[C@H]6C(=O)NCc6ccc(-c7scnc7C)cc6)C(C)(C)C)CC5)cc4)cc23)c1F,True,SJF-0628,BRAF G466V,P15056,VHL,VHL,P40337,H1666,NCI-H1666,29.0,7.5376020021010435,1,80.0,1,1.0,1,1,10.1038/s41467-021-21159-7,PROTAC-DB,Degradation of BRAF G466V in H1666/CAL-12T cells,,,NCI-H1666,ACH-000448,Lung,mapped,1.0
CCCS(=O)(=O)Nc1ccc(F)c(C(=O)c2c[nH]c3ncc(-c4ccc(N5CCN(CC(=O)N[C@H](C(=O)N6C[C@H](O)C[C@H]6C(=O)NCc6ccc(-c7scnc7C)cc6)C(C)(C)C)CC5)cc4)cc23)c1F,True,SJF-0628,BRAF G466V,P15056,VHL,VHL,P40337,CAL-12T,CAL-12T,23.0,7.638272163982407,1,90.0,1,1.0,1,1,10.1038/s41467-021-21159-7,PROTAC-DB,Degradation of BRAF G466V in H1666/CAL-12T cells,,,CAL-12T,ACH-000826,Lung,mapped,1.0
CCCS(=O)(=O)Nc1ccc(F)c(C(=O)c2c[nH]c3ncc(-c4ccc(N5CCN(CC(=O)N[C@H](C(=O)N6C[C@H](O)C[C@H]6C(=O)NCc6ccc(-c7scnc7C)cc6)C(C)(C)C)CC5)cc4)cc23)c1F,True,SJF-0628,BRAF G469A,P15056,VHL,VHL,P40337,SK-MEL-246,SK-MEL-246,15.0,7.823908740944319,1,95.0,1,1.0,1,1,10.1038/s41467-021-21159-7,PROTAC-DB,Degradation of BRAF G469A in SK-MEL-246 cells,,,SK-MEL-246,,,ambiguous,0.0
CCCS(=O)(=O)Nc1ccc(F)c(C(=O)c2c[nH]c3ncc(-c4ccc(N5CCN(CC(=O)N[C@H](C(=O)N6C[C@H](O)C[C@H]6C(=O)NCc6ccc(-c7scnc7C)cc6)C(C)(C)C)CC5)cc4)cc23)c1F,True,SJF-0628,BRAF V600E,P15056,VHL,VHL,P40337,SK-MEL-28,SK-MEL-28,6.8,8.167491087293763,1,95.0,1,1.0,1,1,10.1038/s41467-021-21159-7,PROTAC-DB,Degradation of BRAF V600E in SK-MEL-28 cells,,,SK-MEL-28,ACH-000615,Skin,mapped,1.0
CN(CCCNC(=O)CNc1cccc2c1C(=O)N(C1CCC(=O)NC1=O)C2=O)C(C)(C)/C=C(\C#N)C(=O)N1CCC[C@@H](n2nc(-c3ccc(Oc4ccccc4)cc3)c3c(N)ncnc32)C1,True,2076,BTK,Q06187,CRBN,CRBN,Q96SW2,MOLM-14,MOLM-14,6.6,8.18045606445813,1,,0,,0,1,10.1038/s41467-020-17997-6,PROTAC-DB,Degradation of BTK in MOLM-14 cells after 24 h treatment,24.0,,MOLM-14,ACH-001574,Myeloid,mapped,1.0
O=C1CCC(N2Cc3c(NC(=O)CCCCCCCCCCNC(=O)c4cc(Cc5n[nH]c(=O)c6ccccc56)ccc4F)cccc3C2=O)C(=O)N1,True,2100,PARP1,P09874,CRBN,CRBN,Q96SW2,SW620,SW620,5400.0,5.267606240177032,1,,0,0.0,1,1,10.1080/14756366.2020.1804382,PROTAC-DB,Degradation of PARP1 in SW620 cells after 24 h treatment,24.0,,SW 620,ACH-000651,Bowel,mapped,1.0
O=C1CCC(N2Cc3c(NC(=O)CCCCCCCCCCCNC(=O)c4cc(Cc5n[nH]c(=O)c6ccccc56)ccc4F)cccc3C2=O)C(=O)N1,True,2101,PARP1,P09874,CRBN,CRBN,Q96SW2,SW620,SW620,6200.0,5.207608310501746,1,,0,0.0,1,1,10.1080/14756366.2020.1804382,PROTAC-DB,Degradation of PARP1 in SW620 cells after 24 h treatment,24.0,,SW 620,ACH-000651,Bowel,mapped,1.0
Cc1ncsc1-c1ccc([C@H](C)NC(=O)[C@@H]2C[C@@H](O)CN2C(=O)[C@@H](NC(=O)CCCCNC(=O)COc2c(-c3csc(N4CCOCC4)n3)ccc(F)c2F)C(C)(C)C)cc1,True,MTX-23,AR,P10275,VHL,VHL,P40337,22Rv1,22Rv1,2000.0,5.698970004336019,1,,0,0.0,1,1,10.1158/1535-7163.MCT-20-0417,PROTAC-DB,Degradation of AR in 22Rv1 cells after 24 h treatment,24.0,,22Rv1,ACH-000956,Prostate,mapped,1.0
C[C@@H]1Cc2c([nH]c3ccccc23)[C@@H](c2cnc(N3CCC(CCN4CCN(c5ccc6c(c5)CN(C5CCC(=O)NC5=O)C6=O)CC4)CC3)nc2)N1CC(C)(C)F,True,2119,ERalpha,P03372,CRBN,CRBN,Q96SW2,MCF-7,MCF-7,0.5,9.301029995663981,1,,0,,0,1,10.1021/acsmedchemlett.0c00589,PROTAC-DB,Degradation of ERalpha in MCF-7 cells,,,MCF7,ACH-000019,Breast,mapped,1.0
C[C@@H]1Cc2c([nH]c3ccccc23)[C@@H](c2cnc(N3CCC(OCCN4CCN(c5ccc6c(c5)CN(C5CCC(=O)NC5=O)C6=O)CC4)CC3)nc2)N1CC(C)(C)F,True,2120,ERalpha,P03372,CRBN,CRBN,Q96SW2,MCF-7,MCF-7,0.5,9.301029995663981,1,,0,,0,1,10.1021/acsmedchemlett.0c00589,PROTAC-DB,Degradation of ERalpha in MCF-7 cells,,,MCF7,ACH-000019,Breast,mapped,1.0
C[C@@H]1Cc2c([nH]c3ccccc23)[C@@H](c2c(F)cc(OCCCCCN3CCN(c4ccc5c(c4)CN(C4CCC(=O)NC4=O)C5=O)CC3)cc2F)N1CC(C)(C)F,True,2121,ERalpha,P03372,CRBN,CRBN,Q96SW2,MCF-7,MCF-7,0.6,9.221848749616356,1,,0,,0,1,10.1021/acsmedchemlett.0c00589,PROTAC-DB,Degradation of ERalpha in MCF-7 cells,,,MCF7,ACH-000019,Breast,mapped,1.0
C[C@@H]1Cc2c([nH]c3ccccc23)[C@@H](c2cnc(N3CCC(CN4CCN(CC5CCN(c6ccc7c(c6)CN(C6CCC(=O)NC6=O)C7=O)CC5)CC4)CC3)nc2)N1CC(C)(C)F,True,2122,ERalpha,P03372,CRBN,CRBN,Q96SW2,MCF-7,MCF-7,0.6,9.221848749616356,1,,0,,0,1,10.1021/acsmedchemlett.0c00589,PROTAC-DB,Degradation of ERalpha in MCF-7 cells,,,MCF7,ACH-000019,Breast,mapped,1.0
C[C@@H]1Cc2c([nH]c3ccccc23)[C@@H](c2cnc(N3CCC4(CCN(CCC5CCN(c6ccc7c(c6)CN(C6CCC(=O)NC6=O)C7=O)CC5)CC4)CC3)nc2)N1CC(C)(C)F,True,2123,ERalpha,P03372,CRBN,CRBN,Q96SW2,MCF-7,MCF-7,0.8,9.096910013008056,1,,0,,0,1,10.1021/acsmedchemlett.0c00589,PROTAC-DB,Degradation of ERalpha in MCF-7 cells,,,MCF7,ACH-000019,Breast,mapped,1.0
C[C@@H]1Cc2c([nH]c3ccccc23)[C@@H](c2cnc(N3CCC(CCN4CCC5(CC4)CCN(c4ccc6c(c4)CN(C4CCC(=O)NC4=O)C6=O)CC5)CC3)nc2)N1CC(C)(C)F,True,2124,ERalpha,P03372,CRBN,CRBN,Q96SW2,MCF-7,MCF-7,0.4,9.397940008672037,1,,0,,0,1,10.1021/acsmedchemlett.0c00589,PROTAC-DB,Degradation of ERalpha in MCF-7 cells,,,MCF7,ACH-000019,Breast,mapped,1.0
COc1cc(N2CCN(CCC3CCN(c4ncc([C@@H]5c6[nH]c7ccccc7c6C[C@@H](C)N5CC(C)(C)F)cn4)CC3)CC2)cc2c1C(=O)N(C1CCC(=O)NC1=O)C2,True,2125,ERalpha,P03372,CRBN,CRBN,Q96SW2,MCF-7,MCF-7,0.4,9.397940008672037,1,,0,,0,1,10.1021/acsmedchemlett.0c00589,PROTAC-DB,Degradation of ERalpha in MCF-7 cells,,,MCF7,ACH-000019,Breast,mapped,1.0
C[C@@H]1Cc2c([nH]c3ccccc23)[C@@H](c2cnc(N3CCC(CN4CCOC5(CC4)CCN(c4ccc6c(c4)CN(C4CCC(=O)NC4=O)C6=O)CC5)CC3)nc2)N1CC(C)(C)F,True,2126,ERalpha,P03372,CRBN,CRBN,Q96SW2,MCF-7,MCF-7,0.4,9.397940008672037,1,,0,,0,1,10.1021/acsmedchemlett.0c00589,PROTAC-DB,Degradation of ERalpha in MCF-7 cells,,,MCF7,ACH-000019,Breast,mapped,1.0
C[C@@H]1Cc2c([nH]c3ccccc23)[C@@H](c2cnc(N3CCC(CCN4CCOC5(CC4)CCN(c4ccc6c(c4)CN(C4CCC(=O)NC4=O)C6=O)CC5)CC3)nc2)N1CC(C)(C)F,True,2127,ERalpha,P03372,CRBN,CRBN,Q96SW2,MCF-7,MCF-7,0.5,9.301029995663981,1,,0,,0,1,10.1021/acsmedchemlett.0c00589,PROTAC-DB,Degradation of ERalpha in MCF-7 cells,,,MCF7,ACH-000019,Breast,mapped,1.0
C[C@@H]1Cc2c([nH]c3ccccc23)[C@@H](c2cnc(N3CCC4(CC3)CC(CN3CC5(CCN(c6ccc7c(c6)CN(C6CCC(=O)NC6=O)C7=O)CC5)C3)C4)nc2)N1CC(C)(C)F,True,2128,ERalpha,P03372,CRBN,CRBN,Q96SW2,MCF-7,MCF-7,0.4,9.397940008672037,1,,0,,0,1,10.1021/acsmedchemlett.0c00589,PROTAC-DB,Degradation of ERalpha in MCF-7 cells,,,MCF7,ACH-000019,Breast,mapped,1.0
COc1cc(N2CCN(CC3CCN(c4ncc([C@@H]5c6[nH]c7ccccc7c6C[C@@H](C)N5CC(C)(C)F)cn4)CC3)CC2)cc2c1C(=O)N(C1CCC(=O)NC1=O)C2,True,2129,ERalpha,P03372,CRBN,CRBN,Q96SW2,MCF-7,MCF-7,0.7,9.154901959985743,1,,0,,0,1,10.1021/acsmedchemlett.0c00589,PROTAC-DB,Degradation of ERalpha in MCF-7 cells,,,MCF7,ACH-000019,Breast,mapped,1.0
C[C@@H]1Cc2c([nH]c3ccccc23)[C@@H](c2cnc(OC3CCC4(CC3)CCN(CC3CCN(c5ccc6c(c5)CN(C5CCC(=O)NC5=O)C6=O)CC3)CC4)nc2)N1CC(C)(C)F,True,2130,ERalpha,P03372,CRBN,CRBN,Q96SW2,MCF-7,MCF-7,0.4,9.397940008672037,1,,0,,0,1,10.1021/acsmedchemlett.0c00589,PROTAC-DB,Degradation of ERalpha in MCF-7 cells,,,MCF7,ACH-000019,Breast,mapped,1.0
Cc1ncsc1-c1ccc(CNC(=O)[C@@H]2C[C@@H](O)CN2C(=O)[C@@H](NC(=O)C2(F)CC2)C(C)(C)C)c(OCCc2ccc(OCCN3CCN(c4cc(-c5ccccc5O)nnc4N)CC3)cc2)c1,True,2131,SMARCA2,P51531,VHL,VHL,P40337,A549,A549 Cas9,41.0,7.3872161432802645,1,99.0,1,1.0,1,1,10.1021/acsmedchemlett.0c00347,PROTAC-DB,Degradation of SMARCA2 in A549 cells,,,A549,ACH-000681,Lung,mapped,1.0
Cc1ncsc1-c1ccc(CNC(=O)[C@@H]2C[C@@H](O)CN2C(=O)[C@@H](NC(=O)C2(F)CC2)C(C)(C)C)c(OCCc2ccc(OCCN3CCN(c4cc(-c5ccccc5O)nnc4N)CC3)cc2)c1,True,2131,SMARCA4,P51532,VHL,VHL,P40337,A549,A549 Cas9,26.0,7.585026652029182,1,99.0,1,1.0,1,1,10.1021/acsmedchemlett.0c00347,PROTAC-DB,Degradation of SMARCA4 in A549 cells,,,A549,ACH-000681,Lung,mapped,1.0
Cc1ncsc1-c1ccc(CNC(=O)[C@@H]2C[C@@H](O)CN2C(=O)[C@@H](NC(=O)C2(F)CC2)C(C)(C)C)c(OCCCOc2ccc(CN3CCN(c4cc(-c5ccccc5O)nnc4N)CC3)cc2)c1,True,2132,SMARCA2,P51531,VHL,VHL,P40337,A549,A549 Cas9,26.0,7.585026652029182,1,99.0,1,1.0,1,1,10.1021/acsmedchemlett.0c00347,PROTAC-DB,Degradation of SMARCA2 in A549 cells,,,A549,ACH-000681,Lung,mapped,1.0
Cc1ncsc1-c1ccc(CNC(=O)[C@@H]2C[C@@H](O)CN2C(=O)[C@@H](NC(=O)C2(F)CC2)C(C)(C)C)c(OCCCOc2ccc(CN3CCN(c4cc(-c5ccccc5O)nnc4N)CC3)cc2)c1,True,2132,SMARCA4,P51532,VHL,VHL,P40337,A549,A549 Cas9,16.0,7.795880017344075,1,100.0,1,1.0,1,1,10.1021/acsmedchemlett.0c00347,PROTAC-DB,Degradation of SMARCA4 in A549 cells,,,A549,ACH-000681,Lung,mapped,1.0
Cc1ncsc1-c1ccc(CNC(=O)[C@@H]2C[C@@H](O)CN2C(=O)[C@@H](NC(=O)C2(F)CC2)C(C)(C)C)c(OCCCc2ccc(CN3CCN(c4cc(-c5ccccc5O)nnc4N)CC3)cc2)c1,True,2133,SMARCA2,P51531,VHL,VHL,P40337,A549,A549 Cas9,58.0,7.236572006437063,1,90.0,1,1.0,1,1,10.1021/acsmedchemlett.0c00347,PROTAC-DB,Degradation of SMARCA2 in A549 cells,,,A549,ACH-000681,Lung,mapped,1.0
Cc1ncsc1-c1ccc(CNC(=O)[C@@H]2C[C@@H](O)CN2C(=O)[C@@H](NC(=O)C2(F)CC2)C(C)(C)C)c(OCCCc2ccc(CN3CCN(c4cc(-c5ccccc5O)nnc4N)CC3)cc2)c1,True,2133,SMARCA4,P51532,VHL,VHL,P40337,A549,A549 Cas9,25.0,7.6020599913279625,1,92.0,1,1.0,1,1,10.1021/acsmedchemlett.0c00347,PROTAC-DB,Degradation of SMARCA4 in A549 cells,,,A549,ACH-000681,Lung,mapped,1.0
Cc1ncsc1-c1ccc(CNC(=O)[C@@H]2C[C@@H](O)CN2C(=O)[C@@H](NC(=O)C2(F)CC2)C(C)(C)C)c(OCCc2ccc(CN3CCN(c4cc(-c5ccccc5O)nnc4N)CC3)c(F)c2)c1,True,2134,SMARCA2,P51531,VHL,VHL,P40337,A549,A549 Cas9,55.0,7.259637310505756,1,95.0,1,1.0,1,1,10.1021/acsmedchemlett.0c00347,PROTAC-DB,Degradation of SMARCA2 in A549 cells,,,A549,ACH-000681,Lung,mapped,1.0
Cc1ncsc1-c1ccc(CNC(=O)[C@@H]2C[C@@H](O)CN2C(=O)[C@@H](NC(=O)C2(F)CC2)C(C)(C)C)c(OCCc2ccc(CN3CCN(c4cc(-c5ccccc5O)nnc4N)CC3)c(F)c2)c1,True,2134,SMARCA4,P51532,VHL,VHL,P40337,A549,A549 Cas9,33.0,7.481486060122112,1,95.0,1,1.0,1,1,10.1021/acsmedchemlett.0c00347,PROTAC-DB,Degradation of SMARCA4 in A549 cells,,,A549,ACH-000681,Lung,mapped,1.0
CCc1cc2c(cc1N1CCN(C(=O)CNc3cccc4c3C(=O)N(C3CCC(=O)NC3=O)C4=O)CC1)C(C)(C)c1[nH]c3cc(C#N)ccc3c1C2=O,True,2209,ALK,Q9UM73,CRBN,CRBN,Q96SW2,H3122,NCI-H3122,27.4,7.562249437179612,1,,0,,0,1,10.1021/acs.jmedchem.1c00270,PROTAC-DB,Degradation of ALK in H3122/Karpas 299 cells after 16/48 h treatment,16.0,,NCI-H3122,ACH-000337,Lung,mapped,1.0
CCc1cc2c(cc1N1CCN(C(=O)CNc3cccc4c3C(=O)N(C3CCC(=O)NC3=O)C4=O)CC1)C(C)(C)c1[nH]c3cc(C#N)ccc3c1C2=O,True,2209,ALK,Q9UM73,CRBN,CRBN,Q96SW2,Karpas 299,Karpas-299,116.5,6.933674074637962,1,,0,,0,1,10.1021/acs.jmedchem.1c00270,PROTAC-DB,Degradation of ALK in H3122/Karpas 299 cells after 16/48 h treatment,48.0,,KARPAS-299,ACH-000053,Lymphoid,mapped,1.0
CCc1cc2c(cc1N1CCC(N3CCN(C(=O)CNc4cccc5c4CN(C4CCC(=O)NC4=O)C5=O)CC3)CC1)C(C)(C)c1[nH]c3cc(C#N)ccc3c1C2=O,True,SIAIS091,ALK,Q9UM73,CRBN,CRBN,Q96SW2,SR,SR,6.1,8.214670164989233,1,87.7,1,1.0,1,1,10.1016/j.ejmech.2021.113335,PROTAC-DB,Degradation of ALK in SR cells,,,SR,,,unmapped,0.0
CCc1cc2c(cc1N1CCC(N3CCN(CCCC#Cc4cccc5c4CN(C4CCC(=O)NC4=O)C5=O)CC3)CC1)C(C)(C)c1[nH]c3cc(C#N)ccc3c1C2=O,True,SIAIS001,ALK,Q9UM73,CRBN,CRBN,Q96SW2,SR,SR,3.9,8.4089353929735,1,70.3,1,1.0,1,1,10.1016/j.ejmech.2021.113335,PROTAC-DB,Degradation of ALK in SR cells,,,SR,,,unmapped,0.0
CCc1cc2c(cc1N1CCC(N3CCN(CCCC#Cc4cccc5c4CN(C4CCC(=O)NC4=O)C5=O)CC3)CC1)C(C)(C)c1[nH]c3cc(C#N)ccc3c1C2=O,True,SIAIS001,ALK G1202R,Q9UM73,CRBN,CRBN,Q96SW2,293T,293T FOXP3,200.0,6.698970004336019,1,,0,,0,1,10.1016/j.ejmech.2021.113335,PROTAC-DB,Degradation of ALK G1202R in 293T cells,,,293T,,,unmapped,0.0
C=CC(=O)Nc1cc2c(Nc3ccc(F)c(Cl)c3)ncnc2cc1OCCCN1CCN(C(=O)CCCCCNc2cccc3c2C(=O)N(C2CCC(=O)NC2=O)C3=O)CC1,True,SIAIS125,EGFR L858R/T790M,P00533,CRBN,CRBN,Q96SW2,H1975,H1975/WR,30.0,7.522878745280337,1,,0,,0,1,10.1016/j.ejmech.2021.113328,PROTAC-DB,Degradation of EGFR L858R/T790M in H1975/(Ba/F3) cells after 16 h treatment,16.0,,NCI-H1975,ACH-000587,Lung,mapped,1.0
C=CC(=O)Nc1cc2c(Nc3ccc(F)c(Cl)c3)ncnc2cc1OCCCN1CCN(C(=O)CCCCCNc2cccc3c2C(=O)N(C2CCC(=O)NC2=O)C3=O)CC1,True,SIAIS125,EGFR L858R/T790M,P00533,CRBN,CRBN,Q96SW2,Ba/F3,Ba/F3,100.0,7.0,1,,0,,0,1,10.1016/j.ejmech.2021.113328,PROTAC-DB,Degradation of EGFR L858R/T790M in H1975/(Ba/F3) cells after 16 h treatment,16.0,,Ba/F3,,,unmapped,0.0
C=CC(=O)Nc1cc2c(Nc3ccc(F)c(Cl)c3)ncnc2cc1OCCCN1CCN(C(=O)CCCCCNc2cccc3c2C(=O)N(C2CCC(=O)NC2=O)C3=O)CC1,True,SIAIS125,EGFR e19d,P00533,CRBN,CRBN,Q96SW2,PC9,PC9-BrM3,100.0,7.0,1,40.0,1,0.0,1,1,10.1016/j.ejmech.2021.113328,PROTAC-DB,Degradation of EGFR e19d in PC9 cells after 48 h treatment,48.0,,PC-9,ACH-000779,Lung,mapped,1.0
C=CC(=O)Nc1cc2c(Nc3ccc(F)c(Cl)c3)ncnc2cc1OCCCN1CCN(C(=O)CCCCCCNc2cccc3c2C(=O)N(C2CCC(=O)NC2=O)C3=O)CC1,True,SIAIS126,EGFR L858R/T790M,P00533,CRBN,CRBN,Q96SW2,H1975,H1975/WR,30.0,7.522878745280337,1,,0,,0,1,10.1016/j.ejmech.2021.113328,PROTAC-DB,Degradation of EGFR L858R/T790M in H1975/(Ba/F3) cells after 16 h treatment,16.0,,NCI-H1975,ACH-000587,Lung,mapped,1.0
C=CC(=O)Nc1cc2c(Nc3ccc(F)c(Cl)c3)ncnc2cc1OCCCN1CCN(C(=O)CCCCCCNc2cccc3c2C(=O)N(C2CCC(=O)NC2=O)C3=O)CC1,True,SIAIS126,EGFR L858R/T790M,P00533,CRBN,CRBN,Q96SW2,Ba/F3,Ba/F3,100.0,7.0,1,,0,,0,1,10.1016/j.ejmech.2021.113328,PROTAC-DB,Degradation of EGFR L858R/T790M in H1975/(Ba/F3) cells after 16 h treatment,16.0,,Ba/F3,,,unmapped,0.0
C=CC(=O)Nc1cc2c(Nc3ccc(F)c(Cl)c3)ncnc2cc1OCCCN1CCN(C(=O)CCCCCCNc2cccc3c2C(=O)N(C2CCC(=O)NC2=O)C3=O)CC1,True,SIAIS126,EGFR e19d,P00533,CRBN,CRBN,Q96SW2,PC9,PC9-BrM3,30.0,7.522878745280337,1,,0,,0,1,10.1016/j.ejmech.2021.113328,PROTAC-DB,Degradation of EGFR e19d in PC9 cells after 48 h treatment,48.0,,PC-9,ACH-000779,Lung,mapped,1.0
C[C@@H]1OCC2(CCN(c3cnc(Sc4cccc(NC(=O)CCC(=O)NCCCOCCOCCOCCCNc5cccc6c5C(=O)N(C5CCC(=O)NC5=O)C6=O)c4Cl)c(N)n3)CC2)[C@@H]1N,True,ZB-S-29,SHP2,Q06124,CRBN,CRBN,Q96SW2,MV4;11,MV4-11,6.02,8.220403508742175,1,,0,,0,1,10.1016/j.ejmech.2021.113341,PROTAC-DB,Degradation of SHP2 in MV4;11 cells after 12 h treatment,12.0,,MV4-11,ACH-000045,Myeloid,mapped,1.0
O=C(CN1CCC(SCc2nc3cc(NC4CCCC4)cc(F)c3c(=O)[nH]2)CC1)NCCCCCCNc1cccc2c1C(=O)N(C1CCC(=O)NC1=O)C2=O,True,RBN012811,PARP14,Q460N5,CRBN,CRBN,Q96SW2,KYSE-270,KYSE-270,5.0,8.301029995663981,1,,0,,0,1,10.1002/cbic.202100047,PROTAC-DB,Degradation of PARP14 in KYSE-270 cells after 24 h treatment,24.0,,KYSE-270,ACH-000873,Esophagus/Stomach,mapped,1.0
Nc1c(-c2nc3cc(N4CCN(C(=O)CCCCNc5cccc6c5C(=O)N(C5CCC(=O)NC5=O)C6=O)CC4)ccc3[nH]2)c(=O)[nH]c2cccc(F)c12,True,2259,FLT3-ITD,P36888,CRBN,CRBN,Q96SW2,MOLM-13,MOLM-13,8.0,8.096910013008056,1,,0,,0,1,10.1021/acs.jmedchem.1c00996,PROTAC-DB,Degradation of FLT3-ITD in MOLM-13/MV-4-11 cells after 24 h treatment,24.0,,MOLM-13,ACH-000362,Myeloid,mapped,1.0
Nc1c(-c2nc3cc(N4CCN(C(=O)CCCCNc5cccc6c5C(=O)N(C5CCC(=O)NC5=O)C6=O)CC4)ccc3[nH]2)c(=O)[nH]c2cccc(F)c12,True,2259,FLT3-ITD,P36888,CRBN,CRBN,Q96SW2,MV-4-11,MV4-11,6.9,8.161150909262744,1,,0,,0,1,10.1021/acs.jmedchem.1c00996,PROTAC-DB,Degradation of FLT3-ITD in MOLM-13/MV-4-11 cells after 24 h treatment,24.0,,MV4-11,ACH-000045,Myeloid,mapped,1.0
Nc1c(-c2nc3cc(N4CCN(C(=O)CCCCCNc5cccc6c5C(=O)N(C5CCC(=O)NC5=O)C6=O)CC4)ccc3[nH]2)c(=O)[nH]c2cccc(F)c12,True,2260,FLT3-ITD,P36888,CRBN,CRBN,Q96SW2,MOLM-13,MOLM-13,7.4,8.130768280269024,1,,0,,0,1,10.1021/acs.jmedchem.1c00996,PROTAC-DB,Degradation of FLT3-ITD in MOLM-13/MV-4-11 cells after 24 h treatment,24.0,,MOLM-13,ACH-000362,Myeloid,mapped,1.0
Nc1c(-c2nc3cc(N4CCN(C(=O)CCCCCNc5cccc6c5C(=O)N(C5CCC(=O)NC5=O)C6=O)CC4)ccc3[nH]2)c(=O)[nH]c2cccc(F)c12,True,2260,FLT3-ITD,P36888,CRBN,CRBN,Q96SW2,MV-4-11,MV4-11,9.1,8.040958607678906,1,,0,,0,1,10.1021/acs.jmedchem.1c00996,PROTAC-DB,Degradation of FLT3-ITD in MOLM-13/MV-4-11 cells after 24 h treatment,24.0,,MV4-11,ACH-000045,Myeloid,mapped,1.0
Cc1ncsc1-c1ccc(CNC(=O)[C@@H]2C[C@@H](O)CN2C(=O)[C@@H](NC(=O)CCNC(=O)c2ccc(-c3ccc(N4CCN(C)CC4)c(NC(=O)c4c[nH]c(=O)cc4C(F)(F)F)c3)cc2)C(C)(C)C)cc1,True,2284,WDR5-HiBiT,P61964,VHL,VHL,P40337,MV4-11 (WDR5-HiBiT),,625.0,6.204119982655925,1,,0,,0,1,10.1021/acs.jmedchem.1c00146,PROTAC-DB,Degradation of WDR5-HiBiT in MV4-11 (WDR5-HiBiT) cells after 24 h treatment,24.0,,MV4-11,ACH-000045,Myeloid,mapped,1.0
Cc1ncsc1-c1ccc(CNC(=O)[C@@H]2C[C@@H](O)CN2C(=O)[C@@H](NC(=O)CCCNC(=O)c2ccc(-c3ccc(N4CCN(C)CC4)c(NC(=O)c4c[nH]c(=O)cc4C(F)(F)F)c3)cc2)C(C)(C)C)cc1,True,2285,WDR5-HiBiT,P61964,VHL,VHL,P40337,MV4-11 (WDR5-HiBiT),,116.0,6.935542010773082,1,,0,,0,1,10.1021/acs.jmedchem.1c00146,PROTAC-DB,Degradation of WDR5-HiBiT in MV4-11 (WDR5-HiBiT) cells after 24 h treatment,24.0,,MV4-11,ACH-000045,Myeloid,mapped,1.0
Cc1ncsc1-c1ccc(CNC(=O)[C@@H]2C[C@@H](O)CN2C(=O)[C@@H](NC(=O)CCCCNC(=O)c2ccc(-c3ccc(N4CCN(C)CC4)c(NC(=O)c4c[nH]c(=O)cc4C(F)(F)F)c3)cc2)C(C)(C)C)cc1,True,2286,WDR5-HiBiT,P61964,VHL,VHL,P40337,MV4-11 (WDR5-HiBiT),,53.0,7.275724130399211,1,,0,,0,1,10.1021/acs.jmedchem.1c00146,PROTAC-DB,Degradation of WDR5-HiBiT in MV4-11 (WDR5-HiBiT) cells after 24 h treatment,24.0,,MV4-11,ACH-000045,Myeloid,mapped,1.0
Cc1ncsc1-c1ccc(CNC(=O)[C@@H]2C[C@@H](O)CN2C(=O)[C@@H](NC(=O)CCCCCNC(=O)c2ccc(-c3ccc(N4CCN(C)CC4)c(NC(=O)c4c[nH]c(=O)cc4C(F)(F)F)c3)cc2)C(C)(C)C)cc1,True,2287,WDR5-HiBiT,P61964,VHL,VHL,P40337,MV4-11 (WDR5-HiBiT),,920.0,6.036212172654444,1,,0,,0,1,10.1021/acs.jmedchem.1c00146,PROTAC-DB,Degradation of WDR5-HiBiT in MV4-11 (WDR5-HiBiT) cells after 24 h treatment,24.0,,MV4-11,ACH-000045,Myeloid,mapped,1.0
Cc1ncsc1-c1ccc(CNC(=O)[C@@H]2C[C@@H](O)CN2C(=O)[C@@H](NC(=O)CCCCCCNC(=O)c2ccc(-c3ccc(N4CCN(C)CC4)c(NC(=O)c4c[nH]c(=O)cc4C(F)(F)F)c3)cc2)C(C)(C)C)cc1,True,2288,WDR5-HiBiT,P61964,VHL,VHL,P40337,MV4-11 (WDR5-HiBiT),,915.0,6.0385789059335515,1,,0,,0,1,10.1021/acs.jmedchem.1c00146,PROTAC-DB,Degradation of WDR5-HiBiT in MV4-11 (WDR5-HiBiT) cells after 24 h treatment,24.0,,MV4-11,ACH-000045,Myeloid,mapped,1.0
Cc1ncsc1-c1ccc(CNC(=O)[C@@H]2C[C@@H](O)CN2C(=O)[C@@H](NC(=O)CCOCCOCCOc2ccc(-c3cn4c(n3)CCC4)cc2CNC(=O)Cc2ccc(Cl)c(Cl)c2)C(C)(C)C)cc1,True,2294,WDR5-HiBiT,P61964,VHL,VHL,P40337,MV4-11 (WDR5-HiBiT),,1240.0,5.906578314837765,1,,0,0.0,1,1,10.1021/acs.jmedchem.1c00146,PROTAC-DB,Degradation of WDR5-HiBiT in MV4-11 (WDR5-HiBiT) cells after 24 h treatment,24.0,,MV4-11,ACH-000045,Myeloid,mapped,1.0
CC1(C)[C@H](NC(=O)c2ccc(N3CCN(CC4CN(c5ccc6c(c5)C(=O)N(C5CCC(=O)NC5=O)C6=O)C4)CC3)cc2)C(C)(C)[C@H]1Oc1ccc(C#N)c(Cl)c1,True,2316,AR,P10275,CRBN,CRBN,Q96SW2,VCaP,VCaP,0.15,9.823908740944319,1,,0,,0,1,10.1021/acs.jmedchem.1c00882,PROTAC-DB,Degradation of AR in VCaP/LNCaP cells after 24 h treatment,24.0,,VCaP,ACH-000115,Prostate,mapped,1.0
CC1(C)[C@H](NC(=O)c2ccc(N3CCN(CC4CN(c5ccc6c(c5)C(=O)N(C5CCC(=O)NC5=O)C6=O)C4)CC3)cc2)C(C)(C)[C@H]1Oc1ccc(C#N)c(Cl)c1,True,2316,AR,P10275,CRBN,CRBN,Q96SW2,LNCaP,LNCaP,5.08,8.29413628771608,1,,0,,0,1,10.1021/acs.jmedchem.1c00882,PROTAC-DB,Degradation of AR in VCaP/LNCaP cells after 24 h treatment,24.0,,LNCaP clone FGC,ACH-000977,Prostate,mapped,1.0
CC1(C)[C@H](NC(=O)c2ccc(N3CCN(C4CCN(c5ccc6c(c5)C(=O)N(C5CCC(=O)NC5=O)C6=O)CC4)CC3)cc2)C(C)(C)[C@H]1Oc1ccc(C#N)c(Cl)c1,True,2317,AR,P10275,CRBN,CRBN,Q96SW2,VCaP,VCaP,0.76,9.119186407719209,1,,0,,0,1,10.1021/acs.jmedchem.1c00882,PROTAC-DB,Degradation of AR in VCaP/LNCaP cells after 24 h treatment,24.0,,VCaP,ACH-000115,Prostate,mapped,1.0
CC1(C)[C@H](NC(=O)c2ccc(N3CCN(C4CCN(c5ccc6c(c5)C(=O)N(C5CCC(=O)NC5=O)C6=O)CC4)CC3)cc2)C(C)(C)[C@H]1Oc1ccc(C#N)c(Cl)c1,True,2317,AR,P10275,CRBN,CRBN,Q96SW2,LNCaP,LNCaP,1.41,8.85078088734462,1,,0,,0,1,10.1021/acs.jmedchem.1c00882,PROTAC-DB,Degradation of AR in VCaP/LNCaP cells after 24 h treatment,24.0,,LNCaP clone FGC,ACH-000977,Prostate,mapped,1.0
CC1(C)[C@H](NC(=O)c2ccc(N3CCN(CC4CCN(c5ccc6c(c5)C(=O)N(C5CCC(=O)NC5=O)C6=O)CC4)CC3)cc2)C(C)(C)[C@H]1Oc1ccc(C#N)c(Cl)c1,True,ARD-2128,AR,P10275,CRBN,CRBN,Q96SW2,VCaP,VCaP,0.28,9.55284196865778,1,,0,,0,1,10.1021/acs.jmedchem.1c00882,PROTAC-DB,Degradation of AR in VCaP/LNCaP cells after 24 h treatment,24.0,,VCaP,ACH-000115,Prostate,mapped,1.0
CC1(C)[C@H](NC(=O)c2ccc(N3CCN(CC4CCN(c5ccc6c(c5)C(=O)N(C5CCC(=O)NC5=O)C6=O)CC4)CC3)cc2)C(C)(C)[C@H]1Oc1ccc(C#N)c(Cl)c1,True,ARD-2128,AR,P10275,CRBN,CRBN,Q96SW2,LNCaP,LNCaP,8.3,8.080921907623926,1,,0,,0,1,10.1021/acs.jmedchem.1c00882,PROTAC-DB,Degradation of AR in VCaP/LNCaP cells after 24 h treatment,24.0,,LNCaP clone FGC,ACH-000977,Prostate,mapped,1.0
CC1(C)[C@H](NC(=O)c2ccc(N3CCC(N4CCN(c5ccc6c(c5)C(=O)N(C5CCC(=O)NC5=O)C6=O)CC4)CC3)cc2)C(C)(C)[C@H]1Oc1ccc(C#N)c(Cl)c1,True,2323,AR,P10275,CRBN,CRBN,Q96SW2,VCaP,VCaP,0.12,9.920818753952375,1,,0,,0,1,10.1021/acs.jmedchem.1c00882,PROTAC-DB,Degradation of AR in VCaP/LNCaP cells after 24 h treatment,24.0,,VCaP,ACH-000115,Prostate,mapped,1.0
CC1(C)[C@H](NC(=O)c2ccc(N3CCC(N4CCN(c5ccc6c(c5)C(=O)N(C5CCC(=O)NC5=O)C6=O)CC4)CC3)cc2)C(C)(C)[C@H]1Oc1ccc(C#N)c(Cl)c1,True,2323,AR,P10275,CRBN,CRBN,Q96SW2,LNCaP,LNCaP,1.43,8.844663962534938,1,,0,,0,1,10.1021/acs.jmedchem.1c00882,PROTAC-DB,Degradation of AR in VCaP/LNCaP cells after 24 h treatment,24.0,,LNCaP clone FGC,ACH-000977,Prostate,mapped,1.0
CC1(C)[C@H](NC(=O)c2ccc(N3CCC(CN4CCN(c5ccc6c(c5)C(=O)N(C5CCC(=O)NC5=O)C6=O)CC4)CC3)cc2)C(C)(C)[C@H]1Oc1ccc(C#N)c(Cl)c1,True,2324,AR,P10275,CRBN,CRBN,Q96SW2,VCaP,VCaP,0.38,9.42021640338319,1,,0,,0,1,10.1021/acs.jmedchem.1c00882,PROTAC-DB,Degradation of AR in VCaP/LNCaP cells after 24 h treatment,24.0,,VCaP,ACH-000115,Prostate,mapped,1.0
CC1(C)[C@H](NC(=O)c2ccc(N3CCC(CN4CCN(c5ccc6c(c5)C(=O)N(C5CCC(=O)NC5=O)C6=O)CC4)CC3)cc2)C(C)(C)[C@H]1Oc1ccc(C#N)c(Cl)c1,True,2324,AR,P10275,CRBN,CRBN,Q96SW2,LNCaP,LNCaP,3.38,8.471083299722345,1,,0,,0,1,10.1021/acs.jmedchem.1c00882,PROTAC-DB,Degradation of AR in VCaP/LNCaP cells after 24 h treatment,24.0,,LNCaP clone FGC,ACH-000977,Prostate,mapped,1.0
Cc1ncsc1-c1ccc(CNC(=O)[C@@H]2C[C@@H](O)CN2C(=O)[C@@H](NC(=O)COCCCCCOCCNC(=O)C[C@@H]2N=C(c3ccc(Cl)cc3)c3c(sc(C)c3C)-n3c(C)nnc32)C(C)(C)C)cc1,True,2338,BRD2,P25440,VHL,VHL,P40337,HEK293,HEK293,158.5,6.79997073344623,1,,0,,0,1,10.1021/acs.jmedchem.1c01496,PROTAC-DB,Degradation of BRD2 in HEK293 cells after 4 h treatment,4.0,,HEK293,,,unmapped,0.0
Cc1ncsc1-c1ccc(CNC(=O)[C@@H]2C[C@@H](O)CN2C(=O)[C@@H](NC(=O)COCCCCCOCCNC(=O)C[C@@H]2N=C(c3ccc(Cl)cc3)c3c(sc(C)c3C)-n3c(C)nnc32)C(C)(C)C)cc1,True,2338,BRD3,Q15059,VHL,VHL,P40337,HEK293,HEK293,158.5,6.79997073344623,1,,0,,0,1,10.1021/acs.jmedchem.1c01496,PROTAC-DB,Degradation of BRD3 in HEK293 cells after 4 h treatment,4.0,,HEK293,,,unmapped,0.0
Cc1ncsc1-c1ccc(CNC(=O)[C@@H]2C[C@@H](O)CN2C(=O)[C@@H](NC(=O)COCCCCCOCCNC(=O)C[C@@H]2N=C(c3ccc(Cl)cc3)c3c(sc(C)c3C)-n3c(C)nnc32)C(C)(C)C)cc1,True,2338,BRD4 long,O60885,VHL,VHL,P40337,HEK293,HEK293,125.89,6.900008766455316,1,,0,,0,1,10.1021/acs.jmedchem.1c01496,PROTAC-DB,Degradation of BRD4 long in HEK293 cells after 4 h treatment,4.0,,HEK293,,,unmapped,0.0
Cc1ncsc1-c1ccc(CNC(=O)[C@@H]2C[C@@H](O)CN2C(=O)[C@@H](NC(=O)COCCCOCCNC(=O)C[C@@H]2N=C(c3ccc(Cl)cc3)c3c(sc(C)c3C)-n3c(C)nnc32)C(C)(C)C)cc1,True,2339,BRD2,P25440,VHL,VHL,P40337,HEK293,HEK293,251.2,6.599980364934842,1,,0,,0,1,10.1021/acs.jmedchem.1c01496,PROTAC-DB,Degradation of BRD2 in HEK293 cells after 4 h treatment,4.0,,HEK293,,,unmapped,0.0
Cc1ncsc1-c1ccc(CNC(=O)[C@@H]2C[C@@H](O)CN2C(=O)[C@@H](NC(=O)COCCCOCCNC(=O)C[C@@H]2N=C(c3ccc(Cl)cc3)c3c(sc(C)c3C)-n3c(C)nnc32)C(C)(C)C)cc1,True,2339,BRD3,Q15059,VHL,VHL,P40337,HEK293,HEK293,199.5,6.700057099977233,1,,0,,0,1,10.1021/acs.jmedchem.1c01496,PROTAC-DB,Degradation of BRD3 in HEK293 cells after 4 h treatment,4.0,,HEK293,,,unmapped,0.0
Cc1ncsc1-c1ccc(CNC(=O)[C@@H]2C[C@@H](O)CN2C(=O)[C@@H](NC(=O)COCCCOCCNC(=O)C[C@@H]2N=C(c3ccc(Cl)cc3)c3c(sc(C)c3C)-n3c(C)nnc32)C(C)(C)C)cc1,True,2339,BRD4 long,O60885,VHL,VHL,P40337,HEK293,HEK293,125.89,6.900008766455316,1,,0,,0,1,10.1021/acs.jmedchem.1c01496,PROTAC-DB,Degradation of BRD4 long in HEK293 cells after 4 h treatment,4.0,,HEK293,,,unmapped,0.0
Cc1ncsc1-c1ccc(CNC(=O)[C@@H]2C[C@@H](O)CN2C(=O)[C@@H](NC(=O)COCCOCCOCCOC(=O)C[C@@H]2N=C(c3ccc(Cl)cc3)c3c(sc(C)c3C)-n3c(C)nnc32)C(C)(C)C)cc1,True,2340,BRD2,P25440,VHL,VHL,P40337,HEK293,HEK293,125.9,6.899974269892137,1,,0,,0,1,10.1021/acs.jmedchem.1c01496,PROTAC-DB,Degradation of BRD2 in HEK293 cells after 4 h treatment,4.0,,HEK293,,,unmapped,0.0
Cc1ncsc1-c1ccc(CNC(=O)[C@@H]2C[C@@H](O)CN2C(=O)[C@@H](NC(=O)COCCOCCOCCOC(=O)C[C@@H]2N=C(c3ccc(Cl)cc3)c3c(sc(C)c3C)-n3c(C)nnc32)C(C)(C)C)cc1,True,2340,BRD3,Q15059,VHL,VHL,P40337,HEK293,HEK293,199.5,6.700057099977233,1,,0,,0,1,10.1021/acs.jmedchem.1c01496,PROTAC-DB,Degradation of BRD3 in HEK293 cells after 4 h treatment,4.0,,HEK293,,,unmapped,0.0
Cc1ncsc1-c1ccc(CNC(=O)[C@@H]2C[C@@H](O)CN2C(=O)[C@@H](NC(=O)COCCOCCOCCOC(=O)C[C@@H]2N=C(c3ccc(Cl)cc3)c3c(sc(C)c3C)-n3c(C)nnc32)C(C)(C)C)cc1,True,2340,BRD4 long,O60885,VHL,VHL,P40337,HEK293,HEK293,39.81,7.400007822415902,1,,0,,0,1,10.1021/acs.jmedchem.1c01496,PROTAC-DB,Degradation of BRD4 long in HEK293 cells after 4 h treatment,4.0,,HEK293,,,unmapped,0.0
Cc1ncsc1-c1ccc([C@H](C)NC(=O)[C@@H]2C[C@@H](O)CN2C(=O)[C@@H](NC(=O)COCCCOCCOC(=O)C[C@@H]2N=C(c3ccc(Cl)cc3)c3c(sc(C)c3C)-n3c(C)nnc32)C(C)(C)C)cc1,True,2341,BRD2,P25440,VHL,VHL,P40337,HEK293,HEK293,1.3,8.886056647693163,1,,0,,0,1,10.1021/acs.jmedchem.1c01496,PROTAC-DB,Degradation of BRD2 in HEK293 cells after 4 h treatment,4.0,,HEK293,,,unmapped,0.0
Cc1ncsc1-c1ccc([C@H](C)NC(=O)[C@@H]2C[C@@H](O)CN2C(=O)[C@@H](NC(=O)COCCCOCCOC(=O)C[C@@H]2N=C(c3ccc(Cl)cc3)c3c(sc(C)c3C)-n3c(C)nnc32)C(C)(C)C)cc1,True,2341,BRD3,Q15059,VHL,VHL,P40337,HEK293,HEK293,4.0,8.397940008672037,1,,0,,0,1,10.1021/acs.jmedchem.1c01496,PROTAC-DB,Degradation of BRD3 in HEK293 cells after 4 h treatment,4.0,,HEK293,,,unmapped,0.0
Cc1ncsc1-c1ccc([C@H](C)NC(=O)[C@@H]2C[C@@H](O)CN2C(=O)[C@@H](NC(=O)COCCCOCCOC(=O)C[C@@H]2N=C(c3ccc(Cl)cc3)c3c(sc(C)c3C)-n3c(C)nnc32)C(C)(C)C)cc1,True,2341,BRD4 long,O60885,VHL,VHL,P40337,HEK293,HEK293,6.31,8.199970640755867,1,,0,,0,1,10.1021/acs.jmedchem.1c01496,PROTAC-DB,Degradation of BRD4 long in HEK293 cells after 4 h treatment,4.0,,HEK293,,,unmapped,0.0
Cc1ncsc1-c1ccc(CNC(=O)[C@@H]2C[C@@H](O)CN2C(=O)[C@@H](NC(=O)COCCCCCOCCOC(=O)C[C@@H]2N=C(c3ccc(Cl)cc3)c3c(sc(C)c3C)-n3c(C)nnc32)C(C)(C)C)cc1,True,2342,BRD2,P25440,VHL,VHL,P40337,HEK293,HEK293,79.4,7.100179497572904,1,,0,,0,1,10.1021/acs.jmedchem.1c01496,PROTAC-DB,Degradation of BRD2 in HEK293 cells after 4 h treatment,4.0,,HEK293,,,unmapped,0.0
Cc1ncsc1-c1ccc(CNC(=O)[C@@H]2C[C@@H](O)CN2C(=O)[C@@H](NC(=O)COCCCCCOCCOC(=O)C[C@@H]2N=C(c3ccc(Cl)cc3)c3c(sc(C)c3C)-n3c(C)nnc32)C(C)(C)C)cc1,True,2342,BRD3,Q15059,VHL,VHL,P40337,HEK293,HEK293,100.0,7.0,1,,0,,0,1,10.1021/acs.jmedchem.1c01496,PROTAC-DB,Degradation of BRD3 in HEK293 cells after 4 h treatment,4.0,,HEK293,,,unmapped,0.0
Cc1ncsc1-c1ccc(CNC(=O)[C@@H]2C[C@@H](O)CN2C(=O)[C@@H](NC(=O)COCCCCCOCCOC(=O)C[C@@H]2N=C(c3ccc(Cl)cc3)c3c(sc(C)c3C)-n3c(C)nnc32)C(C)(C)C)cc1,True,2342,BRD4 long,O60885,VHL,VHL,P40337,HEK293,HEK293,63.1,7.199970640755866,1,,0,,0,1,10.1021/acs.jmedchem.1c01496,PROTAC-DB,Degradation of BRD4 long in HEK293 cells after 4 h treatment,4.0,,HEK293,,,unmapped,0.0
Cc1ncsc1-c1ccc(CNC(=O)[C@@H]2C[C@@H](O)CN2C(=O)[C@@H](NC(=O)COCCCOCCOC(=O)C[C@@H]2N=C(c3ccc(Cl)cc3)c3c(sc(C)c3C)-n3c(C)nnc32)C(C)(C)C)cc1,True,2343,BRD2,P25440,VHL,VHL,P40337,HEK293,HEK293,63.1,7.199970640755866,1,,0,,0,1,10.1021/acs.jmedchem.1c01496,PROTAC-DB,Degradation of BRD2 in HEK293 cells after 4 h treatment,4.0,,HEK293,,,unmapped,0.0
Cc1ncsc1-c1ccc(CNC(=O)[C@@H]2C[C@@H](O)CN2C(=O)[C@@H](NC(=O)COCCCOCCOC(=O)C[C@@H]2N=C(c3ccc(Cl)cc3)c3c(sc(C)c3C)-n3c(C)nnc32)C(C)(C)C)cc1,True,2343,BRD3,Q15059,VHL,VHL,P40337,HEK293,HEK293,63.1,7.199970640755866,1,,0,,0,1,10.1021/acs.jmedchem.1c01496,PROTAC-DB,Degradation of BRD3 in HEK293 cells after 4 h treatment,4.0,,HEK293,,,unmapped,0.0
Cc1ncsc1-c1ccc(CNC(=O)[C@@H]2C[C@@H](O)CN2C(=O)[C@@H](NC(=O)COCCCOCCOC(=O)C[C@@H]2N=C(c3ccc(Cl)cc3)c3c(sc(C)c3C)-n3c(C)nnc32)C(C)(C)C)cc1,True,2343,BRD4 long,O60885,VHL,VHL,P40337,HEK293,HEK293,31.62,7.50003813440381,1,,0,,0,1,10.1021/acs.jmedchem.1c01496,PROTAC-DB,Degradation of BRD4 long in HEK293 cells after 4 h treatment,4.0,,HEK293,,,unmapped,0.0
CCC(=O)N[C@H]1CC[C@@H](n2c(=O)cc(C)c3cnc(Nc4ccc(N5CCN(CCOCCC(=O)N[C@@H](C(=O)N6C[C@H](O)C[C@H]6C(=O)NCc6ccc(-c7scnc7C)cc6)C(C)(C)C)CC5)cc4OC)nc32)CC1,True,2344,TTK,P33981,VHL,VHL,P40337,HCT-116,HCT 116,1000.0,6.0,1,,0,,0,1,10.1021/acs.jmedchem.1c01768,PROTAC-DB,Degradation of TTK in HCT-116 cells after 6 h treatment,6.0,,HCT 116,ACH-000971,Bowel,mapped,1.0
CCC(=O)N[C@H]1CC[C@@H](n2c(=O)cc(C)c3cnc(Nc4ccc(N5CCN(CCCCOCCC(=O)N[C@@H](C(=O)N6C[C@H](O)C[C@H]6C(=O)NCc6ccc(-c7scnc7C)cc6)C(C)(C)C)CC5)cc4OC)nc32)CC1,True,2345,TTK,P33981,VHL,VHL,P40337,HCT-116,HCT 116,1000.0,6.0,1,,0,,0,1,10.1021/acs.jmedchem.1c01768,PROTAC-DB,Degradation of TTK in HCT-116 cells after 6 h treatment,6.0,,HCT 116,ACH-000971,Bowel,mapped,1.0
CCC(=O)N[C@H]1CC[C@@H](n2c(=O)cc(C)c3cnc(Nc4ccc(N5CCN(CCCCCCOCCC(=O)N[C@@H](C(=O)N6C[C@H](O)C[C@H]6C(=O)NCc6ccc(-c7scnc7C)cc6)C(C)(C)C)CC5)cc4OC)nc32)CC1,True,2346,TTK,P33981,VHL,VHL,P40337,HCT-116,HCT 116,1000.0,6.0,1,,0,,0,1,10.1021/acs.jmedchem.1c01768,PROTAC-DB,Degradation of TTK in HCT-116 cells after 6 h treatment,6.0,,HCT 116,ACH-000971,Bowel,mapped,1.0
CCC(=O)N[C@H]1CC[C@@H](n2c(=O)cc(C)c3cnc(Nc4ccc(N5CCN(CCCCCCCCOCCC(=O)N[C@@H](C(=O)N6C[C@H](O)C[C@H]6C(=O)NCc6ccc(-c7scnc7C)cc6)C(C)(C)C)CC5)cc4OC)nc32)CC1,True,2347,TTK,P33981,VHL,VHL,P40337,HCT-116,HCT 116,1000.0,6.0,1,,0,,0,1,10.1021/acs.jmedchem.1c01768,PROTAC-DB,Degradation of TTK in HCT-116 cells after 6 h treatment,6.0,,HCT 116,ACH-000971,Bowel,mapped,1.0
CCC(=O)N[C@H]1CC[C@@H](n2c(=O)cc(C)c3cnc(Nc4ccc(N5CCN(C(=O)CCCC#Cc6cccc7c6CN(C6CCC(=O)NC6=O)C7=O)CC5)cc4OC)nc32)CC1,True,2348,TTK,P33981,CRBN,CRBN,Q96SW2,COLO-205,COLO 205,598.7,6.222790741854315,1,28.0,1,0.0,1,1,10.1021/acs.jmedchem.1c01768,PROTAC-DB,Degradation of TTK in COLO-205/HCT-116 cells after 6 h treatment,6.0,,COLO 205,ACH-001039,Bowel,mapped,0.0
CCC(=O)N[C@H]1CC[C@@H](n2c(=O)cc(C)c3cnc(Nc4ccc(N5CCN(C(=O)CCCC#Cc6cccc7c6CN(C6CCC(=O)NC6=O)C7=O)CC5)cc4OC)nc32)CC1,True,2348,TTK,P33981,CRBN,CRBN,Q96SW2,HCT-116,HCT 116,1000.0,6.0,1,43.0,1,0.0,1,1,10.1021/acs.jmedchem.1c01768,PROTAC-DB,Degradation of TTK in COLO-205/HCT-116 cells after 6 h treatment,6.0,,HCT 116,ACH-000971,Bowel,mapped,1.0
CCC(=O)N[C@H]1CC[C@@H](n2c(=O)cc(C)c3cnc(Nc4ccc(N5CCN(C(=O)CCCCCC#Cc6cccc7c6CN(C6CCC(=O)NC6=O)C7=O)CC5)cc4OC)nc32)CC1,True,2349,TTK,P33981,CRBN,CRBN,Q96SW2,COLO-205,COLO 205,4.97,8.303643611266669,1,76.0,1,1.0,1,1,10.1021/acs.jmedchem.1c01768,PROTAC-DB,Degradation of TTK in COLO-205/HCT-116 cells after 6 h treatment,6.0,,COLO 205,ACH-001039,Bowel,mapped,0.0
CCC(=O)N[C@H]1CC[C@@H](n2c(=O)cc(C)c3cnc(Nc4ccc(N5CCN(C(=O)CCCCCC#Cc6cccc7c6CN(C6CCC(=O)NC6=O)C7=O)CC5)cc4OC)nc32)CC1,True,2349,TTK,P33981,CRBN,CRBN,Q96SW2,HCT-116,HCT 116,20.3,7.692503962086787,1,50.0,1,0.0,1,1,10.1021/acs.jmedchem.1c01768,PROTAC-DB,Degradation of TTK in COLO-205/HCT-116 cells after 6 h treatment,6.0,,HCT 116,ACH-000971,Bowel,mapped,1.0
CCC(=O)N[C@H]1CC[C@@H](n2c(=O)cc(C)c3cnc(Nc4ccc(N5CCN(C(=O)CCCCCCCC#Cc6cccc7c6CN(C6CCC(=O)NC6=O)C7=O)CC5)cc4OC)nc32)CC1,True,2350,TTK,P33981,CRBN,CRBN,Q96SW2,COLO-205,COLO 205,7.05,8.1518108830086,1,84.0,1,1.0,1,1,10.1021/acs.jmedchem.1c01768,PROTAC-DB,Degradation of TTK in COLO-205/HCT-116 cells after 6 h treatment,6.0,,COLO 205,ACH-001039,Bowel,mapped,0.0
CCC(=O)N[C@H]1CC[C@@H](n2c(=O)cc(C)c3cnc(Nc4ccc(N5CCN(C(=O)CCCCCCCC#Cc6cccc7c6CN(C6CCC(=O)NC6=O)C7=O)CC5)cc4OC)nc32)CC1,True,2350,TTK,P33981,CRBN,CRBN,Q96SW2,HCT-116,HCT 116,58.1,7.235823867609669,1,53.0,1,0.0,1,1,10.1021/acs.jmedchem.1c01768,PROTAC-DB,Degradation of TTK in COLO-205/HCT-116 cells after 6 h treatment,6.0,,HCT 116,ACH-000971,Bowel,mapped,1.0
CCC(=O)N[C@H]1CC[C@@H](n2c(=O)cc(C)c3cnc(Nc4ccc(N5CCN(C(=O)CCCCCCCCCC#Cc6cccc7c6CN(C6CCC(=O)NC6=O)C7=O)CC5)cc4OC)nc32)CC1,True,2351,TTK,P33981,CRBN,CRBN,Q96SW2,COLO-205,COLO 205,2.25,8.647817481888637,1,87.0,1,1.0,1,1,10.1021/acs.jmedchem.1c01768,PROTAC-DB,Degradation of TTK in COLO-205/HCT-116 cells after 6 h treatment,6.0,,COLO 205,ACH-001039,Bowel,mapped,0.0
CCC(=O)N[C@H]1CC[C@@H](n2c(=O)cc(C)c3cnc(Nc4ccc(N5CCN(C(=O)CCCCCCCCCC#Cc6cccc7c6CN(C6CCC(=O)NC6=O)C7=O)CC5)cc4OC)nc32)CC1,True,2351,TTK,P33981,CRBN,CRBN,Q96SW2,HCT-116,HCT 116,49.6,7.304518323509803,1,66.0,1,1.0,1,1,10.1021/acs.jmedchem.1c01768,PROTAC-DB,Degradation of TTK in COLO-205/HCT-116 cells after 6 h treatment,6.0,,HCT 116,ACH-000971,Bowel,mapped,1.0
CCC(=O)N[C@H]1CC[C@@H](n2c(=O)cc(C)c3cnc(Nc4ccc(N5CCN(C(=O)CCCC#Cc6ccc7c(c6)CN(C6CCC(=O)NC6=O)C7=O)CC5)cc4OC)nc32)CC1,True,2352,TTK,P33981,CRBN,CRBN,Q96SW2,COLO-205,COLO 205,1.75,8.756961951313706,1,88.0,1,1.0,1,1,10.1021/acs.jmedchem.1c01768,PROTAC-DB,Degradation of TTK in COLO-205/HCT-116 cells after 6 h treatment,6.0,,COLO 205,ACH-001039,Bowel,mapped,0.0
CCC(=O)N[C@H]1CC[C@@H](n2c(=O)cc(C)c3cnc(Nc4ccc(N5CCN(C(=O)CCCC#Cc6ccc7c(c6)CN(C6CCC(=O)NC6=O)C7=O)CC5)cc4OC)nc32)CC1,True,2352,TTK,P33981,CRBN,CRBN,Q96SW2,HCT-116,HCT 116,5.8,8.236572006437063,1,80.0,1,1.0,1,1,10.1021/acs.jmedchem.1c01768,PROTAC-DB,Degradation of TTK in COLO-205/HCT-116 cells after 6 h treatment,6.0,,HCT 116,ACH-000971,Bowel,mapped,1.0
CCC(=O)N[C@H]1CC[C@@H](n2c(=O)cc(C)c3cnc(Nc4ccc(N5CCN(C(=O)CCCCCC#Cc6ccc7c(c6)CN(C6CCC(=O)NC6=O)C7=O)CC5)cc4OC)nc32)CC1,True,2353,TTK,P33981,CRBN,CRBN,Q96SW2,COLO-205,COLO 205,1.55,8.809668301829708,1,86.0,1,1.0,1,1,10.1021/acs.jmedchem.1c01768,PROTAC-DB,Degradation of TTK in COLO-205/HCT-116 cells after 6 h treatment,6.0,,COLO 205,ACH-001039,Bowel,mapped,0.0
CCC(=O)N[C@H]1CC[C@@H](n2c(=O)cc(C)c3cnc(Nc4ccc(N5CCN(C(=O)CCCCCC#Cc6ccc7c(c6)CN(C6CCC(=O)NC6=O)C7=O)CC5)cc4OC)nc32)CC1,True,2353,TTK,P33981,CRBN,CRBN,Q96SW2,HCT-116,HCT 116,35.0,7.455931955649724,1,61.0,1,1.0,1,1,10.1021/acs.jmedchem.1c01768,PROTAC-DB,Degradation of TTK in COLO-205/HCT-116 cells after 6 h treatment,6.0,,HCT 116,ACH-000971,Bowel,mapped,1.0
CCC(=O)N[C@H]1CC[C@@H](n2c(=O)cc(C)c3cnc(Nc4ccc(N5CCN(C(=O)CCCCCCCC#Cc6ccc7c(c6)CN(C6CCC(=O)NC6=O)C7=O)CC5)cc4OC)nc32)CC1,True,2354,TTK,P33981,CRBN,CRBN,Q96SW2,COLO-205,COLO 205,3.04,8.517126416391246,1,85.0,1,1.0,1,1,10.1021/acs.jmedchem.1c01768,PROTAC-DB,Degradation of TTK in COLO-205/HCT-116 cells after 6 h treatment,6.0,,COLO 205,ACH-001039,Bowel,mapped,0.0
CCC(=O)N[C@H]1CC[C@@H](n2c(=O)cc(C)c3cnc(Nc4ccc(N5CCN(C(=O)CCCCCCCC#Cc6ccc7c(c6)CN(C6CCC(=O)NC6=O)C7=O)CC5)cc4OC)nc32)CC1,True,2354,TTK,P33981,CRBN,CRBN,Q96SW2,HCT-116,HCT 116,663.0,6.178486471595227,1,50.0,1,0.0,1,1,10.1021/acs.jmedchem.1c01768,PROTAC-DB,Degradation of TTK in COLO-205/HCT-116 cells after 6 h treatment,6.0,,HCT 116,ACH-000971,Bowel,mapped,1.0
CCC(=O)N[C@H]1CC[C@@H](n2c(=O)cc(C)c3cnc(Nc4ccc(N5CCN(C(=O)CCCCCCCCCC#Cc6ccc7c(c6)CN(C6CCC(=O)NC6=O)C7=O)CC5)cc4OC)nc32)CC1,True,2355,TTK,P33981,CRBN,CRBN,Q96SW2,COLO-205,COLO 205,5.6,8.2518119729938,1,85.0,1,1.0,1,1,10.1021/acs.jmedchem.1c01768,PROTAC-DB,Degradation of TTK in COLO-205/HCT-116 cells after 6 h treatment,6.0,,COLO 205,ACH-001039,Bowel,mapped,0.0
CCC(=O)N[C@H]1CC[C@@H](n2c(=O)cc(C)c3cnc(Nc4ccc(N5CCN(C(=O)CCCCCCCCCC#Cc6ccc7c(c6)CN(C6CCC(=O)NC6=O)C7=O)CC5)cc4OC)nc32)CC1,True,2355,TTK,P33981,CRBN,CRBN,Q96SW2,HCT-116,HCT 116,30.2,7.519993057042849,1,83.0,1,1.0,1,1,10.1021/acs.jmedchem.1c01768,PROTAC-DB,Degradation of TTK in COLO-205/HCT-116 cells after 6 h treatment,6.0,,HCT 116,ACH-000971,Bowel,mapped,1.0
CCC(=O)N[C@H]1CC[C@@H](n2c(=O)cc(C)c3cnc(Nc4ccc(N5CCN(C(=O)CCCC#Cc6ccc7c(c6)C(=O)N(C6CCC(=O)NC6=O)C7)CC5)cc4OC)nc32)CC1,True,2356,TTK,P33981,CRBN,CRBN,Q96SW2,COLO-205,COLO 205,3.31,8.480172006224281,1,77.0,1,1.0,1,1,10.1021/acs.jmedchem.1c01768,PROTAC-DB,Degradation of TTK in COLO-205/HCT-116 cells after 6 h treatment,6.0,,COLO 205,ACH-001039,Bowel,mapped,0.0
CCC(=O)N[C@H]1CC[C@@H](n2c(=O)cc(C)c3cnc(Nc4ccc(N5CCN(C(=O)CCCC#Cc6ccc7c(c6)C(=O)N(C6CCC(=O)NC6=O)C7)CC5)cc4OC)nc32)CC1,True,2356,TTK,P33981,CRBN,CRBN,Q96SW2,HCT-116,HCT 116,25.4,7.595166283380062,1,57.0,1,0.0,1,1,10.1021/acs.jmedchem.1c01768,PROTAC-DB,Degradation of TTK in COLO-205/HCT-116 cells after 6 h treatment,6.0,,HCT 116,ACH-000971,Bowel,mapped,1.0
CCC(=O)N[C@H]1CC[C@@H](n2c(=O)cc(C)c3cnc(Nc4ccc(N5CCN(C(=O)CCCCCC#Cc6ccc7c(c6)C(=O)N(C6CCC(=O)NC6=O)C7)CC5)cc4OC)nc32)CC1,True,2357,TTK,P33981,CRBN,CRBN,Q96SW2,COLO-205,COLO 205,3.15,8.5016894462104,1,82.0,1,1.0,1,1,10.1021/acs.jmedchem.1c01768,PROTAC-DB,Degradation of TTK in COLO-205/HCT-116 cells after 6 h treatment,6.0,,COLO 205,ACH-001039,Bowel,mapped,0.0
CCC(=O)N[C@H]1CC[C@@H](n2c(=O)cc(C)c3cnc(Nc4ccc(N5CCN(C(=O)CCCCCC#Cc6ccc7c(c6)C(=O)N(C6CCC(=O)NC6=O)C7)CC5)cc4OC)nc32)CC1,True,2357,TTK,P33981,CRBN,CRBN,Q96SW2,HCT-116,HCT 116,12.4,7.906578314837765,1,77.0,1,1.0,1,1,10.1021/acs.jmedchem.1c01768,PROTAC-DB,Degradation of TTK in COLO-205/HCT-116 cells after 6 h treatment,6.0,,HCT 116,ACH-000971,Bowel,mapped,1.0
CCC(=O)N[C@H]1CC[C@@H](n2c(=O)cc(C)c3cnc(Nc4ccc(N5CCN(C(=O)CCCCCCCC#Cc6ccc7c(c6)C(=O)N(C6CCC(=O)NC6=O)C7)CC5)cc4OC)nc32)CC1,True,2358,TTK,P33981,CRBN,CRBN,Q96SW2,COLO-205,COLO 205,7.03,8.153044674980176,1,84.0,1,1.0,1,1,10.1021/acs.jmedchem.1c01768,PROTAC-DB,Degradation of TTK in COLO-205/HCT-116 cells after 6 h treatment,6.0,,COLO 205,ACH-001039,Bowel,mapped,0.0
CCC(=O)N[C@H]1CC[C@@H](n2c(=O)cc(C)c3cnc(Nc4ccc(N5CCN(C(=O)CCCCCCCC#Cc6ccc7c(c6)C(=O)N(C6CCC(=O)NC6=O)C7)CC5)cc4OC)nc32)CC1,True,2358,TTK,P33981,CRBN,CRBN,Q96SW2,HCT-116,HCT 116,161.0,6.79317412396815,1,43.0,1,0.0,1,1,10.1021/acs.jmedchem.1c01768,PROTAC-DB,Degradation of TTK in COLO-205/HCT-116 cells after 6 h treatment,6.0,,HCT 116,ACH-000971,Bowel,mapped,1.0
CCC(=O)N[C@H]1CC[C@@H](n2c(=O)cc(C)c3cnc(Nc4ccc(N5CCN(C(=O)CCCCCCCCCC#Cc6ccc7c(c6)C(=O)N(C6CCC(=O)NC6=O)C7)CC5)cc4OC)nc32)CC1,True,2359,TTK,P33981,CRBN,CRBN,Q96SW2,COLO-205,COLO 205,19.09,7.719194071606333,1,87.0,1,1.0,1,1,10.1021/acs.jmedchem.1c01768,PROTAC-DB,Degradation of TTK in COLO-205/HCT-116 cells after 6 h treatment,6.0,,COLO 205,ACH-001039,Bowel,mapped,0.0
CCC(=O)N[C@H]1CC[C@@H](n2c(=O)cc(C)c3cnc(Nc4ccc(N5CCN(C(=O)CCCCCCCCCC#Cc6ccc7c(c6)C(=O)N(C6CCC(=O)NC6=O)C7)CC5)cc4OC)nc32)CC1,True,2359,TTK,P33981,CRBN,CRBN,Q96SW2,HCT-116,HCT 116,74.5,7.127843727251707,1,66.0,1,1.0,1,1,10.1021/acs.jmedchem.1c01768,PROTAC-DB,Degradation of TTK in COLO-205/HCT-116 cells after 6 h treatment,6.0,,HCT 116,ACH-000971,Bowel,mapped,1.0
CCC(=O)N[C@H]1CC[C@@H](n2c(=O)cc(C)c3cnc(Nc4ccc(N5CCN(C(=O)CCCC#Cc6cccc7c6C(=O)N(C6CCC(=O)NC6=O)C7)CC5)cc4OC)nc32)CC1,True,2360,TTK,P33981,CRBN,CRBN,Q96SW2,COLO-205,COLO 205,30.28,7.518844129171965,1,64.0,1,1.0,1,1,10.1021/acs.jmedchem.1c01768,PROTAC-DB,Degradation of TTK in COLO-205/HCT-116 cells after 6 h treatment,6.0,,COLO 205,ACH-001039,Bowel,mapped,0.0
CCC(=O)N[C@H]1CC[C@@H](n2c(=O)cc(C)c3cnc(Nc4ccc(N5CCN(C(=O)CCCC#Cc6cccc7c6C(=O)N(C6CCC(=O)NC6=O)C7)CC5)cc4OC)nc32)CC1,True,2360,TTK,P33981,CRBN,CRBN,Q96SW2,HCT-116,HCT 116,1000.0,6.0,1,28.0,1,0.0,1,1,10.1021/acs.jmedchem.1c01768,PROTAC-DB,Degradation of TTK in COLO-205/HCT-116 cells after 6 h treatment,6.0,,HCT 116,ACH-000971,Bowel,mapped,1.0
CCC(=O)N[C@H]1CC[C@@H](n2c(=O)cc(C)c3cnc(Nc4ccc(N5CCN(C(=O)CCCCCC#Cc6cccc7c6C(=O)N(C6CCC(=O)NC6=O)C7)CC5)cc4OC)nc32)CC1,True,2361,TTK,P33981,CRBN,CRBN,Q96SW2,COLO-205,COLO 205,31.35,7.503762454833264,1,72.0,1,1.0,1,1,10.1021/acs.jmedchem.1c01768,PROTAC-DB,Degradation of TTK in COLO-205/HCT-116 cells after 6 h treatment,6.0,,COLO 205,ACH-001039,Bowel,mapped,0.0
CCC(=O)N[C@H]1CC[C@@H](n2c(=O)cc(C)c3cnc(Nc4ccc(N5CCN(C(=O)CCCCCC#Cc6cccc7c6C(=O)N(C6CCC(=O)NC6=O)C7)CC5)cc4OC)nc32)CC1,True,2361,TTK,P33981,CRBN,CRBN,Q96SW2,HCT-116,HCT 116,1000.0,6.0,1,41.0,1,0.0,1,1,10.1021/acs.jmedchem.1c01768,PROTAC-DB,Degradation of TTK in COLO-205/HCT-116 cells after 6 h treatment,6.0,,HCT 116,ACH-000971,Bowel,mapped,1.0
CCC(=O)N[C@H]1CC[C@@H](n2c(=O)cc(C)c3cnc(Nc4ccc(N5CCN(C(=O)CCCCCCCC#Cc6cccc7c6C(=O)N(C6CCC(=O)NC6=O)C7)CC5)cc4OC)nc32)CC1,True,2362,TTK,P33981,CRBN,CRBN,Q96SW2,COLO-205,COLO 205,46.0,7.337242168318426,1,73.0,1,1.0,1,1,10.1021/acs.jmedchem.1c01768,PROTAC-DB,Degradation of TTK in COLO-205/HCT-116 cells after 6 h treatment,6.0,,COLO 205,ACH-001039,Bowel,mapped,0.0
CCC(=O)N[C@H]1CC[C@@H](n2c(=O)cc(C)c3cnc(Nc4ccc(N5CCN(C(=O)CCCCCCCC#Cc6cccc7c6C(=O)N(C6CCC(=O)NC6=O)C7)CC5)cc4OC)nc32)CC1,True,2362,TTK,P33981,CRBN,CRBN,Q96SW2,HCT-116,HCT 116,496.0,6.304518323509803,1,37.0,1,0.0,1,1,10.1021/acs.jmedchem.1c01768,PROTAC-DB,Degradation of TTK in COLO-205/HCT-116 cells after 6 h treatment,6.0,,HCT 116,ACH-000971,Bowel,mapped,1.0
CCC(=O)N[C@H]1CC[C@@H](n2c(=O)cc(C)c3cnc(Nc4ccc(N5CCN(C(=O)CCCCCCCCCC#Cc6cccc7c6C(=O)N(C6CCC(=O)NC6=O)C7)CC5)cc4OC)nc32)CC1,True,2363,TTK,P33981,CRBN,CRBN,Q96SW2,COLO-205,COLO 205,21.71,7.66334017654558,1,88.0,1,1.0,1,1,10.1021/acs.jmedchem.1c01768,PROTAC-DB,Degradation of TTK in COLO-205/HCT-116 cells after 6 h treatment,6.0,,COLO 205,ACH-001039,Bowel,mapped,0.0
CCC(=O)N[C@H]1CC[C@@H](n2c(=O)cc(C)c3cnc(Nc4ccc(N5CCN(C(=O)CCCCCCCCCC#Cc6cccc7c6C(=O)N(C6CCC(=O)NC6=O)C7)CC5)cc4OC)nc32)CC1,True,2363,TTK,P33981,CRBN,CRBN,Q96SW2,HCT-116,HCT 116,1000.0,6.0,1,13.0,1,0.0,1,1,10.1021/acs.jmedchem.1c01768,PROTAC-DB,Degradation of TTK in COLO-205/HCT-116 cells after 6 h treatment,6.0,,HCT 116,ACH-000971,Bowel,mapped,1.0
CN[C@@H](C)C(=O)N[C@H](C(=O)N1CCC[C@H]1c1nc(C(=O)c2ccc(F)cc2)cs1)C1CCN(C(=O)c2cnc(N3CCN(CCCOc4cc5ncnc(Nc6n[nH]c(C)c6C)c5cc4S(=O)(=O)C(C)(C)C)CC3)cn2)CC1,True,2376,RIPK2,O43353,IAP,"BIRC2,BIRC3",P98170,THP1,PSC-THP1,0.13,9.886056647693163,1,,0,,0,1,10.1021/acs.jmedchem.1c01118,PROTAC-DB,Degradation of RIPK2 in THP1 cells after 18 h treatment,18.0,,THP-1,ACH-000146,Myeloid,mapped,1.0
CN[C@@H](C)C(=O)N[C@H](C(=O)N1C[C@@H](NC(=O)c2cnc(N3CCN(CCCOc4cc5ncnc(Nc6n[nH]c(C)c6C)c5cc4S(=O)(=O)C(C)(C)C)CC3)cn2)C[C@H]1C(=O)N[C@@H]1CCCc2ccccc21)C(C)(C)C,True,2377,RIPK2,O43353,IAP,"BIRC2,BIRC3",P98170,THP1,PSC-THP1,0.16,9.795880017344075,1,,0,,0,1,10.1021/acs.jmedchem.1c01118,PROTAC-DB,Degradation of RIPK2 in THP1 cells after 18 h treatment,18.0,,THP-1,ACH-000146,Myeloid,mapped,1.0
CN[C@@H](C)C(=O)N[C@H]1CN(C(=O)c2cnc(N3CCN(CCCOc4cc5ncnc(Nc6n[nH]c(C)c6C)c5cc4S(=O)(=O)C(C)(C)C)CC3)cn2)CC[C@H]2CC[C@@H](C(=O)N[C@@H]3CCCc4ccccc43)N2C1=O,True,2378,RIPK2,O43353,IAP,"BIRC2,BIRC3",P98170,THP1,PSC-THP1,0.1,10.0,1,,0,,0,1,10.1021/acs.jmedchem.1c01118,PROTAC-DB,Degradation of RIPK2 in THP1 cells after 18 h treatment,18.0,,THP-1,ACH-000146,Myeloid,mapped,1.0
Cc1n[nH]c(Nc2ncnc3cc(OCCCN4CCN(C(=O)c5cnc(N6CCN(C[C@H]7CN[C@H](C)CN7CC(=O)N7CC(C)(C)c8c7cc(Cc7ccc(F)cc7)c(=O)n8C)[C@H](C)C6)nc5)CC4)c(S(=O)(=O)C(C)(C)C)cc23)c1C,True,2379,RIPK2,O43353,IAP,"BIRC2,BIRC3",P98170,THP1,PSC-THP1,0.05,10.301029995663981,1,,0,,0,1,10.1021/acs.jmedchem.1c01118,PROTAC-DB,Degradation of RIPK2 in THP1 cells after 18 h treatment,18.0,,THP-1,ACH-000146,Myeloid,mapped,1.0
Cc1n[nH]c(Nc2ncnc3cc(OCCCN4CCN(C(=O)c5cnc(N6CCN(C[C@H]7CN[C@H](C)CN7CC(=O)N7CC(C)(C)c8ncc(Cc9ccc(F)cc9)cc87)[C@H](C)C6)nc5)CC4)c(S(=O)(=O)C(C)(C)C)cc23)c1C,True,2380,RIPK2,O43353,IAP,"BIRC2,BIRC3",P98170,THP1,PSC-THP1,0.16,9.795880017344075,1,,0,,0,1,10.1021/acs.jmedchem.1c01118,PROTAC-DB,Degradation of RIPK2 in THP1 cells after 18 h treatment,18.0,,THP-1,ACH-000146,Myeloid,mapped,1.0
Cc1ncsc1-c1ccc([C@H](C)NC(=O)[C@@H]2C[C@@H](O)CN2C(=O)[C@@H](NC(=O)CCCCCCCCC(=O)NCC2(C)CCC(c3ccc(Cl)cc3)=C(CN3CCN(c4ccc(C(=O)NS(=O)(=O)c5ccc(N[C@H](CCN6CCOCC6)CSc6ccccc6)c(S(=O)(=O)C(F)(F)F)c5)cc4)CC3)C2)C(C)(C)C)cc1,True,PP5,BCL-xL,Q07817,VHL,VHL,P40337,MOLT-4,MOLT-4,31.6,7.500312917381596,1,,0,,0,1,10.1021/acs.jmedchem.1c00517,PROTAC-DB,Degradation of BCL-xL in MOLT-4/RS4;11 cells after 16 h treatment,16.0,,MOLT-4,ACH-001127,Lymphoid,mapped,0.0
Cc1ncsc1-c1ccc([C@H](C)NC(=O)[C@@H]2C[C@@H](O)CN2C(=O)[C@@H](NC(=O)CCCCCCCCC(=O)NCC2(C)CCC(c3ccc(Cl)cc3)=C(CN3CCN(c4ccc(C(=O)NS(=O)(=O)c5ccc(N[C@H](CCN6CCOCC6)CSc6ccccc6)c(S(=O)(=O)C(F)(F)F)c5)cc4)CC3)C2)C(C)(C)C)cc1,True,PP5,BCL-xL,Q07817,VHL,VHL,P40337,RS4;11,RS4;11,22.6,7.645891560852599,1,,0,,0,1,10.1021/acs.jmedchem.1c00517,PROTAC-DB,Degradation of BCL-xL in MOLT-4/RS4;11 cells after 16 h treatment,16.0,,RS4;11,ACH-000874,Lymphoid,mapped,1.0
Cc1ncsc1-c1ccc([C@H](C)NC(=O)[C@@H]2C[C@@H](O)CN2C(=O)[C@@H](NC(=O)CCCCCCCCC(=O)NC[C@@]2(C)CCC(c3ccc(Cl)cc3)=C(CN3CCN(c4ccc(C(=O)NS(=O)(=O)c5ccc(N[C@H](CCN6CCOCC6)CSc6ccccc6)c(S(=O)(=O)C(F)(F)F)c5)cc4)CC3)C2)C(C)(C)C)cc1,True,PZ703a,BCL-xL,Q07817,VHL,VHL,P40337,MOLT-4,MOLT-4,127.4,6.894830572000668,1,,0,,0,1,10.1021/acs.jmedchem.1c00517,PROTAC-DB,Degradation of BCL-xL in MOLT-4/RS4;11 cells after 16 h treatment,16.0,,MOLT-4,ACH-001127,Lymphoid,mapped,0.0
Cc1ncsc1-c1ccc([C@H](C)NC(=O)[C@@H]2C[C@@H](O)CN2C(=O)[C@@H](NC(=O)CCCCCCCCC(=O)NC[C@@]2(C)CCC(c3ccc(Cl)cc3)=C(CN3CCN(c4ccc(C(=O)NS(=O)(=O)c5ccc(N[C@H](CCN6CCOCC6)CSc6ccccc6)c(S(=O)(=O)C(F)(F)F)c5)cc4)CC3)C2)C(C)(C)C)cc1,True,PZ703a,BCL-xL,Q07817,VHL,VHL,P40337,RS4;11,RS4;11,75.2,7.123782159408358,1,,0,,0,1,10.1021/acs.jmedchem.1c00517,PROTAC-DB,Degradation of BCL-xL in MOLT-4/RS4;11 cells after 16 h treatment,16.0,,RS4;11,ACH-000874,Lymphoid,mapped,1.0
Cc1ncsc1-c1ccc([C@H](C)NC(=O)[C@@H]2C[C@@H](O)CN2C(=O)[C@@H](NC(=O)CCCCCCCCC(=O)NC[C@]2(C)CCC(c3ccc(Cl)cc3)=C(CN3CCN(c4ccc(C(=O)NS(=O)(=O)c5ccc(N[C@H](CCN6CCOCC6)CSc6ccccc6)c(S(=O)(=O)C(F)(F)F)c5)cc4)CC3)C2)C(C)(C)C)cc1,True,PZ703b,BCL-xL,Q07817,VHL,VHL,P40337,MOLT-4,MOLT-4,14.3,7.844663962534938,1,,0,,0,1,10.1021/acs.jmedchem.1c00517,PROTAC-DB,Degradation of BCL-xL in MOLT-4/RS4;11 cells after 16 h treatment,16.0,,MOLT-4,ACH-001127,Lymphoid,mapped,0.0
Cc1ncsc1-c1ccc([C@H](C)NC(=O)[C@@H]2C[C@@H](O)CN2C(=O)[C@@H](NC(=O)CCCCCCCCC(=O)NC[C@]2(C)CCC(c3ccc(Cl)cc3)=C(CN3CCN(c4ccc(C(=O)NS(=O)(=O)c5ccc(N[C@H](CCN6CCOCC6)CSc6ccccc6)c(S(=O)(=O)C(F)(F)F)c5)cc4)CC3)C2)C(C)(C)C)cc1,True,PZ703b,BCL-xL,Q07817,VHL,VHL,P40337,RS4;11,RS4;11,11.6,7.935542010773082,1,,0,,0,1,10.1021/acs.jmedchem.1c00517,PROTAC-DB,Degradation of BCL-xL in MOLT-4/RS4;11 cells after 16 h treatment,16.0,,RS4;11,ACH-000874,Lymphoid,mapped,1.0
COc1cc(N2CCC(N3CCN(C(=O)CNc4cccc5c4C(=O)N(C4CCC(=O)NC4=O)C5=O)CC3)CC2)ccc1Nc1ncc(Cl)c(Nc2ccccc2P(C)(C)=O)n1,True,SIAIS164018,FAK,Q05397,CRBN,CRBN,Q96SW2,NCI-H2228,NCI-H2228,1.0,9.0,1,,0,,0,1,10.1021/acs.jmedchem.1c00373,PROTAC-DB,Degradation of FAK in NCI-H2228/A549/Calu-1 cells after 16 h treatment,16.0,,NCI-H2228,ACH-000447,Lung,mapped,1.0
COc1cc(N2CCC(N3CCN(C(=O)CNc4cccc5c4C(=O)N(C4CCC(=O)NC4=O)C5=O)CC3)CC2)ccc1Nc1ncc(Cl)c(Nc2ccccc2P(C)(C)=O)n1,True,SIAIS164018,FAK,Q05397,CRBN,CRBN,Q96SW2,A549,A549 Cas9,1.0,9.0,1,,0,,0,1,10.1021/acs.jmedchem.1c00373,PROTAC-DB,Degradation of FAK in NCI-H2228/A549/Calu-1 cells after 16 h treatment,16.0,,A549,ACH-000681,Lung,mapped,1.0
COc1cc(N2CCC(N3CCN(C(=O)CNc4cccc5c4C(=O)N(C4CCC(=O)NC4=O)C5=O)CC3)CC2)ccc1Nc1ncc(Cl)c(Nc2ccccc2P(C)(C)=O)n1,True,SIAIS164018,FAK,Q05397,CRBN,CRBN,Q96SW2,Calu-1,Calu-1,1.0,9.0,1,,0,,0,1,10.1021/acs.jmedchem.1c00373,PROTAC-DB,Degradation of FAK in NCI-H2228/A549/Calu-1 cells after 16 h treatment,16.0,,Calu-1,ACH-000511,Lung,mapped,1.0
COc1cc(N2CCC(N3CCN(C(=O)CNc4cccc5c4C(=O)N(C4CCC(=O)NC4=O)C5=O)CC3)CC2)ccc1Nc1ncc(Cl)c(Nc2ccccc2P(C)(C)=O)n1,True,SIAIS164018,ALK,Q9UM73,CRBN,CRBN,Q96SW2,SR,SR,10.0,8.0,1,,0,,0,1,10.1021/acs.jmedchem.1c00373,PROTAC-DB,Degradation of ALK in SR cells after 24 h treatment,24.0,,SR,,,unmapped,0.0
COc1cc(N2CCC(N3CCN(C(=O)CNc4cccc5c4C(=O)N(C4CCC(=O)NC4=O)C5=O)CC3)CC2)ccc1Nc1ncc(Cl)c(Nc2ccccc2P(C)(C)=O)n1,True,SIAIS164018,ALK G1202R,Q9UM73,CRBN,CRBN,Q96SW2,293T,293T FOXP3,100.0,7.0,1,,0,,0,1,10.1021/acs.jmedchem.1c00373,PROTAC-DB,Degradation of ALK G1202R in 293T cells after 72 h treatment,72.0,,293T,,,unmapped,0.0
COc1cc(N2CCC(N3CCN(C(=O)CNc4cccc5c4C(=O)N(C4CCC(=O)NC4=O)C5=O)CC3)CC2)ccc1Nc1ncc(Cl)c(Nc2ccccc2P(C)(C)=O)n1,True,SIAIS164018,PYK2,Q14289,CRBN,CRBN,Q96SW2,SR,SR,1.0,9.0,1,,0,,0,1,10.1021/acs.jmedchem.1c00373,PROTAC-DB,Degradation of PYK2 in SR cells after 24 h treatment,24.0,,SR,,,unmapped,0.0
COc1cc(N2CCC(N3CCN(C(=O)CNc4cccc5c4C(=O)N(C4CCC(=O)NC4=O)C5=O)CC3)CC2)ccc1Nc1ncc(Cl)c(Nc2ccccc2P(C)(C)=O)n1,True,SIAIS164018,PTK6,Q13882,CRBN,CRBN,Q96SW2,MDA-MB-231,MDA-MB-231,1.0,9.0,1,,0,,0,1,10.1021/acs.jmedchem.1c00373,PROTAC-DB,Degradation of PTK6 in MDA-MB-231 cells after 16 h treatment,16.0,,MDA-MB-231,ACH-000768,Breast,mapped,1.0
COc1cc(N2CCC(N3CCN(C(=O)CNc4cccc5c4C(=O)N(C4CCC(=O)NC4=O)C5=O)CC3)CC2)ccc1Nc1ncc(Cl)c(Nc2ccccc2P(C)(C)=O)n1,True,SIAIS164018,EGFR L858R/T790M,P00533,CRBN,CRBN,Q96SW2,H1975,H1975/WR,100.0,7.0,1,,0,,0,1,10.1021/acs.jmedchem.1c00373,PROTAC-DB,Degradation of EGFR L858R/T790M in H1975 cells after 72 h treatment,72.0,,NCI-H1975,ACH-000587,Lung,mapped,1.0
COc1cc(N2CCC(N3CCN(C(=O)CNc4cccc5c4C(=O)N(C4CCC(=O)NC4=O)C5=O)CC3)CC2)ccc1Nc1ncc(Cl)c(Nc2ccccc2P(C)(C)=O)n1,True,SIAIS164018,FER,P16591,CRBN,CRBN,Q96SW2,SR,SR,10.0,8.0,1,,0,,0,1,10.1021/acs.jmedchem.1c00373,PROTAC-DB,Degradation of FER in SR cells after 24 h treatment,24.0,,SR,,,unmapped,0.0
COc1cc(N2CCC(N3CCN(C(=O)CNc4cccc5c4C(=O)N(C4CCC(=O)NC4=O)C5=O)CC3)CC2)ccc1Nc1ncc(Cl)c(Nc2ccccc2P(C)(C)=O)n1,True,SIAIS164018,RSK1,Q15418,CRBN,CRBN,Q96SW2,NCI-H2228,NCI-H2228,100.0,7.0,1,,0,,0,1,10.1021/acs.jmedchem.1c00373,PROTAC-DB,Degradation of RSK1 in NCI-H2228/A549/Calu-1 cells after 16 h treatment,16.0,,NCI-H2228,ACH-000447,Lung,mapped,1.0
COc1cc(N2CCC(N3CCN(C(=O)CNc4cccc5c4C(=O)N(C4CCC(=O)NC4=O)C5=O)CC3)CC2)ccc1Nc1ncc(Cl)c(Nc2ccccc2P(C)(C)=O)n1,True,SIAIS164018,RSK1,Q15418,CRBN,CRBN,Q96SW2,A549,A549 Cas9,100.0,7.0,1,,0,,0,1,10.1021/acs.jmedchem.1c00373,PROTAC-DB,Degradation of RSK1 in NCI-H2228/A549/Calu-1 cells after 16 h treatment,16.0,,A549,ACH-000681,Lung,mapped,1.0
COc1cc(N2CCC(N3CCN(C(=O)CNc4cccc5c4C(=O)N(C4CCC(=O)NC4=O)C5=O)CC3)CC2)ccc1Nc1ncc(Cl)c(Nc2ccccc2P(C)(C)=O)n1,True,SIAIS164018,RSK1,Q15418,CRBN,CRBN,Q96SW2,Calu-1,Calu-1,100.0,7.0,1,,0,,0,1,10.1021/acs.jmedchem.1c00373,PROTAC-DB,Degradation of RSK1 in NCI-H2228/A549/Calu-1 cells after 16 h treatment,16.0,,Calu-1,ACH-000511,Lung,mapped,1.0
Cc1ncsc1-c1ccc(CNC(=O)[C@@H]2C[C@@H](O)CN2C(=O)[C@@H](NC(=O)CCCCCCCn2cc(COc3cc4ncnc(Nc5ccc(F)c(Cl)c5)c4cc3NC(=O)/C=C/CN3CCCCC3)nn2)C(C)(C)C)cc1,True,2411,EGFR del19,P00533,VHL,VHL,P40337,HCC-827,HCC827-Luc [JCRB],7.95,8.09963287134353,1,98.0,1,1.0,1,1,10.1016/j.bioorg.2022.105605,PROTAC-DB,Degradation of EGFR del19 in HCC-827 cells after 72 h treatment,72.0,,HCC-827,ACH-000012,Lung,mapped,1.0
Cc1ncsc1-c1ccc(CNC(=O)[C@@H]2C[C@@H](O)CN2C(=O)[C@@H](NC(=O)CCCCCCCCCCn2cc(COc3cc4ncnc(Nc5ccc(F)c(Cl)c5)c4cc3NC(=O)/C=C/CN3CCCCC3)nn2)C(C)(C)C)cc1,True,2414,EGFR del19,P00533,VHL,VHL,P40337,HCC-827,HCC827-Luc [JCRB],3.57,8.447331783887806,1,91.0,1,1.0,1,1,10.1016/j.bioorg.2022.105605,PROTAC-DB,Degradation of EGFR del19 in HCC-827 cells after 72 h treatment,72.0,,HCC-827,ACH-000012,Lung,mapped,1.0
Cc1ncsc1-c1ccc(CNC(=O)[C@@H]2C[C@@H](O)CN2C(=O)[C@@H](NC(=O)COCCOCCn2cc(CCCCCOc3cc4ncnc(Nc5ccc(F)c(Cl)c5)c4cc3NC(=O)/C=C/CN3CCCCC3)nn2)C(C)(C)C)cc1,True,2418,EGFR,P00533,VHL,VHL,P40337,HCC-827,HCC827-Luc [JCRB],36.51,7.437588167050272,1,,0,,0,1,10.1021/acs.jmedchem.1c02221,PROTAC-DB,Degradation of EGFR in HCC-827 cells after 72 h treatment,72.0,,HCC-827,ACH-000012,Lung,mapped,1.0
Cc1ncsc1-c1ccc(CNC(=O)[C@@H]2C[C@@H](O)CN2C(=O)[C@@H](NC(=O)CCCCCCCC(=O)Nc2ccc(C(=O)Nc3ccccc3N)cc2)C(C)(C)C)cc1,True,2419,HDAC1,Q13547,VHL,VHL,P40337,HCT116,HCT116-53BPI(+/-),,,0,41.0,1,0.0,1,1,10.1021/acs.jmedchem.1c02179,PROTAC-DB,Degradation of HDAC1 in HCT116 cells after 24 h treatment,24.0,,HCT 116,ACH-000971,Bowel,mapped,1.0
Cc1ncsc1-c1ccc(CNC(=O)[C@@H]2C[C@@H](O)CN2C(=O)[C@@H](NC(=O)CCCCCCCC(=O)Nc2ccc(C(=O)Nc3ccccc3N)cc2)C(C)(C)C)cc1,True,2419,HDAC2,Q92769,VHL,VHL,P40337,HCT116,HCT116-53BPI(+/-),,,0,32.0,1,0.0,1,1,10.1021/acs.jmedchem.1c02179,PROTAC-DB,Degradation of HDAC2 in HCT116 cells after 24 h treatment,24.0,,HCT 116,ACH-000971,Bowel,mapped,1.0
Cc1ncsc1-c1ccc(CNC(=O)[C@@H]2C[C@@H](O)CN2C(=O)[C@@H](NC(=O)CCCCCCCC(=O)Nc2ccc(C(=O)Nc3ccccc3N)cc2)C(C)(C)C)cc1,True,2419,HDAC3,O15379,VHL,VHL,P40337,HCT116,HCT116-53BPI(+/-),,,0,3.0,1,0.0,1,1,10.1021/acs.jmedchem.1c02179,PROTAC-DB,Degradation of HDAC3 in HCT116 cells after 24 h treatment,24.0,,HCT 116,ACH-000971,Bowel,mapped,1.0
Cc1ncsc1-c1ccc(CNC(=O)[C@@H]2C[C@@H](O)CN2C(=O)[C@@H](NC(=O)CCCCCCCCC(=O)Nc2ccc(C(=O)Nc3ccccc3N)cc2)C(C)(C)C)cc1,True,2420,HDAC1,Q13547,VHL,VHL,P40337,HCT116,HCT116-53BPI(+/-),,,0,54.0,1,0.0,1,1,10.1021/acs.jmedchem.1c02179,PROTAC-DB,Degradation of HDAC1 in HCT116 cells after 24 h treatment,24.0,,HCT 116,ACH-000971,Bowel,mapped,1.0
Cc1ncsc1-c1ccc(CNC(=O)[C@@H]2C[C@@H](O)CN2C(=O)[C@@H](NC(=O)CCCCCCCCC(=O)Nc2ccc(C(=O)Nc3ccccc3N)cc2)C(C)(C)C)cc1,True,2420,HDAC2,Q92769,VHL,VHL,P40337,HCT116,HCT116-53BPI(+/-),,,0,37.0,1,0.0,1,1,10.1021/acs.jmedchem.1c02179,PROTAC-DB,Degradation of HDAC2 in HCT116 cells after 24 h treatment,24.0,,HCT 116,ACH-000971,Bowel,mapped,1.0
Cc1ncsc1-c1ccc(CNC(=O)[C@@H]2C[C@@H](O)CN2C(=O)[C@@H](NC(=O)CCCCCCCCC(=O)Nc2ccc(C(=O)Nc3ccccc3N)cc2)C(C)(C)C)cc1,True,2420,HDAC3,O15379,VHL,VHL,P40337,HCT116,HCT116-53BPI(+/-),,,0,23.0,1,0.0,1,1,10.1021/acs.jmedchem.1c02179,PROTAC-DB,Degradation of HDAC3 in HCT116 cells after 24 h treatment,24.0,,HCT 116,ACH-000971,Bowel,mapped,1.0
Cc1ncsc1-c1ccc(CNC(=O)[C@@H]2C[C@@H](O)CN2C(=O)[C@@H](NC(=O)CCCCCCCCCC(=O)Nc2ccc(C(=O)Nc3ccccc3N)cc2)C(C)(C)C)cc1,True,2421,HDAC1,Q13547,VHL,VHL,P40337,HCT116,HCT116-53BPI(+/-),,,0,67.0,1,,0,1,10.1021/acs.jmedchem.1c02179,PROTAC-DB,Degradation of HDAC1 in HCT116 cells after 24 h treatment,24.0,,HCT 116,ACH-000971,Bowel,mapped,1.0
Cc1ncsc1-c1ccc(CNC(=O)[C@@H]2C[C@@H](O)CN2C(=O)[C@@H](NC(=O)CCCCCCCCCC(=O)Nc2ccc(C(=O)Nc3ccccc3N)cc2)C(C)(C)C)cc1,True,2421,HDAC2,Q92769,VHL,VHL,P40337,HCT116,HCT116-53BPI(+/-),,,0,43.0,1,0.0,1,1,10.1021/acs.jmedchem.1c02179,PROTAC-DB,Degradation of HDAC2 in HCT116 cells after 24 h treatment,24.0,,HCT 116,ACH-000971,Bowel,mapped,1.0
Cc1ncsc1-c1ccc(CNC(=O)[C@@H]2C[C@@H](O)CN2C(=O)[C@@H](NC(=O)CCCCCCCCCC(=O)Nc2ccc(C(=O)Nc3ccccc3N)cc2)C(C)(C)C)cc1,True,2421,HDAC3,O15379,VHL,VHL,P40337,HCT116,HCT116-53BPI(+/-),,,0,33.0,1,0.0,1,1,10.1021/acs.jmedchem.1c02179,PROTAC-DB,Degradation of HDAC3 in HCT116 cells after 24 h treatment,24.0,,HCT 116,ACH-000971,Bowel,mapped,1.0
Cc1ncsc1-c1ccc(CNC(=O)[C@@H]2C[C@@H](O)CN2C(=O)[C@@H](NC(=O)CCCCCCCCCCCCC(=O)Nc2ccc(C(=O)Nc3ccccc3N)cc2)C(C)(C)C)cc1,True,2422,HDAC1,Q13547,VHL,VHL,P40337,HCT116,HCT116-53BPI(+/-),,,0,63.0,1,,0,1,10.1021/acs.jmedchem.1c02179,PROTAC-DB,Degradation of HDAC1 in HCT116 cells after 24 h treatment,24.0,,HCT 116,ACH-000971,Bowel,mapped,1.0
Cc1ncsc1-c1ccc(CNC(=O)[C@@H]2C[C@@H](O)CN2C(=O)[C@@H](NC(=O)CCCCCCCCCCCCC(=O)Nc2ccc(C(=O)Nc3ccccc3N)cc2)C(C)(C)C)cc1,True,2422,HDAC2,Q92769,VHL,VHL,P40337,HCT116,HCT116-53BPI(+/-),,,0,44.0,1,0.0,1,1,10.1021/acs.jmedchem.1c02179,PROTAC-DB,Degradation of HDAC2 in HCT116 cells after 24 h treatment,24.0,,HCT 116,ACH-000971,Bowel,mapped,1.0
Cc1ncsc1-c1ccc(CNC(=O)[C@@H]2C[C@@H](O)CN2C(=O)[C@@H](NC(=O)CCCCCCCCCCCCC(=O)Nc2ccc(C(=O)Nc3ccccc3N)cc2)C(C)(C)C)cc1,True,2422,HDAC3,O15379,VHL,VHL,P40337,HCT116,HCT116-53BPI(+/-),,,0,44.0,1,0.0,1,1,10.1021/acs.jmedchem.1c02179,PROTAC-DB,Degradation of HDAC3 in HCT116 cells after 24 h treatment,24.0,,HCT 116,ACH-000971,Bowel,mapped,1.0
Cc1ncsc1-c1ccc(CNC(=O)[C@@H]2C[C@@H](O)CN2C(=O)[C@@H](NC(=O)COCCCCCCCCC(=O)Nc2ccc(C(=O)Nc3ccccc3N)cc2)C(C)(C)C)cc1,True,2423,HDAC1,Q13547,VHL,VHL,P40337,HCT116,HCT116-53BPI(+/-),,,0,60.0,1,,0,1,10.1021/acs.jmedchem.1c02179,PROTAC-DB,Degradation of HDAC1 in HCT116 cells after 24 h treatment,24.0,,HCT 116,ACH-000971,Bowel,mapped,1.0
Cc1ncsc1-c1ccc(CNC(=O)[C@@H]2C[C@@H](O)CN2C(=O)[C@@H](NC(=O)COCCCCCCCCC(=O)Nc2ccc(C(=O)Nc3ccccc3N)cc2)C(C)(C)C)cc1,True,2423,HDAC2,Q92769,VHL,VHL,P40337,HCT116,HCT116-53BPI(+/-),,,0,57.0,1,0.0,1,1,10.1021/acs.jmedchem.1c02179,PROTAC-DB,Degradation of HDAC2 in HCT116 cells after 24 h treatment,24.0,,HCT 116,ACH-000971,Bowel,mapped,1.0
Cc1ncsc1-c1ccc(CNC(=O)[C@@H]2C[C@@H](O)CN2C(=O)[C@@H](NC(=O)COCCCCCCCCC(=O)Nc2ccc(C(=O)Nc3ccccc3N)cc2)C(C)(C)C)cc1,True,2423,HDAC3,O15379,VHL,VHL,P40337,HCT116,HCT116-53BPI(+/-),,,0,67.0,1,,0,1,10.1021/acs.jmedchem.1c02179,PROTAC-DB,Degradation of HDAC3 in HCT116 cells after 24 h treatment,24.0,,HCT 116,ACH-000971,Bowel,mapped,1.0
Cc1ncsc1-c1ccc(CNC(=O)[C@@H]2C[C@@H](O)CN2C(=O)[C@@H](NC(=O)CCCCCCCCOCC(=O)Nc2ccc(C(=O)Nc3ccccc3N)cc2)C(C)(C)C)cc1,True,JPS014,HDAC3,O15379,VHL,VHL,P40337,HCT116,HCT116-53BPI(+/-),640.0,6.1938200260161125,1,59.0,1,0.0,1,1,10.1021/acs.jmedchem.1c02179,PROTAC-DB,Degradation of HDAC3 in HCT116 cells after 24 h treatment,24.0,,HCT 116,ACH-000971,Bowel,mapped,1.0
Cc1ncsc1-c1ccc(CNC(=O)[C@@H]2C[C@@H](O)CN2C(=O)[C@@H](NC(=O)CCCCCCCCOCC(=O)Nc2ccc(C(=O)Nc3ccccc3N)cc2)C(C)(C)C)cc1,True,JPS014,HDAC1,Q13547,VHL,VHL,P40337,HCT116,HCT116-53BPI(+/-),910.0,6.040958607678906,1,74.0,1,1.0,1,1,10.1021/acs.jmedchem.1c02179,PROTAC-DB,Degradation of HDAC1 in HCT116 cells after 24 h treatment,24.0,,HCT 116,ACH-000971,Bowel,mapped,1.0
Cc1ncsc1-c1ccc(CNC(=O)[C@@H]2C[C@@H](O)CN2C(=O)[C@@H](NC(=O)CCCCCCCCOCC(=O)Nc2ccc(C(=O)Nc3ccccc3N)cc2)C(C)(C)C)cc1,True,JPS014,HDAC2,Q92769,VHL,VHL,P40337,HCT116,HCT116-53BPI(+/-),4190.0,5.377785977033705,1,56.0,1,0.0,1,1,10.1021/acs.jmedchem.1c02179,PROTAC-DB,Degradation of HDAC2 in HCT116 cells after 24 h treatment,24.0,,HCT 116,ACH-000971,Bowel,mapped,1.0
Cc1ncsc1-c1ccc(CNC(=O)[C@@H]2C[C@@H](O)CN2C(=O)[C@@H](NC(=O)COCCCCCCOCC(=O)Nc2ccc(C(=O)Nc3ccccc3N)cc2)C(C)(C)C)cc1,True,2425,HDAC1,Q13547,VHL,VHL,P40337,HCT116,HCT116-53BPI(+/-),,,0,57.0,1,0.0,1,1,10.1021/acs.jmedchem.1c02179,PROTAC-DB,Degradation of HDAC1 in HCT116 cells after 24 h treatment,24.0,,HCT 116,ACH-000971,Bowel,mapped,1.0
Cc1ncsc1-c1ccc(CNC(=O)[C@@H]2C[C@@H](O)CN2C(=O)[C@@H](NC(=O)COCCCCCCOCC(=O)Nc2ccc(C(=O)Nc3ccccc3N)cc2)C(C)(C)C)cc1,True,2425,HDAC2,Q92769,VHL,VHL,P40337,HCT116,HCT116-53BPI(+/-),,,0,47.0,1,0.0,1,1,10.1021/acs.jmedchem.1c02179,PROTAC-DB,Degradation of HDAC2 in HCT116 cells after 24 h treatment,24.0,,HCT 116,ACH-000971,Bowel,mapped,1.0
Cc1ncsc1-c1ccc(CNC(=O)[C@@H]2C[C@@H](O)CN2C(=O)[C@@H](NC(=O)COCCCCCCOCC(=O)Nc2ccc(C(=O)Nc3ccccc3N)cc2)C(C)(C)C)cc1,True,2425,HDAC3,O15379,VHL,VHL,P40337,HCT116,HCT116-53BPI(+/-),,,0,39.0,1,0.0,1,1,10.1021/acs.jmedchem.1c02179,PROTAC-DB,Degradation of HDAC3 in HCT116 cells after 24 h treatment,24.0,,HCT 116,ACH-000971,Bowel,mapped,1.0
Cc1ncsc1-c1ccc(CNC(=O)[C@@H]2C[C@@H](O)CN2C(=O)[C@@H](NC(=O)COCCCCCCCCCOCC(=O)Nc2ccc(C(=O)Nc3ccccc3N)cc2)C(C)(C)C)cc1,True,JPS016,HDAC3,O15379,VHL,VHL,P40337,HCT116,HCT116-53BPI(+/-),530.0,6.275724130399211,1,66.0,1,1.0,1,1,10.1021/acs.jmedchem.1c02179,PROTAC-DB,Degradation of HDAC3 in HCT116 cells after 24 h treatment,24.0,,HCT 116,ACH-000971,Bowel,mapped,1.0
Cc1ncsc1-c1ccc(CNC(=O)[C@@H]2C[C@@H](O)CN2C(=O)[C@@H](NC(=O)COCCCCCCCCCOCC(=O)Nc2ccc(C(=O)Nc3ccccc3N)cc2)C(C)(C)C)cc1,True,JPS016,HDAC1,Q13547,VHL,VHL,P40337,HCT116,HCT116-53BPI(+/-),550.0,6.259637310505756,1,77.0,1,1.0,1,1,10.1021/acs.jmedchem.1c02179,PROTAC-DB,Degradation of HDAC1 in HCT116 cells after 24 h treatment,24.0,,HCT 116,ACH-000971,Bowel,mapped,1.0
Cc1ncsc1-c1ccc(CNC(=O)[C@@H]2C[C@@H](O)CN2C(=O)[C@@H](NC(=O)COCCCCCCCCCOCC(=O)Nc2ccc(C(=O)Nc3ccccc3N)cc2)C(C)(C)C)cc1,True,JPS016,HDAC2,Q92769,VHL,VHL,P40337,HCT116,HCT116-53BPI(+/-),,,0,52.0,1,0.0,1,1,10.1021/acs.jmedchem.1c02179,PROTAC-DB,Degradation of HDAC2 in HCT116 cells after 24 h treatment,24.0,,HCT 116,ACH-000971,Bowel,mapped,1.0
Cc1ncsc1-c1ccc(CNC(=O)[C@@H]2C[C@@H](O)CN2C(=O)[C@@H](NC(=O)COCCOCC(=O)Nc2ccc(C(=O)Nc3ccccc3N)cc2)C(C)(C)C)cc1,True,2427,HDAC1,Q13547,VHL,VHL,P40337,HCT116,HCT116-53BPI(+/-),,,0,13.0,1,0.0,1,1,10.1021/acs.jmedchem.1c02179,PROTAC-DB,Degradation of HDAC1 in HCT116 cells after 24 h treatment,24.0,,HCT 116,ACH-000971,Bowel,mapped,1.0
Cc1ncsc1-c1ccc(CNC(=O)[C@@H]2C[C@@H](O)CN2C(=O)[C@@H](NC(=O)COCCOCC(=O)Nc2ccc(C(=O)Nc3ccccc3N)cc2)C(C)(C)C)cc1,True,2427,HDAC2,Q92769,VHL,VHL,P40337,HCT116,HCT116-53BPI(+/-),,,0,6.0,1,0.0,1,1,10.1021/acs.jmedchem.1c02179,PROTAC-DB,Degradation of HDAC2 in HCT116 cells after 24 h treatment,24.0,,HCT 116,ACH-000971,Bowel,mapped,1.0
Cc1ncsc1-c1ccc(CNC(=O)[C@@H]2C[C@@H](O)CN2C(=O)[C@@H](NC(=O)COCCOCC(=O)Nc2ccc(C(=O)Nc3ccccc3N)cc2)C(C)(C)C)cc1,True,2427,HDAC3,O15379,VHL,VHL,P40337,HCT116,HCT116-53BPI(+/-),,,0,24.0,1,0.0,1,1,10.1021/acs.jmedchem.1c02179,PROTAC-DB,Degradation of HDAC3 in HCT116 cells after 24 h treatment,24.0,,HCT 116,ACH-000971,Bowel,mapped,1.0
Cc1ncsc1-c1ccc(CNC(=O)[C@@H]2C[C@@H](O)CN2C(=O)[C@@H](NC(=O)COCCOCCOCC(=O)Nc2ccc(C(=O)Nc3ccccc3N)cc2)C(C)(C)C)cc1,True,2428,HDAC1,Q13547,VHL,VHL,P40337,HCT116,HCT116-53BPI(+/-),,,0,29.0,1,0.0,1,1,10.1021/acs.jmedchem.1c02179,PROTAC-DB,Degradation of HDAC1 in HCT116 cells after 24 h treatment,24.0,,HCT 116,ACH-000971,Bowel,mapped,1.0
Cc1ncsc1-c1ccc(CNC(=O)[C@@H]2C[C@@H](O)CN2C(=O)[C@@H](NC(=O)COCCOCCOCC(=O)Nc2ccc(C(=O)Nc3ccccc3N)cc2)C(C)(C)C)cc1,True,2428,HDAC2,Q92769,VHL,VHL,P40337,HCT116,HCT116-53BPI(+/-),,,0,14.0,1,0.0,1,1,10.1021/acs.jmedchem.1c02179,PROTAC-DB,Degradation of HDAC2 in HCT116 cells after 24 h treatment,24.0,,HCT 116,ACH-000971,Bowel,mapped,1.0
Cc1ncsc1-c1ccc(CNC(=O)[C@@H]2C[C@@H](O)CN2C(=O)[C@@H](NC(=O)COCCOCCOCC(=O)Nc2ccc(C(=O)Nc3ccccc3N)cc2)C(C)(C)C)cc1,True,2428,HDAC3,O15379,VHL,VHL,P40337,HCT116,HCT116-53BPI(+/-),,,0,44.0,1,0.0,1,1,10.1021/acs.jmedchem.1c02179,PROTAC-DB,Degradation of HDAC3 in HCT116 cells after 24 h treatment,24.0,,HCT 116,ACH-000971,Bowel,mapped,1.0
Cc1ncsc1-c1ccc(CNC(=O)[C@@H]2C[C@@H](O)CN2C(=O)[C@@H](NC(=O)COCCOCCOCCOCC(=O)Nc2ccc(C(=O)Nc3ccccc3N)cc2)C(C)(C)C)cc1,True,2429,HDAC1,Q13547,VHL,VHL,P40337,HCT116,HCT116-53BPI(+/-),,,0,6.0,1,0.0,1,1,10.1021/acs.jmedchem.1c02179,PROTAC-DB,Degradation of HDAC1 in HCT116 cells after 24 h treatment,24.0,,HCT 116,ACH-000971,Bowel,mapped,1.0
Cc1ncsc1-c1ccc(CNC(=O)[C@@H]2C[C@@H](O)CN2C(=O)[C@@H](NC(=O)COCCOCCOCCOCC(=O)Nc2ccc(C(=O)Nc3ccccc3N)cc2)C(C)(C)C)cc1,True,2429,HDAC2,Q92769,VHL,VHL,P40337,HCT116,HCT116-53BPI(+/-),,,0,5.0,1,0.0,1,1,10.1021/acs.jmedchem.1c02179,PROTAC-DB,Degradation of HDAC2 in HCT116 cells after 24 h treatment,24.0,,HCT 116,ACH-000971,Bowel,mapped,1.0
Cc1ncsc1-c1ccc(CNC(=O)[C@@H]2C[C@@H](O)CN2C(=O)[C@@H](NC(=O)COCCOCCOCCOCC(=O)Nc2ccc(C(=O)Nc3ccccc3N)cc2)C(C)(C)C)cc1,True,2429,HDAC3,O15379,VHL,VHL,P40337,HCT116,HCT116-53BPI(+/-),,,0,22.0,1,0.0,1,1,10.1021/acs.jmedchem.1c02179,PROTAC-DB,Degradation of HDAC3 in HCT116 cells after 24 h treatment,24.0,,HCT 116,ACH-000971,Bowel,mapped,1.0
Cc1ncsc1-c1ccc(CNC(=O)[C@@H]2C[C@@H](O)CN2C(=O)[C@@H](NC(=O)CCCN2CCN(CCCC(=O)Nc3ccc(C(=O)Nc4ccccc4N)cc3)CC2)C(C)(C)C)cc1,True,2430,HDAC1,Q13547,VHL,VHL,P40337,HCT116,HCT116-53BPI(+/-),,,0,4.0,1,0.0,1,1,10.1021/acs.jmedchem.1c02179,PROTAC-DB,Degradation of HDAC1 in HCT116 cells after 24 h treatment,24.0,,HCT 116,ACH-000971,Bowel,mapped,1.0
Cc1ncsc1-c1ccc(CNC(=O)[C@@H]2C[C@@H](O)CN2C(=O)[C@@H](NC(=O)CCCN2CCN(CCCC(=O)Nc3ccc(C(=O)Nc4ccccc4N)cc3)CC2)C(C)(C)C)cc1,True,2430,HDAC2,Q92769,VHL,VHL,P40337,HCT116,HCT116-53BPI(+/-),,,0,5.0,1,0.0,1,1,10.1021/acs.jmedchem.1c02179,PROTAC-DB,Degradation of HDAC2 in HCT116 cells after 24 h treatment,24.0,,HCT 116,ACH-000971,Bowel,mapped,1.0
Cc1ncsc1-c1ccc(CNC(=O)[C@@H]2C[C@@H](O)CN2C(=O)[C@@H](NC(=O)CCCCCCCC(=O)Nc2ccc(C(=O)Nc3ccc(F)cc3N)cc2)C(C)(C)C)cc1,True,2431,HDAC1,Q13547,VHL,VHL,P40337,HCT116,HCT116-53BPI(+/-),,,0,41.0,1,0.0,1,1,10.1021/acs.jmedchem.1c02179,PROTAC-DB,Degradation of HDAC1 in HCT116 cells after 24 h treatment,24.0,,HCT 116,ACH-000971,Bowel,mapped,1.0
Cc1ncsc1-c1ccc(CNC(=O)[C@@H]2C[C@@H](O)CN2C(=O)[C@@H](NC(=O)CCCCCCCC(=O)Nc2ccc(C(=O)Nc3ccc(F)cc3N)cc2)C(C)(C)C)cc1,True,2431,HDAC2,Q92769,VHL,VHL,P40337,HCT116,HCT116-53BPI(+/-),,,0,13.0,1,0.0,1,1,10.1021/acs.jmedchem.1c02179,PROTAC-DB,Degradation of HDAC2 in HCT116 cells after 24 h treatment,24.0,,HCT 116,ACH-000971,Bowel,mapped,1.0
Cc1ncsc1-c1ccc(CNC(=O)[C@@H]2C[C@@H](O)CN2C(=O)[C@@H](NC(=O)CCCCCCCC(=O)Nc2ccc(C(=O)Nc3ccc(F)cc3N)cc2)C(C)(C)C)cc1,True,2431,HDAC3,O15379,VHL,VHL,P40337,HCT116,HCT116-53BPI(+/-),,,0,39.0,1,0.0,1,1,10.1021/acs.jmedchem.1c02179,PROTAC-DB,Degradation of HDAC3 in HCT116 cells after 24 h treatment,24.0,,HCT 116,ACH-000971,Bowel,mapped,1.0
Cc1ncsc1-c1ccc(CNC(=O)[C@@H]2C[C@@H](O)CN2C(=O)[C@@H](NC(=O)CCCCCCCCCCC(=O)Nc2ccc(C(=O)Nc3ccc(F)cc3N)cc2)C(C)(C)C)cc1,True,2432,HDAC1,Q13547,VHL,VHL,P40337,HCT116,HCT116-53BPI(+/-),,,0,61.0,1,,0,1,10.1021/acs.jmedchem.1c02179,PROTAC-DB,Degradation of HDAC1 in HCT116 cells after 24 h treatment,24.0,,HCT 116,ACH-000971,Bowel,mapped,1.0
Cc1ncsc1-c1ccc(CNC(=O)[C@@H]2C[C@@H](O)CN2C(=O)[C@@H](NC(=O)CCCCCCCCCCC(=O)Nc2ccc(C(=O)Nc3ccc(F)cc3N)cc2)C(C)(C)C)cc1,True,2432,HDAC2,Q92769,VHL,VHL,P40337,HCT116,HCT116-53BPI(+/-),,,0,26.0,1,0.0,1,1,10.1021/acs.jmedchem.1c02179,PROTAC-DB,Degradation of HDAC2 in HCT116 cells after 24 h treatment,24.0,,HCT 116,ACH-000971,Bowel,mapped,1.0
Cc1ncsc1-c1ccc(CNC(=O)[C@@H]2C[C@@H](O)CN2C(=O)[C@@H](NC(=O)CCCCCCCCCCC(=O)Nc2ccc(C(=O)Nc3ccc(F)cc3N)cc2)C(C)(C)C)cc1,True,2432,HDAC3,O15379,VHL,VHL,P40337,HCT116,HCT116-53BPI(+/-),,,0,51.0,1,0.0,1,1,10.1021/acs.jmedchem.1c02179,PROTAC-DB,Degradation of HDAC3 in HCT116 cells after 24 h treatment,24.0,,HCT 116,ACH-000971,Bowel,mapped,1.0
Cc1ncsc1-c1ccc(CNC(=O)[C@@H]2C[C@@H](O)CN2C(=O)[C@@H](NC(=O)COCCOCCOCC(=O)Nc2ccc(C(=O)Nc3ccc(F)cc3N)cc2)C(C)(C)C)cc1,True,2433,HDAC1,Q13547,VHL,VHL,P40337,HCT116,HCT116-53BPI(+/-),,,0,11.0,1,0.0,1,1,10.1021/acs.jmedchem.1c02179,PROTAC-DB,Degradation of HDAC1 in HCT116 cells after 24 h treatment,24.0,,HCT 116,ACH-000971,Bowel,mapped,1.0
Cc1ncsc1-c1ccc(CNC(=O)[C@@H]2C[C@@H](O)CN2C(=O)[C@@H](NC(=O)COCCOCCOCC(=O)Nc2ccc(C(=O)Nc3ccc(F)cc3N)cc2)C(C)(C)C)cc1,True,2433,HDAC3,O15379,VHL,VHL,P40337,HCT116,HCT116-53BPI(+/-),,,0,37.0,1,0.0,1,1,10.1021/acs.jmedchem.1c02179,PROTAC-DB,Degradation of HDAC3 in HCT116 cells after 24 h treatment,24.0,,HCT 116,ACH-000971,Bowel,mapped,1.0
Cc1ncsc1-c1ccc(CNC(=O)[C@@H]2C[C@@H](O)CN2C(=O)[C@@H](NC(=O)COCCCCCCCCCOCC(=O)Nc2ccc(C(=O)Nc3ccc(F)cc3N)cc2)C(C)(C)C)cc1,True,2434,HDAC1,Q13547,VHL,VHL,P40337,HCT116,HCT116-53BPI(+/-),,,0,58.0,1,0.0,1,1,10.1021/acs.jmedchem.1c02179,PROTAC-DB,Degradation of HDAC1 in HCT116 cells after 24 h treatment,24.0,,HCT 116,ACH-000971,Bowel,mapped,1.0
Cc1ncsc1-c1ccc(CNC(=O)[C@@H]2C[C@@H](O)CN2C(=O)[C@@H](NC(=O)COCCCCCCCCCOCC(=O)Nc2ccc(C(=O)Nc3ccc(F)cc3N)cc2)C(C)(C)C)cc1,True,2434,HDAC2,Q92769,VHL,VHL,P40337,HCT116,HCT116-53BPI(+/-),,,0,23.0,1,0.0,1,1,10.1021/acs.jmedchem.1c02179,PROTAC-DB,Degradation of HDAC2 in HCT116 cells after 24 h treatment,24.0,,HCT 116,ACH-000971,Bowel,mapped,1.0
Cc1ncsc1-c1ccc(CNC(=O)[C@@H]2C[C@@H](O)CN2C(=O)[C@@H](NC(=O)COCCCCCCCCCOCC(=O)Nc2ccc(C(=O)Nc3ccc(F)cc3N)cc2)C(C)(C)C)cc1,True,2434,HDAC3,O15379,VHL,VHL,P40337,HCT116,HCT116-53BPI(+/-),,,0,63.0,1,,0,1,10.1021/acs.jmedchem.1c02179,PROTAC-DB,Degradation of HDAC3 in HCT116 cells after 24 h treatment,24.0,,HCT 116,ACH-000971,Bowel,mapped,1.0
Cc1ncsc1-c1ccc(CNC(=O)[C@@H]2C[C@@H](O)CN2C(=O)[C@@H](NC(=O)CCCCCCCC(=O)Nc2ccc(C(=O)Nc3cc(-c4cccs4)ccc3N)cc2)C(C)(C)C)cc1,True,2435,HDAC1,Q13547,VHL,VHL,P40337,HCT116,HCT116-53BPI(+/-),,,0,6.0,1,0.0,1,1,10.1021/acs.jmedchem.1c02179,PROTAC-DB,Degradation of HDAC1 in HCT116 cells after 24 h treatment,24.0,,HCT 116,ACH-000971,Bowel,mapped,1.0
Cc1ncsc1-c1ccc(CNC(=O)[C@@H]2C[C@@H](O)CN2C(=O)[C@@H](NC(=O)CCCCCCCC(=O)Nc2ccc(C(=O)Nc3cc(-c4cccs4)ccc3N)cc2)C(C)(C)C)cc1,True,2435,HDAC2,Q92769,VHL,VHL,P40337,HCT116,HCT116-53BPI(+/-),,,0,6.0,1,0.0,1,1,10.1021/acs.jmedchem.1c02179,PROTAC-DB,Degradation of HDAC2 in HCT116 cells after 24 h treatment,24.0,,HCT 116,ACH-000971,Bowel,mapped,1.0
Cc1ncsc1-c1ccc(CNC(=O)[C@@H]2C[C@@H](O)CN2C(=O)[C@@H](NC(=O)CCCCCCCC(=O)Nc2ccc(C(=O)Nc3cc(-c4cccs4)ccc3N)cc2)C(C)(C)C)cc1,True,2435,HDAC3,O15379,VHL,VHL,P40337,HCT116,HCT116-53BPI(+/-),,,0,3.0,1,0.0,1,1,10.1021/acs.jmedchem.1c02179,PROTAC-DB,Degradation of HDAC3 in HCT116 cells after 24 h treatment,24.0,,HCT 116,ACH-000971,Bowel,mapped,1.0
Cc1ncsc1-c1ccc(CNC(=O)[C@@H]2C[C@@H](O)CN2C(=O)[C@@H](NC(=O)CCCCCCCCCCC(=O)Nc2ccc(C(=O)Nc3cc(-c4cccs4)ccc3N)cc2)C(C)(C)C)cc1,True,2436,HDAC1,Q13547,VHL,VHL,P40337,HCT116,HCT116-53BPI(+/-),,,0,26.0,1,0.0,1,1,10.1021/acs.jmedchem.1c02179,PROTAC-DB,Degradation of HDAC1 in HCT116 cells after 24 h treatment,24.0,,HCT 116,ACH-000971,Bowel,mapped,1.0
Cc1ncsc1-c1ccc(CNC(=O)[C@@H]2C[C@@H](O)CN2C(=O)[C@@H](NC(=O)CCCCCCCCCCC(=O)Nc2ccc(C(=O)Nc3cc(-c4cccs4)ccc3N)cc2)C(C)(C)C)cc1,True,2436,HDAC2,Q92769,VHL,VHL,P40337,HCT116,HCT116-53BPI(+/-),,,0,15.0,1,0.0,1,1,10.1021/acs.jmedchem.1c02179,PROTAC-DB,Degradation of HDAC2 in HCT116 cells after 24 h treatment,24.0,,HCT 116,ACH-000971,Bowel,mapped,1.0
Cc1ncsc1-c1ccc(CNC(=O)[C@@H]2C[C@@H](O)CN2C(=O)[C@@H](NC(=O)CCCCCCCCCCC(=O)Nc2ccc(C(=O)Nc3cc(-c4cccs4)ccc3N)cc2)C(C)(C)C)cc1,True,2436,HDAC3,O15379,VHL,VHL,P40337,HCT116,HCT116-53BPI(+/-),,,0,10.0,1,0.0,1,1,10.1021/acs.jmedchem.1c02179,PROTAC-DB,Degradation of HDAC3 in HCT116 cells after 24 h treatment,24.0,,HCT 116,ACH-000971,Bowel,mapped,1.0
Cc1ncsc1-c1ccc(CNC(=O)[C@@H]2C[C@@H](O)CN2C(=O)[C@@H](NC(=O)COCCOCCOCC(=O)Nc2ccc(C(=O)Nc3cc(-c4cccs4)ccc3N)cc2)C(C)(C)C)cc1,True,2437,HDAC1,Q13547,VHL,VHL,P40337,HCT116,HCT116-53BPI(+/-),,,0,22.0,1,0.0,1,1,10.1021/acs.jmedchem.1c02179,PROTAC-DB,Degradation of HDAC1 in HCT116 cells after 24 h treatment,24.0,,HCT 116,ACH-000971,Bowel,mapped,1.0
Cc1ncsc1-c1ccc(CNC(=O)[C@@H]2C[C@@H](O)CN2C(=O)[C@@H](NC(=O)COCCOCCOCC(=O)Nc2ccc(C(=O)Nc3cc(-c4cccs4)ccc3N)cc2)C(C)(C)C)cc1,True,2437,HDAC2,Q92769,VHL,VHL,P40337,HCT116,HCT116-53BPI(+/-),,,0,15.0,1,0.0,1,1,10.1021/acs.jmedchem.1c02179,PROTAC-DB,Degradation of HDAC2 in HCT116 cells after 24 h treatment,24.0,,HCT 116,ACH-000971,Bowel,mapped,1.0
Cc1ncsc1-c1ccc(CNC(=O)[C@@H]2C[C@@H](O)CN2C(=O)[C@@H](NC(=O)COCCOCCOCC(=O)Nc2ccc(C(=O)Nc3cc(-c4cccs4)ccc3N)cc2)C(C)(C)C)cc1,True,2437,HDAC3,O15379,VHL,VHL,P40337,HCT116,HCT116-53BPI(+/-),,,0,23.0,1,0.0,1,1,10.1021/acs.jmedchem.1c02179,PROTAC-DB,Degradation of HDAC3 in HCT116 cells after 24 h treatment,24.0,,HCT 116,ACH-000971,Bowel,mapped,1.0
CC(=O)N[C@H](C(=O)N1C[C@H](O)C[C@H]1C(=O)NCc1ccc(-c2scnc2C)cc1OCCCCCCCCCCCC(=O)Nc1ccc(C(=O)Nc2ccccc2N)cc1)C(C)(C)C,True,JPS035,HDAC3,O15379,VHL,VHL,P40337,HCT116,HCT116-53BPI(+/-),1380.0,5.860120913598763,1,76.0,1,0.0,1,1,10.1021/acs.jmedchem.1c02179,PROTAC-DB,Degradation of HDAC3 in HCT116 cells after 24 h treatment,24.0,,HCT 116,ACH-000971,Bowel,mapped,1.0
CC(=O)N[C@H](C(=O)N1C[C@H](O)C[C@H]1C(=O)NCc1ccc(-c2scnc2C)cc1OCCCCCCCCCCCC(=O)Nc1ccc(C(=O)Nc2ccccc2N)cc1)C(C)(C)C,True,JPS035,HDAC1,Q13547,VHL,VHL,P40337,HCT116,HCT116-53BPI(+/-),3580.0,5.446116973356125,1,68.0,1,0.0,1,1,10.1021/acs.jmedchem.1c02179,PROTAC-DB,Degradation of HDAC1 in HCT116 cells after 24 h treatment,24.0,,HCT 116,ACH-000971,Bowel,mapped,1.0
CC(=O)N[C@H](C(=O)N1C[C@H](O)C[C@H]1C(=O)NCc1ccc(-c2scnc2C)cc1OCCCCCCCCCCCC(=O)Nc1ccc(C(=O)Nc2ccccc2N)cc1)C(C)(C)C,True,JPS035,HDAC2,Q92769,VHL,VHL,P40337,HCT116,HCT116-53BPI(+/-),,,0,50.0,1,0.0,1,1,10.1021/acs.jmedchem.1c02179,PROTAC-DB,Degradation of HDAC2 in HCT116 cells after 24 h treatment,24.0,,HCT 116,ACH-000971,Bowel,mapped,1.0
Cc1ncsc1-c1ccc(CNC(=O)[C@@H]2C[C@@H](O)CN2C(=O)[C@@H](NC(=O)C2(F)CC2)C(C)(C)C)c(OCCCCCCCCCCCC(=O)Nc2ccc(C(=O)Nc3ccccc3N)cc2)c1,True,JPS036,HDAC3,O15379,VHL,VHL,P40337,HCT116,HCT116-53BPI(+/-),440.0,6.356547323513812,1,77.0,1,1.0,1,1,10.1021/acs.jmedchem.1c02179,PROTAC-DB,Degradation of HDAC3 in HCT116 cells after 24 h treatment,24.0,,HCT 116,ACH-000971,Bowel,mapped,1.0
Cc1ncsc1-c1ccc(CNC(=O)[C@@H]2C[C@@H](O)CN2C(=O)[C@@H](NC(=O)C2(F)CC2)C(C)(C)C)c(OCCCCCCCCCCCC(=O)Nc2ccc(C(=O)Nc3ccccc3N)cc2)c1,True,JPS036,HDAC1,Q13547,VHL,VHL,P40337,HCT116,HCT116-53BPI(+/-),,,0,45.0,1,0.0,1,1,10.1021/acs.jmedchem.1c02179,PROTAC-DB,Degradation of HDAC1 in HCT116 cells after 24 h treatment,24.0,,HCT 116,ACH-000971,Bowel,mapped,1.0
Cc1ncsc1-c1ccc(CNC(=O)[C@@H]2C[C@@H](O)CN2C(=O)[C@@H](NC(=O)C2(F)CC2)C(C)(C)C)c(OCCCCCCCCCCCC(=O)Nc2ccc(C(=O)Nc3ccccc3N)cc2)c1,True,JPS036,HDAC2,Q92769,VHL,VHL,P40337,HCT116,HCT116-53BPI(+/-),,,0,23.0,1,0.0,1,1,10.1021/acs.jmedchem.1c02179,PROTAC-DB,Degradation of HDAC2 in HCT116 cells after 24 h treatment,24.0,,HCT 116,ACH-000971,Bowel,mapped,1.0
CC(=O)N[C@H](C(=O)N1C[C@H](O)C[C@H]1C(=O)NCc1ccc(-c2scnc2C)cc1OCCCCNC(=O)CCCCC(=O)Nc1ccc(C(=O)Nc2ccccc2N)cc1)C(C)(C)C,True,2440,HDAC1,Q13547,VHL,VHL,P40337,HCT116,HCT116-53BPI(+/-),,,0,53.0,1,0.0,1,1,10.1021/acs.jmedchem.1c02179,PROTAC-DB,Degradation of HDAC1 in HCT116 cells after 24 h treatment,24.0,,HCT 116,ACH-000971,Bowel,mapped,1.0
CC(=O)N[C@H](C(=O)N1C[C@H](O)C[C@H]1C(=O)NCc1ccc(-c2scnc2C)cc1OCCCCNC(=O)CCCCC(=O)Nc1ccc(C(=O)Nc2ccccc2N)cc1)C(C)(C)C,True,2440,HDAC2,Q92769,VHL,VHL,P40337,HCT116,HCT116-53BPI(+/-),,,0,14.0,1,0.0,1,1,10.1021/acs.jmedchem.1c02179,PROTAC-DB,Degradation of HDAC2 in HCT116 cells after 24 h treatment,24.0,,HCT 116,ACH-000971,Bowel,mapped,1.0
CC(=O)N[C@H](C(=O)N1C[C@H](O)C[C@H]1C(=O)NCc1ccc(-c2scnc2C)cc1OCCCCNC(=O)CCCCC(=O)Nc1ccc(C(=O)Nc2ccccc2N)cc1)C(C)(C)C,True,2440,HDAC3,O15379,VHL,VHL,P40337,HCT116,HCT116-53BPI(+/-),,,0,27.0,1,0.0,1,1,10.1021/acs.jmedchem.1c02179,PROTAC-DB,Degradation of HDAC3 in HCT116 cells after 24 h treatment,24.0,,HCT 116,ACH-000971,Bowel,mapped,1.0
CC(=O)N[C@H](C(=O)N1C[C@H](O)C[C@H]1C(=O)NCc1ccc(-c2scnc2C)cc1OCCCCNC(=O)CCCCCCCC(=O)Nc1ccc(C(=O)Nc2ccccc2N)cc1)C(C)(C)C,True,2441,HDAC1,Q13547,VHL,VHL,P40337,HCT116,HCT116-53BPI(+/-),,,0,38.0,1,0.0,1,1,10.1021/acs.jmedchem.1c02179,PROTAC-DB,Degradation of HDAC1 in HCT116 cells after 24 h treatment,24.0,,HCT 116,ACH-000971,Bowel,mapped,1.0
CC(=O)N[C@H](C(=O)N1C[C@H](O)C[C@H]1C(=O)NCc1ccc(-c2scnc2C)cc1OCCCCNC(=O)CCCCCCCC(=O)Nc1ccc(C(=O)Nc2ccccc2N)cc1)C(C)(C)C,True,2441,HDAC2,Q92769,VHL,VHL,P40337,HCT116,HCT116-53BPI(+/-),,,0,11.0,1,0.0,1,1,10.1021/acs.jmedchem.1c02179,PROTAC-DB,Degradation of HDAC2 in HCT116 cells after 24 h treatment,24.0,,HCT 116,ACH-000971,Bowel,mapped,1.0
CC(=O)N[C@H](C(=O)N1C[C@H](O)C[C@H]1C(=O)NCc1ccc(-c2scnc2C)cc1OCCCCNC(=O)CCCCCCCC(=O)Nc1ccc(C(=O)Nc2ccccc2N)cc1)C(C)(C)C,True,2441,HDAC3,O15379,VHL,VHL,P40337,HCT116,HCT116-53BPI(+/-),,,0,15.0,1,0.0,1,1,10.1021/acs.jmedchem.1c02179,PROTAC-DB,Degradation of HDAC3 in HCT116 cells after 24 h treatment,24.0,,HCT 116,ACH-000971,Bowel,mapped,1.0
N#Cc1ccc(O[C@H]2CC[C@H](NC(=O)c3ccc(NCCCNc4ccc5c(c4)C(=O)N(C4CCC(=O)NC4=O)C5=O)cc3)CC2)cc1Cl,True,2495,AR,P10275,CRBN,CRBN,Q96SW2,VCaP,VCaP,1.0,9.0,1,85.0,1,1.0,1,1,10.1021/acs.jmedchem.1c00900,PROTAC-DB,Degradation of AR in VCaP cells after 24 h treatment,24.0,,VCaP,ACH-000115,Prostate,mapped,1.0
N#Cc1ccc(O[C@H]2CC[C@H](NC(=O)c3ccc(NCCCCNc4ccc5c(c4)C(=O)N(C4CCC(=O)NC4=O)C5=O)cc3)CC2)cc1Cl,True,2496,AR,P10275,CRBN,CRBN,Q96SW2,VCaP,VCaP,1.1,8.958607314841775,1,89.0,1,1.0,1,1,10.1021/acs.jmedchem.1c00900,PROTAC-DB,Degradation of AR in VCaP cells after 24 h treatment,24.0,,VCaP,ACH-000115,Prostate,mapped,1.0
N#Cc1ccc(O[C@H]2CC[C@H](NC(=O)c3ccc(NCCCCCNc4ccc5c(c4)C(=O)N(C4CCC(=O)NC4=O)C5=O)cc3)CC2)cc1Cl,True,2497,AR,P10275,CRBN,CRBN,Q96SW2,VCaP,VCaP,0.2,9.698970004336019,1,95.0,1,1.0,1,1,10.1021/acs.jmedchem.1c00900,PROTAC-DB,Degradation of AR in VCaP cells after 24 h treatment,24.0,,VCaP,ACH-000115,Prostate,mapped,1.0
N#Cc1ccc(O[C@H]2CC[C@H](NC(=O)c3ccc(NCCCCCCNc4ccc5c(c4)C(=O)N(C4CCC(=O)NC4=O)C5=O)cc3)CC2)cc1Cl,True,2498,AR,P10275,CRBN,CRBN,Q96SW2,VCaP,VCaP,0.6,9.221848749616356,1,99.0,1,1.0,1,1,10.1021/acs.jmedchem.1c00900,PROTAC-DB,Degradation of AR in VCaP cells after 24 h treatment,24.0,,VCaP,ACH-000115,Prostate,mapped,1.0
N#Cc1ccc(O[C@H]2CC[C@H](NC(=O)c3ccc(NCCCCCCCNc4ccc5c(c4)C(=O)N(C4CCC(=O)NC4=O)C5=O)cc3)CC2)cc1Cl,True,2499,AR,P10275,CRBN,CRBN,Q96SW2,VCaP,VCaP,0.7,9.154901959985743,1,99.0,1,1.0,1,1,10.1021/acs.jmedchem.1c00900,PROTAC-DB,Degradation of AR in VCaP cells after 24 h treatment,24.0,,VCaP,ACH-000115,Prostate,mapped,1.0
N#Cc1ccc(O[C@H]2CC[C@H](NC(=O)c3ccc(NCCCCCCCCNc4ccc5c(c4)C(=O)N(C4CCC(=O)NC4=O)C5=O)cc3)CC2)cc1Cl,True,2500,AR,P10275,CRBN,CRBN,Q96SW2,VCaP,VCaP,1.5,8.823908740944319,1,97.0,1,1.0,1,1,10.1021/acs.jmedchem.1c00900,PROTAC-DB,Degradation of AR in VCaP cells after 24 h treatment,24.0,,VCaP,ACH-000115,Prostate,mapped,1.0
N#Cc1ccc(O[C@H]2CC[C@H](NC(=O)c3ccc(NCCCCCCCCCNc4ccc5c(c4)C(=O)N(C4CCC(=O)NC4=O)C5=O)cc3)CC2)cc1Cl,True,2501,AR,P10275,CRBN,CRBN,Q96SW2,VCaP,VCaP,3.2,8.494850021680094,1,96.0,1,1.0,1,1,10.1021/acs.jmedchem.1c00900,PROTAC-DB,Degradation of AR in VCaP cells after 24 h treatment,24.0,,VCaP,ACH-000115,Prostate,mapped,1.0
N#Cc1ccc(O[C@H]2CC[C@H](NC(=O)c3ccc(NCCCCCCCCCCNc4ccc5c(c4)C(=O)N(C4CCC(=O)NC4=O)C5=O)cc3)CC2)cc1Cl,True,2502,AR,P10275,CRBN,CRBN,Q96SW2,VCaP,VCaP,1000.0,6.0,1,25.0,1,0.0,1,1,10.1021/acs.jmedchem.1c00900,PROTAC-DB,Degradation of AR in VCaP cells after 24 h treatment,24.0,,VCaP,ACH-000115,Prostate,mapped,1.0
N#Cc1ccc(O[C@H]2CC[C@H](NC(=O)c3ccc(NCCCCCCCCCCCNc4ccc5c(c4)C(=O)N(C4CCC(=O)NC4=O)C5=O)cc3)CC2)cc1Cl,True,2503,AR,P10275,CRBN,CRBN,Q96SW2,VCaP,VCaP,1000.0,6.0,1,42.0,1,0.0,1,1,10.1021/acs.jmedchem.1c00900,PROTAC-DB,Degradation of AR in VCaP cells after 24 h treatment,24.0,,VCaP,ACH-000115,Prostate,mapped,1.0
N#Cc1ccc(O[C@H]2CC[C@H](NC(=O)c3ccc(N4CCN(CCNc5ccc6c(c5)C(=O)N(C5CCC(=O)NC5=O)C6=O)CC4)cc3)CC2)cc1Cl,True,2504,AR,P10275,CRBN,CRBN,Q96SW2,VCaP,VCaP,0.8,9.096910013008056,1,77.0,1,1.0,1,1,10.1021/acs.jmedchem.1c00900,PROTAC-DB,Degradation of AR in VCaP cells after 24 h treatment,24.0,,VCaP,ACH-000115,Prostate,mapped,1.0
N#Cc1ccc(O[C@H]2CC[C@H](NC(=O)c3ccc(N4CCN(CCCNc5ccc6c(c5)C(=O)N(C5CCC(=O)NC5=O)C6=O)CC4)cc3)CC2)cc1Cl,True,2505,AR,P10275,CRBN,CRBN,Q96SW2,VCaP,VCaP,2.7,8.568636235841012,1,82.0,1,1.0,1,1,10.1021/acs.jmedchem.1c00900,PROTAC-DB,Degradation of AR in VCaP cells after 24 h treatment,24.0,,VCaP,ACH-000115,Prostate,mapped,1.0
N#Cc1ccc(O[C@H]2CC[C@H](NC(=O)c3ccc(N4CCN(CCCCNc5ccc6c(c5)C(=O)N(C5CCC(=O)NC5=O)C6=O)CC4)cc3)CC2)cc1Cl,True,2506,AR,P10275,CRBN,CRBN,Q96SW2,VCaP,VCaP,16.2,7.790484985457369,1,67.0,1,1.0,1,1,10.1021/acs.jmedchem.1c00900,PROTAC-DB,Degradation of AR in VCaP cells after 24 h treatment,24.0,,VCaP,ACH-000115,Prostate,mapped,1.0
N#Cc1ccc(O[C@H]2CC[C@H](NC(=O)c3ccc(N4CCN(CCCCCNc5ccc6c(c5)C(=O)N(C5CCC(=O)NC5=O)C6=O)CC4)cc3)CC2)cc1Cl,True,2507,AR,P10275,CRBN,CRBN,Q96SW2,VCaP,VCaP,0.9,9.045757490560675,1,85.0,1,1.0,1,1,10.1021/acs.jmedchem.1c00900,PROTAC-DB,Degradation of AR in VCaP cells after 24 h treatment,24.0,,VCaP,ACH-000115,Prostate,mapped,1.0
N#Cc1ccc(O[C@H]2CC[C@H](NC(=O)c3ccc(N4CCN(CC5CCN(c6ccc7c(c6)C(=O)N(C6CCC(=O)NC6=O)C7=O)CC5)CC4)cc3)CC2)cc1Cl,True,2508,AR,P10275,CRBN,CRBN,Q96SW2,VCaP,VCaP,0.2,9.698970004336019,1,97.0,1,1.0,1,1,10.1021/acs.jmedchem.1c00900,PROTAC-DB,Degradation of AR in VCaP cells after 24 h treatment,24.0,,VCaP,ACH-000115,Prostate,mapped,1.0
N#Cc1ccc(O[C@H]2CC[C@H](NC(=O)c3ccc(N4CCN(C5CCN(c6ccc7c(c6)C(=O)N(C6CCC(=O)NC6=O)C7=O)CC5)CC4)cc3)CC2)cc1Cl,True,2509,AR,P10275,CRBN,CRBN,Q96SW2,VCaP,VCaP,0.3,9.522878745280337,1,88.0,1,1.0,1,1,10.1021/acs.jmedchem.1c00900,PROTAC-DB,Degradation of AR in VCaP cells after 24 h treatment,24.0,,VCaP,ACH-000115,Prostate,mapped,1.0
N#Cc1ccc(O[C@H]2CC[C@H](NC(=O)c3ccc(N4CCC(N5CCN(c6ccc7c(c6)C(=O)N(C6CCC(=O)NC6=O)C7=O)CC5)CC4)cc3)CC2)cc1Cl,True,2510,AR,P10275,CRBN,CRBN,Q96SW2,VCaP,VCaP,0.2,9.698970004336019,1,95.0,1,1.0,1,1,10.1021/acs.jmedchem.1c00900,PROTAC-DB,Degradation of AR in VCaP cells after 24 h treatment,24.0,,VCaP,ACH-000115,Prostate,mapped,1.0
N#Cc1ccc(O[C@H]2CC[C@H](NC(=O)c3ccc(N4CCN(CC5CN(c6ccc7c(c6)C(=O)N(C6CCC(=O)NC6=O)C7=O)C5)CC4)cc3)CC2)cc1Cl,True,2511,AR,P10275,CRBN,CRBN,Q96SW2,VCaP,VCaP,0.3,9.522878745280337,1,92.0,1,1.0,1,1,10.1021/acs.jmedchem.1c00900,PROTAC-DB,Degradation of AR in VCaP cells after 24 h treatment,24.0,,VCaP,ACH-000115,Prostate,mapped,1.0
N#Cc1ccc(O[C@H]2CC[C@H](NC(=O)c3ccc(N4CCN(C5CN(c6ccc7c(c6)C(=O)N(C6CCC(=O)NC6=O)C7=O)C5)CC4)cc3)CC2)cc1Cl,True,2512,AR,P10275,CRBN,CRBN,Q96SW2,VCaP,VCaP,0.1,10.0,1,76.0,1,1.0,1,1,10.1021/acs.jmedchem.1c00900,PROTAC-DB,Degradation of AR in VCaP cells after 24 h treatment,24.0,,VCaP,ACH-000115,Prostate,mapped,1.0
N#Cc1ccc(O[C@H]2CC[C@H](NC(=O)c3ccc(N4CCC(N5CCN(c6ccc7c(c6)C(=O)N(C6CCC(=O)NC6=O)C7=O)CC5)CC4)cc3)C2)cc1Cl,True,2513,AR,P10275,CRBN,CRBN,Q96SW2,VCaP,VCaP,1000.0,6.0,1,20.0,1,0.0,1,1,10.1021/acs.jmedchem.1c00900,PROTAC-DB,Degradation of AR in VCaP cells after 24 h treatment,24.0,,VCaP,ACH-000115,Prostate,mapped,1.0
N#Cc1ccc(O[C@@H]2CCC[C@@H](NC(=O)c3ccc(N4CCC(N5CCN(c6ccc7c(c6)C(=O)N(C6CCC(=O)NC6=O)C7=O)CC5)CC4)cc3)CC2)cc1Cl,True,2514,AR,P10275,CRBN,CRBN,Q96SW2,VCaP,VCaP,1000.0,6.0,1,45.0,1,0.0,1,1,10.1021/acs.jmedchem.1c00900,PROTAC-DB,Degradation of AR in VCaP cells after 24 h treatment,24.0,,VCaP,ACH-000115,Prostate,mapped,1.0
N#Cc1ccc(O[C@H]2CCC[C@@H](NC(=O)c3ccc(N4CCC(N5CCN(c6ccc7c(c6)C(=O)N(C6CCC(=O)NC6=O)C7=O)CC5)CC4)cc3)CCC2)cc1Cl,True,2515,AR,P10275,CRBN,CRBN,Q96SW2,VCaP,VCaP,1000.0,6.0,1,54.0,1,0.0,1,1,10.1021/acs.jmedchem.1c00900,PROTAC-DB,Degradation of AR in VCaP cells after 24 h treatment,24.0,,VCaP,ACH-000115,Prostate,mapped,1.0
N#Cc1ccc(OC2CCN(C(=O)c3ccc(N4CCC(N5CCN(c6ccc7c(c6)C(=O)N(C6CCC(=O)NC6=O)C7=O)CC5)CC4)cc3)CC2)cc1Cl,True,2516,AR,P10275,CRBN,CRBN,Q96SW2,VCaP,VCaP,1000.0,6.0,1,19.0,1,0.0,1,1,10.1021/acs.jmedchem.1c00900,PROTAC-DB,Degradation of AR in VCaP cells after 24 h treatment,24.0,,VCaP,ACH-000115,Prostate,mapped,1.0
N#Cc1ccc(OC2CCCN(C(=O)c3ccc(N4CCC(N5CCN(c6ccc7c(c6)C(=O)N(C6CCC(=O)NC6=O)C7=O)CC5)CC4)cc3)CC2)cc1Cl,True,2517,AR,P10275,CRBN,CRBN,Q96SW2,VCaP,VCaP,1000.0,6.0,1,35.0,1,0.0,1,1,10.1021/acs.jmedchem.1c00900,PROTAC-DB,Degradation of AR in VCaP cells after 24 h treatment,24.0,,VCaP,ACH-000115,Prostate,mapped,1.0
N#Cc1ccc(N[C@H]2CC[C@H](NC(=O)c3ccc(N4CCC(N5CCN(c6ccc7c(c6)C(=O)N(C6CCC(=O)NC6=O)C7=O)CC5)CC4)cc3)CC2)cc1Cl,True,2518,AR,P10275,CRBN,CRBN,Q96SW2,VCaP,VCaP,0.3,9.522878745280337,1,78.0,1,1.0,1,1,10.1021/acs.jmedchem.1c00900,PROTAC-DB,Degradation of AR in VCaP cells after 24 h treatment,24.0,,VCaP,ACH-000115,Prostate,mapped,1.0
CN(c1ccc(C#N)c(Cl)c1)[C@H]1CC[C@H](NC(=O)c2ccc(N3CCC(N4CCN(c5ccc6c(c5)C(=O)N(C5CCC(=O)NC5=O)C6=O)CC4)CC3)cc2)CC1,True,2519,AR,P10275,CRBN,CRBN,Q96SW2,VCaP,VCaP,0.09,10.045757490560675,1,99.0,1,1.0,1,1,10.1021/acs.jmedchem.1c00900,PROTAC-DB,Degradation of AR in VCaP cells after 24 h treatment,24.0,,VCaP,ACH-000115,Prostate,mapped,1.0
CN(c1ccc(C#N)c(Cl)c1)[C@H]1CC[C@H](NC(=O)c2ccc(N3CCC(N4CCN(c5ccc6c(c5)C(=O)N(C5CCC(=O)NC5=O)C6=O)CC4)CC3)cc2)CC1,True,2519,AR T878A,P10275,CRBN,CRBN,Q96SW2,LNCaP,LNCaP,0.3,9.522878745280337,1,95.0,1,1.0,1,1,10.1021/acs.jmedchem.1c00900,PROTAC-DB,Degradation of AR T878A in LNCaP (AR T878A) cells after 24 h treatment,24.0,,LNCaP clone FGC,ACH-000977,Prostate,mapped,1.0
CCN(c1ccc(C#N)c(Cl)c1)[C@H]1CC[C@H](NC(=O)c2ccc(N3CCC(N4CCN(c5ccc6c(c5)C(=O)N(C5CCC(=O)NC5=O)C6=O)CC4)CC3)cc2)CC1,True,2520,AR,P10275,CRBN,CRBN,Q96SW2,VCaP,VCaP,0.1,10.0,1,99.0,1,1.0,1,1,10.1021/acs.jmedchem.1c00900,PROTAC-DB,Degradation of AR in VCaP cells after 24 h treatment,24.0,,VCaP,ACH-000115,Prostate,mapped,1.0
CCCN(c1ccc(C#N)c(Cl)c1)[C@H]1CC[C@H](NC(=O)c2ccc(N3CCC(N4CCN(c5ccc6c(c5)C(=O)N(C5CCC(=O)NC5=O)C6=O)CC4)CC3)cc2)CC1,True,2521,AR,P10275,CRBN,CRBN,Q96SW2,VCaP,VCaP,1.4,8.853871964321762,1,88.0,1,1.0,1,1,10.1021/acs.jmedchem.1c00900,PROTAC-DB,Degradation of AR in VCaP cells after 24 h treatment,24.0,,VCaP,ACH-000115,Prostate,mapped,1.0
CN(c1ccc(C#N)c(Cl)c1)[C@H]1CC[C@H](NC(=O)c2ccc(N3CCN(CC4CCN(c5ccc6c(c5)C(=O)N(C5CCC(=O)NC5=O)C6=O)CC4)CC3)cc2)CC1,True,2522,AR,P10275,CRBN,CRBN,Q96SW2,VCaP,VCaP,1.4,8.853871964321762,1,93.0,1,1.0,1,1,10.1021/acs.jmedchem.1c00900,PROTAC-DB,Degradation of AR in VCaP cells after 24 h treatment,24.0,,VCaP,ACH-000115,Prostate,mapped,1.0
CN(c1ccc(C#N)c(Cl)c1)[C@H]1CC[C@H](NC(=O)c2ccc(N3CCC(CN4CCN(c5ccc6c(c5)C(=O)N(C5CCC(=O)NC5=O)C6=O)CC4)CC3)cc2)CC1,True,2523,AR,P10275,CRBN,CRBN,Q96SW2,VCaP,VCaP,0.5,9.301029995663981,1,96.0,1,1.0,1,1,10.1021/acs.jmedchem.1c00900,PROTAC-DB,Degradation of AR in VCaP cells after 24 h treatment,24.0,,VCaP,ACH-000115,Prostate,mapped,1.0
CN(c1ccc(C#N)c(Cl)c1)[C@H]1CC[C@H](NC(=O)c2ccc(N3CCN(C4CCN(c5ccc6c(c5)C(=O)N(C5CCC(=O)NC5=O)C6=O)CC4)CC3)cc2)CC1,True,2524,AR,P10275,CRBN,CRBN,Q96SW2,VCaP,VCaP,0.1,10.0,1,96.0,1,1.0,1,1,10.1021/acs.jmedchem.1c00900,PROTAC-DB,Degradation of AR in VCaP cells after 24 h treatment,24.0,,VCaP,ACH-000115,Prostate,mapped,1.0
CN(c1ccc(C#N)c(Cl)c1)[C@H]1CC[C@H](NC(=O)c2ccc(N3CCN(C4CCN(c5ccc6c(c5)C(=O)N(C5CCC(=O)NC5=O)C6=O)CC4)CC3)cc2)CC1,True,2524,AR T878A,P10275,CRBN,CRBN,Q96SW2,LNCaP,LNCaP,0.4,9.397940008672037,1,95.0,1,1.0,1,1,10.1021/acs.jmedchem.1c00900,PROTAC-DB,Degradation of AR T878A in LNCaP (AR T878A) cells after 24 h treatment,24.0,,LNCaP clone FGC,ACH-000977,Prostate,mapped,1.0
CN(c1ccc(C#N)c(Cl)c1)[C@H]1CC[C@H](NC(=O)c2ccc(N3CCN(CC4CN(c5ccc6c(c5)C(=O)N(C5CCC(=O)NC5=O)C6=O)C4)CC3)cc2)CC1,True,2525,AR,P10275,CRBN,CRBN,Q96SW2,VCaP,VCaP,0.01,11.0,1,99.0,1,1.0,1,1,10.1021/acs.jmedchem.1c00900,PROTAC-DB,Degradation of AR in VCaP cells after 24 h treatment,24.0,,VCaP,ACH-000115,Prostate,mapped,1.0
CN(c1ccc(C#N)c(Cl)c1)[C@H]1CC[C@H](NC(=O)c2ccc(N3CCN(CC4CN(c5ccc6c(c5)C(=O)N(C5CCC(=O)NC5=O)C6=O)C4)CC3)cc2)CC1,True,2525,AR T878A,P10275,CRBN,CRBN,Q96SW2,LNCaP,LNCaP,0.9,9.045757490560675,1,99.0,1,1.0,1,1,10.1021/acs.jmedchem.1c00900,PROTAC-DB,Degradation of AR T878A in LNCaP (AR T878A) cells after 24 h treatment,24.0,,LNCaP clone FGC,ACH-000977,Prostate,mapped,1.0
CN(c1ccc(C#N)c(Cl)c1)[C@H]1CC[C@H](NC(=O)c2ccc(N3CCN(C4CN(c5ccc6c(c5)C(=O)N(C5CCC(=O)NC5=O)C6=O)C4)CC3)cc2)CC1,True,ARD-2585,AR,P10275,CRBN,CRBN,Q96SW2,VCaP,VCaP,0.04,10.397940008672037,1,99.0,1,1.0,1,1,10.1021/acs.jmedchem.1c00900,PROTAC-DB,Degradation of AR in VCaP cells after 24 h treatment,24.0,,VCaP,ACH-000115,Prostate,mapped,1.0
CN(c1ccc(C#N)c(Cl)c1)[C@H]1CC[C@H](NC(=O)c2ccc(N3CCN(C4CN(c5ccc6c(c5)C(=O)N(C5CCC(=O)NC5=O)C6=O)C4)CC3)cc2)CC1,True,2526,AR T878A,P10275,CRBN,CRBN,Q96SW2,LNCaP,LNCaP,0.1,10.0,1,98.0,1,1.0,1,1,10.1021/acs.jmedchem.1c00900,PROTAC-DB,Degradation of AR T878A in LNCaP (AR T878A) cells after 24 h treatment,24.0,,LNCaP clone FGC,ACH-000977,Prostate,mapped,1.0
CN(c1ccc(C#N)c(Cl)c1)[C@H]1CC[C@H](NC(=O)c2ccc(N3CC(CN4CCN(c5ccc6c(c5)C(=O)N(C5CCC(=O)NC5=O)C6=O)CC4)C3)cc2)CC1,True,2527,AR,P10275,CRBN,CRBN,Q96SW2,VCaP,VCaP,0.1,10.0,1,100.0,1,1.0,1,1,10.1021/acs.jmedchem.1c00900,PROTAC-DB,Degradation of AR in VCaP cells after 24 h treatment,24.0,,VCaP,ACH-000115,Prostate,mapped,1.0
CN(c1ccc(C#N)c(Cl)c1)[C@H]1CC[C@H](NC(=O)c2ccc(N3CC(CN4CCN(c5ccc6c(c5)C(=O)N(C5CCC(=O)NC5=O)C6=O)CC4)C3)cc2)CC1,True,2527,AR T878A,P10275,CRBN,CRBN,Q96SW2,LNCaP,LNCaP,1.9,8.721246399047171,1,99.0,1,1.0,1,1,10.1021/acs.jmedchem.1c00900,PROTAC-DB,Degradation of AR T878A in LNCaP (AR T878A) cells after 24 h treatment,24.0,,LNCaP clone FGC,ACH-000977,Prostate,mapped,1.0
CN(c1ccc(C#N)c(Cl)c1)[C@H]1CC[C@H](NC(=O)c2ccc(N3CC(N4CCN(c5ccc6c(c5)C(=O)N(C5CCC(=O)NC5=O)C6=O)CC4)C3)cc2)CC1,True,2528,AR,P10275,CRBN,CRBN,Q96SW2,VCaP,VCaP,0.2,9.698970004336019,1,96.0,1,1.0,1,1,10.1021/acs.jmedchem.1c00900,PROTAC-DB,Degradation of AR in VCaP cells after 24 h treatment,24.0,,VCaP,ACH-000115,Prostate,mapped,1.0
CN(c1ccc(C#N)c(Cl)c1)[C@H]1CC[C@H](NC(=O)c2ccc(N3CC(N4CCN(c5ccc6c(c5)C(=O)N(C5CCC(=O)NC5=O)C6=O)CC4)C3)cc2)CC1,True,2528,AR T878A,P10275,CRBN,CRBN,Q96SW2,LNCaP,LNCaP,1.3,8.886056647693163,1,64.0,1,1.0,1,1,10.1021/acs.jmedchem.1c00900,PROTAC-DB,Degradation of AR T878A in LNCaP (AR T878A) cells after 24 h treatment,24.0,,LNCaP clone FGC,ACH-000977,Prostate,mapped,1.0
CC(O)(CS(=O)(=O)c1ccc(N2CCN(C3CCN(c4ccc5c(c4)C(=O)N(C4CCC(=O)NC4=O)C5=O)CC3)CC2)cc1)C(=O)Nc1ccc(C#N)c(C(F)(F)F)c1,True,2529,AR,P10275,CRBN,CRBN,Q96SW2,VCaP,VCaP,1000.0,6.0,1,32.0,1,0.0,1,1,10.1021/acs.jmedchem.1c00900,PROTAC-DB,Degradation of AR in VCaP cells after 24 h treatment,24.0,,VCaP,ACH-000115,Prostate,mapped,1.0
CC1(C)C(=O)N(c2ccc(C#N)c(C(F)(F)F)c2)C(=S)N1c1ccc(C(=O)N2CCN(C3CCN(c4ccc5c(c4)C(=O)N(C4CCC(=O)NC4=O)C5=O)CC3)CC2)c(F)c1,True,2530,AR,P10275,CRBN,CRBN,Q96SW2,VCaP,VCaP,1000.0,6.0,1,14.0,1,0.0,1,1,10.1021/acs.jmedchem.1c00900,PROTAC-DB,Degradation of AR in VCaP cells after 24 h treatment,24.0,,VCaP,ACH-000115,Prostate,mapped,1.0
N#Cc1ncc(N2C(=O)C3(CCC3)N(c3ccc(C(=O)N4CCN(C5CCN(c6ccc7c(c6)C(=O)N(C6CCC(=O)NC6=O)C7=O)CC5)CC4)c(F)c3)C2=S)cc1C(F)(F)F,True,2531,AR,P10275,CRBN,CRBN,Q96SW2,VCaP,VCaP,1000.0,6.0,1,27.0,1,0.0,1,1,10.1021/acs.jmedchem.1c00900,PROTAC-DB,Degradation of AR in VCaP cells after 24 h treatment,24.0,,VCaP,ACH-000115,Prostate,mapped,1.0
O=C1CCC(N2C(=O)c3cccc(N4CCN(C(=O)C5CCN(c6ccc(NC(=O)c7cnc(Oc8ccccc8)nc7)cc6)CC5)CC4)c3C2=O)C(=O)N1,True,PROTAC(H-PGDS)-7,HPGDS,O60760,CRBN,CRBN,Q96SW2,KU812,Ku812,0.0263,10.580044251510243,1,,0,,0,1,10.1021/acs.jmedchem.1c01206,PROTAC-DB,Degradation of HPGDS in KU812 cells after 6/24 h treatment,6.0,,KU812,ACH-000074,Myeloid,mapped,1.0
Cc1ncsc1-c1ccc([C@H](C)NC(=O)[C@@H]2C[C@@H](O)CN2C(=O)[C@@H](NC(=O)CCCCCCCCCCC(=O)NCCNC[C@@H](C(=O)N2CCN(c3ncnc4c3[C@H](C)C[C@H]4O)CC2)c2ccc(Cl)cc2)C(C)(C)C)cc1,True,MS98,AKT,P31751,VHL,VHL,P40337,BT474,BT474 A3,78.0,7.107905397309519,1,,0,,0,1,10.1021/acs.jmedchem.1c01476,PROTAC-DB,Degradation of total AKT in BT474 cells after 24 h treatment,24.0,,BT-474,ACH-000927,Breast,mapped,1.0
Cc1ncsc1-c1ccc([C@H](C)NC(=O)[C@@H]2C[C@@H](O)CN2C(=O)[C@@H](NC(=O)CCCCCCCCCCC(=O)NCCNC[C@@H](C(=O)N2CCN(c3ncnc4c3[C@H](C)C[C@H]4O)CC2)c2ccc(Cl)cc2)C(C)(C)C)cc1,True,MS98,AKT,P31749,VHL,VHL,P40337,BT474,BT474 A3,78.0,7.107905397309519,1,,0,,0,1,10.1021/acs.jmedchem.1c01476,PROTAC-DB,Degradation of total AKT in BT474 cells after 24 h treatment,24.0,,BT-474,ACH-000927,Breast,mapped,1.0
Cc1ncsc1-c1ccc([C@H](C)NC(=O)[C@@H]2C[C@@H](O)CN2C(=O)[C@@H](NC(=O)CCCCCCCCCCC(=O)NCCNC[C@@H](C(=O)N2CCN(c3ncnc4c3[C@H](C)C[C@H]4O)CC2)c2ccc(Cl)cc2)C(C)(C)C)cc1,True,MS98,AKT,Q9Y243,VHL,VHL,P40337,BT474,BT474 A3,78.0,7.107905397309519,1,,0,,0,1,10.1021/acs.jmedchem.1c01476,PROTAC-DB,Degradation of total AKT in BT474 cells after 24 h treatment,24.0,,BT-474,ACH-000927,Breast,mapped,1.0
C[C@@H]1C[C@@H](O)c2ncnc(N3CCN(C(=O)[C@H](CNCCC(=O)NCCCCCCCCNc4cccc5c4C(=O)N(C4CCC(=O)NC4=O)C5=O)c4ccc(Cl)cc4)CC3)c21,True,MS170,AKT,P31751,CRBN,CRBN,Q96SW2,BT474,BT474 A3,32.0,7.494850021680094,1,,0,,0,1,10.1021/acs.jmedchem.1c01476,PROTAC-DB,Degradation of total AKT in BT474 cells after 24 h treatment,24.0,,BT-474,ACH-000927,Breast,mapped,1.0
C[C@@H]1C[C@@H](O)c2ncnc(N3CCN(C(=O)[C@H](CNCCC(=O)NCCCCCCCCNc4cccc5c4C(=O)N(C4CCC(=O)NC4=O)C5=O)c4ccc(Cl)cc4)CC3)c21,True,MS170,AKT,P31749,CRBN,CRBN,Q96SW2,BT474,BT474 A3,32.0,7.494850021680094,1,,0,,0,1,10.1021/acs.jmedchem.1c01476,PROTAC-DB,Degradation of total AKT in BT474 cells after 24 h treatment,24.0,,BT-474,ACH-000927,Breast,mapped,1.0
C[C@@H]1C[C@@H](O)c2ncnc(N3CCN(C(=O)[C@H](CNCCC(=O)NCCCCCCCCNc4cccc5c4C(=O)N(C4CCC(=O)NC4=O)C5=O)c4ccc(Cl)cc4)CC3)c21,True,MS170,AKT,Q9Y243,CRBN,CRBN,Q96SW2,BT474,BT474 A3,32.0,7.494850021680094,1,,0,,0,1,10.1021/acs.jmedchem.1c01476,PROTAC-DB,Degradation of total AKT in BT474 cells after 24 h treatment,24.0,,BT-474,ACH-000927,Breast,mapped,1.0
C=CC(=O)N1CCC[C@H](n2c(Nc3ccccc3)nc3cnc(Nc4ccc(N5CCN(CCCCCCCC(=O)N[C@H](C(=O)N6C[C@H](O)C[C@H]6C(=O)N[C@@H](C)c6ccc(-c7scnc7C)cc6)C(C)(C)C)CC5)cc4)nc32)C1,True,2625,EGFR L858R/T790M,P00533,VHL,VHL,P40337,H1975,H1975/WR,1.56,8.806875401645538,1,86.0,1,1.0,1,1,10.1021/acs.jmedchem.1c01827,PROTAC-DB,Degradation of EGFR L858R/T790M in H1975 cells after 48 h treatment,48.0,,NCI-H1975,ACH-000587,Lung,mapped,1.0
C=CC(=O)N1CCC[C@H](n2c(Nc3ccccc3)nc3cnc(Nc4ccc(N5CCN(CCCCCCCC(=O)N[C@H](C(=O)N6C[C@H](O)C[C@H]6C(=O)N[C@@H](C)c6ccc(-c7scnc7C)cc6)C(C)(C)C)CC5)cc4)nc32)C1,True,2625,EGFR e19d,P00533,VHL,VHL,P40337,HCC827,HCC827,0.49,9.309803919971486,1,82.0,1,1.0,1,1,10.1021/acs.jmedchem.1c01827,PROTAC-DB,Degradation of EGFR e19d in HCC827 cells after 24 h treatment,24.0,,HCC-827,ACH-000012,Lung,mapped,1.0
Cc1cc(Cn2c(N3CC4(CNC4)C3)nc3c(N4CCN(CCCCCCC(=O)N[C@H](C(=O)N5C[C@H](O)C[C@H]5C(=O)N[C@@H](C)c5ccc(-c6scnc6C)cc5)C(C)(C)C)CC4)cc(Cl)cc32)cc(C)c1F,True,2628,SOS1,Q07889,VHL,VHL,P40337,NCI-H358,NCI-H358,216.4,6.664742743565468,1,,0,,0,1,10.1021/acs.jmedchem.1c01774,PROTAC-DB,Degradation of SOS1 in NCI-H358 cells after 24 h treatment,24.0,,NCI-H358,ACH-000860,Lung,mapped,1.0
Cc1cc(Cn2c(N3CC4(CNC4)C3)nc3c(N4CCN(CCCCCCCC(=O)N[C@H](C(=O)N5C[C@H](O)C[C@H]5C(=O)N[C@@H](C)c5ccc(-c6scnc6C)cc5)C(C)(C)C)CC4)cc(Cl)cc32)cc(C)c1F,True,2629,SOS1,Q07889,VHL,VHL,P40337,NCI-H358,NCI-H358,150.3,6.8230410194130915,1,,0,,0,1,10.1021/acs.jmedchem.1c01774,PROTAC-DB,Degradation of SOS1 in NCI-H358 cells after 24 h treatment,24.0,,NCI-H358,ACH-000860,Lung,mapped,1.0
Cc1cc(Cn2c(N3CC4(CNC4)C3)nc3c(N4CCN(CCCCCCCCC(=O)N[C@H](C(=O)N5C[C@H](O)C[C@H]5C(=O)N[C@@H](C)c5ccc(-c6scnc6C)cc5)C(C)(C)C)CC4)cc(Cl)cc32)cc(C)c1F,True,2630,SOS1,Q07889,VHL,VHL,P40337,NCI-H358,NCI-H358,98.4,7.007004901568658,1,,0,,0,1,10.1021/acs.jmedchem.1c01774,PROTAC-DB,Degradation of SOS1 in NCI-H358/MIA PaCa2/AsPC-1 cells after 24 h treatment,24.0,,NCI-H358,ACH-000860,Lung,mapped,1.0
Cc1cc(Cn2c(N3CC4(CNC4)C3)nc3c(N4CCN(CCCCCCCCC(=O)N[C@H](C(=O)N5C[C@H](O)C[C@H]5C(=O)N[C@@H](C)c5ccc(-c6scnc6C)cc5)C(C)(C)C)CC4)cc(Cl)cc32)cc(C)c1F,True,2630,SOS1,Q07889,VHL,VHL,P40337,MIA PaCa2,MIA PaCa-2,255.0,6.5934598195660445,1,,0,,0,1,10.1021/acs.jmedchem.1c01774,PROTAC-DB,Degradation of SOS1 in NCI-H358/MIA PaCa2/AsPC-1 cells after 24 h treatment,24.0,,MIA PaCa-2,ACH-000601,Pancreas,mapped,1.0
Cc1cc(Cn2c(N3CC4(CNC4)C3)nc3c(N4CCN(CCCCCCCCC(=O)N[C@H](C(=O)N5C[C@H](O)C[C@H]5C(=O)N[C@@H](C)c5ccc(-c6scnc6C)cc5)C(C)(C)C)CC4)cc(Cl)cc32)cc(C)c1F,True,2630,SOS1,Q07889,VHL,VHL,P40337,AsPC-1,AsPC-1,119.0,6.924453038607469,1,,0,,0,1,10.1021/acs.jmedchem.1c01774,PROTAC-DB,Degradation of SOS1 in NCI-H358/MIA PaCa2/AsPC-1 cells after 24 h treatment,24.0,,AsPC-1,ACH-000222,Pancreas,mapped,1.0
Cc1cc(Cn2c(N3CC4(CNC4)C3)nc3c(N4CCN(CCCCCCCCC(=O)N[C@H](C(=O)N5C[C@H](O)C[C@H]5C(=O)N[C@@H](C)c5ccc(-c6scnc6C)cc5)C(C)(C)C)CC4)cc(Cl)cc32)cc(C)c1F,True,2630,SOS1,Q07889,VHL,VHL,P40337,SK-LU-1,SK-LU-1,104.0,6.982966660701219,1,,0,,0,1,10.1021/acs.jmedchem.1c01774,PROTAC-DB,Degradation of SOS1 in SK-LU-1/SW620/A549 cells after 24 h treatment,24.0,,SK-LU-1,ACH-000309,Lung,mapped,0.0
Cc1cc(Cn2c(N3CC4(CNC4)C3)nc3c(N4CCN(CCCCCCCCC(=O)N[C@H](C(=O)N5C[C@H](O)C[C@H]5C(=O)N[C@@H](C)c5ccc(-c6scnc6C)cc5)C(C)(C)C)CC4)cc(Cl)cc32)cc(C)c1F,True,2630,SOS1,Q07889,VHL,VHL,P40337,SW620,SW620,125.0,6.903089986991944,1,,0,,0,1,10.1021/acs.jmedchem.1c01774,PROTAC-DB,Degradation of SOS1 in SK-LU-1/SW620/A549 cells after 24 h treatment,24.0,,SW 620,ACH-000651,Bowel,mapped,1.0
Cc1cc(Cn2c(N3CC4(CNC4)C3)nc3c(N4CCN(CCCCCCCCC(=O)N[C@H](C(=O)N5C[C@H](O)C[C@H]5C(=O)N[C@@H](C)c5ccc(-c6scnc6C)cc5)C(C)(C)C)CC4)cc(Cl)cc32)cc(C)c1F,True,2630,SOS1,Q07889,VHL,VHL,P40337,A549,A549 Cas9,22.0,7.657577319177793,1,,0,,0,1,10.1021/acs.jmedchem.1c01774,PROTAC-DB,Degradation of SOS1 in SK-LU-1/SW620/A549 cells after 24 h treatment,24.0,,A549,ACH-000681,Lung,mapped,1.0
Cc1cc(Cn2c(N3CC4(CNC4)C3)nc3c(N4CCN(CCCCCCCCCC(=O)N[C@H](C(=O)N5C[C@H](O)C[C@H]5C(=O)N[C@@H](C)c5ccc(-c6scnc6C)cc5)C(C)(C)C)CC4)cc(Cl)cc32)cc(C)c1F,True,2631,SOS1,Q07889,VHL,VHL,P40337,NCI-H358,NCI-H358,182.1,6.73969005420508,1,,0,,0,1,10.1021/acs.jmedchem.1c01774,PROTAC-DB,Degradation of SOS1 in NCI-H358 cells after 24 h treatment,24.0,,NCI-H358,ACH-000860,Lung,mapped,1.0
N[C@@H](Cc1ccc(O)c(O)c1)C(=O)NCCCCCNc1cccc2c1C(=O)N(C1CCC(=O)NC1=O)C2=O,True,2672,TYR,P14679,CRBN,CRBN,Q96SW2,A375,A375-C5,50000.0,4.301029995663981,1,61.0,1,0.0,1,1,10.1016/j.ejmech.2021.113850,PROTAC-DB,Degradation of TYR in A375 cells after 24 h treatment,24.0,,A-375,ACH-000219,Skin,mapped,1.0
Cc1ncsc1-c1ccc(CNC(=O)[C@@H]2C[C@@H](O)CN2C(=O)[C@@H](NC(=O)COCCn2cc(CCCS(=O)(=O)c3ccc(Nc4nccc(-c5cnc(C)n5C(C)C)n4)cc3)nn2)C(C)(C)C)cc1,True,2679,CDK2,P24941,VHL,VHL,P40337,HEI-OC1,HEI-OC1,100.0,7.0,1,,0,,0,1,10.1016/j.ejmech.2021.113849,PROTAC-DB,Degradation of CDK2 in HEI-OC1 cells after 24 h treatment,24.0,,HEI-OC1,,,unmapped,0.0
CC[C@@H]1c2nnc(C)n2-c2cnc(Nc3ccc(C(=O)NC4CCN(C(=O)COc5cccc6c5C(=O)N(C5CCC(=O)NC5=O)C6=O)CC4)cc3OC)nc2N1CC1CCCCC1,True,WWL0245,BRD4,O60885,CRBN,CRBN,Q96SW2,22Rv1,22Rv1,1.0,9.0,1,99.0,1,1.0,1,1,10.1016/j.ejmech.2021.113922,PROTAC-DB,Degradation of BRD4 in 22Rv1/VCaP cells after 24 h treatment,24.0,,22Rv1,ACH-000956,Prostate,mapped,1.0
CC[C@@H]1c2nnc(C)n2-c2cnc(Nc3ccc(C(=O)NC4CCN(C(=O)COc5cccc6c5C(=O)N(C5CCC(=O)NC5=O)C6=O)CC4)cc3OC)nc2N1CC1CCCCC1,True,WWL0245,BRD4,O60885,CRBN,CRBN,Q96SW2,VCaP,VCaP,1.0,9.0,1,99.0,1,1.0,1,1,10.1016/j.ejmech.2021.113922,PROTAC-DB,Degradation of BRD4 in 22Rv1/VCaP cells after 24 h treatment,24.0,,VCaP,ACH-000115,Prostate,mapped,1.0
Cc1nc(Nc2ncc(C(=O)Nc3c(C)cccc3Cl)s2)cc(N2CCN(C(=O)CCOCCNc3cccc4c3C(=O)N(C3CCC(=O)NC3=O)C4=O)CC2)n1,True,2699,BCR-ABL,P00520,CRBN,CRBN,Q96SW2,K562,EGFP-K562,8.7,8.060480747381382,1,,0,,0,1,10.1016/j.ejmech.2021.113645,PROTAC-DB,Degradation of BCR-ABL in K562 cells after 16 h treatment,16.0,,K-562,ACH-000551,Myeloid,mapped,1.0
Cc1nc(Nc2ncc(C(=O)Nc3c(C)cccc3Cl)s2)cc(N2CCN(C(=O)CCOCCOCCNc3cccc4c3C(=O)N(C3CCC(=O)NC3=O)C4=O)CC2)n1,True,2700,BCR-ABL,P00520,CRBN,CRBN,Q96SW2,K562,EGFP-K562,17.5,7.756961951313706,1,,0,,0,1,10.1016/j.ejmech.2021.113645,PROTAC-DB,Degradation of BCR-ABL in K562 cells after 16 h treatment,16.0,,K-562,ACH-000551,Myeloid,mapped,1.0
Cc1nc(Nc2ncc(C(=O)Nc3c(C)cccc3Cl)s2)cc(N2CCN(C(=O)CCOCCOCCOCCNc3cccc4c3C(=O)N(C3CCC(=O)NC3=O)C4=O)CC2)n1,True,2701,BCR-ABL,P00520,CRBN,CRBN,Q96SW2,K562,EGFP-K562,18.4,7.735182176990463,1,,0,,0,1,10.1016/j.ejmech.2021.113645,PROTAC-DB,Degradation of BCR-ABL in K562 cells after 16 h treatment,16.0,,K-562,ACH-000551,Myeloid,mapped,1.0
Cc1nc(Nc2ncc(C(=O)Nc3c(C)cccc3Cl)s2)cc(N2CCN(C(=O)CCOCCOCCOCCOCCNc3cccc4c3C(=O)N(C3CCC(=O)NC3=O)C4=O)CC2)n1,True,2702,BCR-ABL,P00520,CRBN,CRBN,Q96SW2,K562,EGFP-K562,26.1,7.583359492661719,1,,0,,0,1,10.1016/j.ejmech.2021.113645,PROTAC-DB,Degradation of BCR-ABL in K562 cells after 16 h treatment,16.0,,K-562,ACH-000551,Myeloid,mapped,1.0
Cc1nc(Nc2ncc(C(=O)Nc3c(C)cccc3Cl)s2)cc(N2CCN(C(=O)CCOCCOCCOCCOCCOCCNc3cccc4c3C(=O)N(C3CCC(=O)NC3=O)C4=O)CC2)n1,True,2703,BCR-ABL,P00520,CRBN,CRBN,Q96SW2,K562,EGFP-K562,10.8,7.966576244513051,1,,0,,0,1,10.1016/j.ejmech.2021.113645,PROTAC-DB,Degradation of BCR-ABL in K562 cells after 16 h treatment,16.0,,K-562,ACH-000551,Myeloid,mapped,1.0
Cc1nc(Nc2ncc(C(=O)Nc3c(C)cccc3Cl)s2)cc(N2CCN(C(=O)CCCNc3cccc4c3C(=O)N(C3CCC(=O)NC3=O)C4=O)CC2)n1,True,2704,BCR-ABL,P00520,CRBN,CRBN,Q96SW2,K562,EGFP-K562,7.8,8.10790539730952,1,,0,,0,1,10.1016/j.ejmech.2021.113645,PROTAC-DB,Degradation of BCR-ABL in K562 cells after 16 h treatment,16.0,,K-562,ACH-000551,Myeloid,mapped,1.0
Cc1nc(Nc2ncc(C(=O)Nc3c(C)cccc3Cl)s2)cc(N2CCN(C(=O)CCCCNc3cccc4c3C(=O)N(C3CCC(=O)NC3=O)C4=O)CC2)n1,True,2705,BCR-ABL,P00520,CRBN,CRBN,Q96SW2,K562,EGFP-K562,11.0,7.958607314841775,1,,0,,0,1,10.1016/j.ejmech.2021.113645,PROTAC-DB,Degradation of BCR-ABL in K562 cells after 16 h treatment,16.0,,K-562,ACH-000551,Myeloid,mapped,1.0
Cc1nc(Nc2ncc(C(=O)Nc3c(C)cccc3Cl)s2)cc(N2CCN(C(=O)CCCCCCNc3cccc4c3C(=O)N(C3CCC(=O)NC3=O)C4=O)CC2)n1,True,2706,BCR-ABL,P00520,CRBN,CRBN,Q96SW2,K562,EGFP-K562,9.0,8.045757490560675,1,,0,,0,1,10.1016/j.ejmech.2021.113645,PROTAC-DB,Degradation of BCR-ABL in K562 cells after 16 h treatment,16.0,,K-562,ACH-000551,Myeloid,mapped,1.0
Cc1nc(Nc2ncc(C(=O)Nc3c(C)cccc3Cl)s2)cc(N2CCN(C(=O)CSc3cccc4c3C(=O)N(C3CCC(=O)NC3=O)C4=O)CC2)n1,True,2707,BCR-ABL,P00520,CRBN,CRBN,Q96SW2,K562,EGFP-K562,5.6,8.2518119729938,1,,0,,0,1,10.1016/j.ejmech.2021.113645,PROTAC-DB,Degradation of BCR-ABL in K562 cells after 16 h treatment,16.0,,K-562,ACH-000551,Myeloid,mapped,1.0
Cc1nc(Nc2ncc(C(=O)Nc3c(C)cccc3Cl)s2)cc(N2CCN(C(=O)CNc3cccc4c3C(=O)N(C3CCC(=O)NC3=O)C4=O)CC2)n1,True,2708,BCR-ABL,P00520,CRBN,CRBN,Q96SW2,K562,EGFP-K562,10.0,8.0,1,,0,,0,1,10.1016/j.ejmech.2021.113645,PROTAC-DB,Degradation of BCR-ABL in K562 cells after 16 h treatment,16.0,,K-562,ACH-000551,Myeloid,mapped,1.0
Cc1nc(Nc2ncc(C(=O)Nc3c(C)cccc3Cl)s2)cc(N2CCN(C(=O)COc3cccc4c3C(=O)N(C3CCC(=O)NC3=O)C4=O)CC2)n1,True,2709,BCR-ABL,P00520,CRBN,CRBN,Q96SW2,K562,EGFP-K562,11.1,7.954677021213342,1,,0,,0,1,10.1016/j.ejmech.2021.113645,PROTAC-DB,Degradation of BCR-ABL in K562 cells after 16 h treatment,16.0,,K-562,ACH-000551,Myeloid,mapped,1.0
Cc1nc(Nc2ncc(C(=O)Nc3c(C)cccc3Cl)s2)cc(N2CCN(C(=O)CCc3cccc4c3C(=O)N(C3CCC(=O)NC3=O)C4=O)CC2)n1,True,2710,BCR-ABL,P00520,CRBN,CRBN,Q96SW2,K562,EGFP-K562,95.4,7.020451625295905,1,,0,,0,1,10.1016/j.ejmech.2021.113645,PROTAC-DB,Degradation of BCR-ABL in K562 cells after 16 h treatment,16.0,,K-562,ACH-000551,Myeloid,mapped,1.0
Cc1nc(Nc2ncc(C(=O)Nc3c(C)cccc3Cl)s2)cc(N2CCN(C(=O)CS(=O)(=O)c3cccc4c3C(=O)N(C3CCC(=O)NC3=O)C4=O)CC2)n1,True,2711,BCR-ABL,P00520,CRBN,CRBN,Q96SW2,K562,EGFP-K562,245.1,6.610656688747922,1,,0,,0,1,10.1016/j.ejmech.2021.113645,PROTAC-DB,Degradation of BCR-ABL in K562 cells after 16 h treatment,16.0,,K-562,ACH-000551,Myeloid,mapped,1.0
Cc1nc(Nc2ncc(C(=O)Nc3c(C)cccc3Cl)s2)cc(N2CCN(CCSc3cccc4c3C(=O)N(C3CCC(=O)NC3=O)C4=O)CC2)n1,True,2712,BCR-ABL,P00520,CRBN,CRBN,Q96SW2,K562,EGFP-K562,0.18,9.744727494896694,1,,0,,0,1,10.1016/j.ejmech.2021.113645,PROTAC-DB,Degradation of BCR-ABL in K562 cells after 16 h treatment,16.0,,K-562,ACH-000551,Myeloid,mapped,1.0
Cc1nc(Nc2ncc(C(=O)Nc3c(C)cccc3Cl)s2)cc(N2CCN(C(=O)CSc3cccc4c3CN(C3CCC(=O)NC3=O)C4=O)CC2)n1,True,2713,BCR-ABL,P00520,CRBN,CRBN,Q96SW2,K562,EGFP-K562,8.9,8.050609993355087,1,,0,,0,1,10.1016/j.ejmech.2021.113645,PROTAC-DB,Degradation of BCR-ABL in K562 cells after 16 h treatment,16.0,,K-562,ACH-000551,Myeloid,mapped,1.0
Cc1nc(Nc2ncc(C(=O)Nc3c(C)cccc3Cl)s2)cc(N2CCN(CCSc3cccc4c3CN(C3CCC(=O)NC3=O)C4=O)CC2)n1,True,2714,BCR-ABL,P00520,CRBN,CRBN,Q96SW2,K562,EGFP-K562,2.7,8.568636235841012,1,,0,,0,1,10.1016/j.ejmech.2021.113645,PROTAC-DB,Degradation of BCR-ABL in K562 cells after 16 h treatment,16.0,,K-562,ACH-000551,Myeloid,mapped,1.0
Cc1nc(Nc2ncc(C(=O)Nc3c(C)cccc3Cl)s2)cc(N2CCN(CCCCNc3cccc4c3C(=O)N(C3CCC(=O)NC3=O)C4=O)CC2)n1,True,2715,BCR-ABL,P00520,CRBN,CRBN,Q96SW2,K562,EGFP-K562,2.7,8.568636235841012,1,,0,,0,1,10.1016/j.ejmech.2021.113645,PROTAC-DB,Degradation of BCR-ABL in K562 cells after 16 h treatment,16.0,,K-562,ACH-000551,Myeloid,mapped,1.0
Cc1nc(Nc2ncc(C(=O)Nc3c(C)cccc3Cl)s2)cc(N2CCN(CCCCC(=O)Nc3cccc4c3C(=O)N(C3CCC(=O)NC3=O)C4=O)CC2)n1,True,2716,BCR-ABL,P00520,CRBN,CRBN,Q96SW2,K562,EGFP-K562,10.1,7.995678626217358,1,,0,,0,1,10.1016/j.ejmech.2021.113645,PROTAC-DB,Degradation of BCR-ABL in K562 cells after 16 h treatment,16.0,,K-562,ACH-000551,Myeloid,mapped,1.0
Cc1nc(Nc2ncc(C(=O)Nc3c(C)cccc3Cl)s2)cc(N2CCN(C(=O)CCCCNc3cccc4c3CN(C3CCC(=O)NC3=O)C4=O)CC2)n1,True,2717,BCR-ABL,P00520,CRBN,CRBN,Q96SW2,K562,EGFP-K562,11.1,7.954677021213342,1,,0,,0,1,10.1016/j.ejmech.2021.113645,PROTAC-DB,Degradation of BCR-ABL in K562 cells after 16 h treatment,16.0,,K-562,ACH-000551,Myeloid,mapped,1.0
Cc1nc(Nc2ncc(C(=O)Nc3c(C)cccc3Cl)s2)cc(N2CCN(C(=O)CCCC(=O)Nc3cccc4c3CN(C3CCC(=O)NC3=O)C4=O)CC2)n1,True,2718,BCR-ABL,P00520,CRBN,CRBN,Q96SW2,K562,EGFP-K562,125.0,6.903089986991944,1,,0,,0,1,10.1016/j.ejmech.2021.113645,PROTAC-DB,Degradation of BCR-ABL in K562 cells after 16 h treatment,16.0,,K-562,ACH-000551,Myeloid,mapped,1.0
COc1c(C)cnc(Cn2cc(C#CCCNc3cccc4c3C(=O)N(C3CCC(=O)NC3=O)C4=O)c3c(Cl)nc(N)nc32)c1C,True,BP3,HSP90,P07900,CRBN,CRBN,Q96SW2,MCF-7,MCF-7,990.0,6.00436480540245,1,83.43,1,1.0,1,1,10.1016/j.ejmech.2021.114013,PROTAC-DB,Degradation of HSP90 in MCF-7 cells after 6 h treatment,6.0,,MCF7,ACH-000019,Breast,mapped,1.0
CC(C)n1cnc2c(NCc3nc4cc(F)c(NCCCCCCCCNC(=O)COc5cccc6c5C(=O)N(C5CCC(=O)NC5=O)C6=O)cc4[nH]3)nc(N3CCOCC3)nc21,True,PP-C8,CDK12,Q9NYV4,CRBN,CRBN,Q96SW2,Bel-7402,BEL-7402,416.0,6.380906669373257,1,,0,,0,1,10.1016/j.ejmech.2021.114012,PROTAC-DB,Degradation of CDK12 in Bel-7402/MDA-MB-231 cells after 24 h treatment,24.0,,Bel-7402,,,unmapped,0.0
CC(C)n1cnc2c(NCc3nc4cc(F)c(NCCCCCCCCNC(=O)COc5cccc6c5C(=O)N(C5CCC(=O)NC5=O)C6=O)cc4[nH]3)nc(N3CCOCC3)nc21,True,PP-C8,CDK12,Q9NYV4,CRBN,CRBN,Q96SW2,MDA-MB-231,MDA-MB-231,412.0,6.3851027839668655,1,,0,,0,1,10.1016/j.ejmech.2021.114012,PROTAC-DB,Degradation of CDK12 in Bel-7402/MDA-MB-231 cells after 24 h treatment,24.0,,MDA-MB-231,ACH-000768,Breast,mapped,1.0
Nc1ncc(-c2ccc(S(=O)(=O)N3CCN(CCCCc4cn(CCOCCOCCOCCOCCNc5cccc6c5C(=O)N(C5CCC(=O)NC5=O)C6=O)nn4)CC3)cc2)nc1C(=O)Nc1cccnc1,True,2760,GSK3B,P49841,CRBN,CRBN,Q96SW2,SH-SY5Y,SH-SY5Y,110.1,6.9582126810282485,1,,0,,0,1,10.1016/j.ejmech.2021.113889,PROTAC-DB,Degradation of GSK3B in SH-SY5Y cells after 24 h treatment,24.0,,SH-SY5Y,ACH-001188,Peripheral Nervous System,mapped,1.0
Nc1ncc(-c2ccc(S(=O)(=O)N3CCN(CCCCc4cn(CCOCCOCCOCCOCCNc5cccc6c5C(=O)N(C5CCC(=O)NC5=O)C6=O)nn4)CC3)cc2)nc1C(=O)Nc1cccnc1,True,2760,GSK3A,P49840,CRBN,CRBN,Q96SW2,SH-SY5Y,SH-SY5Y,38.2,7.4179366370882915,1,,0,,0,1,10.1016/j.ejmech.2021.113889,PROTAC-DB,Degradation of GSK3A in SH-SY5Y cells after 24 h treatment,24.0,,SH-SY5Y,ACH-001188,Peripheral Nervous System,mapped,1.0
Nc1ncc(-c2ccc(S(=O)(=O)N3CCN(CCCCc4cn(CCOCCOCCOCCOCCOCCNc5cccc6c5C(=O)N(C5CCC(=O)NC5=O)C6=O)nn4)CC3)cc2)nc1C(=O)Nc1cccnc1,True,PT-65,GSK3A,P49840,CRBN,CRBN,Q96SW2,SH-SY5Y,SH-SY5Y,28.3,7.548213564475709,1,,0,,0,1,10.1016/j.ejmech.2021.113889,PROTAC-DB,Degradation of GSK3A in SH-SY5Y cells after 24 h treatment,24.0,,SH-SY5Y,ACH-001188,Peripheral Nervous System,mapped,1.0
Nc1ncc(-c2ccc(S(=O)(=O)N3CCN(CCCCc4cn(CCOCCOCCOCCOCCOCCNc5cccc6c5C(=O)N(C5CCC(=O)NC5=O)C6=O)nn4)CC3)cc2)nc1C(=O)Nc1cccnc1,True,PT-65,GSK3B,P49841,CRBN,CRBN,Q96SW2,SH-SY5Y,SH-SY5Y,34.2,7.465973893943865,1,,0,,0,1,10.1016/j.ejmech.2021.113889,PROTAC-DB,Degradation of GSK3B in SH-SY5Y cells after 24 h treatment,24.0,,SH-SY5Y,ACH-001188,Peripheral Nervous System,mapped,1.0
Nc1ncc(-c2ccc(S(=O)(=O)N3CCN(CCCCc4cn(CCOCCOCCOCCOCCOCCOCCNc5cccc6c5C(=O)N(C5CCC(=O)NC5=O)C6=O)nn4)CC3)cc2)nc1C(=O)Nc1cccnc1,True,2762,GSK3A,P49840,CRBN,CRBN,Q96SW2,SH-SY5Y,SH-SY5Y,40.4,7.393618634889395,1,,0,,0,1,10.1016/j.ejmech.2021.113889,PROTAC-DB,Degradation of GSK3A in SH-SY5Y cells after 24 h treatment,24.0,,SH-SY5Y,ACH-001188,Peripheral Nervous System,mapped,1.0
Nc1ncc(-c2ccc(S(=O)(=O)N3CCN(CCCCc4cn(CCOCCOCCOCCOCCOCCOCCNc5cccc6c5C(=O)N(C5CCC(=O)NC5=O)C6=O)nn4)CC3)cc2)nc1C(=O)Nc1cccnc1,True,2762,GSK3B,P49841,CRBN,CRBN,Q96SW2,SH-SY5Y,SH-SY5Y,66.6,7.176525770829699,1,,0,,0,1,10.1016/j.ejmech.2021.113889,PROTAC-DB,Degradation of GSK3B in SH-SY5Y cells after 24 h treatment,24.0,,SH-SY5Y,ACH-001188,Peripheral Nervous System,mapped,1.0
CCOC(=O)c1[nH]c2cc(Cl)ccc2c1C(C(=O)NC(C)(C)C)N(Cc1cc(F)c(F)c(F)c1)C(=O)CCCCC#Cc1cccc2c1CN(C1CCC(=O)NC1=O)C2=O,True,WB214,MDM2,Q00987,CRBN,CRBN,Q96SW2,RS4;11,RS4;11,4.1,8.387216143280265,1,,0,,0,1,10.1016/j.ejmech.2021.113425,PROTAC-DB,Degradation of MDM2 in RS4;11 cells after 12 h treatment,12.0,,RS4;11,ACH-000874,Lymphoid,mapped,1.0
Cc1ncsc1-c1ccc(CNC(=O)[C@@H]2C[C@@H](O)CN2C(=O)[C@@H](NC(=O)CCOCCCN2CCC[C@H]2COc2nc3c(c(N4CCN(C(=O)/C(C#N)=C\C5CC5)[C@@H](CC#N)C4)n2)CCN(c2cccc4cccc(Cl)c24)C3)C(C)(C)C)cc1,True,YF135,KRAS G12C,P01116,VHL,VHL,P40337,H358,NCI-H358,3610.0,5.442492798094342,1,,0,0.0,1,1,10.1016/j.ejmech.2021.114088,PROTAC-DB,Degradation of KRAS G12C in H358/H23 cells after 24 h treatment,24.0,,NCI-H358,ACH-000860,Lung,mapped,1.0
Cc1ncsc1-c1ccc(CNC(=O)[C@@H]2C[C@@H](O)CN2C(=O)[C@@H](NC(=O)CCOCCCN2CCC[C@H]2COc2nc3c(c(N4CCN(C(=O)/C(C#N)=C\C5CC5)[C@@H](CC#N)C4)n2)CCN(c2cccc4cccc(Cl)c24)C3)C(C)(C)C)cc1,True,YF135,KRAS G12C,P01116,VHL,VHL,P40337,H23,NCI-H23,4530.0,5.343901797987168,1,,0,0.0,1,1,10.1016/j.ejmech.2021.114088,PROTAC-DB,Degradation of KRAS G12C in H358/H23 cells after 24 h treatment,24.0,,NCI-H23,ACH-000900,Lung,mapped,1.0
O=C(CNc1ncnc2[nH]cc(C(=O)c3ccc(Oc4ccccc4)cc3Cl)c12)NCCOCCOCCOCCNc1cccc2c1C(=O)N(C1CCC(=O)NC1=O)C2=O,True,2833,BTK,Q06187,CRBN,CRBN,Q96SW2,JeKo-1,JeKo-1,28.5,7.54515513999149,1,67.1,1,1.0,1,1,10.1016/j.ejmech.2021.113820,PROTAC-DB,Degradation of BTK in JeKo-1 cells after 24 h treatment,24.0,,JeKo-1,ACH-000357,Lymphoid,mapped,1.0
O=C(CNc1ncnc2[nH]cc(C(=O)c3ccc(Oc4ccccc4)cc3Cl)c12)NCCOCCOCCOCCOCCNc1cccc2c1C(=O)N(C1CCC(=O)NC1=O)C2=O,True,2834,BTK,Q06187,CRBN,CRBN,Q96SW2,JeKo-1,JeKo-1,9.4,8.0268721464003,1,66.5,1,1.0,1,1,10.1016/j.ejmech.2021.113820,PROTAC-DB,Degradation of BTK in JeKo-1 cells after 24 h treatment,24.0,,JeKo-1,ACH-000357,Lymphoid,mapped,1.0
O=C(CNc1ncnc2[nH]cc(C(=O)c3ccc(Oc4ccccc4)cc3Cl)c12)NCCOCCOCCOCCOCCNc1cccc2c1C(=O)N(C1CCC(=O)NC1=O)C2=O,True,2834,BTK C481S,Q06187,CRBN,CRBN,Q96SW2,TMD8,TMD8,52.7,7.278189384787454,1,68.6,1,1.0,1,1,10.1016/j.ejmech.2021.113820,PROTAC-DB,Degradation of BTK C481S in TMD8 cells after 24 h treatment,24.0,,TMD8,,,unmapped,0.0
O=C(CNc1ncnc2[nH]cc(C(=O)c3ccc(Oc4ccccc4)cc3Cl)c12)NCCOCCOCCOCCOCCOCCNc1cccc2c1C(=O)N(C1CCC(=O)NC1=O)C2=O,True,2835,BTK,Q06187,CRBN,CRBN,Q96SW2,JeKo-1,JeKo-1,8.1,8.09151498112135,1,72.4,1,1.0,1,1,10.1016/j.ejmech.2021.113820,PROTAC-DB,Degradation of BTK in JeKo-1 cells after 24 h treatment,24.0,,JeKo-1,ACH-000357,Lymphoid,mapped,1.0
O=C(CNc1ncnc2[nH]cc(C(=O)c3ccc(Oc4ccccc4)cc3Cl)c12)NCCOCCOCCOCCOCCOCCNc1cccc2c1C(=O)N(C1CCC(=O)NC1=O)C2=O,True,2835,BTK C481S,Q06187,CRBN,CRBN,Q96SW2,TMD8,TMD8,80.4,7.094743951251549,1,88.4,1,1.0,1,1,10.1016/j.ejmech.2021.113820,PROTAC-DB,Degradation of BTK C481S in TMD8 cells after 24 h treatment,24.0,,TMD8,,,unmapped,0.0
O=C(CNc1ncnc2[nH]cc(C(=O)c3ccc(Oc4ccccc4)cc3Cl)c12)NCCOCCOCCOCCOCCOCCOCCNc1cccc2c1C(=O)N(C1CCC(=O)NC1=O)C2=O,True,2836,BTK,Q06187,CRBN,CRBN,Q96SW2,JeKo-1,JeKo-1,8.3,8.080921907623926,1,92.4,1,1.0,1,1,10.1016/j.ejmech.2021.113820,PROTAC-DB,Degradation of BTK in JeKo-1 cells after 24 h treatment,24.0,,JeKo-1,ACH-000357,Lymphoid,mapped,1.0
O=C(CNc1ncnc2[nH]cc(C(=O)c3ccc(Oc4ccccc4)cc3Cl)c12)NCCOCCOCCOCCOCCOCCOCCNc1cccc2c1C(=O)N(C1CCC(=O)NC1=O)C2=O,True,2836,BTK C481S,Q06187,CRBN,CRBN,Q96SW2,TMD8,TMD8,52.3,7.281498311132726,1,84.8,1,1.0,1,1,10.1016/j.ejmech.2021.113820,PROTAC-DB,Degradation of BTK C481S in TMD8 cells after 24 h treatment,24.0,,TMD8,,,unmapped,0.0
O=C1CCC(N2C(=O)c3cccc(NCCOCCOCCOCCNC(=O)N[C@H]4CC[C@@H](Nc5ncnc6[nH]cc(C(=O)c7ccc(Oc8ccccc8)cc7Cl)c56)CC4)c3C2=O)C(=O)N1,True,2840,BTK,Q06187,CRBN,CRBN,Q96SW2,JeKo-1,JeKo-1,32.3,7.490797477668897,1,76.9,1,1.0,1,1,10.1016/j.ejmech.2021.113820,PROTAC-DB,Degradation of BTK in JeKo-1 cells after 24 h treatment,24.0,,JeKo-1,ACH-000357,Lymphoid,mapped,1.0
O=C1CCC(N2C(=O)c3cccc(NCCOCCOCCOCCNC(=O)N[C@H]4CC[C@@H](Nc5ncnc6[nH]cc(C(=O)c7ccc(Oc8ccccc8)cc7Cl)c56)CC4)c3C2=O)C(=O)N1,True,2840,BTK C481S,Q06187,CRBN,CRBN,Q96SW2,TMD8,TMD8,30.1,7.521433504406157,1,84.3,1,1.0,1,1,10.1016/j.ejmech.2021.113820,PROTAC-DB,Degradation of BTK C481S in TMD8 cells after 24 h treatment,24.0,,TMD8,,,unmapped,0.0
O=C1CCC(N2C(=O)c3cccc(NCCOCCOCCOCCOCCNC(=O)N[C@H]4CC[C@@H](Nc5ncnc6[nH]cc(C(=O)c7ccc(Oc8ccccc8)cc7Cl)c56)CC4)c3C2=O)C(=O)N1,True,2841,BTK,Q06187,CRBN,CRBN,Q96SW2,JeKo-1,JeKo-1,12.1,7.91721462968355,1,78.0,1,1.0,1,1,10.1016/j.ejmech.2021.113820,PROTAC-DB,Degradation of BTK in JeKo-1 cells after 24 h treatment,24.0,,JeKo-1,ACH-000357,Lymphoid,mapped,1.0
O=C1CCC(N2C(=O)c3cccc(NCCOCCOCCOCCOCCNC(=O)N[C@H]4CC[C@@H](Nc5ncnc6[nH]cc(C(=O)c7ccc(Oc8ccccc8)cc7Cl)c56)CC4)c3C2=O)C(=O)N1,True,2841,BTK C481S,Q06187,CRBN,CRBN,Q96SW2,TMD8,TMD8,37.9,7.421360790031928,1,83.5,1,1.0,1,1,10.1016/j.ejmech.2021.113820,PROTAC-DB,Degradation of BTK C481S in TMD8 cells after 24 h treatment,24.0,,TMD8,,,unmapped,0.0
O=C1CCC(N2C(=O)c3cccc(NCCOCCOCCOCCOCCOCCNC(=O)N[C@H]4CC[C@@H](Nc5ncnc6[nH]cc(C(=O)c7ccc(Oc8ccccc8)cc7Cl)c56)CC4)c3C2=O)C(=O)N1,True,2842,BTK,Q06187,CRBN,CRBN,Q96SW2,JeKo-1,JeKo-1,41.9,7.377785977033705,1,93.0,1,1.0,1,1,10.1016/j.ejmech.2021.113820,PROTAC-DB,Degradation of BTK in JeKo-1 cells after 24 h treatment,24.0,,JeKo-1,ACH-000357,Lymphoid,mapped,1.0
O=C1CCC(N2C(=O)c3cccc(NCCOCCOCCOCCOCCOCCNC(=O)N[C@H]4CC[C@@H](Nc5ncnc6[nH]cc(C(=O)c7ccc(Oc8ccccc8)cc7Cl)c56)CC4)c3C2=O)C(=O)N1,True,2842,BTK C481S,Q06187,CRBN,CRBN,Q96SW2,TMD8,TMD8,42.9,7.367542707815276,1,90.7,1,1.0,1,1,10.1016/j.ejmech.2021.113820,PROTAC-DB,Degradation of BTK C481S in TMD8 cells after 24 h treatment,24.0,,TMD8,,,unmapped,0.0
O=C(CCCO/N=C1/C(=C2/C(=O)N(Cc3cn(CCOCCNc4cccc5c4C(=O)N(C4CCC(=O)NC4=O)C5=O)nn3)c3ccccc32)Nc2ccccc21)NO,True,2843,HDAC6,Q9UBN7,CRBN,CRBN,Q96SW2,K562,EGFP-K562,108.9,6.962972120244225,1,88.0,1,1.0,1,1,10.1021/acschembio.1c00681,PROTAC-DB,Degradation of HDAC6 in K562 cells after 8 h treatment,8.0,,K-562,ACH-000551,Myeloid,mapped,1.0
O=C(CCCO/N=C1/C(=C2/C(=O)N(Cc3cn(CCOCCOCCNc4cccc5c4C(=O)N(C4CCC(=O)NC4=O)C5=O)nn3)c3ccccc32)Nc2ccccc21)NO,True,2844,HDAC6,Q9UBN7,CRBN,CRBN,Q96SW2,K562,EGFP-K562,,,0,25.0,1,0.0,1,1,10.1021/acschembio.1c00681,PROTAC-DB,Degradation of HDAC6 in K562 cells after 8 h treatment,8.0,,K-562,ACH-000551,Myeloid,mapped,1.0
O=C(CCCO/N=C1/C(=C2/C(=O)N(Cc3cn(CCOCCOCCOCCNc4cccc5c4C(=O)N(C4CCC(=O)NC4=O)C5=O)nn3)c3ccccc32)Nc2ccccc21)NO,True,2845,HDAC6,Q9UBN7,CRBN,CRBN,Q96SW2,K562,EGFP-K562,,,0,6.3,1,0.0,1,1,10.1021/acschembio.1c00681,PROTAC-DB,Degradation of HDAC6 in K562 cells after 8 h treatment,8.0,,K-562,ACH-000551,Myeloid,mapped,1.0
O=C(CCCO/N=C1/C(=C2/C(=O)N(Cc3cn(CCOCCOCCOCCOCCNc4cccc5c4C(=O)N(C4CCC(=O)NC4=O)C5=O)nn3)c3ccccc32)Nc2ccccc21)NO,True,2846,HDAC6,Q9UBN7,CRBN,CRBN,Q96SW2,K562,EGFP-K562,,,0,17.0,1,0.0,1,1,10.1021/acschembio.1c00681,PROTAC-DB,Degradation of HDAC6 in K562 cells after 8 h treatment,8.0,,K-562,ACH-000551,Myeloid,mapped,1.0
O=C(CCCO/N=C1/C(=C2/C(=O)N(Cc3cn(CCOCCOCCOCCOCCOCCNc4cccc5c4C(=O)N(C4CCC(=O)NC4=O)C5=O)nn3)c3ccccc32)Nc2ccccc21)NO,True,2847,HDAC6,Q9UBN7,CRBN,CRBN,Q96SW2,K562,EGFP-K562,,,0,42.0,1,0.0,1,1,10.1021/acschembio.1c00681,PROTAC-DB,Degradation of HDAC6 in K562 cells after 8 h treatment,8.0,,K-562,ACH-000551,Myeloid,mapped,1.0
CCS(=O)(=O)N1CC(CC#N)(n2cc(-c3nc(Nc4ccc(C(=O)NC5CCN(c6ccc7c(c6)C(=O)N(C6CCC(=O)NC6=O)C7=O)CC5)cc4)nc4[nH]ccc34)cn2)C1,True,2850,JAK2,O60674,CRBN,CRBN,Q96SW2,MHH-CALL-4,MHH-CALL-4,21.0,7.6777807052660805,1,,0,,0,1,10.1021/acsmedchemlett.1c00650,PROTAC-DB,Degradation of JAK2 in MHH-CALL-4 cells after 24 h treatment,24.0,,MHH-CALL-4,ACH-000156,Lymphoid,mapped,1.0
CCS(=O)(=O)N1CC(CC#N)(n2cc(-c3nc(Nc4ccc(C(=O)NCCCCNc5cccc(C6CCC(=O)NC6=O)c5)cc4)nc4[nH]ccc34)cn2)C1,True,2852,JAK2,O60674,CRBN,CRBN,Q96SW2,MHH-CALL-4,MHH-CALL-4,14.0,7.853871964321762,1,,0,,0,1,10.1021/acsmedchemlett.1c00650,PROTAC-DB,Degradation of JAK2 in MHH-CALL-4 cells after 24 h treatment,24.0,,MHH-CALL-4,ACH-000156,Lymphoid,mapped,1.0
CCS(=O)(=O)N1CC(CC#N)(n2cc(-c3nc(Nc4ccc(C(=O)NCCCCOc5ccc(C6CCC(=O)NC6=O)cc5)cc4)nc4[nH]ccc34)cn2)C1,True,2853,JAK2,O60674,CRBN,CRBN,Q96SW2,MHH-CALL-4,MHH-CALL-4,17.0,7.769551078621726,1,,0,,0,1,10.1021/acsmedchemlett.1c00650,PROTAC-DB,Degradation of JAK2 in MHH-CALL-4 cells after 24 h treatment,24.0,,MHH-CALL-4,ACH-000156,Lymphoid,mapped,1.0
CCS(=O)(=O)N1CC(CC#N)(n2cc(-c3nc(Nc4ccc(C(=O)NC5CCN(c6ccc(C7CCC(=O)NC7=O)cc6)CC5)cc4)nc4[nH]ccc34)cn2)C1,True,2855,JAK2,O60674,CRBN,CRBN,Q96SW2,MHH-CALL-4,MHH-CALL-4,26.0,7.585026652029182,1,,0,,0,1,10.1021/acsmedchemlett.1c00650,PROTAC-DB,Degradation of JAK2 in MHH-CALL-4 cells after 24 h treatment,24.0,,MHH-CALL-4,ACH-000156,Lymphoid,mapped,1.0
CCS(=O)(=O)N1CC(CC#N)(n2cc(-c3nc(Nc4ccc(C(=O)NCCCN5CCN(c6ccc(C7CCC(=O)NC7=O)cc6)CC5)cc4)nc4[nH]ccc34)cn2)C1,True,SJ10542,JAK3,P52333,CRBN,CRBN,Q96SW2,PDX SJBALL020589,,11.0,7.958607314841775,1,92.0,1,1.0,1,1,10.1021/acsmedchemlett.1c00650,PROTAC-DB,Degradation of JAK3 in PDX SJBALL020589 cells after 24 h treatment,24.0,,PDX SJBALL020589,,,unmapped,0.0
CCS(=O)(=O)N1CC(CC#N)(n2cc(-c3nc(Nc4ccc(C(=O)NCCCN5CCN(c6ccc(C7CCC(=O)NC7=O)cc6)CC5)cc4)nc4[nH]ccc34)cn2)C1,True,SJ10542,JAK2,O60674,CRBN,CRBN,Q96SW2,PDX SJBALL020589,,14.0,7.853871964321762,1,90.0,1,1.0,1,1,10.1021/acsmedchemlett.1c00650,PROTAC-DB,Degradation of JAK2 in PDX SJBALL020589/MHH-CALL-4 cells after 24 h treatment,24.0,,PDX SJBALL020589,,,unmapped,0.0
CCS(=O)(=O)N1CC(CC#N)(n2cc(-c3nc(Nc4ccc(C(=O)NCCCN5CCN(c6ccc(C7CCC(=O)NC7=O)cc6)CC5)cc4)nc4[nH]ccc34)cn2)C1,True,SJ10542,JAK2,O60674,CRBN,CRBN,Q96SW2,MHH-CALL-4,MHH-CALL-4,24.0,7.619788758288394,1,82.0,1,1.0,1,1,10.1021/acsmedchemlett.1c00650,PROTAC-DB,Degradation of JAK2 in PDX SJBALL020589/MHH-CALL-4 cells after 24 h treatment,24.0,,MHH-CALL-4,ACH-000156,Lymphoid,mapped,1.0
CCS(=O)(=O)N1CC(CC#N)(n2cc(-c3nc(Nc4ccc(C(=O)NCCCN5CCN(c6ccc(C7CCC(=O)NC7=O)cc6)CC5)cc4)nc4[nH]ccc34)cn2)C1,True,SJ10542,JAK2 R683G,O60674,CRBN,CRBN,Q96SW2,KOPN49,KOPN-49,74.0,7.130768280269024,1,,0,,0,1,10.1021/acsmedchemlett.1c00650,PROTAC-DB,Degradation of JAK2 R683G in KOPN49 cells after 24 h treatment,24.0,,KOPN49,,,unmapped,0.0
COc1cc(N2CCN(CCCCCCCC(=O)N[C@H](C(=O)N3C[C@H](O)C[C@H]3C(=O)N[C@@H](C)c3ccc(-c4scnc4C)cc3)C(C)(C)C)CC2)ccc1Nc1ncc(Cl)c(Nc2ccccc2P(C)(C)=O)n1,True,2867,EGFR del19/T790M/C797S,P00533,VHL,VHL,P40337,Ba/F3,Ba/F3,8.0,8.096910013008056,1,,0,,0,1,10.1021/acsmedchemlett.1c00645,PROTAC-DB,Degradation of EGFR del19/T790M/C797S in Ba/F3 cells after 3 h treatment,3.0,,Ba/F3,,,unmapped,0.0
NC(=O)CC[C@H](NC(=O)[C@@H]1CC[C@@H]2CCN(C(=O)CCCCCC#Cc3cccc4c3CN(C3CCC(=O)NC3=O)C4=O)C[C@H](NC(=O)c3cc4cc(C(=O)P(=O)(O)O)ccc4[nH]3)C(=O)N21)C(=O)NC(c1ccccc1)c1ccccc1,True,SD-91,STAT3,P40763,CRBN,CRBN,Q96SW2,MOLM-16,MOLM-16,120.0,6.920818753952375,1,,0,,0,1,10.1021/acsmedchemlett.1c00155,PROTAC-DB,Degradation of STAT3 in MOLM-16/SU-DHL-1/SUP-M2 cells after 4/14/14 h treatment,4.0,,MOLM-16,ACH-000369,Myeloid,mapped,1.0
NC(=O)CC[C@H](NC(=O)[C@@H]1CC[C@@H]2CCN(C(=O)CCCCCC#Cc3cccc4c3CN(C3CCC(=O)NC3=O)C4=O)C[C@H](NC(=O)c3cc4cc(C(=O)P(=O)(O)O)ccc4[nH]3)C(=O)N21)C(=O)NC(c1ccccc1)c1ccccc1,True,SD-91,STAT3,P40763,CRBN,CRBN,Q96SW2,SU-DHL-1,SU-DHL-1,17.0,7.769551078621726,1,,0,,0,1,10.1021/acsmedchemlett.1c00155,PROTAC-DB,Degradation of STAT3 in MOLM-16/SU-DHL-1/SUP-M2 cells after 4/14/14 h treatment,14.0,,SU-DHL-1,ACH-000664,Lymphoid,mapped,1.0
NC(=O)CC[C@H](NC(=O)[C@@H]1CC[C@@H]2CCN(C(=O)CCCCCC#Cc3cccc4c3CN(C3CCC(=O)NC3=O)C4=O)C[C@H](NC(=O)c3cc4cc(C(=O)P(=O)(O)O)ccc4[nH]3)C(=O)N21)C(=O)NC(c1ccccc1)c1ccccc1,True,SD-91,STAT3,P40763,CRBN,CRBN,Q96SW2,SUP-M2,SUP-M2,1200.0,5.920818753952375,1,,0,0.0,1,1,10.1021/acsmedchemlett.1c00155,PROTAC-DB,Degradation of STAT3 in MOLM-16/SU-DHL-1/SUP-M2 cells after 4/14/14 h treatment,14.0,,SUP-M2,ACH-000226,Lymphoid,mapped,1.0
COc1cc(OC)c(Cl)c(NC(=O)N(C)c2cc(Nc3ccc(N4CCN(CC(=O)N[C@H](C(=O)N5C[C@H](O)C[C@H]5C(=O)N[C@@H](C)c5ccc(-c6scnc6C)cc5)C(C)(C)C)CC4)cc3)ncn2)c1Cl,True,DGY-09-192,FGFR1,P11362,VHL,VHL,P40337,CCLP1,CC-LP-1,4.35,8.361510743045363,1,85.0,1,1.0,1,1,10.1002/anie.202101328,PROTAC-DB,Degradation of FGFR1 in CCLP1 cells after 16 h treatment,16.0,,CC-LP-1,ACH-001959,Biliary Tract,mapped,1.0
COc1cc(OC)c(Cl)c(NC(=O)N(C)c2cc(Nc3ccc(N4CCN(CC(=O)N[C@H](C(=O)N5C[C@H](O)C[C@H]5C(=O)N[C@@H](C)c5ccc(-c6scnc6C)cc5)C(C)(C)C)CC4)cc3)ncn2)c1Cl,True,DGY-09-192,FGFR2,P21802,VHL,VHL,P40337,KATO III,KATO III,70.0,7.154901959985743,1,74.0,1,1.0,1,1,10.1002/anie.202101328,PROTAC-DB,Degradation of FGFR2 in KATO III cells after 6 h treatment,6.0,,KATO III,ACH-000793,Esophagus/Stomach,mapped,1.0
CNC(=O)c1ccccc1Nc1cc(Nc2ccc(N3CCN(CCOCCOCCOCCOCC(=O)N[C@H](C(=O)N4C[C@H](O)C[C@H]4C(=O)N[C@@H](C)c4ccc(-c5scnc5C)cc4)C(C)(C)C)CC3)cc2OC)ncc1C(F)(F)F,True,2887,FAK,Q05397,VHL,VHL,P40337,A549,A549 Cas9,125.9,6.899974269892137,1,,0,,0,1,10.1002/anie.202109237,PROTAC-DB,Degradation of FAK in A549 cells after 24 h treatment,24.0,,A549,ACH-000681,Lung,mapped,1.0
CNC(=O)c1ccccc1Nc1cc(Nc2ccc(N3CCN(CCCCCCCCCCC(=O)N[C@H](C(=O)N4C[C@H](O)C[C@H]4C(=O)N[C@@H](C)c4ccc(-c5scnc5C)cc4)C(C)(C)C)CC3)cc2OC)ncc1C(F)(F)F,True,2888,FAK,Q05397,VHL,VHL,P40337,A549,A549 Cas9,20.0,7.698970004336019,1,,0,,0,1,10.1002/anie.202109237,PROTAC-DB,Degradation of FAK in A549 cells after 24 h treatment,24.0,,A549,ACH-000681,Lung,mapped,1.0
CNC(=O)c1ccccc1Nc1cc(Nc2ccc(N3CCN(CCOCCOCC(=O)N[C@H](C(=O)N4C[C@H](O)C[C@H]4C(=O)N[C@@H](C)c4ccc(-c5scnc5C)cc4)C(C)(C)C)CC3)cc2OC)ncc1C(F)(F)F,True,2889,FAK,Q05397,VHL,VHL,P40337,A549,A549 Cas9,158.5,6.79997073344623,1,,0,,0,1,10.1002/anie.202109237,PROTAC-DB,Degradation of FAK in A549 cells after 24 h treatment,24.0,,A549,ACH-000681,Lung,mapped,1.0
CNC(=O)c1ccccc1Nc1cc(Nc2ccc(N3CCN(CCOCC(=O)N[C@H](C(=O)N4C[C@H](O)C[C@H]4C(=O)N[C@@H](C)c4ccc(-c5scnc5C)cc4)C(C)(C)C)CC3)cc2OC)ncc1C(F)(F)F,True,2890,FAK,Q05397,VHL,VHL,P40337,A549,A549 Cas9,31.6,7.500312917381596,1,,0,,0,1,10.1002/anie.202109237,PROTAC-DB,Degradation of FAK in A549 cells after 24 h treatment,24.0,,A549,ACH-000681,Lung,mapped,1.0
CNC(=O)c1ccccc1Nc1cc(Nc2ccc(N3CCN(CCC(=O)N[C@H](C(=O)N4C[C@H](O)C[C@H]4C(=O)N[C@@H](C)c4ccc(-c5scnc5C)cc4)C(C)(C)C)CC3)cc2OC)ncc1C(F)(F)F,True,2891,FAK,Q05397,VHL,VHL,P40337,A549,A549 Cas9,39.8,7.400116927926312,1,,0,,0,1,10.1002/anie.202109237,PROTAC-DB,Degradation of FAK in A549 cells after 24 h treatment,24.0,,A549,ACH-000681,Lung,mapped,1.0
CNC(=O)c1ccccc1Nc1cc(Nc2ccc(N3CCN(CC(=O)N[C@H](C(=O)N4C[C@H](O)C[C@H]4C(=O)N[C@@H](C)c4ccc(-c5scnc5C)cc4)C(C)(C)C)CC3)cc2OC)ncc1C(F)(F)F,True,GSK215,FAK,Q05397,VHL,VHL,P40337,A549,A549 Cas9,4.0,8.397940008672037,1,,0,,0,1,10.1002/anie.202109237,PROTAC-DB,Degradation of FAK in A549 cells after 24 h treatment,24.0,,A549,ACH-000681,Lung,mapped,1.0
Cc1sc2c(c1C)C(c1ccc(Cl)cc1)=N[C@@H](CC(=O)NCCCCCNC(=O)COc1ccc(C3CCC(=O)NC3=O)cc1)c1nnc(C)n1-2,True,SJ995973,BRD4,O60885,CRBN,CRBN,Q96SW2,MV4-11,MV4-11,0.87,9.060480747381382,1,,0,,0,1,10.1002/anie.202108848,PROTAC-DB,Degradation of BRD4 in MV4-11 cells after 12/24 h treatment,12.0,,MV4-11,ACH-000045,Myeloid,mapped,1.0
Cc1sc2c(c1C)C(c1ccc(Cl)cc1)=N[C@@H](CC(=O)NCCCCCNC(=O)COc1ccc(C3CCC(=O)NC3=O)cc1)c1nnc(C)n1-2,True,SJ995973,BRD4,O60885,CRBN,CRBN,Q96SW2,HD-MB03,HD-MB03,24.0,7.619788758288394,1,,0,,0,1,10.1002/anie.202108848,PROTAC-DB,Degradation of BRD4 in HD-MB03 cells after 12 h treatment,12.0,,HD-MB03,,,unmapped,0.0
O=C1CCC(N2C(=O)c3cccc(NCCCCCCC(=O)Nc4ccc(N5Cc6ccc(O)cc6OC5=O)cc4)c3C2=O)C(=O)N1,True,2909,MIF,P14174,CRBN,CRBN,Q96SW2,A549,A549 Cas9,1500.0,5.823908740944319,1,,0,0.0,1,1,10.1002/anie.202101864,PROTAC-DB,Degradation of MIF in A549 cells after 12 h treatment,12.0,,A549,ACH-000681,Lung,mapped,1.0
CC(C)(C)c1cc(NC(=O)Nc2ccc(-c3cn(CCCCc4cn(CCCCC(=O)Nc5cccc6c5CN(C5CCC(=O)NC5=O)C6=O)nn4)c4ncnc(N)c34)cc2)no1,True,2942,FLT3-ITD,P36888,CRBN,CRBN,Q96SW2,BaF3 FLT3-ITD,Ba/F3,76.7,7.115204636051019,1,,0,,0,1,10.1016/j.bioorg.2021.105508,PROTAC-DB,Degradation of FLT3-ITD in BaF3 FLT3-ITD cells after 24 h treatment,24.0,,BaF3 FLT3-ITD,,,unmapped,0.0
COc1cc(Cl)c(-c2cc(Cl)ccc2Cl)cc1C(=O)N1CCN(C(=O)/C=C/C(=O)NCCCCCCNc2cccc3c2C(=O)N(C2CCC(=O)NC2=O)C3=O)CC1,True,2985,KRAS G12C,P01116,CRBN,CRBN,Q96SW2,NCI-H358,NCI-H358,1250.0,5.903089986991944,1,,0,0.0,1,1,10.1016/j.bioorg.2021.105447,PROTAC-DB,Degradation of KRAS G12C in NCI-H358/NCI-H23 cells after 48 h treatment,48.0,,NCI-H358,ACH-000860,Lung,mapped,1.0
COc1cc(Cl)c(-c2cc(Cl)ccc2Cl)cc1C(=O)N1CCN(C(=O)/C=C/C(=O)NCCCCCCNc2cccc3c2C(=O)N(C2CCC(=O)NC2=O)C3=O)CC1,True,2985,KRAS G12C,P01116,CRBN,CRBN,Q96SW2,NCI-H23,NCI-H23,2500.0,5.6020599913279625,1,,0,0.0,1,1,10.1016/j.bioorg.2021.105447,PROTAC-DB,Degradation of KRAS G12C in NCI-H358/NCI-H23 cells after 48 h treatment,48.0,,NCI-H23,ACH-000900,Lung,mapped,1.0
Cc1ncsc1-c1ccc([C@H](C)NC(=O)[C@@H]2C[C@@H](O)CN2C(=O)[C@@H](NC(=O)CCCOc2ccc(-c3csc(N4CCOCC4)n3)cc2)C(C)(C)C)cc1,True,3018,AR-V7,P10275,VHL,VHL,P40337,22RV1,22Rv1,350.0,6.455931955649724,1,53.0,1,0.0,1,1,10.1016/j.bmcl.2021.128448,PROTAC-DB,Degradation of AR-V7 in 22RV1 cells after 24 h treatment,24.0,,22Rv1,ACH-000956,Prostate,mapped,1.0
Cc1ncsc1-c1ccc([C@H](C)NC(=O)[C@@H]2C[C@@H](O)CN2C(=O)[C@@H](NC(=O)CCCCOc2ccc(-c3csc(N4CCOCC4)n3)cc2)C(C)(C)C)cc1,True,3021,AR-V7,P10275,VHL,VHL,P40337,22RV1,22Rv1,320.0,6.494850021680094,1,67.0,1,1.0,1,1,10.1016/j.bmcl.2021.128448,PROTAC-DB,Degradation of AR-V7 in 22RV1 cells after 24 h treatment,24.0,,22Rv1,ACH-000956,Prostate,mapped,1.0
Cc1ncsc1-c1ccc([C@H](C)NC(=O)[C@@H]2C[C@@H](O)CN2C(=O)[C@@H](NC(=O)CCCCOc2ccc(-c3csc(N4CCOCC4C)n3)cc2)C(C)(C)C)cc1,True,3024,AR-V7,P10275,VHL,VHL,P40337,22RV1,22Rv1,10000.0,5.0,1,,0,0.0,1,1,10.1016/j.bmcl.2021.128448,PROTAC-DB,Degradation of AR-V7 in 22RV1 cells after 24 h treatment,24.0,,22Rv1,ACH-000956,Prostate,mapped,1.0
Cc1ncsc1-c1ccc([C@H](C)NC(=O)[C@@H]2C[C@@H](O)CN2C(=O)[C@@H](NC(=O)CCCCOc2ccc(-c3csc(N4CCOC(C)(C)C4)n3)cc2)C(C)(C)C)cc1,True,3027,AR-V7,P10275,VHL,VHL,P40337,22RV1,22Rv1,10000.0,5.0,1,,0,0.0,1,1,10.1016/j.bmcl.2021.128448,PROTAC-DB,Degradation of AR-V7 in 22RV1 cells after 24 h treatment,24.0,,22Rv1,ACH-000956,Prostate,mapped,1.0
Cc1ncsc1-c1ccc([C@H](C)NC(=O)[C@@H]2C[C@@H](O)CN2C(=O)[C@@H](NC(=O)CCCCOc2ccc(-c3csc(N4CC5CCC(C4)O5)n3)cc2)C(C)(C)C)cc1,True,3029,AR-V7,P10275,VHL,VHL,P40337,22RV1,22Rv1,10000.0,5.0,1,,0,0.0,1,1,10.1016/j.bmcl.2021.128448,PROTAC-DB,Degradation of AR-V7 in 22RV1 cells after 24 h treatment,24.0,,22Rv1,ACH-000956,Prostate,mapped,1.0
COc1c(-c2csc(N3CCOCC3)n2)ccc(OCCCCC(=O)N[C@H](C(=O)N2C[C@H](O)C[C@H]2C(=O)N[C@@H](C)c2ccc(-c3scnc3C)cc2)C(C)(C)C)c1F,True,3035,AR-V7,P10275,VHL,VHL,P40337,22RV1,22Rv1,10000.0,5.0,1,,0,0.0,1,1,10.1016/j.bmcl.2021.128448,PROTAC-DB,Degradation of AR-V7 in 22RV1 cells after 24 h treatment,24.0,,22Rv1,ACH-000956,Prostate,mapped,1.0
COc1cc(N2CCC(OCC(=O)N[C@H](C(=O)N3C[C@H](O)C[C@H]3C(=O)NCc3ccc(-c4scnc4C)cc3)C(C)(C)C)CC2)ccc1NC(=O)c1cccc(-c2ccn[nH]2)n1,True,3065,IRAK1,P51617,VHL,VHL,P40337,HEK293T,HEK293T,16.0,7.795880017344075,1,95.0,1,1.0,1,1,10.1021/acsmedchemlett.1c00244,PROTAC-DB,Degradation of IRAK1 in HEK293T cells after 24 h treatment,24.0,,HEK293T,,,unmapped,0.0
COc1cc(N2CCC(OCC(=O)N[C@H](C(=O)N3C[C@H](O)C[C@H]3C(=O)N[C@@H](C)c3ccc(-c4scnc4C)cc3)C(C)(C)C)CC2)ccc1NC(=O)c1cccc(-c2ccn[nH]2)n1,True,3066,IRAK1,P51617,VHL,VHL,P40337,HEK293T,HEK293T,3.0,8.522878745280337,1,96.0,1,1.0,1,1,10.1021/acsmedchemlett.1c00244,PROTAC-DB,Degradation of IRAK1 in HEK293T cells after 24 h treatment,24.0,,HEK293T,,,unmapped,0.0
COc1cc(N2CCN(C(=O)OCC(=O)N[C@H](C(=O)N3C[C@H](O)C[C@H]3C(=O)NCc3ccc(-c4scnc4C)cc3)C(C)(C)C)CC2)ccc1NC(=O)c1cccc(-c2ccn[nH]2)n1,True,3067,IRAK1,P51617,VHL,VHL,P40337,HEK293T,HEK293T,16.0,7.795880017344075,1,97.0,1,1.0,1,1,10.1021/acsmedchemlett.1c00244,PROTAC-DB,Degradation of IRAK1 in HEK293T cells after 24 h treatment,24.0,,HEK293T,,,unmapped,0.0
COc1cc(N2CCN(C(=O)OCC(=O)N[C@H](C(=O)N3C[C@H](O)C[C@H]3C(=O)N[C@@H](C)c3ccc(-c4scnc4C)cc3)C(C)(C)C)CC2)ccc1NC(=O)c1cccc(-c2ccn[nH]2)n1,True,3068,IRAK1,P51617,VHL,VHL,P40337,HEK293T,HEK293T,9.0,8.045757490560675,1,90.0,1,1.0,1,1,10.1021/acsmedchemlett.1c00244,PROTAC-DB,Degradation of IRAK1 in HEK293T cells after 24 h treatment,24.0,,HEK293T,,,unmapped,0.0
COc1cc(N2CCC(OCC(=O)N[C@H](C(=O)N3C[C@H](O)C[C@H]3C(=O)NCc3ccc(-c4scnc4C)cc3F)C(C)(C)C)CC2)ccc1NC(=O)c1cccc(-c2ccn[nH]2)n1,True,3069,IRAK1,P51617,VHL,VHL,P40337,HEK293T,HEK293T,13.0,7.886056647693163,1,96.0,1,1.0,1,1,10.1021/acsmedchemlett.1c00244,PROTAC-DB,Degradation of IRAK1 in HEK293T cells after 24 h treatment,24.0,,HEK293T,,,unmapped,0.0
COc1cc(N2CC[C@@H](OCC(=O)N[C@H](C(=O)N3C[C@H](O)C[C@H]3C(=O)N[C@@H](C)c3ccc(-c4scnc4C)cc3)C(C)(C)C)C[C@@H]2C)ccc1NC(=O)c1cccc(-c2ccn[nH]2)n1,True,3070,IRAK1,P51617,VHL,VHL,P40337,HEK293T,HEK293T,13.0,7.886056647693163,1,94.0,1,1.0,1,1,10.1021/acsmedchemlett.1c00244,PROTAC-DB,Degradation of IRAK1 in HEK293T cells after 24 h treatment,24.0,,HEK293T,,,unmapped,0.0
COc1cc(N2CC[C@@H](OCC(=O)N[C@H](C(=O)N3C[C@H](O)C[C@H]3C(=O)N[C@@H](C)c3ccc(-c4scnc4C)cc3)C(C)(C)C)[C@H](C)C2)ccc1NC(=O)c1cccc(-c2ccn[nH]2)n1,True,3071,IRAK1,P51617,VHL,VHL,P40337,HEK293T,HEK293T,21.0,7.6777807052660805,1,96.0,1,1.0,1,1,10.1021/acsmedchemlett.1c00244,PROTAC-DB,Degradation of IRAK1 in HEK293T cells after 24 h treatment,24.0,,HEK293T,,,unmapped,0.0
COc1cc(N2CC[C@H](OCC(=O)N[C@H](C(=O)N3C[C@H](O)C[C@H]3C(=O)N[C@@H](C)c3ccc(-c4scnc4C)cc3)C(C)(C)C)[C@@H](C)C2)ccc1NC(=O)c1cccc(-c2ccn[nH]2)n1,True,3072,IRAK1,P51617,VHL,VHL,P40337,HEK293T,HEK293T,,,0,95.0,1,,0,1,10.1021/acsmedchemlett.1c00244,PROTAC-DB,Degradation of IRAK1 in HEK293T cells after 24 h treatment,24.0,,HEK293T,,,unmapped,0.0
NC(=O)c1c(-c2ccc(Oc3ccccc3)cc2)nn2c1NCC[C@H]2C1CCN(C(=O)c2cn(CCOCCOCCOCCOCCNc3cccc4c3C(=O)N(C3CCC(=O)NC3=O)C4=O)nn2)CC1,True,3083,BTK,Q06187,CRBN,CRBN,Q96SW2,Ramos,Ramos,68.0,7.167491087293763,1,,0,,0,1,10.1021/acsmedchemlett.1c00178,PROTAC-DB,Degradation of BTK in Ramos cells after 16 h treatment by ELISA assay,16.0,,Ramos,ACH-001636,Lymphoid,mapped,1.0
NC(=O)c1c(-c2ccc(Oc3ccccc3)cc2)nn2c1NCC[C@H]2C1CCN(C(=O)c2cn(CCOCCOCCOCCOCCOCCNc3ccc4c(c3)C(=O)N(C3CCC(=O)NC3=O)C4=O)nn2)CC1,True,3084,BTK,Q06187,CRBN,CRBN,Q96SW2,Ramos,Ramos,78.0,7.107905397309519,1,,0,,0,1,10.1021/acsmedchemlett.1c00178,PROTAC-DB,Degradation of BTK in Ramos cells after 16 h treatment by ELISA assay,16.0,,Ramos,ACH-001636,Lymphoid,mapped,1.0
NC(=O)c1c(-c2ccc(Oc3ccccc3)cc2)nn2c1NCC[C@H]2C1CCN(C(=O)c2cn(CCOCCOCCOCCOCCOCCNc3cccc4c3C(=O)N(C3CCC(=O)NC3=O)C4=O)nn2)CC1,True,3085,BTK,Q06187,CRBN,CRBN,Q96SW2,Ramos,Ramos,78.0,7.107905397309519,1,,0,,0,1,10.1021/acsmedchemlett.1c00178,PROTAC-DB,Degradation of BTK in Ramos cells after 16 h treatment by ELISA assay,16.0,,Ramos,ACH-001636,Lymphoid,mapped,1.0
NC(=O)c1c(-c2ccc(Oc3ccccc3)cc2)nn2c1NCC[C@H]2C1CCN(C(=O)c2cn(CCOCCOCCOCCOCCOCCOCCNc3cccc4c3C(=O)N(C3CCC(=O)NC3=O)C4=O)nn2)CC1,True,3086,BTK,Q06187,CRBN,CRBN,Q96SW2,Ramos,Ramos,107.0,6.97061622231479,1,,0,,0,1,10.1021/acsmedchemlett.1c00178,PROTAC-DB,Degradation of BTK in Ramos cells after 16 h treatment by ELISA assay,16.0,,Ramos,ACH-001636,Lymphoid,mapped,1.0
NC(=O)c1c(-c2ccc(Oc3ccccc3)cc2)nn2c1NCC[C@H]2C1CCN(C(=O)c2cn(CCOCCOCC(=O)Nc3ccc4c(c3)C(=O)N(C3CCC(=O)NC3=O)C4=O)nn2)CC1,True,3087,BTK,Q06187,CRBN,CRBN,Q96SW2,Ramos,Ramos,34.0,7.468521082957745,1,,0,,0,1,10.1021/acsmedchemlett.1c00178,PROTAC-DB,Degradation of BTK in Ramos cells after 16 h treatment by ELISA assay,16.0,,Ramos,ACH-001636,Lymphoid,mapped,1.0
NC(=O)c1c(-c2ccc(Oc3ccccc3)cc2)nn2c1NCC[C@H]2C1CCN(C(=O)CCc2ccc(N3CCN(c4ccc5c(c4)C(=O)N(C4CCC(=O)NC4=O)C5=O)CC3)cc2)CC1,True,3088,BTK,Q06187,CRBN,CRBN,Q96SW2,Ramos,Ramos,74.0,7.130768280269024,1,,0,,0,1,10.1021/acsmedchemlett.1c00178,PROTAC-DB,Degradation of BTK in Ramos cells after 16 h treatment by ELISA assay,16.0,,Ramos,ACH-001636,Lymphoid,mapped,1.0
NC(=O)c1c(-c2ccc(Oc3ccccc3)cc2)nn2c1NCC[C@H]2C1CCN(C(=O)CCCc2ccc(NC(=O)CNc3ccc4c(c3)C(=O)N(C3CCC(=O)NC3=O)C4=O)cc2)CC1,True,3089,BTK,Q06187,CRBN,CRBN,Q96SW2,Ramos,Ramos,28.0,7.552841968657781,1,,0,,0,1,10.1021/acsmedchemlett.1c00178,PROTAC-DB,Degradation of BTK in Ramos cells after 16 h treatment by ELISA assay,16.0,,Ramos,ACH-001636,Lymphoid,mapped,1.0
NC(=O)c1c(-c2ccc(Oc3ccccc3)cc2)nn2c1NCC[C@H]2C1CCN(C(=O)CCN2CCN(C(=O)CNc3ccc4c(c3)C(=O)N(C3CCC(=O)NC3=O)C4=O)CC2)CC1,True,3090,BTK,Q06187,CRBN,CRBN,Q96SW2,Ramos,Ramos,2.9,8.537602002101044,1,,0,,0,1,10.1021/acsmedchemlett.1c00178,PROTAC-DB,Degradation of BTK in Ramos cells after 16 h treatment by ELISA assay,16.0,,Ramos,ACH-001636,Lymphoid,mapped,1.0
CN(CCC(=O)N1CCC([C@@H]2CCNc3c(C(N)=O)c(-c4ccc(Oc5ccccc5)cc4)nn32)CC1)CC1CCN(c2ccc3c(c2)C(=O)N(C2CCC(=O)NC2=O)C3=O)CC1,True,3091,BTK,Q06187,CRBN,CRBN,Q96SW2,Ramos,Ramos,35.0,7.455931955649724,1,,0,,0,1,10.1021/acsmedchemlett.1c00178,PROTAC-DB,Degradation of BTK in Ramos cells after 16 h treatment by ELISA assay,16.0,,Ramos,ACH-001636,Lymphoid,mapped,1.0
NC(=O)c1c(-c2ccc(Oc3ccccc3)cc2)nn2c1NCC[C@H]2C1CCN(C(=O)CCC2CCC(N3CCN(c4ccc5c(c4)C(=O)N(C4CCC(=O)NC4=O)C5=O)CC3)CC2)CC1,True,3092,BTK,Q06187,CRBN,CRBN,Q96SW2,Ramos,Ramos,17.0,7.769551078621726,1,,0,,0,1,10.1021/acsmedchemlett.1c00178,PROTAC-DB,Degradation of BTK in Ramos cells after 16 h treatment by ELISA assay,16.0,,Ramos,ACH-001636,Lymphoid,mapped,1.0
NC(=O)c1c(-c2ccc(Oc3ccccc3)cc2)nn2c1NCC[C@H]2C1CCN(C(=O)CCCN2CCN(C(=O)CNc3ccc4c(c3)C(=O)N(C3CCC(=O)NC3=O)C4=O)CC2)CC1,True,3093,BTK,Q06187,CRBN,CRBN,Q96SW2,Ramos,Ramos,35.0,7.455931955649724,1,,0,,0,1,10.1021/acsmedchemlett.1c00178,PROTAC-DB,Degradation of BTK in Ramos cells after 16 h treatment by ELISA assay,16.0,,Ramos,ACH-001636,Lymphoid,mapped,1.0
CN(CC1CCN(C(=O)c2ccc(N3CCC(=O)NC3=O)cc2)CC1)C1CC(C(=O)N2CCC([C@@H]3CCNc4c(C(N)=O)c(-c5ccc(Oc6ccccc6)cc5)nn43)CC2)C1,True,3094,BTK,Q06187,CRBN,CRBN,Q96SW2,Ramos,Ramos,7.2,8.142667503568731,1,,0,,0,1,10.1021/acsmedchemlett.1c00178,PROTAC-DB,Degradation of BTK in Ramos cells after 16 h treatment by ELISA assay,16.0,,Ramos,ACH-001636,Lymphoid,mapped,1.0
COc1cc(-c2cn(C)c(=O)c(C)c2C)cc(OC)c1CCN1CCC(OC2CCN(C(=O)c3ccc(Cl)c(N4CCC(=O)NC4=O)c3)CC2)CC1,True,3095,BRD9,Q9H8M2,CRBN,CRBN,Q96SW2,HEK293A,HEK293A mRFP-ATG9,1.0,9.0,1,,0,,0,1,10.1021/acsmedchemlett.1c00580,PROTAC-DB,Degradation of BRD9 in HEK293A cells after 24 h treatment,24.0,,HEK293A,,,unmapped,0.0
COc1cc(-c2cn(C)c(=O)c3cnccc23)cc(OC)c1CCN1CCC(OC2CCN(C(=O)c3ccc(Cl)c(N4CCC(=O)NC4=O)c3)CC2)CC1,True,3096,BRD9,Q9H8M2,CRBN,CRBN,Q96SW2,HEK293A,HEK293A mRFP-ATG9,1.0,9.0,1,,0,,0,1,10.1021/acsmedchemlett.1c00580,PROTAC-DB,Degradation of BRD9 in HEK293A cells after 24 h treatment,24.0,,HEK293A,,,unmapped,0.0
CCCCn1cc(-c2ccc(OC3CCN(CC4CCN(C(=O)c5ccc(Cl)c(N6CCC(=O)NC6=O)c5)CC4)CC3)c(OC)c2)c2ccncc2c1=O,True,3097,BRD9,Q9H8M2,CRBN,CRBN,Q96SW2,HEK293A,HEK293A mRFP-ATG9,1.0,9.0,1,,0,,0,1,10.1021/acsmedchemlett.1c00580,PROTAC-DB,Degradation of BRD9 in HEK293A cells after 24 h treatment,24.0,,HEK293A,,,unmapped,0.0
CCCCn1cc(-c2cc(OC)c(OC3CCN(CC4CCN(C(=O)c5ccc(Cl)c(N6CCC(=O)NC6=O)c5)CC4)CC3)c(OC)c2)c2ccncc2c1=O,True,3098,BRD9,Q9H8M2,CRBN,CRBN,Q96SW2,HEK293A,HEK293A mRFP-ATG9,1.0,9.0,1,,0,,0,1,10.1021/acsmedchemlett.1c00580,PROTAC-DB,Degradation of BRD9 in HEK293A cells after 24 h treatment,24.0,,HEK293A,,,unmapped,0.0
CCCCn1cc(-c2ccc(O[C@H]3CCN(CC4CCN(C(=O)c5ccc(OC)c(N6CCC(=O)NC6=O)c5)CC4)C[C@@H]3F)c(OC)c2)c2ccncc2c1=O,True,3099,BRD9,Q9H8M2,CRBN,CRBN,Q96SW2,HEK293A,HEK293A mRFP-ATG9,1.0,9.0,1,,0,,0,1,10.1021/acsmedchemlett.1c00580,PROTAC-DB,Degradation of BRD9 in HEK293A cells after 24 h treatment,24.0,,HEK293A,,,unmapped,0.0
CCCCn1cc(-c2cc(F)c(O[C@H]3CCN(CC4CCN(C(=O)c5ccc(OC)c(N6CCC(=O)NC6=O)c5)CC4)C[C@@H]3F)c(F)c2)c2ccncc2c1=O,True,3100,BRD9,Q9H8M2,CRBN,CRBN,Q96SW2,HEK293A,HEK293A mRFP-ATG9,1.0,9.0,1,,0,,0,1,10.1021/acsmedchemlett.1c00580,PROTAC-DB,Degradation of BRD9 in HEK293A cells after 24 h treatment,24.0,,HEK293A,,,unmapped,0.0
Nc1nnc(-c2ccccc2O)cc1N1CCN(c2cccc(CN3CCN(C(=O)C4CCN(c5ccc6c(c5)C(=O)N(C5CCC(=O)NC5=O)C6=O)CC4)CC3)c2)C2(CC2)C1,True,3101,SMARCA2 HiBiT,P51531,CRBN,CRBN,Q96SW2,HT1080,HT1080 EGFP,4.0,8.397940008672037,1,,0,,0,1,10.1021/acsmedchemlett.1c00657,PROTAC-DB,Degradation of SMARCA2 HiBiT in HT1080 cells after 6 h treatment,6.0,,HT-1080,ACH-000054,Soft Tissue,mapped,1.0
Nc1nnc(-c2ccccc2O)cc1N1CC2CCC(C1)N2c1cccc(OCCN2CCN(CC3CCN(c4ccc5c(c4)C(=O)N(C4CCC(=O)NC4=O)C5=O)CC3)CC2)c1,True,3102,SMARCA2 HiBiT,P51531,CRBN,CRBN,Q96SW2,HT1080,HT1080 EGFP,2.0,8.698970004336019,1,,0,,0,1,10.1021/acsmedchemlett.1c00657,PROTAC-DB,Degradation of SMARCA2 HiBiT in HT1080 cells after 6 h treatment,6.0,,HT-1080,ACH-000054,Soft Tissue,mapped,1.0
Nc1nnc(-c2ccccc2O)cc1N1CC2CCC(C1)N2c1cccc(OCCN2CCN(CCCC3CCN(c4ccc5c(c4)C(=O)N(C4CCC(=O)NC4=O)C5=O)CC3)CC2)c1,True,3103,SMARCA2 HiBiT,P51531,CRBN,CRBN,Q96SW2,HT1080,HT1080 EGFP,2.0,8.698970004336019,1,,0,,0,1,10.1021/acsmedchemlett.1c00657,PROTAC-DB,Degradation of SMARCA2 HiBiT in HT1080 cells after 6 h treatment,6.0,,HT-1080,ACH-000054,Soft Tissue,mapped,1.0
Nc1nnc(-c2ccccc2O)cc1N1CC(Oc2cccc(CN3CCN(C(=O)CN4CCC(c5ccc(NC6CCC(=O)NC6=O)cc5)CC4)CC3)c2)C1,True,3104,SMARCA2 HiBiT,P51531,CRBN,CRBN,Q96SW2,HT1080,HT1080 EGFP,3.0,8.522878745280337,1,,0,,0,1,10.1021/acsmedchemlett.1c00657,PROTAC-DB,Degradation of SMARCA2 HiBiT in HT1080 cells after 6 h treatment,6.0,,HT-1080,ACH-000054,Soft Tissue,mapped,1.0
Nc1nnc(-c2cc(F)ccc2O)cc1N1CC2CCC(C1)N2c1cccc(CN2CCN(C(=O)C3CCN(c4ccc5c(c4)C(=O)N(C4CCC(=O)NC4=O)C5=O)CC3)CC2)c1,True,3105,SMARCA2 HiBiT,P51531,CRBN,CRBN,Q96SW2,HT1080,HT1080 EGFP,3.0,8.522878745280337,1,,0,,0,1,10.1021/acsmedchemlett.1c00657,PROTAC-DB,Degradation of SMARCA2 HiBiT in HT1080 cells after 6 h treatment,6.0,,HT-1080,ACH-000054,Soft Tissue,mapped,1.0
Nc1nnc(-c2ccccc2O)cc1N1CCC(C(=O)N2CCC(C(=O)N3CCN(c4ccc(C5CCC(=O)NC5=O)cc4)CC3)CC2)(c2ccccc2)CC1,True,3106,SMARCA2 HiBiT,P51531,CRBN,CRBN,Q96SW2,HT1080,HT1080 EGFP,3.0,8.522878745280337,1,,0,,0,1,10.1021/acsmedchemlett.1c00657,PROTAC-DB,Degradation of SMARCA2 HiBiT in HT1080 cells after 6 h treatment,6.0,,HT-1080,ACH-000054,Soft Tissue,mapped,1.0
CCN(C)S(=O)(=O)Nc1ccc(F)c(C(=O)c2c[nH]c3ncc(-c4ccc(N5CCN(C(=O)CCCNc6cccc7c6C(=O)N(C6CCC(=O)NC6=O)C7=O)CC5)nc4)cc23)c1F,True,3107,BRAF V600E,P15056,CRBN,CRBN,Q96SW2,A375,A375-C5,26.0,7.585026652029182,1,,0,,0,1,10.1021/acsmedchemlett.2c00039,PROTAC-DB,Degradation of BRAF V600E in A375 cells after 24 h treatment,24.0,,A-375,ACH-000219,Skin,mapped,1.0
CCN(C)S(=O)(=O)Nc1ccc(F)c(C(=O)c2c[nH]c3ncc(-c4ccc(N5CCN(C(=O)[C@H]6C[C@H](Nc7cccc8c7C(=O)N(C7CCC(=O)NC7=O)C8=O)C6)CC5)nc4)cc23)c1F,True,3108,BRAF V600E,P15056,CRBN,CRBN,Q96SW2,A375,A375-C5,10.0,8.0,1,,0,,0,1,10.1021/acsmedchemlett.2c00039,PROTAC-DB,Degradation of BRAF V600E in A375 cells after 24 h treatment,24.0,,A-375,ACH-000219,Skin,mapped,1.0
CCN(C)S(=O)(=O)Nc1ccc(F)c(C(=O)c2c[nH]c3ncc(-c4ccc(N5CCN(C(=O)CCCOc6cccc7c6CN(C6CCC(=O)NC6=O)C7=O)CC5)nc4)cc23)c1F,True,3109,BRAF V600E,P15056,CRBN,CRBN,Q96SW2,A375,A375-C5,10.0,8.0,1,,0,,0,1,10.1021/acsmedchemlett.2c00039,PROTAC-DB,Degradation of BRAF V600E in A375 cells after 24 h treatment,24.0,,A-375,ACH-000219,Skin,mapped,1.0
CCN(C)S(=O)(=O)Nc1ccc(F)c(C(=O)c2c[nH]c3ncc(-c4cnc(N5CCN(C(=O)CCCOc6cccc7c6CN(C6CCC(=O)NC6=O)C7=O)CC5)nc4)cc23)c1F,True,3110,BRAF V600E,P15056,CRBN,CRBN,Q96SW2,A375,A375-C5,20.0,7.698970004336019,1,,0,,0,1,10.1021/acsmedchemlett.2c00039,PROTAC-DB,Degradation of BRAF V600E in A375 cells after 24 h treatment,24.0,,A-375,ACH-000219,Skin,mapped,1.0
CCN(C)S(=O)(=O)Nc1ccc(F)c(C(=O)c2c[nH]c3ncc(-c4ccc(N5CCN(C(=O)[C@H]6C[C@H](Nc7cccc8c7C(=O)N(C7CCC(=O)NC7=O)C8=O)C6)CC5)cc4)cc23)c1F,True,3111,BRAF V600E,P15056,CRBN,CRBN,Q96SW2,A375,A375-C5,23.0,7.638272163982407,1,,0,,0,1,10.1021/acsmedchemlett.2c00039,PROTAC-DB,Degradation of BRAF V600E in A375 cells after 24 h treatment,24.0,,A-375,ACH-000219,Skin,mapped,1.0
CCN(C)S(=O)(=O)Nc1ccc(F)c(C(=O)c2c[nH]c3ncc(-c4ccc(N5CCN(C(=O)CCCOc6cccc7c6CN(C6CCC(=O)NC6=O)C7=O)CC5)cc4)cc23)c1F,True,3112,BRAF V600E,P15056,CRBN,CRBN,Q96SW2,A375,A375-C5,16.0,7.795880017344075,1,,0,,0,1,10.1021/acsmedchemlett.2c00039,PROTAC-DB,Degradation of BRAF V600E in A375 cells after 24 h treatment,24.0,,A-375,ACH-000219,Skin,mapped,1.0
CCOc1cc(C(C)(C)C)ccc1C1=NC(c2ccc(Cl)cc2)C(c2ccc(Cl)cc2)N1C(=O)N1CCN(CC(=O)NCCOCCOCCOCCNC(=O)CN2CCN(C(=O)N3C(c4ccc(C(C)(C)C)cc4OCC)=NC(c4ccc(Cl)cc4)C3c3ccc(Cl)cc3)CC2=O)C(=O)C1,True,3120,MDM2,Q00987,MDM2,MDM2,Q00987,A549,A549 Cas9,1010.0,5.995678626217358,1,95.0,1,0.0,1,1,10.1016/j.apsb.2020.11.022,PROTAC-DB,Degradation of MDM2 in A549 cells after 24 h treatment,24.0,,A549,ACH-000681,Lung,mapped,1.0
Cc1ccc(C(=O)Nc2ccc(CN3CCN(CCCCCCC(=O)Nc4cccc5c4C(=O)N(C4CCC(=O)NC4=O)C5=O)CC3)c(C(F)(F)F)c2)cc1C#Cc1cnc2[nH]ncc2c1,True,3139,BCR-ABL T315I,P00520,CRBN,CRBN,Q96SW2,Ba/F3,Ba/F3,108.7,6.963770455913705,1,,0,,0,1,10.1016/j.apsb.2020.11.009,PROTAC-DB,Degradation of BCR-ABL T315I in Ba/F3 cells after 24 h treatment,24.0,,Ba/F3,,,unmapped,0.0
Cc1ncsc1-c1ccc(CNC(=O)[C@@H]2C[C@@H](O)CN2C(=O)[C@@H](NC(=O)CCCCCCCCCCNC(=O)O[C@H]2C[C@@H](C)C=C3C=C[C@H](C)[C@H](CCC(O)C[C@@H](O)CC(=O)O)[C@H]32)C(C)(C)C)cc1,True,3149,HMGCR,P04035,VHL,VHL,P40337,HepG2,HepG2 hALR,120.0,6.920818753952375,1,76.0,1,1.0,1,1,10.1016/j.apsb.2020.11.001,PROTAC-DB,Degradation of HMGCR in HepG2 cells after 16 h treatment,16.0,,Hep G2,ACH-000739,Liver,mapped,1.0
Cc1nnc2n1-c1ccc(-c3cnn(CCCCCCCN4CCC(c5cccc6c5CN(C5CCC(=O)NC5=O)C6=O)CC4)c3)cc1C(c1ccc(Cl)cc1)=NC21CC1,True,CFT-1297,BRD4,O60885,CRBN,CRBN,Q96SW2,HEK293T,HEK293T,5.0,8.301029995663981,1,97.0,1,1.0,1,1,10.1021/acschembio.1c00376,PROTAC-DB,Degradation of BRD4 in HEK293T cells after 3 h treatment,3.0,,HEK293T,,,unmapped,0.0
CC1(C)C(=O)N(c2ccc(C#N)c(C(F)(F)F)c2)C(=S)N1c1ccc(-c2ccc(O[C@@H]3CCN(C(=O)C4CCN(c5ccc6c(c5)C(=O)N(C5CCC(=O)NC5=O)C6=O)CC4)C3)cc2)cc1,True,3171,AR,P10275,CRBN,CRBN,Q96SW2,A549,A549 Cas9,75.0,7.1249387366083,1,75.0,1,1.0,1,1,10.1002/ardp.202100467,PROTAC-DB,Degradation of AR in A549/LNCaP cells after 24 h treatment,24.0,,A549,ACH-000681,Lung,mapped,1.0
CC1(C)C(=O)N(c2ccc(C#N)c(C(F)(F)F)c2)C(=S)N1c1ccc(-c2ccc(O[C@@H]3CCN(C(=O)C4CCN(c5ccc6c(c5)C(=O)N(C5CCC(=O)NC5=O)C6=O)CC4)C3)cc2)cc1,True,3171,AR,P10275,CRBN,CRBN,Q96SW2,LNCaP,LNCaP,77.0,7.113509274827518,1,85.0,1,1.0,1,1,10.1002/ardp.202100467,PROTAC-DB,Degradation of AR in A549/LNCaP cells after 24 h treatment,24.0,,LNCaP clone FGC,ACH-000977,Prostate,mapped,1.0
O=C1CCC(N2C(=O)c3cccc(NCCCCCCNC(=O)c4csc(Nc5ccc(Cl)cc5)n4)c3C2=O)C(=O)N1,True,3173,SF3B1,O75533,CRBN,CRBN,Q96SW2,K562,EGFP-K562,244.0,6.61261017366127,1,,0,,0,1,10.1016/j.chembiol.2021.04.018,PROTAC-DB,Degradation of SF3B1 in K562 cells after 24 h treatment,24.0,,K-562,ACH-000551,Myeloid,mapped,1.0
Nc1ncnc2c1c(-c1ccc(Oc3ccccc3)cc1)nn2[C@@H]1CCCN(C(=O)c2cn(CCOCCOCCOCCCc3cccc4c3CN(C3CCC(=O)NC3=O)C4=O)nn2)C1,True,L18I,BTK,Q06187,CRBN,CRBN,Q96SW2,HeLa,HeLa,18.0,7.7447274948966935,1,,0,,0,1,10.1038/s41375-019-0440-x,PROTAC-DB,Degradation of BTK in HeLa cells after 96 h treatment,96.0,,HeLa,ACH-001086,Cervix,mapped,1.0
Nc1ncnc2c1c(-c1ccc(Oc3ccccc3)cc1)nn2[C@@H]1CCCN(C(=O)c2cn(CCOCCOCCOCCCc3cccc4c3CN(C3CCC(=O)NC3=O)C4=O)nn2)C1,True,L18I,BTK C481S,Q06187,CRBN,CRBN,Q96SW2,HBL-1,HBL-1 [Human AIDS-related non-Hodgkin lymphoma],29.0,7.5376020021010435,1,,0,,0,1,10.1038/s41375-019-0440-x,PROTAC-DB,Degradation of BTK C481S in HBL-1 cells after 36 h treatment,36.0,,HBL-1,,,unmapped,0.0
Nc1ncnc2c1c(-c1ccc(Oc3ccccc3)cc1)nn2[C@@H]1CCCN(C(=O)CCCCCCCCNc2ccc3c(c2)C(=O)N(C2CCC(=O)NC2=O)C3=O)C1,True,GBD-9,BTK,Q06187,CRBN,CRBN,Q96SW2,DOHH2,DoHH2,37.0,7.431798275933005,1,,0,,0,1,10.1038/s41422-021-00533-6,PROTAC-DB,Degradation of BTK in DOHH2 cells after 24 h treatment,24.0,,DOHH-2,ACH-000056,Lymphoid,mapped,1.0
O=C1CCC(N2C(=O)c3cccc(NCCCCCCCCCCCNC(=O)c4cccc(SCc5cn(-c6cccc(C(=O)NO)c6)nn5)c4)c3C2=O)C(=O)N1,True,3192,HDAC8,Q9BY41,CRBN,CRBN,Q96SW2,Jurkat,Jurkat,702.0,6.153662887870195,1,,0,,0,1,10.1039/d2cc00272h,PROTAC-DB,Degradation of HDAC8 in Jurkat cells after 24 h treatment,24.0,,JURKAT,ACH-000995,Lymphoid,mapped,1.0
Cc1ncsc1-c1ccc([C@H](C)NC(=O)[C@@H]2C[C@@H](O)CN2C(=O)[C@@H](NC(=O)CCCC(=O)N2CCN(CC3(C)CCC(c4ccc(Cl)cc4)=C(CN4CCN(c5ccc(C(=O)NS(=O)(=O)c6ccc(N[C@H](CCN7CCOCC7)CSc7ccccc7)c(S(=O)(=O)C(F)(F)F)c6)cc5)CC4)C3)CC2)C(C)(C)C)cc1,True,PPC5,BCL2,P10415,VHL,VHL,P40337,293T,293T FOXP3,,,0,47.0,1,0.0,1,1,10.1038/s41467-021-27210-x,PROTAC-DB,Degradation of BCL2 in 293T cells after 16 h treatment,16.0,,293T,,,unmapped,0.0
Cc1ncsc1-c1ccc([C@H](C)NC(=O)[C@@H]2C[C@@H](O)CN2C(=O)[C@@H](NC(=O)CCCC(=O)N2CCN(CC3(C)CCC(c4ccc(Cl)cc4)=C(CN4CCN(c5ccc(C(=O)NS(=O)(=O)c6ccc(N[C@H](CCN7CCOCC7)CSc7ccccc7)c(S(=O)(=O)C(F)(F)F)c6)cc5)CC4)C3)CC2)C(C)(C)C)cc1,True,PPC5,BCL-xL,Q07817,VHL,VHL,P40337,293T,293T FOXP3,316.2,6.50003813440381,1,56.0,1,0.0,1,1,10.1038/s41467-021-27210-x,PROTAC-DB,Degradation of BCL-xL in 293T cells after 16 h treatment,16.0,,293T,,,unmapped,0.0
Cc1ncsc1-c1ccc([C@H](C)NC(=O)[C@@H]2C[C@@H](O)CN2C(=O)[C@@H](NC(=O)CCCCC(=O)N2CCN(CC3(C)CCC(c4ccc(Cl)cc4)=C(CN4CCN(c5ccc(C(=O)NS(=O)(=O)c6ccc(N[C@H](CCN7CCOCC7)CSc7ccccc7)c(S(=O)(=O)C(F)(F)F)c6)cc5)CC4)C3)CC2)C(C)(C)C)cc1,True,PPC6,BCL2,P10415,VHL,VHL,P40337,293T,293T FOXP3,,,0,47.0,1,0.0,1,1,10.1038/s41467-021-27210-x,PROTAC-DB,Degradation of BCL2 in 293T cells after 16 h treatment,16.0,,293T,,,unmapped,0.0
Cc1ncsc1-c1ccc([C@H](C)NC(=O)[C@@H]2C[C@@H](O)CN2C(=O)[C@@H](NC(=O)CCCCC(=O)N2CCN(CC3(C)CCC(c4ccc(Cl)cc4)=C(CN4CCN(c5ccc(C(=O)NS(=O)(=O)c6ccc(N[C@H](CCN7CCOCC7)CSc7ccccc7)c(S(=O)(=O)C(F)(F)F)c6)cc5)CC4)C3)CC2)C(C)(C)C)cc1,True,PPC6,BCL-xL,Q07817,VHL,VHL,P40337,293T,293T FOXP3,39.9,7.399027104313252,1,91.0,1,1.0,1,1,10.1038/s41467-021-27210-x,PROTAC-DB,Degradation of BCL-xL in 293T cells after 16 h treatment,16.0,,293T,,,unmapped,0.0
Cc1ncsc1-c1ccc([C@H](C)NC(=O)[C@@H]2C[C@@H](O)CN2C(=O)[C@@H](NC(=O)CCCCCC(=O)N2CCN(CC3(C)CCC(c4ccc(Cl)cc4)=C(CN4CCN(c5ccc(C(=O)NS(=O)(=O)c6ccc(N[C@H](CCN7CCOCC7)CSc7ccccc7)c(S(=O)(=O)C(F)(F)F)c6)cc5)CC4)C3)CC2)C(C)(C)C)cc1,True,PPC7,BCL2,P10415,VHL,VHL,P40337,293T,293T FOXP3,179.9,6.744968836654449,1,79.0,1,1.0,1,1,10.1038/s41467-021-27210-x,PROTAC-DB,Degradation of BCL2 in 293T cells after 16 h treatment,16.0,,293T,,,unmapped,0.0
Cc1ncsc1-c1ccc([C@H](C)NC(=O)[C@@H]2C[C@@H](O)CN2C(=O)[C@@H](NC(=O)CCCCCC(=O)N2CCN(CC3(C)CCC(c4ccc(Cl)cc4)=C(CN4CCN(c5ccc(C(=O)NS(=O)(=O)c6ccc(N[C@H](CCN7CCOCC7)CSc7ccccc7)c(S(=O)(=O)C(F)(F)F)c6)cc5)CC4)C3)CC2)C(C)(C)C)cc1,True,PPC7,BCL-xL,Q07817,VHL,VHL,P40337,293T,293T FOXP3,12.8,7.892790030352131,1,85.0,1,1.0,1,1,10.1038/s41467-021-27210-x,PROTAC-DB,Degradation of BCL-xL in 293T cells after 16 h treatment,16.0,,293T,,,unmapped,0.0
Cc1ncsc1-c1ccc([C@H](C)NC(=O)[C@@H]2C[C@@H](O)CN2C(=O)[C@@H](NC(=O)CCCCCCC(=O)N2CCN(CC3(C)CCC(c4ccc(Cl)cc4)=C(CN4CCN(c5ccc(C(=O)NS(=O)(=O)c6ccc(N[C@H](CCN7CCOCC7)CSc7ccccc7)c(S(=O)(=O)C(F)(F)F)c6)cc5)CC4)C3)CC2)C(C)(C)C)cc1,True,PPC8,BCL2,P10415,VHL,VHL,P40337,293T,293T FOXP3,54.0,7.267606240177032,1,94.0,1,1.0,1,1,10.1038/s41467-021-27210-x,PROTAC-DB,Degradation of BCL2 in 293T cells after 16 h treatment,16.0,,293T,,,unmapped,0.0
Cc1ncsc1-c1ccc([C@H](C)NC(=O)[C@@H]2C[C@@H](O)CN2C(=O)[C@@H](NC(=O)CCCCCCC(=O)N2CCN(CC3(C)CCC(c4ccc(Cl)cc4)=C(CN4CCN(c5ccc(C(=O)NS(=O)(=O)c6ccc(N[C@H](CCN7CCOCC7)CSc7ccccc7)c(S(=O)(=O)C(F)(F)F)c6)cc5)CC4)C3)CC2)C(C)(C)C)cc1,True,PPC8,BCL-xL,Q07817,VHL,VHL,P40337,293T,293T FOXP3,12.9,7.889410289700751,1,94.0,1,1.0,1,1,10.1038/s41467-021-27210-x,PROTAC-DB,Degradation of BCL-xL in 293T cells after 16 h treatment,16.0,,293T,,,unmapped,0.0
Cc1ncsc1-c1ccc([C@H](C)NC(=O)[C@@H]2C[C@@H](O)CN2C(=O)[C@@H](NC(=O)CCCCCCCC(=O)N2CCN(CC3(C)CCC(c4ccc(Cl)cc4)=C(CN4CCN(c5ccc(C(=O)NS(=O)(=O)c6ccc(N[C@H](CCN7CCOCC7)CSc7ccccc7)c(S(=O)(=O)C(F)(F)F)c6)cc5)CC4)C3)CC2)C(C)(C)C)cc1,True,PPC9,BCL2,P10415,VHL,VHL,P40337,293T,293T FOXP3,316.2,6.50003813440381,1,79.0,1,1.0,1,1,10.1038/s41467-021-27210-x,PROTAC-DB,Degradation of BCL2 in 293T cells after 16 h treatment,16.0,,293T,,,unmapped,0.0
Cc1ncsc1-c1ccc([C@H](C)NC(=O)[C@@H]2C[C@@H](O)CN2C(=O)[C@@H](NC(=O)CCCCCCCC(=O)N2CCN(CC3(C)CCC(c4ccc(Cl)cc4)=C(CN4CCN(c5ccc(C(=O)NS(=O)(=O)c6ccc(N[C@H](CCN7CCOCC7)CSc7ccccc7)c(S(=O)(=O)C(F)(F)F)c6)cc5)CC4)C3)CC2)C(C)(C)C)cc1,True,PPC9,BCL-xL,Q07817,VHL,VHL,P40337,293T,293T FOXP3,12.8,7.892790030352131,1,96.0,1,1.0,1,1,10.1038/s41467-021-27210-x,PROTAC-DB,Degradation of BCL-xL in 293T cells after 16 h treatment,16.0,,293T,,,unmapped,0.0
Cc1ncsc1-c1ccc([C@H](C)NC(=O)[C@@H]2C[C@@H](O)CN2C(=O)[C@@H](NC(=O)CCCCCCCCC(=O)N2CCN(CC3(C)CCC(c4ccc(Cl)cc4)=C(CN4CCN(c5ccc(C(=O)NS(=O)(=O)c6ccc(N[C@H](CCN7CCOCC7)CSc7ccccc7)c(S(=O)(=O)C(F)(F)F)c6)cc5)CC4)C3)CC2)C(C)(C)C)cc1,True,PPC10,BCL2,P10415,VHL,VHL,P40337,293T,293T FOXP3,354.8,6.450016388840311,1,69.0,1,1.0,1,1,10.1038/s41467-021-27210-x,PROTAC-DB,Degradation of BCL2 in 293T cells after 16 h treatment,16.0,,293T,,,unmapped,0.0
Cc1ncsc1-c1ccc([C@H](C)NC(=O)[C@@H]2C[C@@H](O)CN2C(=O)[C@@H](NC(=O)CCCCCCCCC(=O)N2CCN(CC3(C)CCC(c4ccc(Cl)cc4)=C(CN4CCN(c5ccc(C(=O)NS(=O)(=O)c6ccc(N[C@H](CCN7CCOCC7)CSc7ccccc7)c(S(=O)(=O)C(F)(F)F)c6)cc5)CC4)C3)CC2)C(C)(C)C)cc1,True,PPC10,BCL-xL,Q07817,VHL,VHL,P40337,293T,293T FOXP3,12.1,7.91721462968355,1,81.0,1,1.0,1,1,10.1038/s41467-021-27210-x,PROTAC-DB,Degradation of BCL-xL in 293T cells after 16 h treatment,16.0,,293T,,,unmapped,0.0
Cc1ncsc1-c1ccc([C@H](C)NC(=O)[C@@H]2C[C@@H](O)CN2C(=O)[C@@H](NC(=O)CCCCCCCCCC(=O)N2CCN(CC3(C)CCC(c4ccc(Cl)cc4)=C(CN4CCN(c5ccc(C(=O)NS(=O)(=O)c6ccc(N[C@H](CCN7CCOCC7)CSc7ccccc7)c(S(=O)(=O)C(F)(F)F)c6)cc5)CC4)C3)CC2)C(C)(C)C)cc1,True,PPC11,BCL2,P10415,VHL,VHL,P40337,293T,293T FOXP3,,,0,38.0,1,0.0,1,1,10.1038/s41467-021-27210-x,PROTAC-DB,Degradation of BCL2 in 293T cells after 16 h treatment,16.0,,293T,,,unmapped,0.0
Cc1ncsc1-c1ccc([C@H](C)NC(=O)[C@@H]2C[C@@H](O)CN2C(=O)[C@@H](NC(=O)CCCCCCCCCC(=O)N2CCN(CC3(C)CCC(c4ccc(Cl)cc4)=C(CN4CCN(c5ccc(C(=O)NS(=O)(=O)c6ccc(N[C@H](CCN7CCOCC7)CSc7ccccc7)c(S(=O)(=O)C(F)(F)F)c6)cc5)CC4)C3)CC2)C(C)(C)C)cc1,True,PPC11,BCL-xL,Q07817,VHL,VHL,P40337,293T,293T FOXP3,,,0,38.0,1,0.0,1,1,10.1038/s41467-021-27210-x,PROTAC-DB,Degradation of BCL-xL in 293T cells after 16 h treatment,16.0,,293T,,,unmapped,0.0
Cc1ncsc1-c1ccc([C@H](C)NC(=O)[C@@H]2C[C@@H](O)CN2C(=O)[C@@H](NC(=O)CCCCCCC(=O)N2CCN(C[C@]3(C)CCC(c4ccc(Cl)cc4)=C(CN4CCN(c5ccc(C(=O)NS(=O)(=O)c6ccc(N[C@H](CCN7CCOCC7)CSc7ccccc7)c(S(=O)(=O)C(F)(F)F)c6)cc5)CC4)C3)CC2)C(C)(C)C)cc1,True,753b,BCL2,P10415,VHL,VHL,P40337,293T,293T FOXP3,48.0,7.318758762624412,1,,0,,0,1,10.1038/s41467-021-27210-x,PROTAC-DB,Degradation of BCL2 in 293T cells after 16 h treatment,16.0,,293T,,,unmapped,0.0
Cc1ncsc1-c1ccc([C@H](C)NC(=O)[C@@H]2C[C@@H](O)CN2C(=O)[C@@H](NC(=O)CCCCCCC(=O)N2CCN(C[C@]3(C)CCC(c4ccc(Cl)cc4)=C(CN4CCN(c5ccc(C(=O)NS(=O)(=O)c6ccc(N[C@H](CCN7CCOCC7)CSc7ccccc7)c(S(=O)(=O)C(F)(F)F)c6)cc5)CC4)C3)CC2)C(C)(C)C)cc1,True,753b,BCL-xL,Q07817,VHL,VHL,P40337,293T,293T FOXP3,6.0,8.221848749616356,1,,0,,0,1,10.1038/s41467-021-27210-x,PROTAC-DB,Degradation of BCL-xL in 293T cells after 16 h treatment,16.0,,293T,,,unmapped,0.0
Cc1ncsc1-c1ccc(CNC(=O)[C@@H]2C[C@@H](O)CN2C(=O)[C@@H](NC(=O)CCCCCCCCCC(=O)NCCN2CCN(Cc3cccc(-c4ccc(N5CCN(C)CC5)c(NC(=O)c5c[nH]c(=O)cc5C(F)(F)F)c4)c3)CC2)C(C)(C)C)cc1,True,MS33,WDR5,P61964,VHL,VHL,P40337,MV4;11,MV4-11,260.0,6.585026652029182,1,71.0,1,1.0,1,1,10.1126/scitranslmed.abj1578,PROTAC-DB,Degradation of WDR5 in MV4;11 cells after 18 h treatment,18.0,,MV4-11,ACH-000045,Myeloid,mapped,1.0
Cc1ncsc1-c1ccc([C@H](C)NC(=O)[C@@H]2C[C@@H](O)CN2C(=O)[C@@H](NC(=O)CNC(=O)c2ccc(F)c(-c3ccc(N4C[C@@H](C)N(C)[C@@H](C)C4)c(NC(=O)c4c[nH]c(=O)cc4C(F)(F)F)c3)c2)C(C)(C)C)cc1,True,MS67,WDR5,P61964,VHL,VHL,P40337,MV4;11,MV4-11,3.7,8.431798275933005,1,94.0,1,1.0,1,1,10.1126/scitranslmed.abj1578,PROTAC-DB,Degradation of WDR5 in MV4;11/MIA PaCa-2 cells after 18 h treatment,18.0,,MV4-11,ACH-000045,Myeloid,mapped,1.0
Cc1ncsc1-c1ccc([C@H](C)NC(=O)[C@@H]2C[C@@H](O)CN2C(=O)[C@@H](NC(=O)CNC(=O)c2ccc(F)c(-c3ccc(N4C[C@@H](C)N(C)[C@@H](C)C4)c(NC(=O)c4c[nH]c(=O)cc4C(F)(F)F)c3)c2)C(C)(C)C)cc1,True,MS67,WDR5,P61964,VHL,VHL,P40337,MIA PaCa-2,MIA PaCa-2,45.0,7.346787486224656,1,85.0,1,1.0,1,1,10.1126/scitranslmed.abj1578,PROTAC-DB,Degradation of WDR5 in MV4;11/MIA PaCa-2 cells after 18 h treatment,18.0,,MIA PaCa-2,ACH-000601,Pancreas,mapped,1.0
CC(=O)N1CCCN(c2nc(NCCc3cccs3)nc(N(C)CC(=O)NCCOCCOCCOCC(=O)N[C@H](C(=O)N3C[C@@H](O)C[C@@H]3C(=O)NCc3ccc(-c4scnc4C)cc3)C(C)(C)C)n2)CC1,True,C004019,Tau5,P10636,VHL,VHL,P40337,HEK293-hTau,,7.85,8.105130343254748,1,,0,,0,1,10.7150/thno.55680,PROTAC-DB,Degradation of Tau5 in HEK293-hTau cells after 24 h treatment,24.0,,HEK293-hTau,,,unmapped,0.0
C[C@H]1CCCN1Cc1nc2ccc(NC(=O)c3ccc4c(cnn4CCCCCCCCNc4cccc5c4C(=O)N(C4CCC(=O)NC4=O)C5=O)c3)cc2[nH]1,True,3259,ENL,Q03111,CRBN,CRBN,Q96SW2,MV4;11,MV4-11,37.0,7.431798275933005,1,95.0,1,1.0,1,1,10.1186/s13045-022-01258-8,PROTAC-DB,Degradation of ENL in MV4;11 cells after 24 h treatment,24.0,,MV4-11,ACH-000045,Myeloid,mapped,1.0
C[C@H]1CCCN1Cc1nc2ccc(NC(=O)c3ccc4c(cnn4CCCCCCNc4cccc5c4C(=O)N(C4CCC(=O)NC4=O)C5=O)c3)cc2[nH]1,True,3260,ENL,Q03111,CRBN,CRBN,Q96SW2,MV4;11,MV4-11,50.0,7.301029995663981,1,68.0,1,1.0,1,1,10.1186/s13045-022-01258-8,PROTAC-DB,Degradation of ENL in MV4;11 cells after 24 h treatment,24.0,,MV4-11,ACH-000045,Myeloid,mapped,1.0
C[C@H]1CCCN1Cc1nc2ccc(NC(=O)c3ccc4c(cnn4CCCCNc4cccc5c4C(=O)N(C4CCC(=O)NC4=O)C5=O)c3)cc2[nH]1,True,3261,ENL,Q03111,CRBN,CRBN,Q96SW2,MV4;11,MV4-11,72.0,7.142667503568731,1,89.0,1,1.0,1,1,10.1186/s13045-022-01258-8,PROTAC-DB,Degradation of ENL in MV4;11 cells after 24 h treatment,24.0,,MV4-11,ACH-000045,Myeloid,mapped,1.0
Cc1sc2c(c1C)C(c1ccc(Cl)cc1)=N[C@@H](CC(=O)NCCOCCNC(=O)CN1CCOc3cc(N(CCC#N)C(=O)CCl)ccc31)c1nnc(C)n1-2,True,3262,BRD4,O60885,FEM1B,FEM1B,Q9UK73,HEK293T,HEK293T,810.0,6.0915149811213505,1,71.0,1,1.0,1,1,10.1021/jacs.1c03980,PROTAC-DB,Degradation of BRD4 in HEK293T cells after 8 h treatment,8.0,,HEK293T,,,unmapped,0.0
Cc1sc2c(c1C)C(c1ccc(Cl)cc1)=N[C@@H](CC(=O)NCCCCCNC(=O)CN1CCOc3cc(N(CCC#N)C(=O)CCl)ccc31)c1nnc(C)n1-2,True,3263,BRD4,O60885,FEM1B,FEM1B,Q9UK73,HEK293T,HEK293T,250.0,6.6020599913279625,1,94.0,1,1.0,1,1,10.1021/jacs.1c03980,PROTAC-DB,Degradation of BRD4 in HEK293T cells after 8 h treatment,8.0,,HEK293T,,,unmapped,0.0
Cc1sc2c(c1C)C(c1ccc(Cl)cc1)=N[C@@H](CC(=O)NCCCCCNC(=O)CN1CCOc3cc(N(CCC#N)C(=O)CCl)ccc31)c1nnc(C)n1-2,True,3263,BRD4,O60885,FEM1B,FEM1B,Q9UK73,231MFP,,198.0,6.703334809738469,1,,0,,0,1,10.1021/jacs.1c03980,PROTAC-DB,Degradation of BRD4 in 231MFP/HAP1 cells after 8 h treatment,8.0,,231MFP,,,unmapped,0.0
Cc1sc2c(c1C)C(c1ccc(Cl)cc1)=N[C@@H](CC(=O)NCCCCCNC(=O)CN1CCOc3cc(N(CCC#N)C(=O)CCl)ccc31)c1nnc(C)n1-2,True,3263,BRD4,O60885,FEM1B,FEM1B,Q9UK73,HAP1,HAP1,313.0,6.504455662453552,1,,0,,0,1,10.1021/jacs.1c03980,PROTAC-DB,Degradation of BRD4 in 231MFP/HAP1 cells after 8 h treatment,8.0,,HAP1,ACH-002475,Myeloid,mapped,1.0
Cc1sc2c(c1C)C(c1ccc(Cl)cc1)=N[C@@H](CC(=O)NCCOCCOCCNC(=O)CN1CCOc3cc(N(CCC#N)C(=O)CCl)ccc31)c1nnc(C)n1-2,True,3264,BRD4,O60885,FEM1B,FEM1B,Q9UK73,HEK293T,HEK293T,1100.0,5.958607314841775,1,85.0,1,0.0,1,1,10.1021/jacs.1c03980,PROTAC-DB,Degradation of BRD4 in HEK293T cells after 8 h treatment,8.0,,HEK293T,,,unmapped,0.0
Cc1sc2c(c1C)C(c1ccc(Cl)cc1)=N[C@@H](CC(=O)NCCOCCOCCOCCNC(=O)CN1CCOc3cc(N(CCC#N)C(=O)CCl)ccc31)c1nnc(C)n1-2,True,3265,BRD4,O60885,FEM1B,FEM1B,Q9UK73,HEK293T,HEK293T,3600.0,5.443697499232712,1,60.0,1,0.0,1,1,10.1021/jacs.1c03980,PROTAC-DB,Degradation of BRD4 in HEK293T cells after 8 h treatment,8.0,,HEK293T,,,unmapped,0.0
Cc1sc2c(c1C)C(c1ccc(Cl)cc1)=N[C@@H](CC(=O)NCCOCCOCCOCCOCCNC(=O)CN1CCOc3cc(N(CCC#N)C(=O)CCl)ccc31)c1nnc(C)n1-2,True,3266,BRD4,O60885,FEM1B,FEM1B,Q9UK73,HEK293T,HEK293T,1600.0,5.795880017344075,1,80.0,1,0.0,1,1,10.1021/jacs.1c03980,PROTAC-DB,Degradation of BRD4 in HEK293T cells after 8 h treatment,8.0,,HEK293T,,,unmapped,0.0
O=C1CC[C@H](N2Cc3cc(N4CCN(CC5CCN(c6ccc([C@@H]7c8ccc(O)cc8CC[C@@H]7c7ccccc7)cc6)CC5)CC4)ccc3C2=O)C(=O)N1,True,ARV-471,ER,P03372,CRBN,CRBN,Q96SW2,ER-positive breast cancer cell lines,CGBC 01,2.0,8.698970004336019,1,,0,,0,1,10.1158/1538-7445.SABCS18-P5-04-18,PROTAC-DB,Degradation of ER in ER-positive breast cancer cell lines,,,ER-positive breast cancer cell lines,,,unmapped,0.0
N#Cc1ccc(O[C@H]2CC[C@H](NC(=O)c3ccc(N4CCC(CN5CCN(c6cc7c(cc6F)C(=O)N(C6CCC(=O)NC6=O)C7=O)CC5)CC4)nn3)CC2)cc1Cl,True,ARV-110,AR,P10275,CRBN,CRBN,Q96SW2,LNCaP,LNCaP,1.0,9.0,1,,0,,0,1,10.1200/JCO.2019.37.7_suppl.259,PROTAC-DB,Degradation of AR in LNCaP cells,,,LNCaP clone FGC,ACH-000977,Prostate,mapped,1.0
