ligand_id,ligand_name,smiles,target_gene,molecule_class,activity_type,value_nM,value_nM_raw,censored,p_value,domain,domain_assignment,assay,doi,chembl_id,pubchem_id,source_file,evidence_level,notes
warhead:302,ABBV-744,CCNC(=O)C1=CC2=C([NH]1)C(=O)N(C)C=C2C1=CC(C(C)(C)O)=CC=C1OC1=C(C)C=C(F)C=C1C,BRD2,warhead,Ki,1162.0,1162/4.6,=,5.934793871945688,BD1,inferred_pair_order,Ki of BRD2 BD1/2 was assessed by TR-FRET,10.1021/acs.jmedchem.0c00628,CHEMBL4297454,132010322.0,protacSpace/warhead.csv,measured,domain order inferred from source BD1/BD2 pair convention
warhead:302,ABBV-744,CCNC(=O)C1=CC2=C([NH]1)C(=O)N(C)C=C2C1=CC(C(C)(C)O)=CC=C1OC1=C(C)C=C(F)C=C1C,BRD2,warhead,Ki,4.6,1162/4.6,=,8.337242168318426,BD2,inferred_pair_order,Ki of BRD2 BD1/2 was assessed by TR-FRET,10.1021/acs.jmedchem.0c00628,CHEMBL4297454,132010322.0,protacSpace/warhead.csv,measured,domain order inferred from source BD1/BD2 pair convention
protac:328,ARV-771,CC1=C(C2=CC=C([C@H](C)NC(=O)[C@@H]3C[C@@H](O)CN3C(=O)[C@@H](NC(=O)COCCCOCCNC(=O)C[C@@H]3N=C(C4=CC=C(Cl)C=C4)C4=C(SC(C)=C4C)N4C(C)=NN=C34)C(C)(C)C)C=C2)SC=N1,BRD2,protac,Kd,34.0,34/4.7,=,7.468521082957745,BD1,inferred_pair_order,Kd of BRD2 BD1/2,10.1073/pnas.1521738113,,,Protac-invent/protacDB/protac.csv,measured,domain order inferred from source BD1/BD2 pair convention
protac:328,ARV-771,CC1=C(C2=CC=C([C@H](C)NC(=O)[C@@H]3C[C@@H](O)CN3C(=O)[C@@H](NC(=O)COCCCOCCNC(=O)C[C@@H]3N=C(C4=CC=C(Cl)C=C4)C4=C(SC(C)=C4C)N4C(C)=NN=C34)C(C)(C)C)C=C2)SC=N1,BRD2,protac,Kd,4.7,34/4.7,=,8.327902142064282,BD2,inferred_pair_order,Kd of BRD2 BD1/2,10.1073/pnas.1521738113,,,Protac-invent/protacDB/protac.csv,measured,domain order inferred from source BD1/BD2 pair convention
warhead:134,BETi-211,CCN1N=C(C2CC2)C=C1NC1=NC(COC)=NC2=C1C1=CC(OC)=C(C3=C(C)ON=C3C)C=C1[NH]2,BRD2,warhead,Ki,1.0,<1/<1,<,9.0,BD1,inferred_pair_order,Ki of BRD2 BD1/BD2 was tested by FP,10.1158/0008-5472.CAN-16-2622,,122508095.0,protacSpace/warhead.csv,measured,domain order inferred from source BD1/BD2 pair convention
warhead:134,BETi-211,CCN1N=C(C2CC2)C=C1NC1=NC(COC)=NC2=C1C1=CC(OC)=C(C3=C(C)ON=C3C)C=C1[NH]2,BRD2,warhead,Ki,1.0,<1/<1,<,9.0,BD2,inferred_pair_order,Ki of BRD2 BD1/BD2 was tested by FP,10.1158/0008-5472.CAN-16-2622,,122508095.0,protacSpace/warhead.csv,measured,domain order inferred from source BD1/BD2 pair convention
warhead:16,HJB97,CCN1N=C(C2CC2)C=C1NC1=NC(C(=O)NC)=NC2=C1C1=CC(OC)=C(C3=C(C)ON=C3C)C=C1[NH]2,BRD2,warhead,IC50,3.1,3.1/3.9,=,8.508638306165727,BD1,inferred_pair_order,Displacement of a FAM-labeled fluorescent probe based upon ZBA248 from BRD2 BD1/2 domain by fluorescence polarization based competitive binding affinity assay,10.1021/acs.jmedchem.6b01816,CHEMBL4228445,135397673.0,protacSpace/warhead.csv,measured,domain order inferred from source BD1/BD2 pair convention
warhead:16,HJB97,CCN1N=C(C2CC2)C=C1NC1=NC(C(=O)NC)=NC2=C1C1=CC(OC)=C(C3=C(C)ON=C3C)C=C1[NH]2,BRD2,warhead,IC50,3.9,3.1/3.9,=,8.4089353929735,BD2,inferred_pair_order,Displacement of a FAM-labeled fluorescent probe based upon ZBA248 from BRD2 BD1/2 domain by fluorescence polarization based competitive binding affinity assay,10.1021/acs.jmedchem.6b01816,CHEMBL4228445,135397673.0,protacSpace/warhead.csv,measured,domain order inferred from source BD1/BD2 pair convention
warhead:16,HJB97,CCN1N=C(C2CC2)C=C1NC1=NC(C(=O)NC)=NC2=C1C1=CC(OC)=C(C3=C(C)ON=C3C)C=C1[NH]2,BRD2,warhead,Ki,0.9,0.9/0.27,=,9.045757490560675,BD1,inferred_pair_order,FP in BRD2 BD1/2,10.1021/acs.jmedchem.6b01816,CHEMBL4228445,135397673.0,protacSpace/warhead.csv,measured,domain order inferred from source BD1/BD2 pair convention
warhead:16,HJB97,CCN1N=C(C2CC2)C=C1NC1=NC(C(=O)NC)=NC2=C1C1=CC(OC)=C(C3=C(C)ON=C3C)C=C1[NH]2,BRD2,warhead,Ki,0.27,0.9/0.27,=,9.568636235841012,BD2,inferred_pair_order,FP in BRD2 BD1/2,10.1021/acs.jmedchem.6b01816,CHEMBL4228445,135397673.0,protacSpace/warhead.csv,measured,domain order inferred from source BD1/BD2 pair convention
warhead:200,I-BET726,CC(=O)N1C2=CC=C(C3=CC=C(C(=O)O)C=C3)C=C2[C@H](NC2=CC=C(Cl)C=C2)C[C@@H]1C,BRD2,warhead,IC50,39.8,39.8,=,7.400116927926312,unspecified,unspecified,Peptide-based FRET,10.1021/jm5010539,CHEMBL2177300,52912222.0,protacSpace/warhead.csv,measured,
warhead:200,I-BET726,CC(=O)N1C2=CC=C(C3=CC=C(C(=O)O)C=C3)C=C2[C@H](NC2=CC=C(Cl)C=C2)C[C@@H]1C,BRD2,warhead,Kd,25.0,25,=,7.6020599913279625,unspecified,unspecified,SPR,10.1021/jm5010539,CHEMBL2177300,52912222.0,protacSpace/warhead.csv,measured,
warhead:18,JQ1,CC1=C(C)C2=C(S1)N1C(C)=NN=C1[C@H](CC(=O)OC(C)(C)C)N=C2C1=CC=C(Cl)C=C1,BRD2,warhead,Kd,128.4,128.4,=,6.891434976267165,BD1,explicit,ITC in BRD2 BD1,10.1038/nature09504,CHEMBL1957266,46907787.0,protacSpace/warhead.csv,measured,
protac:335,MZ1,CC1=C(C2=CC=C(CNC(=O)[C@@H]3C[C@@H](O)CN3C(=O)[C@@H](NC(=O)COCCOCCOCCNC(=O)C[C@@H]3N=C(C4=CC=C(Cl)C=C4)C4=C(SC(C)=C4C)N4C(C)=NN=C34)C(C)(C)C)C=C2)SC=N1,BRD2,protac,Kd,307.0,307/228,=,6.512861624522813,BD1,inferred_pair_order,ITC in BRD2 BD1/2,10.1021/acschembio.5b00216; 10.1021/acs.jmedchem.1c01496,,,Protac-invent/protacDB/protac.csv,measured,domain order inferred from source BD1/BD2 pair convention
protac:335,MZ1,CC1=C(C2=CC=C(CNC(=O)[C@@H]3C[C@@H](O)CN3C(=O)[C@@H](NC(=O)COCCOCCOCCNC(=O)C[C@@H]3N=C(C4=CC=C(Cl)C=C4)C4=C(SC(C)=C4C)N4C(C)=NN=C34)C(C)(C)C)C=C2)SC=N1,BRD2,protac,Kd,228.0,307/228,=,6.642065152999546,BD2,inferred_pair_order,ITC in BRD2 BD1/2,10.1021/acschembio.5b00216; 10.1021/acs.jmedchem.1c01496,,,Protac-invent/protacDB/protac.csv,measured,domain order inferred from source BD1/BD2 pair convention
protac:335,MZ1,CC1=C(C2=CC=C(CNC(=O)[C@@H]3C[C@@H](O)CN3C(=O)[C@@H](NC(=O)COCCOCCOCCNC(=O)C[C@@H]3N=C(C4=CC=C(Cl)C=C4)C4=C(SC(C)=C4C)N4C(C)=NN=C34)C(C)(C)C)C=C2)SC=N1,BRD2,protac,Kd,62.0,62/60,=,7.207608310501746,BD1,inferred_pair_order,ITC in BRD2 BD1/2,10.1038/nchembio.2329,,,Protac-invent/protacDB/protac.csv,measured,domain order inferred from source BD1/BD2 pair convention
protac:335,MZ1,CC1=C(C2=CC=C(CNC(=O)[C@@H]3C[C@@H](O)CN3C(=O)[C@@H](NC(=O)COCCOCCOCCNC(=O)C[C@@H]3N=C(C4=CC=C(Cl)C=C4)C4=C(SC(C)=C4C)N4C(C)=NN=C34)C(C)(C)C)C=C2)SC=N1,BRD2,protac,Kd,60.0,62/60,=,7.221848749616356,BD2,inferred_pair_order,ITC in BRD2 BD1/2,10.1038/nchembio.2329,,,Protac-invent/protacDB/protac.csv,measured,domain order inferred from source BD1/BD2 pair convention
protac:1653,MZP-55,CC(=O)N1C2=CC=C(C3=CC=C(C(=O)NCCOCCOCCOCCOCC(=O)N[C@H](C(=O)N4C[C@H](O)C[C@H]4C(=O)NCC4=CC=C(C5=C(C)N=CS5)C=C4)C(C)(C)C)C=C3)C=C2[C@H](NC2=CC=C(Cl)C=C2)C[C@@H]1C,BRD2,protac,Kd,45.0,45/5,=,7.346787486224656,BD1,inferred_pair_order,Kd of BRD2 BD1/2 was tested by ITC,10.1021/acs.jmedchem.6b01912,,,Protac-invent/protacDB/protac.csv,measured,domain order inferred from source BD1/BD2 pair convention
protac:1653,MZP-55,CC(=O)N1C2=CC=C(C3=CC=C(C(=O)NCCOCCOCCOCCOCC(=O)N[C@H](C(=O)N4C[C@H](O)C[C@H]4C(=O)NCC4=CC=C(C5=C(C)N=CS5)C=C4)C(C)(C)C)C=C3)C=C2[C@H](NC2=CC=C(Cl)C=C2)C[C@@H]1C,BRD2,protac,Kd,5.0,45/5,=,8.301029995663981,BD2,inferred_pair_order,Kd of BRD2 BD1/2 was tested by ITC,10.1021/acs.jmedchem.6b01912,,,Protac-invent/protacDB/protac.csv,measured,domain order inferred from source BD1/BD2 pair convention
warhead:49,OTX015,CC1=C(C)C2=C(S1)N1C(C)=NN=C1[C@H](CC(=O)NC1=CC=C(O)C=C1)N=C2C1=CC=C(Cl)C=C1,BRD2,warhead,Ki,16.6,16.6/5.4,=,7.779891911959945,BD1,inferred_pair_order,FP in BRD2 BD1/2,10.1021/acs.jmedchem.5b00613,CHEMBL3581647,9936746.0,protacSpace/warhead.csv,measured,domain order inferred from source BD1/BD2 pair convention
warhead:49,OTX015,CC1=C(C)C2=C(S1)N1C(C)=NN=C1[C@H](CC(=O)NC1=CC=C(O)C=C1)N=C2C1=CC=C(Cl)C=C1,BRD2,warhead,Ki,5.4,16.6/5.4,=,8.267606240177031,BD2,inferred_pair_order,FP in BRD2 BD1/2,10.1021/acs.jmedchem.5b00613,CHEMBL3581647,9936746.0,protacSpace/warhead.csv,measured,domain order inferred from source BD1/BD2 pair convention
warhead:20,QCA276,CC1=NN=C2COCC3=C(SC(C#CC4=CN(C)N=C4)=C3CC3=CC=CC=C3)N12,BRD2,warhead,IC50,3.5,3.5/40.6,=,8.455931955649724,BD1,inferred_pair_order,Displacement of a FAM-labeled fluorescent probe based upon ZBA248 from BRD2 BD1/2 domain by fluorescence polarization based competitive binding affinity assay,10.1021/acs.jmedchem.8b00506,,130345579.0,protacSpace/warhead.csv,measured,domain order inferred from source BD1/BD2 pair convention
warhead:20,QCA276,CC1=NN=C2COCC3=C(SC(C#CC4=CN(C)N=C4)=C3CC3=CC=CC=C3)N12,BRD2,warhead,IC50,40.6,3.5/40.6,=,7.391473966422806,BD2,inferred_pair_order,Displacement of a FAM-labeled fluorescent probe based upon ZBA248 from BRD2 BD1/2 domain by fluorescence polarization based competitive binding affinity assay,10.1021/acs.jmedchem.8b00506,,130345579.0,protacSpace/warhead.csv,measured,domain order inferred from source BD1/BD2 pair convention
warhead:20,QCA276,CC1=NN=C2COCC3=C(SC(C#CC4=CN(C)N=C4)=C3CC3=CC=CC=C3)N12,BRD2,warhead,Ki,1.7,1.7/8.5,=,8.769551078621726,BD1,inferred_pair_order,FP in BRD2 BD1/2,10.1021/acs.jmedchem.8b00506,,130345579.0,protacSpace/warhead.csv,measured,domain order inferred from source BD1/BD2 pair convention
warhead:20,QCA276,CC1=NN=C2COCC3=C(SC(C#CC4=CN(C)N=C4)=C3CC3=CC=CC=C3)N12,BRD2,warhead,Ki,8.5,1.7/8.5,=,8.070581074285707,BD2,inferred_pair_order,FP in BRD2 BD1/2,10.1021/acs.jmedchem.8b00506,,130345579.0,protacSpace/warhead.csv,measured,domain order inferred from source BD1/BD2 pair convention
protac:2898,SJ995973,CC1=C(C)C2=C(S1)N1C(C)=NN=C1[C@H](CC(=O)NCCCCCNC(=O)COC1=CC=C(C3CCC(=O)NC3=O)C=C1)N=C2C1=CC=C(Cl)C=C1,BRD2,protac,IC50,485.1,485.1,=,6.3141687253739365,BD2,explicit,IC50 of BRD2 BD2 was assessed by TR-FRET,10.1002/anie.202108848,,,Protac-invent/protacDB/protac.csv,measured,
protac:330,dBET1,CC1=C(C)C2=C(S1)N1C(C)=NN=C1[C@H](CC(=O)NCCCCNC(=O)COC1=CC=CC3=C1C(=O)N(C1CCC(=O)NC1=O)C3=O)N=C2C1=CC=C(Cl)C=C1,BRD2,protac,Kd,19.0,19/11,=,7.721246399047171,BD1,inferred_pair_order,Kd of BRD2 BD1/2,10.1126/science.aab1433,,,Protac-invent/protacDB/protac.csv,measured,domain order inferred from source BD1/BD2 pair convention
protac:330,dBET1,CC1=C(C)C2=C(S1)N1C(C)=NN=C1[C@H](CC(=O)NCCCCNC(=O)COC1=CC=CC3=C1C(=O)N(C1CCC(=O)NC1=O)C3=O)N=C2C1=CC=C(Cl)C=C1,BRD2,protac,Kd,11.0,19/11,=,7.958607314841775,BD2,inferred_pair_order,Kd of BRD2 BD1/2,10.1126/science.aab1433,,,Protac-invent/protacDB/protac.csv,measured,domain order inferred from source BD1/BD2 pair convention
protac:1535,macroPROTAC-1,CC1=C(C2=CC=C3CNC(=O)[C@@H]4C[C@@H](O)CN4C(=O)[C@H](C(C)(C)C)NC(=O)COCCOCCOC[C@H](NC(=O)C[C@@H]4N=C(C5=CC=C(Cl)C=C5)C5=C(SC(C)=C5C)N5C(C)=NN=C45)COCCOCCOC3=C2)SC=N1,BRD2,protac,Kd,743.0,743,=,6.129011186239424,BD1,explicit,Kd of BRD2 BD1 was tested by ITC,10.1002/anie.201914396,,,Protac-invent/protacDB/protac.csv,measured,
warhead:17,,CNC(=O)C1=NC=C2C(=N1)[NH]C1=CC(C3=C(C)ON=C3C)=C(OC)C=C12,BRD2,warhead,IC50,218.0,218/224,=,6.661543506395395,BD1,inferred_pair_order,Displacement of a FAM-labeled fluorescent probe based upon ZBA248 from BRD2 BD1/2 domain by fluorescence polarization based competitive binding affinity assay,10.1021/acs.jmedchem.6b01816,CHEMBL4228904,145988169.0,protacSpace/warhead.csv,measured,domain order inferred from source BD1/BD2 pair convention
warhead:17,,CNC(=O)C1=NC=C2C(=N1)[NH]C1=CC(C3=C(C)ON=C3C)=C(OC)C=C12,BRD2,warhead,IC50,224.0,218/224,=,6.649751981665837,BD2,inferred_pair_order,Displacement of a FAM-labeled fluorescent probe based upon ZBA248 from BRD2 BD1/2 domain by fluorescence polarization based competitive binding affinity assay,10.1021/acs.jmedchem.6b01816,CHEMBL4228904,145988169.0,protacSpace/warhead.csv,measured,domain order inferred from source BD1/BD2 pair convention
protac:2893,,CC1=C(C)C2=C(S1)N1C(C)=NN=C1[C@H](CC(=O)NCC1=CN(CCCCNC(=O)COC3=CC=CC4=C3C(=O)N(C3CCC(=O)NC3=O)C4=O)N=N1)N=C2C1=CC=C(Cl)C=C1,BRD2,protac,IC50,10.6,10.6,=,7.97469413473523,BD2,explicit,IC50 of BRD2 BD2 was assessed by TR-FRET,10.1002/anie.202108848,,,Protac-invent/protacDB/protac.csv,measured,
protac:2894,,CC1=C(C)C2=C(S1)N1C(C)=NN=C1[C@H](CC(=O)NCC1=CN(CCCCNC(=O)CNC3=CC=CC4=C3C(=O)N(C3CCC(=O)NC3=O)C4=O)N=N1)N=C2C1=CC=C(Cl)C=C1,BRD2,protac,IC50,0.2,0.2,=,9.698970004336019,BD2,explicit,IC50 of BRD2 BD2 was assessed by TR-FRET,10.1002/anie.202108848,,,Protac-invent/protacDB/protac.csv,measured,
protac:2895,,CC1=C(C)C2=C(S1)N1C(C)=NN=C1[C@H](CC(=O)NCC1=CN(CCCCNC(=O)COC3=CC=C(C4CCC(=O)NC4=O)C=C3)N=N1)N=C2C1=CC=C(Cl)C=C1,BRD2,protac,IC50,213.1,213.1,=,6.671416550285798,BD2,explicit,IC50 of BRD2 BD2 was assessed by TR-FRET,10.1002/anie.202108848,,,Protac-invent/protacDB/protac.csv,measured,
protac:2896,,CC1=C(C)C2=C(S1)N1C(C)=NN=C1[C@H](CC(=O)NCC1=CN(CCCCNC(=O)CNC3=CC=C(C4CCC(=O)NC4=O)C=C3)N=N1)N=C2C1=CC=C(Cl)C=C1,BRD2,protac,IC50,10.6,10.6,=,7.97469413473523,BD2,explicit,IC50 of BRD2 BD2 was assessed by TR-FRET,10.1002/anie.202108848,,,Protac-invent/protacDB/protac.csv,measured,
protac:2897,,CC1=C(C)C2=C(S1)N1C(C)=NN=C1[C@H](CC(=O)NCCCCNC(=O)COC1=CC=C(C3CCC(=O)NC3=O)C=C1)N=C2C1=CC=C(Cl)C=C1,BRD2,protac,IC50,167.3,167.3,=,6.776504059037606,BD2,explicit,IC50 of BRD2 BD2 was assessed by TR-FRET,10.1002/anie.202108848,,,Protac-invent/protacDB/protac.csv,measured,
protac:2899,,CC1=C(C)C2=C(S1)N1C(C)=NN=C1[C@H](CC(=O)NCCCCNC(=O)COC1=CC=CC(C3CCC(=O)NC3=O)=C1)N=C2C1=CC=C(Cl)C=C1,BRD2,protac,IC50,800.2,800.2,=,6.096801452957022,BD2,explicit,IC50 of BRD2 BD2 was assessed by TR-FRET,10.1002/anie.202108848,,,Protac-invent/protacDB/protac.csv,measured,
protac:2900,,CC1=C(C)C2=C(S1)N1C(C)=NN=C1[C@H](CC(=O)NCCCCCNC(=O)COC1=CC=CC(C3CCC(=O)NC3=O)=C1)N=C2C1=CC=C(Cl)C=C1,BRD2,protac,IC50,395.2,395.2,=,6.403183064084409,BD2,explicit,IC50 of BRD2 BD2 was assessed by TR-FRET,10.1002/anie.202108848,,,Protac-invent/protacDB/protac.csv,measured,
protac:229,,CC1=C(C2=CC=C(CNC(=O)[C@@H]3[C@@H](F)[C@@H](O)CN3C(=O)[C@@H](NC(=O)COCCOCCOCCNC(=O)C[C@@H]3N=C(C4=CC=C(Cl)C=C4)C4=C(SC(C)=C4C)N4C(C)=NN=C34)C(C)(C)C)C=C2)SC=N1,BRD2,protac,Kd,97.0,97,=,7.013228265733755,BD1,explicit,ITC in BRD2 BD1,10.1021/jacs.8b05807,,,Protac-invent/protacDB/protac.csv,measured,
protac:230,,CC1=C(C2=CC=C(CNC(=O)[C@@H]3[C@H](F)[C@@H](O)CN3C(=O)[C@@H](NC(=O)COCCOCCOCCNC(=O)C[C@@H]3N=C(C4=CC=C(Cl)C=C4)C4=C(SC(C)=C4C)N4C(C)=NN=C34)C(C)(C)C)C=C2)SC=N1,BRD2,protac,Kd,111.0,111,=,6.954677021213342,BD1,explicit,ITC in BRD2 BD1,10.1021/jacs.8b05807,,,Protac-invent/protacDB/protac.csv,measured,
warhead:17,,CNC(=O)C1=NC=C2C(=N1)[NH]C1=CC(C3=C(C)ON=C3C)=C(OC)C=C12,BRD2,warhead,Ki,101.0,101/57.3,=,6.995678626217357,BD1,inferred_pair_order,FP in BRD2 BD1/2,10.1021/acs.jmedchem.6b01816,CHEMBL4228904,145988169.0,protacSpace/warhead.csv,measured,domain order inferred from source BD1/BD2 pair convention
warhead:17,,CNC(=O)C1=NC=C2C(=N1)[NH]C1=CC(C3=C(C)ON=C3C)=C(OC)C=C12,BRD2,warhead,Ki,57.3,101/57.3,=,7.24184537803261,BD2,inferred_pair_order,FP in BRD2 BD1/2,10.1021/acs.jmedchem.6b01816,CHEMBL4228904,145988169.0,protacSpace/warhead.csv,measured,domain order inferred from source BD1/BD2 pair convention
warhead:302,ABBV-744,CCNC(=O)C1=CC2=C([NH]1)C(=O)N(C)C=C2C1=CC(C(C)(C)O)=CC=C1OC1=C(C)C=C(F)C=C1C,BRD3,warhead,Ki,3140.0,3140/8.31,=,5.503070351926786,BD1,inferred_pair_order,Ki of BRD3 BD1/2 was assessed by TR-FRET,10.1021/acs.jmedchem.0c00628,CHEMBL4297454,132010322.0,protacSpace/warhead.csv,measured,domain order inferred from source BD1/BD2 pair convention
warhead:302,ABBV-744,CCNC(=O)C1=CC2=C([NH]1)C(=O)N(C)C=C2C1=CC(C(C)(C)O)=CC=C1OC1=C(C)C=C(F)C=C1C,BRD3,warhead,Ki,8.31,3140/8.31,=,8.08039897621589,BD2,inferred_pair_order,Ki of BRD3 BD1/2 was assessed by TR-FRET,10.1021/acs.jmedchem.0c00628,CHEMBL4297454,132010322.0,protacSpace/warhead.csv,measured,domain order inferred from source BD1/BD2 pair convention
protac:328,ARV-771,CC1=C(C2=CC=C([C@H](C)NC(=O)[C@@H]3C[C@@H](O)CN3C(=O)[C@@H](NC(=O)COCCCOCCNC(=O)C[C@@H]3N=C(C4=CC=C(Cl)C=C4)C4=C(SC(C)=C4C)N4C(C)=NN=C34)C(C)(C)C)C=C2)SC=N1,BRD3,protac,Kd,8.3,8.3/7.6,=,8.080921907623926,BD1,inferred_pair_order,Kd of BRD3 BD1/2,10.1073/pnas.1521738113,,,Protac-invent/protacDB/protac.csv,measured,domain order inferred from source BD1/BD2 pair convention
protac:328,ARV-771,CC1=C(C2=CC=C([C@H](C)NC(=O)[C@@H]3C[C@@H](O)CN3C(=O)[C@@H](NC(=O)COCCCOCCNC(=O)C[C@@H]3N=C(C4=CC=C(Cl)C=C4)C4=C(SC(C)=C4C)N4C(C)=NN=C34)C(C)(C)C)C=C2)SC=N1,BRD3,protac,Kd,7.6,8.3/7.6,=,8.119186407719209,BD2,inferred_pair_order,Kd of BRD3 BD1/2,10.1073/pnas.1521738113,,,Protac-invent/protacDB/protac.csv,measured,domain order inferred from source BD1/BD2 pair convention
warhead:134,BETi-211,CCN1N=C(C2CC2)C=C1NC1=NC(COC)=NC2=C1C1=CC(OC)=C(C3=C(C)ON=C3C)C=C1[NH]2,BRD3,warhead,Ki,1.0,<1/<1,<,9.0,BD1,inferred_pair_order,Ki of BRD3 BD1/BD2 was tested by FP,10.1158/0008-5472.CAN-16-2622,,122508095.0,protacSpace/warhead.csv,measured,domain order inferred from source BD1/BD2 pair convention
warhead:134,BETi-211,CCN1N=C(C2CC2)C=C1NC1=NC(COC)=NC2=C1C1=CC(OC)=C(C3=C(C)ON=C3C)C=C1[NH]2,BRD3,warhead,Ki,1.0,<1/<1,<,9.0,BD2,inferred_pair_order,Ki of BRD3 BD1/BD2 was tested by FP,10.1158/0008-5472.CAN-16-2622,,122508095.0,protacSpace/warhead.csv,measured,domain order inferred from source BD1/BD2 pair convention
warhead:16,HJB97,CCN1N=C(C2CC2)C=C1NC1=NC(C(=O)NC)=NC2=C1C1=CC(OC)=C(C3=C(C)ON=C3C)C=C1[NH]2,BRD3,warhead,IC50,6.6,6.6/1.9,=,8.18045606445813,BD1,inferred_pair_order,Displacement of a FAM-labeled fluorescent probe based upon ZBA248 from BRD3 BD1/2 domain by fluorescence polarization based competitive binding affinity assay,10.1021/acs.jmedchem.6b01816,CHEMBL4228445,135397673.0,protacSpace/warhead.csv,measured,domain order inferred from source BD1/BD2 pair convention
warhead:16,HJB97,CCN1N=C(C2CC2)C=C1NC1=NC(C(=O)NC)=NC2=C1C1=CC(OC)=C(C3=C(C)ON=C3C)C=C1[NH]2,BRD3,warhead,IC50,1.9,6.6/1.9,=,8.721246399047171,BD2,inferred_pair_order,Displacement of a FAM-labeled fluorescent probe based upon ZBA248 from BRD3 BD1/2 domain by fluorescence polarization based competitive binding affinity assay,10.1021/acs.jmedchem.6b01816,CHEMBL4228445,135397673.0,protacSpace/warhead.csv,measured,domain order inferred from source BD1/BD2 pair convention
warhead:16,HJB97,CCN1N=C(C2CC2)C=C1NC1=NC(C(=O)NC)=NC2=C1C1=CC(OC)=C(C3=C(C)ON=C3C)C=C1[NH]2,BRD3,warhead,Ki,0.18,0.18/0.21,=,9.744727494896694,BD1,inferred_pair_order,FP in BRD3 BD1/2,10.1021/acs.jmedchem.6b01816,CHEMBL4228445,135397673.0,protacSpace/warhead.csv,measured,domain order inferred from source BD1/BD2 pair convention
warhead:16,HJB97,CCN1N=C(C2CC2)C=C1NC1=NC(C(=O)NC)=NC2=C1C1=CC(OC)=C(C3=C(C)ON=C3C)C=C1[NH]2,BRD3,warhead,Ki,0.21,0.18/0.21,=,9.67778070526608,BD2,inferred_pair_order,FP in BRD3 BD1/2,10.1021/acs.jmedchem.6b01816,CHEMBL4228445,135397673.0,protacSpace/warhead.csv,measured,domain order inferred from source BD1/BD2 pair convention
warhead:200,I-BET726,CC(=O)N1C2=CC=C(C3=CC=C(C(=O)O)C=C3)C=C2[C@H](NC2=CC=C(Cl)C=C2)C[C@@H]1C,BRD3,warhead,IC50,79.4,79.4,=,7.100179497572904,unspecified,unspecified,Peptide-based FRET,10.1021/jm5010539,CHEMBL2177300,52912222.0,protacSpace/warhead.csv,measured,
warhead:200,I-BET726,CC(=O)N1C2=CC=C(C3=CC=C(C(=O)O)C=C3)C=C2[C@H](NC2=CC=C(Cl)C=C2)C[C@@H]1C,BRD3,warhead,Kd,20.0,20,=,7.698970004336019,unspecified,unspecified,SPR,10.1021/jm5010539,CHEMBL2177300,52912222.0,protacSpace/warhead.csv,measured,
warhead:18,JQ1,CC1=C(C)C2=C(S1)N1C(C)=NN=C1[C@H](CC(=O)OC(C)(C)C)N=C2C1=CC=C(Cl)C=C1,BRD3,warhead,Kd,59.5,59.5/82,=,7.22548303427145,BD1,inferred_pair_order,ITC in BRD3 BD1/2,10.1038/nature09504,CHEMBL1957266,46907787.0,protacSpace/warhead.csv,measured,domain order inferred from source BD1/BD2 pair convention
warhead:18,JQ1,CC1=C(C)C2=C(S1)N1C(C)=NN=C1[C@H](CC(=O)OC(C)(C)C)N=C2C1=CC=C(Cl)C=C1,BRD3,warhead,Kd,82.0,59.5/82,=,7.086186147616283,BD2,inferred_pair_order,ITC in BRD3 BD1/2,10.1038/nature09504,CHEMBL1957266,46907787.0,protacSpace/warhead.csv,measured,domain order inferred from source BD1/BD2 pair convention
protac:335,MZ1,CC1=C(C2=CC=C(CNC(=O)[C@@H]3C[C@@H](O)CN3C(=O)[C@@H](NC(=O)COCCOCCOCCNC(=O)C[C@@H]3N=C(C4=CC=C(Cl)C=C4)C4=C(SC(C)=C4C)N4C(C)=NN=C34)C(C)(C)C)C=C2)SC=N1,BRD3,protac,Kd,119.0,119/115,=,6.924453038607469,BD1,inferred_pair_order,ITC in BRD3 BD1/2,10.1021/acschembio.5b00216,,,Protac-invent/protacDB/protac.csv,measured,domain order inferred from source BD1/BD2 pair convention
protac:335,MZ1,CC1=C(C2=CC=C(CNC(=O)[C@@H]3C[C@@H](O)CN3C(=O)[C@@H](NC(=O)COCCOCCOCCNC(=O)C[C@@H]3N=C(C4=CC=C(Cl)C=C4)C4=C(SC(C)=C4C)N4C(C)=NN=C34)C(C)(C)C)C=C2)SC=N1,BRD3,protac,Kd,115.0,119/115,=,6.939302159646388,BD2,inferred_pair_order,ITC in BRD3 BD1/2,10.1021/acschembio.5b00216,,,Protac-invent/protacDB/protac.csv,measured,domain order inferred from source BD1/BD2 pair convention
protac:335,MZ1,CC1=C(C2=CC=C(CNC(=O)[C@@H]3C[C@@H](O)CN3C(=O)[C@@H](NC(=O)COCCOCCOCCNC(=O)C[C@@H]3N=C(C4=CC=C(Cl)C=C4)C4=C(SC(C)=C4C)N4C(C)=NN=C34)C(C)(C)C)C=C2)SC=N1,BRD3,protac,Kd,21.0,21/13,=,7.6777807052660805,BD1,inferred_pair_order,ITC in BRD3 BD1/2,10.1038/nchembio.2329,,,Protac-invent/protacDB/protac.csv,measured,domain order inferred from source BD1/BD2 pair convention
protac:335,MZ1,CC1=C(C2=CC=C(CNC(=O)[C@@H]3C[C@@H](O)CN3C(=O)[C@@H](NC(=O)COCCOCCOCCNC(=O)C[C@@H]3N=C(C4=CC=C(Cl)C=C4)C4=C(SC(C)=C4C)N4C(C)=NN=C34)C(C)(C)C)C=C2)SC=N1,BRD3,protac,Kd,13.0,21/13,=,7.886056647693163,BD2,inferred_pair_order,ITC in BRD3 BD1/2,10.1038/nchembio.2329,,,Protac-invent/protacDB/protac.csv,measured,domain order inferred from source BD1/BD2 pair convention
protac:1653,MZP-55,CC(=O)N1C2=CC=C(C3=CC=C(C(=O)NCCOCCOCCOCCOCC(=O)N[C@H](C(=O)N4C[C@H](O)C[C@H]4C(=O)NCC4=CC=C(C5=C(C)N=CS5)C=C4)C(C)(C)C)C=C3)C=C2[C@H](NC2=CC=C(Cl)C=C2)C[C@@H]1C,BRD3,protac,Kd,39.0,39/11,=,7.4089353929735005,BD1,inferred_pair_order,Kd of BRD3 BD1/2 was tested by ITC,10.1021/acs.jmedchem.6b01912,,,Protac-invent/protacDB/protac.csv,measured,domain order inferred from source BD1/BD2 pair convention
protac:1653,MZP-55,CC(=O)N1C2=CC=C(C3=CC=C(C(=O)NCCOCCOCCOCCOCC(=O)N[C@H](C(=O)N4C[C@H](O)C[C@H]4C(=O)NCC4=CC=C(C5=C(C)N=CS5)C=C4)C(C)(C)C)C=C3)C=C2[C@H](NC2=CC=C(Cl)C=C2)C[C@@H]1C,BRD3,protac,Kd,11.0,39/11,=,7.958607314841775,BD2,inferred_pair_order,Kd of BRD3 BD1/2 was tested by ITC,10.1021/acs.jmedchem.6b01912,,,Protac-invent/protacDB/protac.csv,measured,domain order inferred from source BD1/BD2 pair convention
warhead:49,OTX015,CC1=C(C)C2=C(S1)N1C(C)=NN=C1[C@H](CC(=O)NC1=CC=C(O)C=C1)N=C2C1=CC=C(Cl)C=C1,BRD3,warhead,Ki,10.7,10.7/4,=,7.97061622231479,BD1,inferred_pair_order,FP in BRD3 BD1/2,10.1021/acs.jmedchem.5b00613,CHEMBL3581647,9936746.0,protacSpace/warhead.csv,measured,domain order inferred from source BD1/BD2 pair convention
warhead:49,OTX015,CC1=C(C)C2=C(S1)N1C(C)=NN=C1[C@H](CC(=O)NC1=CC=C(O)C=C1)N=C2C1=CC=C(Cl)C=C1,BRD3,warhead,Ki,4.0,10.7/4,=,8.397940008672037,BD2,inferred_pair_order,FP in BRD3 BD1/2,10.1021/acs.jmedchem.5b00613,CHEMBL3581647,9936746.0,protacSpace/warhead.csv,measured,domain order inferred from source BD1/BD2 pair convention
warhead:20,QCA276,CC1=NN=C2COCC3=C(SC(C#CC4=CN(C)N=C4)=C3CC3=CC=CC=C3)N12,BRD3,warhead,IC50,16.4,16.4/35.1,=,7.785156151952302,BD1,inferred_pair_order,Displacement of a FAM-labeled fluorescent probe based upon ZBA248 from BRD3 BD1/2 domain by fluorescence polarization based competitive binding affinity assay,10.1021/acs.jmedchem.8b00506,,130345579.0,protacSpace/warhead.csv,measured,domain order inferred from source BD1/BD2 pair convention
warhead:20,QCA276,CC1=NN=C2COCC3=C(SC(C#CC4=CN(C)N=C4)=C3CC3=CC=CC=C3)N12,BRD3,warhead,IC50,35.1,16.4/35.1,=,7.454692883534176,BD2,inferred_pair_order,Displacement of a FAM-labeled fluorescent probe based upon ZBA248 from BRD3 BD1/2 domain by fluorescence polarization based competitive binding affinity assay,10.1021/acs.jmedchem.8b00506,,130345579.0,protacSpace/warhead.csv,measured,domain order inferred from source BD1/BD2 pair convention
warhead:20,QCA276,CC1=NN=C2COCC3=C(SC(C#CC4=CN(C)N=C4)=C3CC3=CC=CC=C3)N12,BRD3,warhead,Ki,2.5,2.5/6.5,=,8.602059991327963,BD1,inferred_pair_order,FP in BRD3 BD1/2,10.1021/acs.jmedchem.8b00506,,130345579.0,protacSpace/warhead.csv,measured,domain order inferred from source BD1/BD2 pair convention
warhead:20,QCA276,CC1=NN=C2COCC3=C(SC(C#CC4=CN(C)N=C4)=C3CC3=CC=CC=C3)N12,BRD3,warhead,Ki,6.5,2.5/6.5,=,8.187086643357144,BD2,inferred_pair_order,FP in BRD3 BD1/2,10.1021/acs.jmedchem.8b00506,,130345579.0,protacSpace/warhead.csv,measured,domain order inferred from source BD1/BD2 pair convention
protac:330,dBET1,CC1=C(C)C2=C(S1)N1C(C)=NN=C1[C@H](CC(=O)NCCCCNC(=O)COC1=CC=CC3=C1C(=O)N(C1CCC(=O)NC1=O)C3=O)N=C2C1=CC=C(Cl)C=C1,BRD3,protac,Kd,8.9,8.9/10,=,8.050609993355087,BD1,inferred_pair_order,Kd of BRD3 BD1/2,10.1126/science.aab1433,,,Protac-invent/protacDB/protac.csv,measured,domain order inferred from source BD1/BD2 pair convention
protac:330,dBET1,CC1=C(C)C2=C(S1)N1C(C)=NN=C1[C@H](CC(=O)NCCCCNC(=O)COC1=CC=CC3=C1C(=O)N(C1CCC(=O)NC1=O)C3=O)N=C2C1=CC=C(Cl)C=C1,BRD3,protac,Kd,10.0,8.9/10,=,8.0,BD2,inferred_pair_order,Kd of BRD3 BD1/2,10.1126/science.aab1433,,,Protac-invent/protacDB/protac.csv,measured,domain order inferred from source BD1/BD2 pair convention
warhead:17,,CNC(=O)C1=NC=C2C(=N1)[NH]C1=CC(C3=C(C)ON=C3C)=C(OC)C=C12,BRD3,warhead,IC50,294.0,294/189,=,6.531652669587842,BD1,inferred_pair_order,Displacement of a FAM-labeled fluorescent probe based upon ZBA248 from BRD3 BD1/2 domain by fluorescence polarization based competitive binding affinity assay,10.1021/acs.jmedchem.6b01816,CHEMBL4228904,145988169.0,protacSpace/warhead.csv,measured,domain order inferred from source BD1/BD2 pair convention
warhead:17,,CNC(=O)C1=NC=C2C(=N1)[NH]C1=CC(C3=C(C)ON=C3C)=C(OC)C=C12,BRD3,warhead,IC50,189.0,294/189,=,6.723538195826755,BD2,inferred_pair_order,Displacement of a FAM-labeled fluorescent probe based upon ZBA248 from BRD3 BD1/2 domain by fluorescence polarization based competitive binding affinity assay,10.1021/acs.jmedchem.6b01816,CHEMBL4228904,145988169.0,protacSpace/warhead.csv,measured,domain order inferred from source BD1/BD2 pair convention
warhead:17,,CNC(=O)C1=NC=C2C(=N1)[NH]C1=CC(C3=C(C)ON=C3C)=C(OC)C=C12,BRD3,warhead,Ki,82.1,82.1/42.4,=,7.085656842880559,BD1,inferred_pair_order,FP in BRD3 BD1/2,10.1021/acs.jmedchem.6b01816,CHEMBL4228904,145988169.0,protacSpace/warhead.csv,measured,domain order inferred from source BD1/BD2 pair convention
warhead:17,,CNC(=O)C1=NC=C2C(=N1)[NH]C1=CC(C3=C(C)ON=C3C)=C(OC)C=C12,BRD3,warhead,Ki,42.4,82.1/42.4,=,7.372634143407267,BD2,inferred_pair_order,FP in BRD3 BD1/2,10.1021/acs.jmedchem.6b01816,CHEMBL4228904,145988169.0,protacSpace/warhead.csv,measured,domain order inferred from source BD1/BD2 pair convention
warhead:132,ABBV-075,CCS(=O)(=O)NC1=CC=C(OC2=CC=C(F)C=C2F)C(C2=CN(C)C(=O)C3=C2C=C[NH]3)=C1,BRD4,warhead,Ki,1.5,1.5,=,8.823908740944319,unspecified,unspecified,Ki of BRD4 was tested by TR-FRET,10.1021/acs.jmedchem.7b00746,CHEMBL3987016,71600087.0,protacSpace/warhead.csv,measured,
warhead:302,ABBV-744,CCNC(=O)C1=CC2=C([NH]1)C(=O)N(C)C=C2C1=CC(C(C)(C)O)=CC=C1OC1=C(C)C=C(F)C=C1C,BRD4,warhead,IC50,311.5,311.5/1.78,=,6.506541949004811,BD1,inferred_pair_order,IC50 of BRD4 BD1/2 was assessed by HTRF,10.1016/j.ejmech.2022.114259,CHEMBL4297454,132010322.0,protacSpace/warhead.csv,measured,domain order inferred from source BD1/BD2 pair convention
warhead:302,ABBV-744,CCNC(=O)C1=CC2=C([NH]1)C(=O)N(C)C=C2C1=CC(C(C)(C)O)=CC=C1OC1=C(C)C=C(F)C=C1C,BRD4,warhead,IC50,1.78,311.5/1.78,=,8.749579997691106,BD2,inferred_pair_order,IC50 of BRD4 BD1/2 was assessed by HTRF,10.1016/j.ejmech.2022.114259,CHEMBL4297454,132010322.0,protacSpace/warhead.csv,measured,domain order inferred from source BD1/BD2 pair convention
protac:328,ARV-771,CC1=C(C2=CC=C([C@H](C)NC(=O)[C@@H]3C[C@@H](O)CN3C(=O)[C@@H](NC(=O)COCCCOCCNC(=O)C[C@@H]3N=C(C4=CC=C(Cl)C=C4)C4=C(SC(C)=C4C)N4C(C)=NN=C34)C(C)(C)C)C=C2)SC=N1,BRD4,protac,Kd,9.6,9.6/7.6,=,8.017728766960431,BD1,inferred_pair_order,Kd of BRD4 BD1/2,10.1073/pnas.1521738113; 10.1021/acs.jmedchem.1c01496,,,Protac-invent/protacDB/protac.csv,measured,domain order inferred from source BD1/BD2 pair convention
protac:328,ARV-771,CC1=C(C2=CC=C([C@H](C)NC(=O)[C@@H]3C[C@@H](O)CN3C(=O)[C@@H](NC(=O)COCCCOCCNC(=O)C[C@@H]3N=C(C4=CC=C(Cl)C=C4)C4=C(SC(C)=C4C)N4C(C)=NN=C34)C(C)(C)C)C=C2)SC=N1,BRD4,protac,Kd,7.6,9.6/7.6,=,8.119186407719209,BD2,inferred_pair_order,Kd of BRD4 BD1/2,10.1073/pnas.1521738113; 10.1021/acs.jmedchem.1c01496,,,Protac-invent/protacDB/protac.csv,measured,domain order inferred from source BD1/BD2 pair convention
protac:329,ARV-825,CC1=C(C)C2=C(S1)N1C(C)=NN=C1[C@H](CC(=O)NC1=CC=C(OCCOCCOCCOCCNC3=CC=CC4=C3C(=O)N(C3CCC(=O)NC3=O)C4=O)C=C1)N=C2C1=CC=C(Cl)C=C1,BRD4,protac,Kd,90.0,90/28,=,7.045757490560675,BD1,inferred_pair_order,Kd of BRD4 BD1/2 was determined with BROMOscan,10.1016/j.chembiol.2015.05.009,,,Protac-invent/protacDB/protac.csv,measured,domain order inferred from source BD1/BD2 pair convention
protac:329,ARV-825,CC1=C(C)C2=C(S1)N1C(C)=NN=C1[C@H](CC(=O)NC1=CC=C(OCCOCCOCCOCCNC3=CC=CC4=C3C(=O)N(C3CCC(=O)NC3=O)C4=O)C=C1)N=C2C1=CC=C(Cl)C=C1,BRD4,protac,Kd,28.0,90/28,=,7.552841968657781,BD2,inferred_pair_order,Kd of BRD4 BD1/2 was determined with BROMOscan,10.1016/j.chembiol.2015.05.009,,,Protac-invent/protacDB/protac.csv,measured,domain order inferred from source BD1/BD2 pair convention
protac:310,AT1,CC(=O)N[C@@H](C(=O)N1C[C@H](O)C[C@H]1C(=O)NCC1=CC=C(C2=C(C)N=CS2)C=C1)C(C)(C)SCCCCCCNC(=O)C[C@@H]1N=C(C2=CC=C(Cl)C=C2)C2=C(SC(C)=C2C)N2C(C)=NN=C12,BRD4,protac,Kd,75.0,75/44,=,7.1249387366083,BD1,inferred_pair_order,ITC in BRD4 BD1/2,10.1038/nchembio.2329,,,Protac-invent/protacDB/protac.csv,measured,domain order inferred from source BD1/BD2 pair convention
protac:310,AT1,CC(=O)N[C@@H](C(=O)N1C[C@H](O)C[C@H]1C(=O)NCC1=CC=C(C2=C(C)N=CS2)C=C1)C(C)(C)SCCCCCCNC(=O)C[C@@H]1N=C(C2=CC=C(Cl)C=C2)C2=C(SC(C)=C2C)N2C(C)=NN=C12,BRD4,protac,Kd,44.0,75/44,=,7.356547323513812,BD2,inferred_pair_order,ITC in BRD4 BD1/2,10.1038/nchembio.2329,,,Protac-invent/protacDB/protac.csv,measured,domain order inferred from source BD1/BD2 pair convention
warhead:134,BETi-211,CCN1N=C(C2CC2)C=C1NC1=NC(COC)=NC2=C1C1=CC(OC)=C(C3=C(C)ON=C3C)C=C1[NH]2,BRD4,warhead,Ki,1.0,<1/<1,<,9.0,BD1,inferred_pair_order,Ki of BRD4 BD1/BD2 was tested by FP,10.1158/0008-5472.CAN-16-2622,,122508095.0,protacSpace/warhead.csv,measured,domain order inferred from source BD1/BD2 pair convention
warhead:134,BETi-211,CCN1N=C(C2CC2)C=C1NC1=NC(COC)=NC2=C1C1=CC(OC)=C(C3=C(C)ON=C3C)C=C1[NH]2,BRD4,warhead,Ki,1.0,<1/<1,<,9.0,BD2,inferred_pair_order,Ki of BRD4 BD1/BD2 was tested by FP,10.1158/0008-5472.CAN-16-2622,,122508095.0,protacSpace/warhead.csv,measured,domain order inferred from source BD1/BD2 pair convention
warhead:99,BI2536,CC[C@@H]1C(=O)N(C)C2=CN=C(NC3=CC=C(C(=O)NC4CCN(C)CC4)C=C3OC)N=C2N1C1CCCC1,BRD4,warhead,Ki,56.0,56,=,7.251811972993799,unspecified,unspecified,Ki was determined in a proprietary competition assay,10.1021/acsmedchemlett.5b00084,CHEMBL513909,11364421.0,protacSpace/warhead.csv,measured,
protac:3150,CFT-1297,CC1=NN=C2N1C1=CC=C(C3=CN(CCCCCCCN4CCC(C5=CC=CC6=C5CN(C5CCC(=O)NC5=O)C6=O)CC4)N=C3)C=C1C(C1=CC=C(Cl)C=C1)=NC21CC1,BRD4,protac,Kd,58.0,58,=,7.236572006437063,BD1,explicit,Kd of BRD4 BD1 was assessed by FP,10.1021/acschembio.1c00376,,,Protac-invent/protacDB/protac.csv,measured,
warhead:125,GSK-39,COC1=CC=C(C2=CN(C)C(=O)C3=C2SC(C(=N)NC2CCS(=O)(=O)CC2)=C3)C=C1OC,BRD4,warhead,IC50,50.0,50,=,7.301029995663981,BD1,explicit,IC50 of BRD4 BD1 was tested by the TR-FRET assay,10.1021/acs.jmedchem.5b00256,CHEMBL3770188,127025420.0,protacSpace/warhead.csv,measured,
warhead:16,HJB97,CCN1N=C(C2CC2)C=C1NC1=NC(C(=O)NC)=NC2=C1C1=CC(OC)=C(C3=C(C)ON=C3C)C=C1[NH]2,BRD4,warhead,IC50,7.0,7.0/7.0,=,8.154901959985743,BD1,inferred_pair_order,Displacement of a FAM-labeled fluorescent probe based upon ZBA248 from BRD4 BD1/2 domain by fluorescence polarization based competitive binding affinity assay,10.1021/acs.jmedchem.6b01816,CHEMBL4228445,135397673.0,protacSpace/warhead.csv,measured,domain order inferred from source BD1/BD2 pair convention
warhead:16,HJB97,CCN1N=C(C2CC2)C=C1NC1=NC(C(=O)NC)=NC2=C1C1=CC(OC)=C(C3=C(C)ON=C3C)C=C1[NH]2,BRD4,warhead,IC50,7.0,7.0/7.0,=,8.154901959985743,BD2,inferred_pair_order,Displacement of a FAM-labeled fluorescent probe based upon ZBA248 from BRD4 BD1/2 domain by fluorescence polarization based competitive binding affinity assay,10.1021/acs.jmedchem.6b01816,CHEMBL4228445,135397673.0,protacSpace/warhead.csv,measured,domain order inferred from source BD1/BD2 pair convention
warhead:16,HJB97,CCN1N=C(C2CC2)C=C1NC1=NC(C(=O)NC)=NC2=C1C1=CC(OC)=C(C3=C(C)ON=C3C)C=C1[NH]2,BRD4,warhead,Ki,0.5,0.5/1.0,=,9.301029995663981,BD1,inferred_pair_order,FP in BRD4 BD1/2,10.1021/acs.jmedchem.6b01816,CHEMBL4228445,135397673.0,protacSpace/warhead.csv,measured,domain order inferred from source BD1/BD2 pair convention
warhead:16,HJB97,CCN1N=C(C2CC2)C=C1NC1=NC(C(=O)NC)=NC2=C1C1=CC(OC)=C(C3=C(C)ON=C3C)C=C1[NH]2,BRD4,warhead,Ki,1.0,0.5/1.0,=,9.0,BD2,inferred_pair_order,FP in BRD4 BD1/2,10.1021/acs.jmedchem.6b01816,CHEMBL4228445,135397673.0,protacSpace/warhead.csv,measured,domain order inferred from source BD1/BD2 pair convention
warhead:200,I-BET726,CC(=O)N1C2=CC=C(C3=CC=C(C(=O)O)C=C3)C=C2[C@H](NC2=CC=C(Cl)C=C2)C[C@@H]1C,BRD4,warhead,IC50,100.0,100,=,7.0,unspecified,unspecified,Peptide-based FRET,10.1021/jm5010539,CHEMBL2177300,52912222.0,protacSpace/warhead.csv,measured,
warhead:200,I-BET726,CC(=O)N1C2=CC=C(C3=CC=C(C(=O)O)C=C3)C=C2[C@H](NC2=CC=C(Cl)C=C2)C[C@@H]1C,BRD4,warhead,Kd,23.0,23/4.4,=,7.638272163982407,unspecified,unspecified,ITC,10.1021/jm5010539,CHEMBL2177300,52912222.0,protacSpace/warhead.csv,measured,replicate value
warhead:200,I-BET726,CC(=O)N1C2=CC=C(C3=CC=C(C(=O)O)C=C3)C=C2[C@H](NC2=CC=C(Cl)C=C2)C[C@@H]1C,BRD4,warhead,Kd,4.4,23/4.4,=,8.356547323513812,unspecified,unspecified,ITC,10.1021/jm5010539,CHEMBL2177300,52912222.0,protacSpace/warhead.csv,measured,replicate value
warhead:18,JQ1,CC1=C(C)C2=C(S1)N1C(C)=NN=C1[C@H](CC(=O)OC(C)(C)C)N=C2C1=CC=C(Cl)C=C1,BRD4,warhead,Kd,49.0,49/90.1,=,7.309803919971486,BD1,inferred_pair_order,ITC in BRD4 BD1/2,10.1038/nature09504,CHEMBL1957266,46907787.0,protacSpace/warhead.csv,measured,domain order inferred from source BD1/BD2 pair convention
warhead:18,JQ1,CC1=C(C)C2=C(S1)N1C(C)=NN=C1[C@H](CC(=O)OC(C)(C)C)N=C2C1=CC=C(Cl)C=C1,BRD4,warhead,Kd,90.1,49/90.1,=,7.045275209020938,BD2,inferred_pair_order,ITC in BRD4 BD1/2,10.1038/nature09504,CHEMBL1957266,46907787.0,protacSpace/warhead.csv,measured,domain order inferred from source BD1/BD2 pair convention
protac:335,MZ1,CC1=C(C2=CC=C(CNC(=O)[C@@H]3C[C@@H](O)CN3C(=O)[C@@H](NC(=O)COCCOCCOCCNC(=O)C[C@@H]3N=C(C4=CC=C(Cl)C=C4)C4=C(SC(C)=C4C)N4C(C)=NN=C34)C(C)(C)C)C=C2)SC=N1,BRD4,protac,Kd,382.0,382/120,=,6.417936637088291,BD1,inferred_pair_order,ITC in BRD4 BD1/2,10.1021/acschembio.5b00216,,,Protac-invent/protacDB/protac.csv,measured,domain order inferred from source BD1/BD2 pair convention
protac:335,MZ1,CC1=C(C2=CC=C(CNC(=O)[C@@H]3C[C@@H](O)CN3C(=O)[C@@H](NC(=O)COCCOCCOCCNC(=O)C[C@@H]3N=C(C4=CC=C(Cl)C=C4)C4=C(SC(C)=C4C)N4C(C)=NN=C34)C(C)(C)C)C=C2)SC=N1,BRD4,protac,Kd,120.0,382/120,=,6.920818753952375,BD2,inferred_pair_order,ITC in BRD4 BD1/2,10.1021/acschembio.5b00216,,,Protac-invent/protacDB/protac.csv,measured,domain order inferred from source BD1/BD2 pair convention
protac:335,MZ1,CC1=C(C2=CC=C(CNC(=O)[C@@H]3C[C@@H](O)CN3C(=O)[C@@H](NC(=O)COCCOCCOCCNC(=O)C[C@@H]3N=C(C4=CC=C(Cl)C=C4)C4=C(SC(C)=C4C)N4C(C)=NN=C34)C(C)(C)C)C=C2)SC=N1,BRD4,protac,Kd,39.0,39/15,=,7.4089353929735005,BD1,inferred_pair_order,ITC in BRD4 BD1/2,10.1038/nchembio.2329,,,Protac-invent/protacDB/protac.csv,measured,domain order inferred from source BD1/BD2 pair convention
protac:335,MZ1,CC1=C(C2=CC=C(CNC(=O)[C@@H]3C[C@@H](O)CN3C(=O)[C@@H](NC(=O)COCCOCCOCCNC(=O)C[C@@H]3N=C(C4=CC=C(Cl)C=C4)C4=C(SC(C)=C4C)N4C(C)=NN=C34)C(C)(C)C)C=C2)SC=N1,BRD4,protac,Kd,15.0,39/15,=,7.823908740944319,BD2,inferred_pair_order,ITC in BRD4 BD1/2,10.1038/nchembio.2329,,,Protac-invent/protacDB/protac.csv,measured,domain order inferred from source BD1/BD2 pair convention
protac:335,MZ1,CC1=C(C2=CC=C(CNC(=O)[C@@H]3C[C@@H](O)CN3C(=O)[C@@H](NC(=O)COCCOCCOCCNC(=O)C[C@@H]3N=C(C4=CC=C(Cl)C=C4)C4=C(SC(C)=C4C)N4C(C)=NN=C34)C(C)(C)C)C=C2)SC=N1,BRD4,protac,Kd,26.0,26,=,7.585026652029182,BD2,explicit,ITC in BRD4 BD2,10.1021/acs.jmedchem.6b01912,,,Protac-invent/protacDB/protac.csv,measured,
protac:336,MZ2,CC1=C(C2=CC=C(CNC(=O)[C@@H]3C[C@@H](O)CN3C(=O)[C@@H](NC(=O)COCCOCCOCCOCCNC(=O)C[C@@H]3N=C(C4=CC=C(Cl)C=C4)C4=C(SC(C)=C4C)N4C(C)=NN=C34)C(C)(C)C)C=C2)SC=N1,BRD4,protac,Kd,27.0,27,=,7.568636235841012,BD2,explicit,ITC in BRD4 BD2,10.1021/acs.jmedchem.6b01912; 10.1021/acschembio.5b00216,,,Protac-invent/protacDB/protac.csv,measured,
protac:1654,MZ4,CC1=C(C2=CC=C(CNC(=O)[C@@H]3C[C@@H](O)CN3C(=O)[C@@H](NC(=O)COCCOCCNC(=O)C[C@@H]3N=C(C4=CC=C(Cl)C=C4)C4=C(SC(C)=C4C)N4C(C)=NN=C34)C(C)(C)C)C=C2)SC=N1,BRD4,protac,Kd,17.0,17,=,7.769551078621726,BD2,explicit,ITC in BRD4 BD2,10.1021/acs.jmedchem.6b01912,,,Protac-invent/protacDB/protac.csv,measured,
protac:1652,MZP-54,CC(=O)N1C2=CC=C(C3=CC=C(C(=O)NCCOCCOCCOCC(=O)N[C@H](C(=O)N4C[C@H](O)C[C@H]4C(=O)NCC4=CC=C(C5=C(C)N=CS5)C=C4)C(C)(C)C)C=C3)C=C2[C@H](NC2=CC=C(Cl)C=C2)C[C@@H]1C,BRD4,protac,Kd,4.0,4,=,8.397940008672037,BD2,explicit,Kd of BRD4 BD2 was tested by ITC,10.1021/acs.jmedchem.6b01912,,,Protac-invent/protacDB/protac.csv,measured,
protac:1653,MZP-55,CC(=O)N1C2=CC=C(C3=CC=C(C(=O)NCCOCCOCCOCCOCC(=O)N[C@H](C(=O)N4C[C@H](O)C[C@H]4C(=O)NCC4=CC=C(C5=C(C)N=CS5)C=C4)C(C)(C)C)C=C3)C=C2[C@H](NC2=CC=C(Cl)C=C2)C[C@@H]1C,BRD4,protac,Kd,39.0,39/8,=,7.4089353929735005,BD1,inferred_pair_order,Kd of BRD4 BD1/2 was tested by ITC,10.1021/acs.jmedchem.6b01912,,,Protac-invent/protacDB/protac.csv,measured,domain order inferred from source BD1/BD2 pair convention
protac:1653,MZP-55,CC(=O)N1C2=CC=C(C3=CC=C(C(=O)NCCOCCOCCOCCOCC(=O)N[C@H](C(=O)N4C[C@H](O)C[C@H]4C(=O)NCC4=CC=C(C5=C(C)N=CS5)C=C4)C(C)(C)C)C=C3)C=C2[C@H](NC2=CC=C(Cl)C=C2)C[C@@H]1C,BRD4,protac,Kd,8.0,39/8,=,8.096910013008056,BD2,inferred_pair_order,Kd of BRD4 BD1/2 was tested by ITC,10.1021/acs.jmedchem.6b01912,,,Protac-invent/protacDB/protac.csv,measured,domain order inferred from source BD1/BD2 pair convention
protac:1651,MZP-61,CC(=O)N1C2=CC=C(C3=CC=C(C(=O)NCCOCCOCC(=O)N[C@H](C(=O)N4C[C@H](O)C[C@H]4C(=O)NCC4=CC=C(C5=C(C)N=CS5)C=C4)C(C)(C)C)C=C3)C=C2[C@H](NC2=CC=C(Cl)C=C2)C[C@@H]1C,BRD4,protac,Kd,3.0,3,=,8.522878745280337,BD2,explicit,Kd of BRD4 BD2 was tested by ITC,10.1021/acs.jmedchem.6b01912,,,Protac-invent/protacDB/protac.csv,measured,
warhead:49,OTX015,CC1=C(C)C2=C(S1)N1C(C)=NN=C1[C@H](CC(=O)NC1=CC=C(O)C=C1)N=C2C1=CC=C(Cl)C=C1,BRD4,warhead,Ki,10.9,10.9/6,=,7.962573502059376,BD1,inferred_pair_order,FP in BRD4 BD1/2,10.1021/acs.jmedchem.5b00613,CHEMBL3581647,9936746.0,protacSpace/warhead.csv,measured,domain order inferred from source BD1/BD2 pair convention
warhead:49,OTX015,CC1=C(C)C2=C(S1)N1C(C)=NN=C1[C@H](CC(=O)NC1=CC=C(O)C=C1)N=C2C1=CC=C(Cl)C=C1,BRD4,warhead,Ki,6.0,10.9/6,=,8.221848749616356,BD2,inferred_pair_order,FP in BRD4 BD1/2,10.1021/acs.jmedchem.5b00613,CHEMBL3581647,9936746.0,protacSpace/warhead.csv,measured,domain order inferred from source BD1/BD2 pair convention
warhead:20,QCA276,CC1=NN=C2COCC3=C(SC(C#CC4=CN(C)N=C4)=C3CC3=CC=CC=C3)N12,BRD4,warhead,IC50,10.7,10.7/66.6,=,7.97061622231479,BD1,inferred_pair_order,Displacement of a FAM-labeled fluorescent probe based upon ZBA248 from BRD4 BD1/2 domain by fluorescence polarization based competitive binding affinity assay,10.1021/acs.jmedchem.8b00506,,130345579.0,protacSpace/warhead.csv,measured,domain order inferred from source BD1/BD2 pair convention
warhead:20,QCA276,CC1=NN=C2COCC3=C(SC(C#CC4=CN(C)N=C4)=C3CC3=CC=CC=C3)N12,BRD4,warhead,IC50,66.6,10.7/66.6,=,7.176525770829699,BD2,inferred_pair_order,Displacement of a FAM-labeled fluorescent probe based upon ZBA248 from BRD4 BD1/2 domain by fluorescence polarization based competitive binding affinity assay,10.1021/acs.jmedchem.8b00506,,130345579.0,protacSpace/warhead.csv,measured,domain order inferred from source BD1/BD2 pair convention
warhead:20,QCA276,CC1=NN=C2COCC3=C(SC(C#CC4=CN(C)N=C4)=C3CC3=CC=CC=C3)N12,BRD4,warhead,Ki,2.3,2.3/18.5,=,8.638272163982407,BD1,inferred_pair_order,FP in BRD4 BD1/2,10.1021/acs.jmedchem.8b00506,,130345579.0,protacSpace/warhead.csv,measured,domain order inferred from source BD1/BD2 pair convention
warhead:20,QCA276,CC1=NN=C2COCC3=C(SC(C#CC4=CN(C)N=C4)=C3CC3=CC=CC=C3)N12,BRD4,warhead,Ki,18.5,2.3/18.5,=,7.732828271596986,BD2,inferred_pair_order,FP in BRD4 BD1/2,10.1021/acs.jmedchem.8b00506,,130345579.0,protacSpace/warhead.csv,measured,domain order inferred from source BD1/BD2 pair convention
protac:2898,SJ995973,CC1=C(C)C2=C(S1)N1C(C)=NN=C1[C@H](CC(=O)NCCCCCNC(=O)COC1=CC=C(C3CCC(=O)NC3=O)C=C1)N=C2C1=CC=C(Cl)C=C1,BRD4,protac,IC50,3531.0,3531,=,5.452102282436902,BD2,explicit,IC50 of BRD4 BD2 was assessed by TR-FRET,10.1002/anie.202108848,,,Protac-invent/protacDB/protac.csv,measured,
warhead:309,WNY0824,CC[C@@H]1C2=NN=C(C)N2C2=CN=C(NC3=CC=C(C(=O)NC4CCN(C)CC4)C=C3OC)N=C2N1CC1CCCCC1,BRD4,warhead,IC50,22.0,22,=,7.657577319177793,unspecified,unspecified,IC50 was assessed by alpha-screen assay,10.1016/j.ejmech.2020.112152,CHEMBL4747491,156775102.0,protacSpace/warhead.csv,measured,
protac:2684,WWL0202,CC[C@@H]1C2=NN=C(C)N2C2=CN=C(NC3=CC=C(C(=O)NC4CCN(CCCCCCCOC5=CC=CC6=C5C(=O)N(C5CCC(=O)NC5=O)C6=O)CC4)C=C3OC)N=C2N1CC1CCCCC1,BRD4,protac,IC50,209.0,209,=,6.679853713888946,unspecified,unspecified,IC50 was assessed by a radiometric ATP-competitive kinase assay,10.1016/j.ejmech.2021.113922,,,Protac-invent/protacDB/protac.csv,measured,
protac:2690,WWL0245,CC[C@@H]1C2=NN=C(C)N2C2=CN=C(NC3=CC=C(C(=O)NC4CCN(C(=O)COC5=CC=CC6=C5C(=O)N(C5CCC(=O)NC5=O)C6=O)CC4)C=C3OC)N=C2N1CC1CCCCC1,BRD4,protac,IC50,254.0,254,=,6.5951662833800615,unspecified,unspecified,IC50 was assessed by a radiometric ATP-competitive kinase assay,10.1016/j.ejmech.2021.113922,,,Protac-invent/protacDB/protac.csv,measured,
protac:330,dBET1,CC1=C(C)C2=C(S1)N1C(C)=NN=C1[C@H](CC(=O)NCCCCNC(=O)COC1=CC=CC3=C1C(=O)N(C1CCC(=O)NC1=O)C3=O)N=C2C1=CC=C(Cl)C=C1,BRD4,protac,Kd,7.0,7/6,=,8.154901959985743,BD1,inferred_pair_order,Kd of BRD4 BD1/2,10.1126/science.aab1433,,,Protac-invent/protacDB/protac.csv,measured,domain order inferred from source BD1/BD2 pair convention
protac:330,dBET1,CC1=C(C)C2=C(S1)N1C(C)=NN=C1[C@H](CC(=O)NCCCCNC(=O)COC1=CC=CC3=C1C(=O)N(C1CCC(=O)NC1=O)C3=O)N=C2C1=CC=C(Cl)C=C1,BRD4,protac,Kd,6.0,7/6,=,8.221848749616356,BD2,inferred_pair_order,Kd of BRD4 BD1/2,10.1126/science.aab1433,,,Protac-invent/protacDB/protac.csv,measured,domain order inferred from source BD1/BD2 pair convention
protac:339,dBET6,CC1=C(C)C2=C(S1)N1C(C)=NN=C1[C@H](CC(=O)NCCCCCCCCNC(=O)COC1=CC=CC3=C1C(=O)N(C1CCC(=O)NC1=O)C3=O)N=C2C1=CC=C(Cl)C=C1,BRD4,protac,Kd,46.0,46,=,7.337242168318426,BD1,explicit,Kd of BRD4 BD1 was assessed by FP,10.1021/acschembio.1c00376,,,Protac-invent/protacDB/protac.csv,measured,
protac:1535,macroPROTAC-1,CC1=C(C2=CC=C3CNC(=O)[C@@H]4C[C@@H](O)CN4C(=O)[C@H](C(C)(C)C)NC(=O)COCCOCCOC[C@H](NC(=O)C[C@@H]4N=C(C5=CC=C(Cl)C=C5)C5=C(SC(C)=C5C)N5C(C)=NN=C45)COCCOCCOC3=C2)SC=N1,BRD4,protac,Kd,180.0,180,=,6.7447274948966935,BD2,explicit,Kd of BRD4 BD2 was tested by ITC,10.1002/anie.201914396,,,Protac-invent/protacDB/protac.csv,measured,
warhead:17,,CNC(=O)C1=NC=C2C(=N1)[NH]C1=CC(C3=C(C)ON=C3C)=C(OC)C=C12,BRD4,warhead,IC50,484.0,484/630,=,6.315154638355588,BD1,inferred_pair_order,Displacement of a FAM-labeled fluorescent probe based upon ZBA248 from BRD4 BD1/2 domain by fluorescence polarization based competitive binding affinity assay,10.1021/acs.jmedchem.6b01816,CHEMBL4228904,145988169.0,protacSpace/warhead.csv,measured,domain order inferred from source BD1/BD2 pair convention
warhead:17,,CNC(=O)C1=NC=C2C(=N1)[NH]C1=CC(C3=C(C)ON=C3C)=C(OC)C=C12,BRD4,warhead,IC50,630.0,484/630,=,6.200659450546418,BD2,inferred_pair_order,Displacement of a FAM-labeled fluorescent probe based upon ZBA248 from BRD4 BD1/2 domain by fluorescence polarization based competitive binding affinity assay,10.1021/acs.jmedchem.6b01816,CHEMBL4228904,145988169.0,protacSpace/warhead.csv,measured,domain order inferred from source BD1/BD2 pair convention
warhead:90,,COC1=CC=CC=C1S(=O)(=O)NC1=CC=C2C3=C(C=CC=C13)C(=O)N2C,BRD4,warhead,IC50,49.5,49.5/2479,=,7.305394801066432,BD1,inferred_pair_order,IC50 of BRD4 BD1/2 was tested using AlphaScreen assay,10.1016/j.bmc.2019.115181,,145829182.0,protacSpace/warhead.csv,measured,domain order inferred from source BD1/BD2 pair convention
warhead:90,,COC1=CC=CC=C1S(=O)(=O)NC1=CC=C2C3=C(C=CC=C13)C(=O)N2C,BRD4,warhead,IC50,2479.0,49.5/2479,=,5.605723473232178,BD2,inferred_pair_order,IC50 of BRD4 BD1/2 was tested using AlphaScreen assay,10.1016/j.bmc.2019.115181,,145829182.0,protacSpace/warhead.csv,measured,domain order inferred from source BD1/BD2 pair convention
warhead:93,,CC1=NOC(C)=C1C1=CC=C2C(=C1)C(C1=CC=CC=C1)NC(=O)N2C,BRD4,warhead,IC50,46.4,46.4,=,7.333482019445119,BD1,explicit,IC50 of BRD4 BD1 was assessed by the AlphaScreen assay,10.1016/j.bmc.2019.115228,,141488030.0,protacSpace/warhead.csv,measured,
warhead:243,,CNC(=O)C1=CC2=C(C=C1CS(C)(=O)=O)C1=CN(C)C(=O)C3=C1C(=C[NH]3)CN2C1=NC=C(F)C=C1F,BRD4,warhead,IC50,1.7,1.7/1.7,=,8.769551078621726,BD1,inferred_pair_order,IC50 of BRD4 BD1/BD2 was tested by TR-FRET,10.1021/acs.jmedchem.0c01846,,,protacSpace/warhead.csv,measured,domain order inferred from source BD1/BD2 pair convention
warhead:243,,CNC(=O)C1=CC2=C(C=C1CS(C)(=O)=O)C1=CN(C)C(=O)C3=C1C(=C[NH]3)CN2C1=NC=C(F)C=C1F,BRD4,warhead,IC50,1.7,1.7/1.7,=,8.769551078621726,BD2,inferred_pair_order,IC50 of BRD4 BD1/BD2 was tested by TR-FRET,10.1021/acs.jmedchem.0c01846,,,protacSpace/warhead.csv,measured,domain order inferred from source BD1/BD2 pair convention
protac:779,,CC1=NOC(C)=C1C1=CC=C2C(=C1)C(C1=CC=CC=C1)N(CC(=O)NCCC(=O)NC1=CC=CC3=C1CN(C1CCC(=O)NC1=O)C3=O)C(=O)N2C,BRD4,protac,IC50,132.2,132.2,=,6.878768544850379,BD1,explicit,Inhibition of BRD4 BD1,10.1016/j.bmc.2019.115228,,,Protac-invent/protacDB/protac.csv,measured,
protac:780,,CC1=NOC(C)=C1C1=CC=C2C(=C1)C(C1=CC=CC=C1)N(CC(=O)NCCCC(=O)NC1=CC=CC3=C1CN(C1CCC(=O)NC1=O)C3=O)C(=O)N2C,BRD4,protac,IC50,138.4,138.4,=,6.858863909879261,BD1,explicit,Inhibition of BRD4 BD1,10.1016/j.bmc.2019.115228,,,Protac-invent/protacDB/protac.csv,measured,
protac:781,,CC1=NOC(C)=C1C1=CC=C2C(=C1)C(C1=CC=CC=C1)N(CC(=O)NCCCCC(=O)NC1=CC=CC3=C1CN(C1CCC(=O)NC1=O)C3=O)C(=O)N2C,BRD4,protac,IC50,133.6,133.6,=,6.874193541860473,BD1,explicit,Inhibition of BRD4 BD1,10.1016/j.bmc.2019.115228,,,Protac-invent/protacDB/protac.csv,measured,
protac:782,,CC1=NOC(C)=C1C1=CC=C2C(=C1)C(C1=CC=CC=C1)N(CC(=O)NCCCCCC(=O)NC1=CC=CC3=C1CN(C1CCC(=O)NC1=O)C3=O)C(=O)N2C,BRD4,protac,IC50,99.1,99.1,=,7.003926345514724,BD1,explicit,Inhibition of BRD4 BD1,10.1016/j.bmc.2019.115228,,,Protac-invent/protacDB/protac.csv,measured,
protac:783,,CC1=NOC(C)=C1C1=CC=C2C(=C1)C(C1=CC=CC=C1)N(CC(=O)NCCCCCCC(=O)NC1=CC=CC3=C1CN(C1CCC(=O)NC1=O)C3=O)C(=O)N2C,BRD4,protac,IC50,80.6,80.6,=,7.09366495819491,BD1,explicit,Inhibition of BRD4 BD1,10.1016/j.bmc.2019.115228,,,Protac-invent/protacDB/protac.csv,measured,
protac:784,,CC1=NOC(C)=C1C1=CC=C2C(=C1)C(C1=CC=CC=C1)N(CC(=O)NCCCCCCCC(=O)NC1=CC=CC3=C1CN(C1CCC(=O)NC1=O)C3=O)C(=O)N2C,BRD4,protac,IC50,68.3,68.3,=,7.165579296318468,BD1,explicit,Inhibition of BRD4 BD1,10.1016/j.bmc.2019.115228,,,Protac-invent/protacDB/protac.csv,measured,
protac:785,,CC1=NOC(C)=C1C1=CC=C2C(=C1)C(C1=CC=CC=C1)N(CCCCC(=O)NC1=CC=CC3=C1CN(C1CCC(=O)NC1=O)C3=O)C(=O)N2C,BRD4,protac,IC50,143.7,143.7,=,6.842543231865774,BD1,explicit,Inhibition of BRD4 BD1,10.1016/j.bmc.2019.115228,,,Protac-invent/protacDB/protac.csv,measured,
protac:786,,CC1=NOC(C)=C1C1=CC=C2C(=C1)C(C1=CC=CC=C1)N(CCCCCC(=O)NC1=CC=CC3=C1CN(C1CCC(=O)NC1=O)C3=O)C(=O)N2C,BRD4,protac,IC50,135.1,135.1,=,6.86934465097797,BD1,explicit,Inhibition of BRD4 BD1,10.1016/j.bmc.2019.115228,,,Protac-invent/protacDB/protac.csv,measured,
protac:787,,CC1=NOC(C)=C1C1=CC=C2C(=C1)C(C1=CC=CC=C1)N(CCCCCCC(=O)NC1=CC=CC3=C1CN(C1CCC(=O)NC1=O)C3=O)C(=O)N2C,BRD4,protac,IC50,118.2,118.2,=,6.927382523454764,BD1,explicit,Inhibition of BRD4 BD1,10.1016/j.bmc.2019.115228,,,Protac-invent/protacDB/protac.csv,measured,
protac:788,,CC1=NOC(C)=C1C1=CC=C2C(=C1)C(C1=CC=CC=C1)N(CC1=CN(CCOCC(=O)NC3=CC=CC4=C3CN(C3CCC(=O)NC3=O)C4=O)N=N1)C(=O)N2C,BRD4,protac,IC50,14.2,14.2,=,7.847711655616943,BD1,explicit,Inhibition of BRD4 BD1,10.1016/j.bmc.2019.115228,,,Protac-invent/protacDB/protac.csv,measured,
protac:789,,CC1=NOC(C)=C1C1=CC=C2C(=C1)C(C1=CC=CC=C1)N(CC1=CN(CCOCCOCC(=O)NC3=CC=CC4=C3CN(C3CCC(=O)NC3=O)C4=O)N=N1)C(=O)N2C,BRD4,protac,IC50,15.4,15.4,=,7.8124792791635365,BD1,explicit,Inhibition of BRD4 BD1,10.1016/j.bmc.2019.115228,,,Protac-invent/protacDB/protac.csv,measured,
protac:790,,CC1=NOC(C)=C1C1=CC=C2C(=C1)C(C1=CC=CC=C1)N(CC1=CN(CCOCCOCCOCC(=O)NC3=CC=CC4=C3CN(C3CCC(=O)NC3=O)C4=O)N=N1)C(=O)N2C,BRD4,protac,IC50,22.1,22.1,=,7.655607726314889,BD1,explicit,Inhibition of BRD4 BD1,10.1016/j.bmc.2019.115228,,,Protac-invent/protacDB/protac.csv,measured,
protac:791,,CC1=NOC(C)=C1C1=CC=C2C(=C1)C(C1=CC=CC=C1)N(CC1=CN(CCOCCOCCOCCOCC(=O)NC3=CC=CC4=C3CN(C3CCC(=O)NC3=O)C4=O)N=N1)C(=O)N2C,BRD4,protac,IC50,22.6,22.6,=,7.645891560852599,BD1,explicit,Inhibition of BRD4 BD1,10.1016/j.bmc.2019.115228,,,Protac-invent/protacDB/protac.csv,measured,
protac:792,,CC1=NOC(C)=C1C1=CC=C2C(=C1)C(C1=CC=CC=C1)N(CC1=CN(CCOCC(=O)NC3=CC=CC4=C3C(=O)N(C3CCC(=O)NC3=O)C4=O)N=N1)C(=O)N2C,BRD4,protac,IC50,41.8,41.8,=,7.3788237182249645,BD1,explicit,Inhibition of BRD4 BD1,10.1016/j.bmc.2019.115228,,,Protac-invent/protacDB/protac.csv,measured,
protac:793,,CC1=NOC(C)=C1C1=CC=C2C(=C1)C(C1=CC=CC=C1)N(CC1=CN(CCOCCOCC(=O)NC3=CC=CC4=C3C(=O)N(C3CCC(=O)NC3=O)C4=O)N=N1)C(=O)N2C,BRD4,protac,IC50,67.7,67.7,=,7.169411331314856,BD1,explicit,Inhibition of BRD4 BD1,10.1016/j.bmc.2019.115228,,,Protac-invent/protacDB/protac.csv,measured,
protac:794,,CC1=NOC(C)=C1C1=CC=C2C(=C1)C(C1=CC=CC=C1)N(CC1=CN(CCOCCOCCOCC(=O)NC3=CC=CC4=C3C(=O)N(C3CCC(=O)NC3=O)C4=O)N=N1)C(=O)N2C,BRD4,protac,IC50,68.5,68.5,=,7.164309428507575,BD1,explicit,Inhibition of BRD4 BD1,10.1016/j.bmc.2019.115228,,,Protac-invent/protacDB/protac.csv,measured,
protac:795,,CC1=NOC(C)=C1C1=CC=C2C(=C1)C(C1=CC=CC=C1)N(CC1=CN(CCOCCOCCOCCOCC(=O)NC3=CC=CC4=C3C(=O)N(C3CCC(=O)NC3=O)C4=O)N=N1)C(=O)N2C,BRD4,protac,IC50,173.4,173.4,=,6.760950906859808,BD1,explicit,Inhibition of BRD4 BD1,10.1016/j.bmc.2019.115228,,,Protac-invent/protacDB/protac.csv,measured,
protac:1196,,COC1=CC(C2=CN(C)C(=O)C3=C2SC(C(=N)NC2CCS(=O)(=O)CC2)=C3)=CC=C1OCC(=O)NCCCCCCCCNC1=CC=CC2=C1CN(C1CCC(=O)NC1=O)C2=O,BRD4,protac,IC50,1710.0,1710,=,5.767003889607846,unspecified,unspecified,IC50 was tested using the AlphaScreen assay,10.1002/anie.201611281,,,Protac-invent/protacDB/protac.csv,measured,
protac:1214,,CCS(=O)(=O)NC1=CC=C(OC2=CC=C(F)C=C2F)C(C2=CN(C)C(=O)C3=C2C=C(C(=O)NCC2=CN(CCOCC(=O)NC4=CC=CC5=C4CN(C4CCC(=O)NC4=O)C5=O)N=N2)[NH]3)=C1,BRD4,protac,IC50,2.7,2.7,=,8.568636235841012,BD1,explicit,IC50 of BRD4 BD1,10.1016/j.bioorg.2020.103817,,,Protac-invent/protacDB/protac.csv,measured,
protac:1215,,CCS(=O)(=O)NC1=CC=C(OC2=CC=C(F)C=C2F)C(C2=CN(C)C(=O)C3=C2C=C(C(=O)NCC2=CN(CCOCCOCC(=O)NC4=CC=CC5=C4CN(C4CCC(=O)NC4=O)C5=O)N=N2)[NH]3)=C1,BRD4,protac,IC50,3.4,3.4,=,8.468521082957745,BD1,explicit,IC50 of BRD4 BD1,10.1016/j.bioorg.2020.103817,,,Protac-invent/protacDB/protac.csv,measured,
protac:1216,,CCS(=O)(=O)NC1=CC=C(OC2=CC=C(F)C=C2F)C(C2=CN(C)C(=O)C3=C2C=C(C(=O)NCC2=CN(CCOCCOCCOCC(=O)NC4=CC=CC5=C4CN(C4CCC(=O)NC4=O)C5=O)N=N2)[NH]3)=C1,BRD4,protac,IC50,3.7,3.7,=,8.431798275933005,BD1,explicit,IC50 of BRD4 BD1,10.1016/j.bioorg.2020.103817,,,Protac-invent/protacDB/protac.csv,measured,
protac:1217,,CCS(=O)(=O)NC1=CC=C(OC2=CC=C(F)C=C2F)C(C2=CN(C)C(=O)C3=C2C=C(C(=O)NCC2=CN(CCOCCOCCOCCOCC(=O)NC4=CC=CC5=C4CN(C4CCC(=O)NC4=O)C5=O)N=N2)[NH]3)=C1,BRD4,protac,IC50,12.0,12,=,7.920818753952375,BD1,explicit,IC50 of BRD4 BD1,10.1016/j.bioorg.2020.103817,,,Protac-invent/protacDB/protac.csv,measured,
protac:1783,,CC1=C(C2=CC=C(CNC(=O)[C@@H]3C[C@@H](O)CN3C(=O)[C@@H](NC(=O)COCCOCCOCCNC(=O)C3=CC4=C(C=C3CS(C)(=O)=O)C3=CN(C)C(=O)C5=C3C(=C[NH]5)CN4C3=NC=C(F)C=C3F)C(C)(C)C)C=C2)SC=N1,BRD4,protac,IC50,1.1,1.1/1.4,=,8.958607314841775,BD1,inferred_pair_order,IC50 of BRD4 BD1/BD2 was tested by TR-FRET,10.1021/acs.jmedchem.0c01846,,,Protac-invent/protacDB/protac.csv,measured,domain order inferred from source BD1/BD2 pair convention
protac:1783,,CC1=C(C2=CC=C(CNC(=O)[C@@H]3C[C@@H](O)CN3C(=O)[C@@H](NC(=O)COCCOCCOCCNC(=O)C3=CC4=C(C=C3CS(C)(=O)=O)C3=CN(C)C(=O)C5=C3C(=C[NH]5)CN4C3=NC=C(F)C=C3F)C(C)(C)C)C=C2)SC=N1,BRD4,protac,IC50,1.4,1.1/1.4,=,8.853871964321762,BD2,inferred_pair_order,IC50 of BRD4 BD1/BD2 was tested by TR-FRET,10.1021/acs.jmedchem.0c01846,,,Protac-invent/protacDB/protac.csv,measured,domain order inferred from source BD1/BD2 pair convention
protac:1784,,CC1=C(C2=CC=C(CNC(=O)[C@@H]3C[C@@H](O)CN3C(=O)[C@@H](NC(=O)CCCCCCCCCCNC(=O)C3=CC4=C(C=C3CS(C)(=O)=O)C3=CN(C)C(=O)C5=C3C(=C[NH]5)CN4C3=NC=C(F)C=C3F)C(C)(C)C)C=C2)SC=N1,BRD4,protac,IC50,4.7,4.7/4.3,=,8.327902142064282,BD1,inferred_pair_order,IC50 of BRD4 BD1/BD2 was tested by TR-FRET,10.1021/acs.jmedchem.0c01846,,,Protac-invent/protacDB/protac.csv,measured,domain order inferred from source BD1/BD2 pair convention
protac:1784,,CC1=C(C2=CC=C(CNC(=O)[C@@H]3C[C@@H](O)CN3C(=O)[C@@H](NC(=O)CCCCCCCCCCNC(=O)C3=CC4=C(C=C3CS(C)(=O)=O)C3=CN(C)C(=O)C5=C3C(=C[NH]5)CN4C3=NC=C(F)C=C3F)C(C)(C)C)C=C2)SC=N1,BRD4,protac,IC50,4.3,4.7/4.3,=,8.366531544420413,BD2,inferred_pair_order,IC50 of BRD4 BD1/BD2 was tested by TR-FRET,10.1021/acs.jmedchem.0c01846,,,Protac-invent/protacDB/protac.csv,measured,domain order inferred from source BD1/BD2 pair convention
protac:1785,,CC1=C(C2=CC=C(CNC(=O)[C@@H]3C[C@@H](O)CN3C(=O)[C@@H](NC(=O)COCCOCCOCCNC(=O)C3=CC4=C(C=C3CS(C)(=O)=O)C3=CN(C)C(=O)C5=C3C(=C[NH]5)CN4C3=NC=C(F)C=C3F)C(C)(C)C)C(OC3CCNCC3)=C2)SC=N1,BRD4,protac,IC50,1.2,1.2/1.6,=,8.920818753952375,BD1,inferred_pair_order,IC50 of BRD4 BD1/BD2 was tested by TR-FRET,10.1021/acs.jmedchem.0c01846,,,Protac-invent/protacDB/protac.csv,measured,domain order inferred from source BD1/BD2 pair convention
protac:1785,,CC1=C(C2=CC=C(CNC(=O)[C@@H]3C[C@@H](O)CN3C(=O)[C@@H](NC(=O)COCCOCCOCCNC(=O)C3=CC4=C(C=C3CS(C)(=O)=O)C3=CN(C)C(=O)C5=C3C(=C[NH]5)CN4C3=NC=C(F)C=C3F)C(C)(C)C)C(OC3CCNCC3)=C2)SC=N1,BRD4,protac,IC50,1.6,1.2/1.6,=,8.795880017344075,BD2,inferred_pair_order,IC50 of BRD4 BD1/BD2 was tested by TR-FRET,10.1021/acs.jmedchem.0c01846,,,Protac-invent/protacDB/protac.csv,measured,domain order inferred from source BD1/BD2 pair convention
protac:1786,,CC1=C(C2=CC=C(CNC(=O)[C@@H]3C[C@@H](O)CN3C(=O)[C@@H](NC(=O)CCCCCCCCCCNC(=O)C3=CC4=C(C=C3CS(C)(=O)=O)C3=CN(C)C(=O)C5=C3C(=C[NH]5)CN4C3=NC=C(F)C=C3F)C(C)(C)C)C(OC3CCNCC3)=C2)SC=N1,BRD4,protac,IC50,2.0,2/2.7,=,8.698970004336019,BD1,inferred_pair_order,IC50 of BRD4 BD1/BD2 was tested by TR-FRET,10.1021/acs.jmedchem.0c01846,,,Protac-invent/protacDB/protac.csv,measured,domain order inferred from source BD1/BD2 pair convention
protac:1786,,CC1=C(C2=CC=C(CNC(=O)[C@@H]3C[C@@H](O)CN3C(=O)[C@@H](NC(=O)CCCCCCCCCCNC(=O)C3=CC4=C(C=C3CS(C)(=O)=O)C3=CN(C)C(=O)C5=C3C(=C[NH]5)CN4C3=NC=C(F)C=C3F)C(C)(C)C)C(OC3CCNCC3)=C2)SC=N1,BRD4,protac,IC50,2.7,2/2.7,=,8.568636235841012,BD2,inferred_pair_order,IC50 of BRD4 BD1/BD2 was tested by TR-FRET,10.1021/acs.jmedchem.0c01846,,,Protac-invent/protacDB/protac.csv,measured,domain order inferred from source BD1/BD2 pair convention
protac:1787,,CC1=C(C2=CC=C(CNC(=O)[C@@H]3C[C@@H](O)CN3C(=O)[C@@H](NC(=O)COCCC3=CC(N)=CC(OCCNC(=O)C4=CC5=C(C=C4CS(C)(=O)=O)C4=CN(C)C(=O)C6=C4C(=C[NH]6)CN5C4=NC=C(F)C=C4F)=C3)C(C)(C)C)C=C2)SC=N1,BRD4,protac,IC50,7.2,7.2/8.1,=,8.142667503568731,BD1,inferred_pair_order,IC50 of BRD4 BD1/BD2 was tested by TR-FRET,10.1021/acs.jmedchem.0c01846,,,Protac-invent/protacDB/protac.csv,measured,domain order inferred from source BD1/BD2 pair convention
protac:1787,,CC1=C(C2=CC=C(CNC(=O)[C@@H]3C[C@@H](O)CN3C(=O)[C@@H](NC(=O)COCCC3=CC(N)=CC(OCCNC(=O)C4=CC5=C(C=C4CS(C)(=O)=O)C4=CN(C)C(=O)C6=C4C(=C[NH]6)CN5C4=NC=C(F)C=C4F)=C3)C(C)(C)C)C=C2)SC=N1,BRD4,protac,IC50,8.1,7.2/8.1,=,8.09151498112135,BD2,inferred_pair_order,IC50 of BRD4 BD1/BD2 was tested by TR-FRET,10.1021/acs.jmedchem.0c01846,,,Protac-invent/protacDB/protac.csv,measured,domain order inferred from source BD1/BD2 pair convention
protac:1788,,CC1=C(C2=CC=C(CNC(=O)[C@@H]3C[C@@H](O)CN3C(=O)[C@@H](NC(=O)COCCC3=CC(O)=CC(OCCNC(=O)C4=CC5=C(C=C4CS(C)(=O)=O)C4=CN(C)C(=O)C6=C4C(=C[NH]6)CN5C4=NC=C(F)C=C4F)=C3)C(C)(C)C)C=C2)SC=N1,BRD4,protac,IC50,1.8,1.8/1.7,=,8.744727494896694,BD1,inferred_pair_order,IC50 of BRD4 BD1/BD2 was tested by TR-FRET,10.1021/acs.jmedchem.0c01846,,,Protac-invent/protacDB/protac.csv,measured,domain order inferred from source BD1/BD2 pair convention
protac:1788,,CC1=C(C2=CC=C(CNC(=O)[C@@H]3C[C@@H](O)CN3C(=O)[C@@H](NC(=O)COCCC3=CC(O)=CC(OCCNC(=O)C4=CC5=C(C=C4CS(C)(=O)=O)C4=CN(C)C(=O)C6=C4C(=C[NH]6)CN5C4=NC=C(F)C=C4F)=C3)C(C)(C)C)C=C2)SC=N1,BRD4,protac,IC50,1.7,1.8/1.7,=,8.769551078621726,BD2,inferred_pair_order,IC50 of BRD4 BD1/BD2 was tested by TR-FRET,10.1021/acs.jmedchem.0c01846,,,Protac-invent/protacDB/protac.csv,measured,domain order inferred from source BD1/BD2 pair convention
protac:1789,,CC1=C(C2=CC=C(CNC(=O)[C@@H]3C[C@@H](O)CN3C(=O)[C@@H](NC(=O)COCCOCCOCCNC(=O)C[C@@H]3N=C(C4=CC=C(N)C=C4)C4=C(SC(C)=C4C)N4C(C)=NN=C34)C(C)(C)C)C=C2)SC=N1,BRD4,protac,IC50,180.0,180/56,=,6.7447274948966935,BD1,inferred_pair_order,IC50 of BRD4 BD1/BD2 was tested by TR-FRET,10.1021/acs.jmedchem.0c01845,,,Protac-invent/protacDB/protac.csv,measured,domain order inferred from source BD1/BD2 pair convention
protac:1789,,CC1=C(C2=CC=C(CNC(=O)[C@@H]3C[C@@H](O)CN3C(=O)[C@@H](NC(=O)COCCOCCOCCNC(=O)C[C@@H]3N=C(C4=CC=C(N)C=C4)C4=C(SC(C)=C4C)N4C(C)=NN=C34)C(C)(C)C)C=C2)SC=N1,BRD4,protac,IC50,56.0,180/56,=,7.251811972993799,BD2,inferred_pair_order,IC50 of BRD4 BD1/BD2 was tested by TR-FRET,10.1021/acs.jmedchem.0c01845,,,Protac-invent/protacDB/protac.csv,measured,domain order inferred from source BD1/BD2 pair convention
protac:1790,,CC1=C(C2=CC=C(CNC(=O)[C@@H]3C[C@@H](O)CN3C(=O)[C@@H](NC(=O)COCCOCCOCCNC(=O)C[C@@H]3N=C(C4=CC=C(C#CCN)C=C4)C4=C(SC(C)=C4C)N4C(C)=NN=C34)C(C)(C)C)C=C2)SC=N1,BRD4,protac,IC50,60.0,60/22,=,7.221848749616356,BD1,inferred_pair_order,IC50 of BRD4 BD1/BD2 was tested by TR-FRET,10.1021/acs.jmedchem.0c01845,,,Protac-invent/protacDB/protac.csv,measured,domain order inferred from source BD1/BD2 pair convention
protac:1790,,CC1=C(C2=CC=C(CNC(=O)[C@@H]3C[C@@H](O)CN3C(=O)[C@@H](NC(=O)COCCOCCOCCNC(=O)C[C@@H]3N=C(C4=CC=C(C#CCN)C=C4)C4=C(SC(C)=C4C)N4C(C)=NN=C34)C(C)(C)C)C=C2)SC=N1,BRD4,protac,IC50,22.0,60/22,=,7.657577319177793,BD2,inferred_pair_order,IC50 of BRD4 BD1/BD2 was tested by TR-FRET,10.1021/acs.jmedchem.0c01845,,,Protac-invent/protacDB/protac.csv,measured,domain order inferred from source BD1/BD2 pair convention
protac:1791,,CNCCOC1=CC(C2=C(C)N=CS2)=CC=C1CNC(=O)[C@@H]1C[C@@H](O)CN1C(=O)[C@@H](NC(=O)COCCOCCOCCNC(=O)C[C@@H]1N=C(C2=CC=C(Cl)C=C2)C2=C(SC(C)=C2C)N2C(C)=NN=C12)C(C)(C)C,BRD4,protac,IC50,34.0,34/10,=,7.468521082957745,BD1,inferred_pair_order,IC50 of BRD4 BD1/BD2 was tested by TR-FRET,10.1021/acs.jmedchem.0c01845,,,Protac-invent/protacDB/protac.csv,measured,domain order inferred from source BD1/BD2 pair convention
protac:1791,,CNCCOC1=CC(C2=C(C)N=CS2)=CC=C1CNC(=O)[C@@H]1C[C@@H](O)CN1C(=O)[C@@H](NC(=O)COCCOCCOCCNC(=O)C[C@@H]1N=C(C2=CC=C(Cl)C=C2)C2=C(SC(C)=C2C)N2C(C)=NN=C12)C(C)(C)C,BRD4,protac,IC50,10.0,34/10,=,8.0,BD2,inferred_pair_order,IC50 of BRD4 BD1/BD2 was tested by TR-FRET,10.1021/acs.jmedchem.0c01845,,,Protac-invent/protacDB/protac.csv,measured,domain order inferred from source BD1/BD2 pair convention
protac:1792,,CC1=C(C2=CC=C(CNC(=O)[C@@H]3C[C@@H](O)CN3C(=O)[C@@H](NC(=O)COCCOCCOCCNC(=O)C[C@@H]3N=C(C4=CC=C(Cl)C=C4)C4=C(SC(C)=C4C)N4C(C)=NN=C34)C(C)(C)C)C(OC3CCNCC3)=C2)SC=N1,BRD4,protac,IC50,35.0,35/11,=,7.455931955649724,BD1,inferred_pair_order,IC50 of BRD4 BD1/BD2 was tested by TR-FRET,10.1021/acs.jmedchem.0c01845,,,Protac-invent/protacDB/protac.csv,measured,domain order inferred from source BD1/BD2 pair convention
protac:1792,,CC1=C(C2=CC=C(CNC(=O)[C@@H]3C[C@@H](O)CN3C(=O)[C@@H](NC(=O)COCCOCCOCCNC(=O)C[C@@H]3N=C(C4=CC=C(Cl)C=C4)C4=C(SC(C)=C4C)N4C(C)=NN=C34)C(C)(C)C)C(OC3CCNCC3)=C2)SC=N1,BRD4,protac,IC50,11.0,35/11,=,7.958607314841775,BD2,inferred_pair_order,IC50 of BRD4 BD1/BD2 was tested by TR-FRET,10.1021/acs.jmedchem.0c01845,,,Protac-invent/protacDB/protac.csv,measured,domain order inferred from source BD1/BD2 pair convention
protac:1793,,CC1=C(C2=CC=C(CNC(=O)[C@@H]3C[C@@H](O)CN3C(=O)[C@@H](NC(=O)COCCC3=CC(N)=CC(OCCNC(=O)C[C@@H]4N=C(C5=CC=C(Cl)C=C5)C5=C(SC(C)=C5C)N5C(C)=NN=C45)=C3)C(C)(C)C)C=C2)SC=N1,BRD4,protac,IC50,208.0,208/69,=,6.681936665037238,BD1,inferred_pair_order,IC50 of BRD4 BD1/BD2 was tested by TR-FRET,10.1021/acs.jmedchem.0c01845,,,Protac-invent/protacDB/protac.csv,measured,domain order inferred from source BD1/BD2 pair convention
protac:1793,,CC1=C(C2=CC=C(CNC(=O)[C@@H]3C[C@@H](O)CN3C(=O)[C@@H](NC(=O)COCCC3=CC(N)=CC(OCCNC(=O)C[C@@H]4N=C(C5=CC=C(Cl)C=C5)C5=C(SC(C)=C5C)N5C(C)=NN=C45)=C3)C(C)(C)C)C=C2)SC=N1,BRD4,protac,IC50,69.0,208/69,=,7.161150909262744,BD2,inferred_pair_order,IC50 of BRD4 BD1/BD2 was tested by TR-FRET,10.1021/acs.jmedchem.0c01845,,,Protac-invent/protacDB/protac.csv,measured,domain order inferred from source BD1/BD2 pair convention
protac:1794,,CC1=C(C2=CC=C(CNC(=O)[C@@H]3C[C@@H](O)CN3C(=O)[C@@H](NC(=O)COC[C@@H]3CNC[C@H](COCCNC(=O)C[C@@H]4N=C(C5=CC=C(Cl)C=C5)C5=C(SC(C)=C5C)N5C(C)=NN=C45)C3)C(C)(C)C)C=C2)SC=N1,BRD4,protac,IC50,12.0,12/6.4,=,7.920818753952375,BD1,inferred_pair_order,IC50 of BRD4 BD1/BD2 was tested by TR-FRET,10.1021/acs.jmedchem.0c01845,,,Protac-invent/protacDB/protac.csv,measured,domain order inferred from source BD1/BD2 pair convention
protac:1794,,CC1=C(C2=CC=C(CNC(=O)[C@@H]3C[C@@H](O)CN3C(=O)[C@@H](NC(=O)COC[C@@H]3CNC[C@H](COCCNC(=O)C[C@@H]4N=C(C5=CC=C(Cl)C=C5)C5=C(SC(C)=C5C)N5C(C)=NN=C45)C3)C(C)(C)C)C=C2)SC=N1,BRD4,protac,IC50,6.4,12/6.4,=,8.193820026016112,BD2,inferred_pair_order,IC50 of BRD4 BD1/BD2 was tested by TR-FRET,10.1021/acs.jmedchem.0c01845,,,Protac-invent/protacDB/protac.csv,measured,domain order inferred from source BD1/BD2 pair convention
protac:1795,,CC1=C(C2=CC=C(CNC(=O)[C@@H]3C[C@@H](O)CN3C(=O)[C@@H](NC(=O)CCC3=CC(N)=CC(CCOCCOCC#CC4=CC=C(C5=N[C@@H](CC6=NC=CS6)C6=NN=C(C)N6C6=C5C(C)=C(C)S6)C=C4)=C3)C(C)(C)C)C=C2)SC=N1,BRD4,protac,IC50,55.0,55/40,=,7.259637310505756,BD1,inferred_pair_order,IC50 of BRD4 BD1/BD2 was tested by TR-FRET,10.1021/acs.jmedchem.0c01845,,,Protac-invent/protacDB/protac.csv,measured,domain order inferred from source BD1/BD2 pair convention
protac:1795,,CC1=C(C2=CC=C(CNC(=O)[C@@H]3C[C@@H](O)CN3C(=O)[C@@H](NC(=O)CCC3=CC(N)=CC(CCOCCOCC#CC4=CC=C(C5=N[C@@H](CC6=NC=CS6)C6=NN=C(C)N6C6=C5C(C)=C(C)S6)C=C4)=C3)C(C)(C)C)C=C2)SC=N1,BRD4,protac,IC50,40.0,55/40,=,7.3979400086720375,BD2,inferred_pair_order,IC50 of BRD4 BD1/BD2 was tested by TR-FRET,10.1021/acs.jmedchem.0c01845,,,Protac-invent/protacDB/protac.csv,measured,domain order inferred from source BD1/BD2 pair convention
protac:1796,,CC1=C(C2=CC=C(CNC(=O)[C@@H]3C[C@@H](O)CN3C(=O)[C@@H](NC(=O)CCC3=CC(N)=CC(CCOCCOCC#CC4=CC=C(C5=N[C@@H](CC(=O)NCCS(=O)(=O)O)C6=NN=C(C)N6C6=C5C(C)=C(C)S6)C=C4)=C3)C(C)(C)C)C=C2)SC=N1,BRD4,protac,IC50,18.0,18/13,=,7.7447274948966935,BD1,inferred_pair_order,IC50 of BRD4 BD1/BD2 was tested by TR-FRET,10.1021/acs.jmedchem.0c01845,,,Protac-invent/protacDB/protac.csv,measured,domain order inferred from source BD1/BD2 pair convention
protac:1796,,CC1=C(C2=CC=C(CNC(=O)[C@@H]3C[C@@H](O)CN3C(=O)[C@@H](NC(=O)CCC3=CC(N)=CC(CCOCCOCC#CC4=CC=C(C5=N[C@@H](CC(=O)NCCS(=O)(=O)O)C6=NN=C(C)N6C6=C5C(C)=C(C)S6)C=C4)=C3)C(C)(C)C)C=C2)SC=N1,BRD4,protac,IC50,13.0,18/13,=,7.886056647693163,BD2,inferred_pair_order,IC50 of BRD4 BD1/BD2 was tested by TR-FRET,10.1021/acs.jmedchem.0c01845,,,Protac-invent/protacDB/protac.csv,measured,domain order inferred from source BD1/BD2 pair convention
protac:1797,,CC1=C(C2=CC=C(CNC(=O)[C@@H]3C[C@@H](O)CN3C(=O)[C@@H](NC(=O)COCC#CC#CCNC(=O)C[C@@H]3N=C(C4=CC=C(Cl)C=C4)C4=C(SC(C)=C4C)N4C(C)=NN=C34)C(C)(C)C)C=C2)SC=N1,BRD4,protac,IC50,62.0,62/24,=,7.207608310501746,BD1,inferred_pair_order,IC50 of BRD4 BD1/BD2 was tested by TR-FRET,10.1021/acs.jmedchem.0c01845,,,Protac-invent/protacDB/protac.csv,measured,domain order inferred from source BD1/BD2 pair convention
protac:1797,,CC1=C(C2=CC=C(CNC(=O)[C@@H]3C[C@@H](O)CN3C(=O)[C@@H](NC(=O)COCC#CC#CCNC(=O)C[C@@H]3N=C(C4=CC=C(Cl)C=C4)C4=C(SC(C)=C4C)N4C(C)=NN=C34)C(C)(C)C)C=C2)SC=N1,BRD4,protac,IC50,24.0,62/24,=,7.619788758288394,BD2,inferred_pair_order,IC50 of BRD4 BD1/BD2 was tested by TR-FRET,10.1021/acs.jmedchem.0c01845,,,Protac-invent/protacDB/protac.csv,measured,domain order inferred from source BD1/BD2 pair convention
protac:2643,,CN1C=C(C2=CC=CC=C2OC2=CC=CC=C2)C2=C([NH]C(C(=O)NCCCCNC3=CC=CC4=C3C(=O)N(C3CCC(=O)NC3=O)C4=O)=C2)C1=O,BRD4,protac,IC50,471.8,471.8/84.94,=,6.326242063450423,BD1,inferred_pair_order,IC50 of BRD4 BD1/2 was assessed by HTRF,10.1016/j.ejmech.2022.114259,,,Protac-invent/protacDB/protac.csv,measured,domain order inferred from source BD1/BD2 pair convention
protac:2643,,CN1C=C(C2=CC=CC=C2OC2=CC=CC=C2)C2=C([NH]C(C(=O)NCCCCNC3=CC=CC4=C3C(=O)N(C3CCC(=O)NC3=O)C4=O)=C2)C1=O,BRD4,protac,IC50,84.94,471.8/84.94,=,7.07088774334534,BD2,inferred_pair_order,IC50 of BRD4 BD1/2 was assessed by HTRF,10.1016/j.ejmech.2022.114259,,,Protac-invent/protacDB/protac.csv,measured,domain order inferred from source BD1/BD2 pair convention
protac:2644,,CN1C=C(C2=CC=CC=C2OC2=CC=CC=C2)C2=C([NH]C(C(=O)NCCCCCCNC3=CC=CC4=C3C(=O)N(C3CCC(=O)NC3=O)C4=O)=C2)C1=O,BRD4,protac,IC50,440.7,440.7/39.37,=,6.3558569494900805,BD1,inferred_pair_order,IC50 of BRD4 BD1/2 was assessed by HTRF,10.1016/j.ejmech.2022.114259,,,Protac-invent/protacDB/protac.csv,measured,domain order inferred from source BD1/BD2 pair convention
protac:2644,,CN1C=C(C2=CC=CC=C2OC2=CC=CC=C2)C2=C([NH]C(C(=O)NCCCCCCNC3=CC=CC4=C3C(=O)N(C3CCC(=O)NC3=O)C4=O)=C2)C1=O,BRD4,protac,IC50,39.37,440.7/39.37,=,7.404834585209771,BD2,inferred_pair_order,IC50 of BRD4 BD1/2 was assessed by HTRF,10.1016/j.ejmech.2022.114259,,,Protac-invent/protacDB/protac.csv,measured,domain order inferred from source BD1/BD2 pair convention
protac:2645,,CN1C=C(C2=CC=CC=C2OC2=CC=CC=C2)C2=C([NH]C(C(=O)NCCCCC(=O)NCCCCNC3=CC=CC4=C3C(=O)N(C3CCC(=O)NC3=O)C4=O)=C2)C1=O,BRD4,protac,IC50,185.35,185.35/24.33,=,6.732007409634417,BD1,inferred_pair_order,IC50 of BRD4 BD1/2 was assessed by HTRF,10.1016/j.ejmech.2022.114259,,,Protac-invent/protacDB/protac.csv,measured,domain order inferred from source BD1/BD2 pair convention
protac:2645,,CN1C=C(C2=CC=CC=C2OC2=CC=CC=C2)C2=C([NH]C(C(=O)NCCCCC(=O)NCCCCNC3=CC=CC4=C3C(=O)N(C3CCC(=O)NC3=O)C4=O)=C2)C1=O,BRD4,protac,IC50,24.33,185.35/24.33,=,7.613857891069181,BD2,inferred_pair_order,IC50 of BRD4 BD1/2 was assessed by HTRF,10.1016/j.ejmech.2022.114259,,,Protac-invent/protacDB/protac.csv,measured,domain order inferred from source BD1/BD2 pair convention
protac:2646,,CN1C=C(C2=CC=CC=C2OC2=CC=CC=C2)C2=C([NH]C(C(=O)NCCCCCC(=O)NCCCCNC3=CC=CC4=C3C(=O)N(C3CCC(=O)NC3=O)C4=O)=C2)C1=O,BRD4,protac,IC50,277.55,277.55/38.84,=,6.55665876833212,BD1,inferred_pair_order,IC50 of BRD4 BD1/2 was assessed by HTRF,10.1016/j.ejmech.2022.114259,,,Protac-invent/protacDB/protac.csv,measured,domain order inferred from source BD1/BD2 pair convention
protac:2646,,CN1C=C(C2=CC=CC=C2OC2=CC=CC=C2)C2=C([NH]C(C(=O)NCCCCCC(=O)NCCCCNC3=CC=CC4=C3C(=O)N(C3CCC(=O)NC3=O)C4=O)=C2)C1=O,BRD4,protac,IC50,38.84,277.55/38.84,=,7.410720778764032,BD2,inferred_pair_order,IC50 of BRD4 BD1/2 was assessed by HTRF,10.1016/j.ejmech.2022.114259,,,Protac-invent/protacDB/protac.csv,measured,domain order inferred from source BD1/BD2 pair convention
protac:2647,,CN1C=C(C2=CC=CC=C2OC2=CC=CC=C2)C2=C([NH]C(C(=O)NCCCCCCC(=O)NCCCCNC3=CC=CC4=C3C(=O)N(C3CCC(=O)NC3=O)C4=O)=C2)C1=O,BRD4,protac,IC50,331.9,331.9/35.72,=,6.478992747591397,BD1,inferred_pair_order,IC50 of BRD4 BD1/2 was assessed by HTRF,10.1016/j.ejmech.2022.114259,,,Protac-invent/protacDB/protac.csv,measured,domain order inferred from source BD1/BD2 pair convention
protac:2647,,CN1C=C(C2=CC=CC=C2OC2=CC=CC=C2)C2=C([NH]C(C(=O)NCCCCCCC(=O)NCCCCNC3=CC=CC4=C3C(=O)N(C3CCC(=O)NC3=O)C4=O)=C2)C1=O,BRD4,protac,IC50,35.72,331.9/35.72,=,7.447088549783491,BD2,inferred_pair_order,IC50 of BRD4 BD1/2 was assessed by HTRF,10.1016/j.ejmech.2022.114259,,,Protac-invent/protacDB/protac.csv,measured,domain order inferred from source BD1/BD2 pair convention
protac:2648,,CN1C=C(C2=CC=CC=C2OC2=CC=CC=C2)C2=C([NH]C(C(=O)NCC3=CC=C(C(=O)NCCCCNC4=CC=CC5=C4C(=O)N(C4CCC(=O)NC4=O)C5=O)C=C3)=C2)C1=O,BRD4,protac,IC50,65.34,65.34/27.22,=,7.184820869860581,BD1,inferred_pair_order,IC50 of BRD4 BD1/2 was assessed by HTRF,10.1016/j.ejmech.2022.114259,,,Protac-invent/protacDB/protac.csv,measured,domain order inferred from source BD1/BD2 pair convention
protac:2648,,CN1C=C(C2=CC=CC=C2OC2=CC=CC=C2)C2=C([NH]C(C(=O)NCC3=CC=C(C(=O)NCCCCNC4=CC=CC5=C4C(=O)N(C4CCC(=O)NC4=O)C5=O)C=C3)=C2)C1=O,BRD4,protac,IC50,27.22,65.34/27.22,=,7.565111879132684,BD2,inferred_pair_order,IC50 of BRD4 BD1/2 was assessed by HTRF,10.1016/j.ejmech.2022.114259,,,Protac-invent/protacDB/protac.csv,measured,domain order inferred from source BD1/BD2 pair convention
protac:2649,,CN1C=C(C2=CC=CC=C2)C2=C([NH]C(C(=O)NCC3=CC=C(C(=O)NCCCCNC4=CC=CC5=C4C(=O)N(C4CCC(=O)NC4=O)C5=O)C=C3)=C2)C1=O,BRD4,protac,IC50,99.75,99.75/295.6,=,7.001087095641214,BD1,inferred_pair_order,IC50 of BRD4 BD1/2 was assessed by HTRF,10.1016/j.ejmech.2022.114259,,,Protac-invent/protacDB/protac.csv,measured,domain order inferred from source BD1/BD2 pair convention
protac:2649,,CN1C=C(C2=CC=CC=C2)C2=C([NH]C(C(=O)NCC3=CC=C(C(=O)NCCCCNC4=CC=CC5=C4C(=O)N(C4CCC(=O)NC4=O)C5=O)C=C3)=C2)C1=O,BRD4,protac,IC50,295.6,99.75/295.6,=,6.5292955702772115,BD2,inferred_pair_order,IC50 of BRD4 BD1/2 was assessed by HTRF,10.1016/j.ejmech.2022.114259,,,Protac-invent/protacDB/protac.csv,measured,domain order inferred from source BD1/BD2 pair convention
protac:2650,,CN1C=C(C2=CC=CC(C(C)(C)O)=C2)C2=C([NH]C(C(=O)NCC3=CC=C(C(=O)NCCCCNC4=CC=CC5=C4C(=O)N(C4CCC(=O)NC4=O)C5=O)C=C3)=C2)C1=O,BRD4,protac,IC50,45.41,45.41/72.98,=,7.342848498099033,BD1,inferred_pair_order,IC50 of BRD4 BD1/2 was assessed by HTRF,10.1016/j.ejmech.2022.114259,,,Protac-invent/protacDB/protac.csv,measured,domain order inferred from source BD1/BD2 pair convention
protac:2650,,CN1C=C(C2=CC=CC(C(C)(C)O)=C2)C2=C([NH]C(C(=O)NCC3=CC=C(C(=O)NCCCCNC4=CC=CC5=C4C(=O)N(C4CCC(=O)NC4=O)C5=O)C=C3)=C2)C1=O,BRD4,protac,IC50,72.98,45.41/72.98,=,7.13679614097137,BD2,inferred_pair_order,IC50 of BRD4 BD1/2 was assessed by HTRF,10.1016/j.ejmech.2022.114259,,,Protac-invent/protacDB/protac.csv,measured,domain order inferred from source BD1/BD2 pair convention
protac:2651,,CC(C)OC1=CC=CC=C1C1=CN(C)C(=O)C2=C1C=C(C(=O)NCC1=CC=C(C(=O)NCCCCNC3=CC=CC4=C3C(=O)N(C3CCC(=O)NC3=O)C4=O)C=C1)[NH]2,BRD4,protac,IC50,83.65,83.65/91.49,=,7.077534054701586,BD1,inferred_pair_order,IC50 of BRD4 BD1/2 was assessed by HTRF,10.1016/j.ejmech.2022.114259,,,Protac-invent/protacDB/protac.csv,measured,domain order inferred from source BD1/BD2 pair convention
protac:2651,,CC(C)OC1=CC=CC=C1C1=CN(C)C(=O)C2=C1C=C(C(=O)NCC1=CC=C(C(=O)NCCCCNC3=CC=CC4=C3C(=O)N(C3CCC(=O)NC3=O)C4=O)C=C1)[NH]2,BRD4,protac,IC50,91.49,83.65/91.49,=,7.038626372405199,BD2,inferred_pair_order,IC50 of BRD4 BD1/2 was assessed by HTRF,10.1016/j.ejmech.2022.114259,,,Protac-invent/protacDB/protac.csv,measured,domain order inferred from source BD1/BD2 pair convention
protac:2652,,CN1C=C(C2=CC=CC=C2OC2CC2)C2=C([NH]C(C(=O)NCC3=CC=C(C(=O)NCCCCNC4=CC=CC5=C4C(=O)N(C4CCC(=O)NC4=O)C5=O)C=C3)=C2)C1=O,BRD4,protac,IC50,54.31,54.31/96.4,=,7.265120197207373,BD1,inferred_pair_order,IC50 of BRD4 BD1/2 was assessed by HTRF,10.1016/j.ejmech.2022.114259,,,Protac-invent/protacDB/protac.csv,measured,domain order inferred from source BD1/BD2 pair convention
protac:2652,,CN1C=C(C2=CC=CC=C2OC2CC2)C2=C([NH]C(C(=O)NCC3=CC=C(C(=O)NCCCCNC4=CC=CC5=C4C(=O)N(C4CCC(=O)NC4=O)C5=O)C=C3)=C2)C1=O,BRD4,protac,IC50,96.4,54.31/96.4,=,7.015922966097169,BD2,inferred_pair_order,IC50 of BRD4 BD1/2 was assessed by HTRF,10.1016/j.ejmech.2022.114259,,,Protac-invent/protacDB/protac.csv,measured,domain order inferred from source BD1/BD2 pair convention
protac:2653,,C=C(C)C1=CC=C(OC(C)C)C(C2=CN(C)C(=O)C3=C2C=C(C(=O)NCC2=CC=C(C(=O)NCCCCNC4=CC=CC5=C4C(=O)N(C4CCC(=O)NC4=O)C5=O)C=C2)[NH]3)=C1,BRD4,protac,IC50,118.6,118.6/100.53,=,6.925915310971757,BD1,inferred_pair_order,IC50 of BRD4 BD1/2 was assessed by HTRF,10.1016/j.ejmech.2022.114259,,,Protac-invent/protacDB/protac.csv,measured,domain order inferred from source BD1/BD2 pair convention
protac:2653,,C=C(C)C1=CC=C(OC(C)C)C(C2=CN(C)C(=O)C3=C2C=C(C(=O)NCC2=CC=C(C(=O)NCCCCNC4=CC=CC5=C4C(=O)N(C4CCC(=O)NC4=O)C5=O)C=C2)[NH]3)=C1,BRD4,protac,IC50,100.53,118.6/100.53,=,6.997704317445066,BD2,inferred_pair_order,IC50 of BRD4 BD1/2 was assessed by HTRF,10.1016/j.ejmech.2022.114259,,,Protac-invent/protacDB/protac.csv,measured,domain order inferred from source BD1/BD2 pair convention
protac:2654,,C=C(C)C1=CC=C(OC2=CC=CC=C2)C(C2=CN(C)C(=O)C3=C2C=C(C(=O)NCC2=CC=C(C(=O)NCCCCNC4=CC=CC5=C4C(=O)N(C4CCC(=O)NC4=O)C5=O)C=C2)[NH]3)=C1,BRD4,protac,IC50,241.45,241.45/74.12,=,6.617172790263635,BD1,inferred_pair_order,IC50 of BRD4 BD1/2 was assessed by HTRF,10.1016/j.ejmech.2022.114259,,,Protac-invent/protacDB/protac.csv,measured,domain order inferred from source BD1/BD2 pair convention
protac:2654,,C=C(C)C1=CC=C(OC2=CC=CC=C2)C(C2=CN(C)C(=O)C3=C2C=C(C(=O)NCC2=CC=C(C(=O)NCCCCNC4=CC=CC5=C4C(=O)N(C4CCC(=O)NC4=O)C5=O)C=C2)[NH]3)=C1,BRD4,protac,IC50,74.12,241.45/74.12,=,7.13006458935314,BD2,inferred_pair_order,IC50 of BRD4 BD1/2 was assessed by HTRF,10.1016/j.ejmech.2022.114259,,,Protac-invent/protacDB/protac.csv,measured,domain order inferred from source BD1/BD2 pair convention
protac:2655,,CC(C)OC1=CC=C(C(C)(C)O)C=C1C1=CN(C)C(=O)C2=C1C=C(C(=O)NCC1=CC=C(C(=O)NCCCCNC3=CC=CC4=C3C(=O)N(C3CCC(=O)NC3=O)C4=O)C=C1)[NH]2,BRD4,protac,IC50,24.55,24.55/13.92,=,7.609948503541013,BD1,inferred_pair_order,IC50 of BRD4 BD1/2 was assessed by HTRF,10.1016/j.ejmech.2022.114259,,,Protac-invent/protacDB/protac.csv,measured,domain order inferred from source BD1/BD2 pair convention
protac:2655,,CC(C)OC1=CC=C(C(C)(C)O)C=C1C1=CN(C)C(=O)C2=C1C=C(C(=O)NCC1=CC=C(C(=O)NCCCCNC3=CC=CC4=C3C(=O)N(C3CCC(=O)NC3=O)C4=O)C=C1)[NH]2,BRD4,protac,IC50,13.92,24.55/13.92,=,7.856360764725457,BD2,inferred_pair_order,IC50 of BRD4 BD1/2 was assessed by HTRF,10.1016/j.ejmech.2022.114259,,,Protac-invent/protacDB/protac.csv,measured,domain order inferred from source BD1/BD2 pair convention
protac:2656,,CN1C=C(C2=CC(C(C)(C)O)=CC=C2OC2CC2)C2=C([NH]C(C(=O)NCC3=CC=C(C(=O)NCCCCNC4=CC=CC5=C4C(=O)N(C4CCC(=O)NC4=O)C5=O)C=C3)=C2)C1=O,BRD4,protac,IC50,22.75,22.75/7.79,=,7.643018599006869,BD1,inferred_pair_order,IC50 of BRD4 BD1/2 was assessed by HTRF,10.1016/j.ejmech.2022.114259,,,Protac-invent/protacDB/protac.csv,measured,domain order inferred from source BD1/BD2 pair convention
protac:2656,,CN1C=C(C2=CC(C(C)(C)O)=CC=C2OC2CC2)C2=C([NH]C(C(=O)NCC3=CC=C(C(=O)NCCCCNC4=CC=CC5=C4C(=O)N(C4CCC(=O)NC4=O)C5=O)C=C3)=C2)C1=O,BRD4,protac,IC50,7.79,22.75/7.79,=,8.108462542327436,BD2,inferred_pair_order,IC50 of BRD4 BD1/2 was assessed by HTRF,10.1016/j.ejmech.2022.114259,,,Protac-invent/protacDB/protac.csv,measured,domain order inferred from source BD1/BD2 pair convention
protac:2657,,CN1C=C(C2=CC(C(C)(C)O)=CC=C2OC2=CC=CC=C2)C2=C([NH]C(C(=O)NCC3=CC=C(C(=O)NCCCCNC4=CC=CC5=C4C(=O)N(C4CCC(=O)NC4=O)C5=O)C=C3)=C2)C1=O,BRD4,protac,IC50,29.54,29.54/3.82,=,7.529589509024069,BD1,inferred_pair_order,IC50 of BRD4 BD1/2 was assessed by HTRF,10.1016/j.ejmech.2022.114259,,,Protac-invent/protacDB/protac.csv,measured,domain order inferred from source BD1/BD2 pair convention
protac:2657,,CN1C=C(C2=CC(C(C)(C)O)=CC=C2OC2=CC=CC=C2)C2=C([NH]C(C(=O)NCC3=CC=C(C(=O)NCCCCNC4=CC=CC5=C4C(=O)N(C4CCC(=O)NC4=O)C5=O)C=C3)=C2)C1=O,BRD4,protac,IC50,3.82,29.54/3.82,=,8.41793663708829,BD2,inferred_pair_order,IC50 of BRD4 BD1/2 was assessed by HTRF,10.1016/j.ejmech.2022.114259,,,Protac-invent/protacDB/protac.csv,measured,domain order inferred from source BD1/BD2 pair convention
protac:2682,,CC[C@@H]1C2=NN=C(C)N2C2=CN=C(NC3=CC=C(C(=O)NC4CCN(CCCCCOC5=CC=CC6=C5C(=O)N(C5CCC(=O)NC5=O)C6=O)CC4)C=C3OC)N=C2N1CC1CCCCC1,BRD4,protac,IC50,151.0,151,=,6.821023052706831,unspecified,unspecified,IC50 was assessed by a radiometric ATP-competitive kinase assay,10.1016/j.ejmech.2021.113922,,,Protac-invent/protacDB/protac.csv,measured,
protac:2683,,CC[C@@H]1C2=NN=C(C)N2C2=CN=C(NC3=CC=C(C(=O)NC4CCN(CCCCCCOC5=CC=CC6=C5C(=O)N(C5CCC(=O)NC5=O)C6=O)CC4)C=C3OC)N=C2N1CC1CCCCC1,BRD4,protac,IC50,121.0,121,=,6.91721462968355,unspecified,unspecified,IC50 was assessed by a radiometric ATP-competitive kinase assay,10.1016/j.ejmech.2021.113922,,,Protac-invent/protacDB/protac.csv,measured,
protac:2685,,CC[C@@H]1C2=NN=C(C)N2C2=CN=C(NC3=CC=C(C(=O)NC4CCN(CCCCCCCCOC5=CC=CC6=C5C(=O)N(C5CCC(=O)NC5=O)C6=O)CC4)C=C3OC)N=C2N1CC1CCCCC1,BRD4,protac,IC50,344.0,344,=,6.46344155742847,unspecified,unspecified,IC50 was assessed by a radiometric ATP-competitive kinase assay,10.1016/j.ejmech.2021.113922,,,Protac-invent/protacDB/protac.csv,measured,
protac:2686,,CC[C@@H]1C2=NN=C(C)N2C2=CN=C(NC3=CC=C(C(=O)NC4CCN(CCCCCCCCCOC5=CC=CC6=C5C(=O)N(C5CCC(=O)NC5=O)C6=O)CC4)C=C3OC)N=C2N1CC1CCCCC1,BRD4,protac,IC50,225.0,225,=,6.647817481888637,unspecified,unspecified,IC50 was assessed by a radiometric ATP-competitive kinase assay,10.1016/j.ejmech.2021.113922,,,Protac-invent/protacDB/protac.csv,measured,
protac:2687,,CC[C@@H]1C2=NN=C(C)N2C2=CN=C(NC3=CC=C(C(=O)NC4CCN(CCCCCCCCCCOC5=CC=CC6=C5C(=O)N(C5CCC(=O)NC5=O)C6=O)CC4)C=C3OC)N=C2N1CC1CCCCC1,BRD4,protac,IC50,284.0,284,=,6.546681659952963,unspecified,unspecified,IC50 was assessed by a radiometric ATP-competitive kinase assay,10.1016/j.ejmech.2021.113922,,,Protac-invent/protacDB/protac.csv,measured,
protac:2688,,CC[C@@H]1C2=NN=C(C)N2C2=CN=C(NC3=CC=C(C(=O)NC4CCN(CCCCCCCCCCCOC5=CC=CC6=C5C(=O)N(C5CCC(=O)NC5=O)C6=O)CC4)C=C3OC)N=C2N1CC1CCCCC1,BRD4,protac,IC50,379.0,379,=,6.421360790031928,unspecified,unspecified,IC50 was assessed by a radiometric ATP-competitive kinase assay,10.1016/j.ejmech.2021.113922,,,Protac-invent/protacDB/protac.csv,measured,
protac:2689,,CC[C@@H]1C2=NN=C(C)N2C2=CN=C(NC3=CC=C(C(=O)NC4CCN(CCCCNC(=O)COC5=CC=CC6=C5C(=O)N(C5CCC(=O)NC5=O)C6=O)CC4)C=C3OC)N=C2N1CC1CCCCC1,BRD4,protac,IC50,219.0,219,=,6.6595558851598815,unspecified,unspecified,IC50 was assessed by a radiometric ATP-competitive kinase assay,10.1016/j.ejmech.2021.113922,,,Protac-invent/protacDB/protac.csv,measured,
protac:2691,,CC[C@@H]1C2=NN=C(C)N2C2=CN=C(NC3=CC=C(C(=O)NC4CCN(C(=O)CCCOC5=CC=CC6=C5C(=O)N(C5CCC(=O)NC5=O)C6=O)CC4)C=C3OC)N=C2N1CC1CCCCC1,BRD4,protac,IC50,739.0,739,=,6.131355561605174,unspecified,unspecified,IC50 was assessed by a radiometric ATP-competitive kinase assay,10.1016/j.ejmech.2021.113922,,,Protac-invent/protacDB/protac.csv,measured,
protac:2692,,CC[C@@H]1C2=NN=C(C)N2C2=CN=C(NC3=CC=C(C(=O)NC4CCN(C(=O)CCCCOC5=CC=CC6=C5C(=O)N(C5CCC(=O)NC5=O)C6=O)CC4)C=C3OC)N=C2N1CC1CCCCC1,BRD4,protac,IC50,370.0,370,=,6.431798275933005,unspecified,unspecified,IC50 was assessed by a radiometric ATP-competitive kinase assay,10.1016/j.ejmech.2021.113922,,,Protac-invent/protacDB/protac.csv,measured,
protac:2693,,CC[C@@H]1C2=NN=C(C)N2C2=CN=C(NC3=CC=C(C(=O)NC4CCN(C(=O)CCCCCOC5=CC=CC6=C5C(=O)N(C5CCC(=O)NC5=O)C6=O)CC4)C=C3OC)N=C2N1CC1CCCCC1,BRD4,protac,IC50,435.0,435,=,6.361510743045363,unspecified,unspecified,IC50 was assessed by a radiometric ATP-competitive kinase assay,10.1016/j.ejmech.2021.113922,,,Protac-invent/protacDB/protac.csv,measured,
protac:2694,,CC[C@@H]1C2=NN=C(C)N2C2=CN=C(NC3=CC=C(C(=O)NC4CCN(C(=O)CCCCCCOC5=CC=CC6=C5C(=O)N(C5CCC(=O)NC5=O)C6=O)CC4)C=C3OC)N=C2N1CC1CCCCC1,BRD4,protac,IC50,658.0,658,=,6.181774106386044,unspecified,unspecified,IC50 was assessed by a radiometric ATP-competitive kinase assay,10.1016/j.ejmech.2021.113922,,,Protac-invent/protacDB/protac.csv,measured,
protac:2695,,CC[C@@H]1C2=NN=C(C)N2C2=CN=C(NC3=CC=C(C(=O)NC4CCN(C(=O)CNC5=CC=CC6=C5CN(C5CCC(=O)NC5=O)C6=O)CC4)C=C3OC)N=C2N1CC1CCCCC1,BRD4,protac,IC50,259.0,259,=,6.586700235918748,unspecified,unspecified,IC50 was assessed by a radiometric ATP-competitive kinase assay,10.1016/j.ejmech.2021.113922,,,Protac-invent/protacDB/protac.csv,measured,
protac:2696,,CC[C@@H]1C2=NN=C(C)N2C2=CN=C(NC3=CC=C(C(=O)NC4CCN(C(=O)CCCCNC5=CC=CC6=C5CN(C5CCC(=O)NC5=O)C6=O)CC4)C=C3OC)N=C2N1CC1CCCCC1,BRD4,protac,IC50,311.0,311,=,6.507239610973162,unspecified,unspecified,IC50 was assessed by a radiometric ATP-competitive kinase assay,10.1016/j.ejmech.2021.113922,,,Protac-invent/protacDB/protac.csv,measured,
protac:2697,,CC[C@@H]1C2=NN=C(C)N2C2=CN=C(NC3=CC=C(C(=O)NC4CCN(C(=O)CCCCCNC5=CC=CC6=C5CN(C5CCC(=O)NC5=O)C6=O)CC4)C=C3OC)N=C2N1CC1CCCCC1,BRD4,protac,IC50,288.0,288,=,6.5406075122407685,unspecified,unspecified,IC50 was assessed by a radiometric ATP-competitive kinase assay,10.1016/j.ejmech.2021.113922,,,Protac-invent/protacDB/protac.csv,measured,
protac:2698,,CC[C@@H]1C2=NN=C(C)N2C2=CN=C(NC3=CC=C(C(=O)NC4CCN(C(=O)CCCCCCC(=O)NC5=CC=CC6=C5CN(C5CCC(=O)NC5=O)C6=O)CC4)C=C3OC)N=C2N1CC1CCCCC1,BRD4,protac,IC50,190.0,190,=,6.721246399047171,unspecified,unspecified,IC50 was assessed by a radiometric ATP-competitive kinase assay,10.1016/j.ejmech.2021.113922,,,Protac-invent/protacDB/protac.csv,measured,
protac:2893,,CC1=C(C)C2=C(S1)N1C(C)=NN=C1[C@H](CC(=O)NCC1=CN(CCCCNC(=O)COC3=CC=CC4=C3C(=O)N(C3CCC(=O)NC3=O)C4=O)N=N1)N=C2C1=CC=C(Cl)C=C1,BRD4,protac,IC50,23.7,23.7,=,7.625251653989896,BD2,explicit,IC50 of BRD4 BD2 was assessed by TR-FRET,10.1002/anie.202108848,,,Protac-invent/protacDB/protac.csv,measured,
protac:2894,,CC1=C(C)C2=C(S1)N1C(C)=NN=C1[C@H](CC(=O)NCC1=CN(CCCCNC(=O)CNC3=CC=CC4=C3C(=O)N(C3CCC(=O)NC3=O)C4=O)N=N1)N=C2C1=CC=C(Cl)C=C1,BRD4,protac,IC50,1.7,1.7,=,8.769551078621726,BD2,explicit,IC50 of BRD4 BD2 was assessed by TR-FRET,10.1002/anie.202108848,,,Protac-invent/protacDB/protac.csv,measured,
protac:2895,,CC1=C(C)C2=C(S1)N1C(C)=NN=C1[C@H](CC(=O)NCC1=CN(CCCCNC(=O)COC3=CC=C(C4CCC(=O)NC4=O)C=C3)N=N1)N=C2C1=CC=C(Cl)C=C1,BRD4,protac,IC50,1046.0,1046,=,5.980468315468745,BD2,explicit,IC50 of BRD4 BD2 was assessed by TR-FRET,10.1002/anie.202108848,,,Protac-invent/protacDB/protac.csv,measured,
protac:2896,,CC1=C(C)C2=C(S1)N1C(C)=NN=C1[C@H](CC(=O)NCC1=CN(CCCCNC(=O)CNC3=CC=C(C4CCC(=O)NC4=O)C=C3)N=N1)N=C2C1=CC=C(Cl)C=C1,BRD4,protac,IC50,47.9,47.9,=,7.319664486585436,BD2,explicit,IC50 of BRD4 BD2 was assessed by TR-FRET,10.1002/anie.202108848,,,Protac-invent/protacDB/protac.csv,measured,
protac:2897,,CC1=C(C)C2=C(S1)N1C(C)=NN=C1[C@H](CC(=O)NCCCCNC(=O)COC1=CC=C(C3CCC(=O)NC3=O)C=C1)N=C2C1=CC=C(Cl)C=C1,BRD4,protac,IC50,8159.0,8159,=,5.088363066870558,BD2,explicit,IC50 of BRD4 BD2 was assessed by TR-FRET,10.1002/anie.202108848,,,Protac-invent/protacDB/protac.csv,measured,
protac:2899,,CC1=C(C)C2=C(S1)N1C(C)=NN=C1[C@H](CC(=O)NCCCCNC(=O)COC1=CC=CC(C3CCC(=O)NC3=O)=C1)N=C2C1=CC=C(Cl)C=C1,BRD4,protac,IC50,2729.0,2729,=,5.563996464330104,BD2,explicit,IC50 of BRD4 BD2 was assessed by TR-FRET,10.1002/anie.202108848,,,Protac-invent/protacDB/protac.csv,measured,
protac:2900,,CC1=C(C)C2=C(S1)N1C(C)=NN=C1[C@H](CC(=O)NCCCCCNC(=O)COC1=CC=CC(C3CCC(=O)NC3=O)=C1)N=C2C1=CC=C(Cl)C=C1,BRD4,protac,IC50,2082.0,2082,=,5.681519274825483,BD2,explicit,IC50 of BRD4 BD2 was assessed by TR-FRET,10.1002/anie.202108848,,,Protac-invent/protacDB/protac.csv,measured,
protac:3263,,CC1=C(C)C2=C(S1)N1C(C)=NN=C1[C@H](CC(=O)NCCCCCNC(=O)CN1CCOC3=CC(N(CCC#N)C(=O)CCl)=CC=C31)N=C2C1=CC=C(Cl)C=C1,BRD4,protac,IC50,1500.0,1500,=,5.823908740944319,unspecified,unspecified,Inhibit FEM1B-FNIP1 degron fluorescence polarization,10.1021/jacs.1c03980,,,Protac-invent/protacDB/protac.csv,measured,
protac:229,,CC1=C(C2=CC=C(CNC(=O)[C@@H]3[C@@H](F)[C@@H](O)CN3C(=O)[C@@H](NC(=O)COCCOCCOCCNC(=O)C[C@@H]3N=C(C4=CC=C(Cl)C=C4)C4=C(SC(C)=C4C)N4C(C)=NN=C34)C(C)(C)C)C=C2)SC=N1,BRD4,protac,Kd,28.0,28,=,7.552841968657781,BD2,explicit,ITC in BRD4 BD2,10.1021/jacs.8b05807,,,Protac-invent/protacDB/protac.csv,measured,
protac:230,,CC1=C(C2=CC=C(CNC(=O)[C@@H]3[C@H](F)[C@@H](O)CN3C(=O)[C@@H](NC(=O)COCCOCCOCCNC(=O)C[C@@H]3N=C(C4=CC=C(Cl)C=C4)C4=C(SC(C)=C4C)N4C(C)=NN=C34)C(C)(C)C)C=C2)SC=N1,BRD4,protac,Kd,32.0,32,=,7.494850021680094,BD2,explicit,ITC in BRD4 BD2,10.1021/jacs.8b05807,,,Protac-invent/protacDB/protac.csv,measured,
warhead:17,,CNC(=O)C1=NC=C2C(=N1)[NH]C1=CC(C3=C(C)ON=C3C)=C(OC)C=C12,BRD4,warhead,Ki,152.0,152/205,=,6.818156412055227,BD1,inferred_pair_order,FP in BRD4 BD1/2,10.1021/acs.jmedchem.6b01816,CHEMBL4228904,145988169.0,protacSpace/warhead.csv,measured,domain order inferred from source BD1/BD2 pair convention
warhead:17,,CNC(=O)C1=NC=C2C(=N1)[NH]C1=CC(C3=C(C)ON=C3C)=C(OC)C=C12,BRD4,warhead,Ki,205.0,152/205,=,6.688246138944246,BD2,inferred_pair_order,FP in BRD4 BD1/2,10.1021/acs.jmedchem.6b01816,CHEMBL4228904,145988169.0,protacSpace/warhead.csv,measured,domain order inferred from source BD1/BD2 pair convention
chembl:CHEMBL1232461,CHEMBL1232461,CCNC(=O)C[C@@H]1N=C(c2ccc(Cl)cc2)c2cc(OC)ccc2-n2c(C)nnc21,BRDT,warhead,Kd,112.0,112.0,=,6.950781977329818,BD1,explicit,Binding affinity to human partial length BRDT-BD1 (N21 to E137 residues) expressed in bacterial expression system by BROMOscan method,CHEMBL4715913,CHEMBL1232461,,ChEMBL target CHEMBL1795185 (BRDT),measured,ChEMBL supplement
chembl:CHEMBL1232461,CHEMBL1232461,CCNC(=O)C[C@@H]1N=C(c2ccc(Cl)cc2)c2cc(OC)ccc2-n2c(C)nnc21,BRDT,warhead,Kd,60.0,60.0,=,7.221848749616356,BD2,explicit,Binding affinity to human partial length BRDT-BD2 (K250 to E382 residues) expressed in bacterial expression system by BROMOscan method,CHEMBL4715913,CHEMBL1232461,,ChEMBL target CHEMBL1795185 (BRDT),measured,ChEMBL supplement
chembl:CHEMBL1957266,CHEMBL1957266,Cc1sc2c(c1C)C(c1ccc(Cl)cc1)=N[C@@H](CC(=O)OC(C)(C)C)c1nnc(C)n1-2,BRDT,warhead,IC50,183.0,183.0,=,6.73754891026957,BD1,explicit,Inhibition of BRDT BD1 (unknown origin) after 1 hr by TR-FRET assay,CHEMBL4152207,CHEMBL1957266,,ChEMBL target CHEMBL1795185 (BRDT),measured,ChEMBL supplement
chembl:CHEMBL1957266,CHEMBL1957266,Cc1sc2c(c1C)C(c1ccc(Cl)cc1)=N[C@@H](CC(=O)OC(C)(C)C)c1nnc(C)n1-2,BRDT,warhead,IC50,217.0,217.0,=,6.66354026615147,BD2,explicit,Inhibition of BRDT BD2 (unknown origin) after 1 hr by TR-FRET assay,CHEMBL4152207,CHEMBL1957266,,ChEMBL target CHEMBL1795185 (BRDT),measured,ChEMBL supplement
chembl:CHEMBL1957266,CHEMBL1957266,Cc1sc2c(c1C)C(c1ccc(Cl)cc1)=N[C@@H](CC(=O)OC(C)(C)C)c1nnc(C)n1-2,BRDT,warhead,IC50,103.0,103.0,=,6.987162775294828,BD1,explicit,Inhibition of BRDT-BD1 (unknown origin) incubated for 1 hr by AlphaScreen biotin-JQ1 competition assay,CHEMBL4196154,CHEMBL1957266,,ChEMBL target CHEMBL1795185 (BRDT),measured,ChEMBL supplement
chembl:CHEMBL1957266,CHEMBL1957266,Cc1sc2c(c1C)C(c1ccc(Cl)cc1)=N[C@@H](CC(=O)OC(C)(C)C)c1nnc(C)n1-2,BRDT,warhead,IC50,134.0,134.0,=,6.872895201635192,BD1,explicit,Inhibition of human recombinant His-tagged BRDT BD1 domain expressed in Escherichia coli BL21(DE3)-R3-pRARE2 cells by AlphaScreen assay,CHEMBL4342471,CHEMBL1957266,,ChEMBL target CHEMBL1795185 (BRDT),measured,ChEMBL supplement
chembl:CHEMBL1957266,CHEMBL1957266,Cc1sc2c(c1C)C(c1ccc(Cl)cc1)=N[C@@H](CC(=O)OC(C)(C)C)c1nnc(C)n1-2,BRDT,warhead,IC50,178.0,178.0,=,6.7495799976911055,BD1,explicit,Binding affinity BRDT BD1 (unknown origin) incubated for 1 hr by TR-FRET assay,CHEMBL5042517,CHEMBL1957266,,ChEMBL target CHEMBL1795185 (BRDT),measured,ChEMBL supplement
chembl:CHEMBL1957266,CHEMBL1957266,Cc1sc2c(c1C)C(c1ccc(Cl)cc1)=N[C@@H](CC(=O)OC(C)(C)C)c1nnc(C)n1-2,BRDT,warhead,IC50,224.0,224.0,=,6.649751981665837,BD2,explicit,Binding affinity BRDT BD2 (unknown origin) incubated for 1 hr by TR-FRET assay,CHEMBL5042517,CHEMBL1957266,,ChEMBL target CHEMBL1795185 (BRDT),measured,ChEMBL supplement
chembl:CHEMBL1957266,CHEMBL1957266,Cc1sc2c(c1C)C(c1ccc(Cl)cc1)=N[C@@H](CC(=O)OC(C)(C)C)c1nnc(C)n1-2,BRDT,warhead,IC50,588.0,588.0,=,6.230622673923861,BD1,explicit,Inhibition of recombinant BRDT BD1 (unknown origin) incubated for 120 mins by TR-FRET assay,CHEMBL5053549,CHEMBL1957266,,ChEMBL target CHEMBL1795185 (BRDT),measured,ChEMBL supplement
chembl:CHEMBL1957266,CHEMBL1957266,Cc1sc2c(c1C)C(c1ccc(Cl)cc1)=N[C@@H](CC(=O)OC(C)(C)C)c1nnc(C)n1-2,BRDT,warhead,IC50,325.0,325.0,=,6.488116639021126,BD2,explicit,Inhibition of recombinant BRDT BD2 (unknown origin) incubated for 120 mins by TR-FRET assay,CHEMBL5053549,CHEMBL1957266,,ChEMBL target CHEMBL1795185 (BRDT),measured,ChEMBL supplement
chembl:CHEMBL1957266,CHEMBL1957266,Cc1sc2c(c1C)C(c1ccc(Cl)cc1)=N[C@@H](CC(=O)OC(C)(C)C)c1nnc(C)n1-2,BRDT,warhead,IC50,207.0,207.0,=,6.684029654543082,BD1,explicit,Inhibition of BRDT BD1 (unknown origin) incubated for 2 hrs by TR-FRET assay,CHEMBL5053557,CHEMBL1957266,,ChEMBL target CHEMBL1795185 (BRDT),measured,ChEMBL supplement
chembl:CHEMBL1957266,CHEMBL1957266,Cc1sc2c(c1C)C(c1ccc(Cl)cc1)=N[C@@H](CC(=O)OC(C)(C)C)c1nnc(C)n1-2,BRDT,warhead,IC50,185.0,185.0,=,6.732828271596986,BD2,explicit,Inhibition of BRDT BD2 (unknown origin) incubated for 2 hrs by TR-FRET assay,CHEMBL5053557,CHEMBL1957266,,ChEMBL target CHEMBL1795185 (BRDT),measured,ChEMBL supplement
chembl:CHEMBL1957266,CHEMBL1957266,Cc1sc2c(c1C)C(c1ccc(Cl)cc1)=N[C@@H](CC(=O)OC(C)(C)C)c1nnc(C)n1-2,BRDT,warhead,IC50,5.47,5.47,=,8.26201267366657,BD2,explicit,Binding affinity to human partial length BRDT BD2 (K250 to E382 residues) expressed in bacterial expression system using H4K5acIC8acK12acK16ac-biotinylated peptide as substrate preincubated for 30 mins followed by substrate addition by AlphaScreen assay,CHEMBL5316292,CHEMBL1957266,,ChEMBL target CHEMBL1795185 (BRDT),measured,ChEMBL supplement
chembl:CHEMBL1957266,CHEMBL1957266,Cc1sc2c(c1C)C(c1ccc(Cl)cc1)=N[C@@H](CC(=O)OC(C)(C)C)c1nnc(C)n1-2,BRDT,warhead,IC50,510.0,510.0,=,6.292429823902063,BD1,explicit,Binding affinity to human partial length BRDT BD1 (N21 to E137 residues) expressed in bacterial expression system using H4K5acIC8acK12acK16ac-biotinylated peptide as substrate preincubated for 30 mins followed by substrate addition by AlphaScreen assay,CHEMBL5316292,CHEMBL1957266,,ChEMBL target CHEMBL1795185 (BRDT),measured,ChEMBL supplement
chembl:CHEMBL1957266,CHEMBL1957266,Cc1sc2c(c1C)C(c1ccc(Cl)cc1)=N[C@@H](CC(=O)OC(C)(C)C)c1nnc(C)n1-2,BRDT,warhead,IC50,534.0,534.0,=,6.272458742971444,BD1,explicit,Inhibition of recombinant BRDT BD1 (unknown origin) incubated for 120 mins by TR-FRET assay,CHEMBL5316308,CHEMBL1957266,,ChEMBL target CHEMBL1795185 (BRDT),measured,ChEMBL supplement
chembl:CHEMBL1957266,CHEMBL1957266,Cc1sc2c(c1C)C(c1ccc(Cl)cc1)=N[C@@H](CC(=O)OC(C)(C)C)c1nnc(C)n1-2,BRDT,warhead,IC50,23.0,23.0,=,7.638272163982407,BD1,explicit,Inhibition of BRDT-BD1 (unknown origin) by HTRF analysis,CHEMBL5316343,CHEMBL1957266,,ChEMBL target CHEMBL1795185 (BRDT),measured,ChEMBL supplement
chembl:CHEMBL1957266,CHEMBL1957266,Cc1sc2c(c1C)C(c1ccc(Cl)cc1)=N[C@@H](CC(=O)OC(C)(C)C)c1nnc(C)n1-2,BRDT,warhead,IC50,433.0,433.0,=,6.363512103646634,BD1,explicit,Inhibition of BRDT BD1 (unknown origin) incubated for 120 mins by TR-FRET assay,CHEMBL5500370,CHEMBL1957266,,ChEMBL target CHEMBL1795185 (BRDT),measured,ChEMBL supplement
chembl:CHEMBL1957266,CHEMBL1957266,Cc1sc2c(c1C)C(c1ccc(Cl)cc1)=N[C@@H](CC(=O)OC(C)(C)C)c1nnc(C)n1-2,BRDT,warhead,Kd,190.1,190.1,=,6.721017883134557,BD1,explicit,Binding affinity to BRDT-BD1 by isothermal titration calorimetry,CHEMBL1955852,CHEMBL1957266,,ChEMBL target CHEMBL1795185 (BRDT),measured,ChEMBL supplement
chembl:CHEMBL1957266,CHEMBL1957266,Cc1sc2c(c1C)C(c1ccc(Cl)cc1)=N[C@@H](CC(=O)OC(C)(C)C)c1nnc(C)n1-2,BRDT,warhead,Kd,183.0,183.0,=,6.73754891026957,BD1,explicit,Binding affinity to recombinant BRDT BD1 (unknown origin) incubated for 1 hr by TR-FRET assay,CHEMBL4402595,CHEMBL1957266,,ChEMBL target CHEMBL1795185 (BRDT),measured,ChEMBL supplement
chembl:CHEMBL1957266,CHEMBL1957266,Cc1sc2c(c1C)C(c1ccc(Cl)cc1)=N[C@@H](CC(=O)OC(C)(C)C)c1nnc(C)n1-2,BRDT,warhead,Kd,217.0,217.0,=,6.66354026615147,BD2,explicit,Binding affinity to recombinant BRDT BD2 (unknown origin) incubated for 1 hr by TR-FRET assay,CHEMBL4402595,CHEMBL1957266,,ChEMBL target CHEMBL1795185 (BRDT),measured,ChEMBL supplement
chembl:CHEMBL1957266,CHEMBL1957266,Cc1sc2c(c1C)C(c1ccc(Cl)cc1)=N[C@@H](CC(=O)OC(C)(C)C)c1nnc(C)n1-2,BRDT,warhead,Ki,11.0,11.0,=,7.958607314841775,BD1,explicit,Binding affinity to N-terminal hexa histidine-tagged human BRDT BD1 extracted from Escherichia coli BL21 (DE3) cells assessed as inhibition constant incubated for 1 hrs by fluorescence polarization assay,CHEMBL6177957,CHEMBL1957266,,ChEMBL target CHEMBL1795185 (BRDT),measured,ChEMBL supplement
chembl:CHEMBL2017291,CHEMBL2017291,COc1cc2c(cc1-c1c(C)noc1C)ncc1[nH]c(=O)n([C@H](C)c3ccccn3)c12,BRDT,warhead,IC50,125.89,125.89,=,6.900008766455316,BD1_BD2,pan_unspecified,Displacement of Alexa Fluor 647 labelled I-BET762 from N-terminal His6-tagged human BRDT BD1 (1 to 397 residues)/BD2 Y309A mutant expressed in Escherichia coli after 1 hr by TR-FRET assay,CHEMBL4622984,CHEMBL2017291,,ChEMBL target CHEMBL1795185 (BRDT),measured,ChEMBL supplement
chembl:CHEMBL2017291,CHEMBL2017291,COc1cc2c(cc1-c1c(C)noc1C)ncc1[nH]c(=O)n([C@H](C)c3ccccn3)c12,BRDT,warhead,IC50,1584.89,1584.89,=,5.800000874803203,BD1_BD2,pan_unspecified,Displacement of Alexa Fluor 647 labelled I-BET762 from N-terminal His6-tagged human BRDT BD2 (1 to 397 residues)/BD1 Y66A mutant expressed in Escherichia coli after 1 hr by TR-FRET assay,CHEMBL4622984,CHEMBL2017291,,ChEMBL target CHEMBL1795185 (BRDT),measured,ChEMBL supplement
chembl:CHEMBL2322228,CHEMBL2322228,O=c1cc(N2CCOCC2)oc2c(-c3ccc4c(c3)OCCO4)csc12,BRDT,warhead,IC50,1227.0,1227.0,=,5.9111554372729955,BD1,explicit,Inhibition of His-tagged BRDT-BD1 (unknown origin) incubated for 30 mins in presence of ATP by Alphascreen assay,CHEMBL6153089,CHEMBL2322228,,ChEMBL target CHEMBL1795185 (BRDT),measured,ChEMBL supplement
chembl:CHEMBL2393130,CHEMBL2393130,COc1cc(OC)c2c(=O)[nH]c(-c3cc(C)c(OCCO)c(C)c3)nc2c1,BRDT,warhead,IC50,4836.0,4836.0,=,5.315513707811266,BD1,explicit,Inhibition of BRDT BD1 (unknown origin) after 1 hr by TR-FRET assay,CHEMBL4152207,CHEMBL2393130,,ChEMBL target CHEMBL1795185 (BRDT),measured,ChEMBL supplement
chembl:CHEMBL2393130,CHEMBL2393130,COc1cc(OC)c2c(=O)[nH]c(-c3cc(C)c(OCCO)c(C)c3)nc2c1,BRDT,warhead,IC50,708.0,708.0,=,6.149966742310231,BD2,explicit,Inhibition of BRDT BD2 (unknown origin) after 1 hr by TR-FRET assay,CHEMBL4152207,CHEMBL2393130,,ChEMBL target CHEMBL1795185 (BRDT),measured,ChEMBL supplement
chembl:CHEMBL2393130,CHEMBL2393130,COc1cc(OC)c2c(=O)[nH]c(-c3cc(C)c(OCCO)c(C)c3)nc2c1,BRDT,warhead,IC50,5027.0,5027.0,=,5.298691114771925,BD1,explicit,Binding affinity BRDT BD1 (unknown origin) incubated for 1 hr by TR-FRET assay,CHEMBL5042517,CHEMBL2393130,,ChEMBL target CHEMBL1795185 (BRDT),measured,ChEMBL supplement
chembl:CHEMBL2393130,CHEMBL2393130,COc1cc(OC)c2c(=O)[nH]c(-c3cc(C)c(OCCO)c(C)c3)nc2c1,BRDT,warhead,IC50,696.0,696.0,=,6.157390760389438,BD2,explicit,Binding affinity BRDT BD2 (unknown origin) incubated for 1 hr by TR-FRET assay,CHEMBL5042517,CHEMBL2393130,,ChEMBL target CHEMBL1795185 (BRDT),measured,ChEMBL supplement
chembl:CHEMBL2393130,CHEMBL2393130,COc1cc(OC)c2c(=O)[nH]c(-c3cc(C)c(OCCO)c(C)c3)nc2c1,BRDT,warhead,Kd,4836.0,4836.0,=,5.315513707811266,BD1,explicit,Binding affinity to recombinant BRDT BD1 (unknown origin) incubated for 1 hr by TR-FRET assay,CHEMBL4402595,CHEMBL2393130,,ChEMBL target CHEMBL1795185 (BRDT),measured,ChEMBL supplement
chembl:CHEMBL2393130,CHEMBL2393130,COc1cc(OC)c2c(=O)[nH]c(-c3cc(C)c(OCCO)c(C)c3)nc2c1,BRDT,warhead,Kd,708.0,708.0,=,6.149966742310231,BD2,explicit,Binding affinity to recombinant BRDT BD2 (unknown origin) incubated for 1 hr by TR-FRET assay,CHEMBL4402595,CHEMBL2393130,,ChEMBL target CHEMBL1795185 (BRDT),measured,ChEMBL supplement
chembl:CHEMBL3585452,CHEMBL3585452,Cc1cncc(-c2cnc(NC3CCNCC3)c3[nH]c(=O)c(C)cc23)c1,BRDT,warhead,IC50,7943.28,7943.28,=,5.100000128334196,BD1_BD2,pan_unspecified,Binding affinity to 6-His-FLAG-Tev-BRDT BD1 (1 to 397) (unknown origin) harboring BD2 Y309A mutant,CHEMBL3585343,CHEMBL3585452,,ChEMBL target CHEMBL1795185 (BRDT),measured,ChEMBL supplement
chembl:CHEMBL3585452,CHEMBL3585452,Cc1cncc(-c2cnc(NC3CCNCC3)c3[nH]c(=O)c(C)cc23)c1,BRDT,warhead,IC50,31622.78,31622.78,=,4.499999953328896,BD1_BD2,pan_unspecified,Binding affinity to 6-His-FLAG-Tev-BRDT BD2 (1 to 397) (unknown origin) harboring BD1 Y66A mutant,CHEMBL3585343,CHEMBL3585452,,ChEMBL target CHEMBL1795185 (BRDT),measured,ChEMBL supplement
chembl:CHEMBL3585455,CHEMBL3585455,COc1cncc(-c2cnc(NC3CCNCC3)c3[nH]c(=O)c(C)cc23)c1,BRDT,warhead,IC50,6309.57,6309.57,=,5.200000237109354,BD1_BD2,pan_unspecified,Binding affinity to 6-His-FLAG-Tev-BRDT BD1 (1 to 397) (unknown origin) harboring BD2 Y309A mutant,CHEMBL3585343,CHEMBL3585455,,ChEMBL target CHEMBL1795185 (BRDT),measured,ChEMBL supplement
chembl:CHEMBL3585455,CHEMBL3585455,COc1cncc(-c2cnc(NC3CCNCC3)c3[nH]c(=O)c(C)cc23)c1,BRDT,warhead,IC50,25118.86,25118.86,=,4.600000074606178,BD1_BD2,pan_unspecified,Binding affinity to 6-His-FLAG-Tev-BRDT BD2 (1 to 397) (unknown origin) harboring BD1 Y66A mutant,CHEMBL3585343,CHEMBL3585455,,ChEMBL target CHEMBL1795185 (BRDT),measured,ChEMBL supplement
chembl:CHEMBL3590383,CHEMBL3590383,Cc1cncc(-c2cnc(N[C@@H]3CCNC[C@H]3OCC3CCS(=O)(=O)CC3)c3[nH]c(=O)c(C)cc23)c1,BRDT,warhead,IC50,31622.78,31622.78,=,4.499999953328896,BD1,explicit,Binding affinity to BRDt containing BD1 bromodomains (unknown origin) by TR-FRET assay,CHEMBL3588744,CHEMBL3590383,,ChEMBL target CHEMBL1795185 (BRDT),measured,ChEMBL supplement
chembl:CHEMBL3590383,CHEMBL3590383,Cc1cncc(-c2cnc(N[C@@H]3CCNC[C@H]3OCC3CCS(=O)(=O)CC3)c3[nH]c(=O)c(C)cc23)c1,BRDT,warhead,IC50,50118.72,50118.72,>,4.300000029139088,BD2,explicit,Binding affinity to BRDt containing BD2 bromodomains (unknown origin) by TR-FRET assay,CHEMBL3588744,CHEMBL3590383,,ChEMBL target CHEMBL1795185 (BRDT),measured,ChEMBL supplement
chembl:CHEMBL3590408,CHEMBL3590408,Cc1cncc(-c2cnc(N[C@@H]3CCN(C)C[C@H]3OCC3CCS(=O)(=O)CC3)c3[nH]c(=O)c(C)cc23)c1,BRDT,warhead,IC50,50118.72,50118.72,>,4.300000029139088,BD1,explicit,Binding affinity to BRDt containing BD1 bromodomains (unknown origin) by TR-FRET assay,CHEMBL3588744,CHEMBL3590408,,ChEMBL target CHEMBL1795185 (BRDT),measured,ChEMBL supplement
chembl:CHEMBL3590408,CHEMBL3590408,Cc1cncc(-c2cnc(N[C@@H]3CCN(C)C[C@H]3OCC3CCS(=O)(=O)CC3)c3[nH]c(=O)c(C)cc23)c1,BRDT,warhead,IC50,50118.72,50118.72,>,4.300000029139088,BD2,explicit,Binding affinity to BRDt containing BD2 bromodomains (unknown origin) by TR-FRET assay,CHEMBL3588744,CHEMBL3590408,,ChEMBL target CHEMBL1795185 (BRDT),measured,ChEMBL supplement
chembl:CHEMBL3605565,CHEMBL3605565,CC(=O)OC[C@]12CC[C@H]3[C@@H](C[C@H]4O[C@]45CC=CC(=O)[C@]35C)[C@]1(O)CC[C@@]2(O)[C@@](C)(O)[C@H]1CC(C)=C(C)C(=O)O1,BRDT,warhead,IC50,119.0,119.0,=,6.924453038607469,BD2,explicit,Binding affinity to human partial length BRDT BD2 (K250 to E382 residues) expressed in bacterial expression system using H4K5acIC8acK12acK16ac-biotinylated peptide as substrate preincubated for 30 mins followed by substrate addition by AlphaScreen assay,CHEMBL5316292,CHEMBL3605565,,ChEMBL target CHEMBL1795185 (BRDT),measured,ChEMBL supplement
chembl:CHEMBL3605565,CHEMBL3605565,CC(=O)OC[C@]12CC[C@H]3[C@@H](C[C@H]4O[C@]45CC=CC(=O)[C@]35C)[C@]1(O)CC[C@@]2(O)[C@@](C)(O)[C@H]1CC(C)=C(C)C(=O)O1,BRDT,warhead,IC50,403.0,403.0,=,6.39469495385889,BD1,explicit,Binding affinity to human partial length BRDT BD1 (N21 to E137 residues) expressed in bacterial expression system using H4K5acIC8acK12acK16ac-biotinylated peptide as substrate preincubated for 30 mins followed by substrate addition by AlphaScreen assay,CHEMBL5316292,CHEMBL3605565,,ChEMBL target CHEMBL1795185 (BRDT),measured,ChEMBL supplement
chembl:CHEMBL3609304,CHEMBL3609304,COc1cc(C(=O)NC2CCN(C)CC2)ccc1Nc1ncc2c(n1)N(C1CCCC1)CC(=O)N2C,BRDT,warhead,IC50,25990.0,25990.0,=,4.585193720498987,BD1,explicit,Inhibition of BRDT-BD1 (unknown origin) incubated for 1 hr by AlphaScreen biotin-JQ1 competition assay,CHEMBL4196154,CHEMBL3609304,,ChEMBL target CHEMBL1795185 (BRDT),measured,ChEMBL supplement
chembl:CHEMBL3609305,CHEMBL3609305,CC[C@H]1C(=O)N(C)c2cnc(Nc3ccc(C(=O)NC4CCN(C)CC4)cc3OC)nc2N1C1CCCC1,BRDT,warhead,IC50,3513.0,3513.0,=,5.454321850207974,BD1,explicit,Inhibition of BRDT-BD1 (unknown origin) incubated for 1 hr by AlphaScreen biotin-JQ1 competition assay,CHEMBL4196154,CHEMBL3609305,,ChEMBL target CHEMBL1795185 (BRDT),measured,ChEMBL supplement
chembl:CHEMBL3786012,CHEMBL3786012,Cc1[nH]c(-c2cc(S(C)(=O)=O)ccc2Oc2ccc(F)cc2F)c2c1C(=O)NCC2,BRDT,warhead,Ki,140.0,140.0,=,6.853871964321762,BD1_BD2,pan_unspecified,Binding affinity to BRDT BD1-BD2 (N21 to P380 residues) (unknown origin) after 1 hr by Alexa-647-conjugated probe based TR-FRET assay,CHEMBL4038268,CHEMBL3786012,,ChEMBL target CHEMBL1795185 (BRDT),measured,ChEMBL supplement
chembl:CHEMBL3987016,CHEMBL3987016,CCS(=O)(=O)Nc1ccc(Oc2ccc(F)cc2F)c(-c2cn(C)c(=O)c3[nH]ccc23)c1,BRDT,warhead,Ki,2.2,2.2,=,8.657577319177793,BD1_BD2,pan_unspecified,Binding affinity to BRDT BD1 to BD2 (N21 to P380 residues) (unknown origin),CHEMBL4017535,CHEMBL3987016,,ChEMBL target CHEMBL1795185 (BRDT),measured,ChEMBL supplement
chembl:CHEMBL4063051,CHEMBL4063051,Cc1[nH]c(-c2cc(NS(C)(=O)=O)ccc2Oc2ccccc2)c2c1C(=O)CCC2,BRDT,warhead,Ki,110.0,110.0,=,6.958607314841775,BD1_BD2,pan_unspecified,Binding affinity to BRDT BD1-BD2 (N21 to P380 residues) (unknown origin) after 1 hr by Alexa-647-conjugated probe based TR-FRET assay,CHEMBL4038268,CHEMBL4063051,,ChEMBL target CHEMBL1795185 (BRDT),measured,ChEMBL supplement
chembl:CHEMBL4086644,CHEMBL4086644,CCn1c2c(c(=O)[nH]c1=O)C(c1ccc(C)cc1)C(C(=O)OCc1ccccc1)=C(C)N2,BRDT,warhead,Kd,770.0,770.0,=,6.113509274827518,BD1,explicit,Binding affinity to BRDT BD1 (unknown origin) assessed as dissociation constant by BROMOscan analysis,CHEMBL6177957,CHEMBL4086644,,ChEMBL target CHEMBL1795185 (BRDT),measured,ChEMBL supplement
chembl:CHEMBL4086644,CHEMBL4086644,CCn1c2c(c(=O)[nH]c1=O)C(c1ccc(C)cc1)C(C(=O)OCc1ccccc1)=C(C)N2,BRDT,warhead,Kd,67.0,67.0,=,7.173925197299173,BD2,explicit,Binding affinity to BRDT BD2 (unknown origin) assessed as dissociation constant by BROMOscan analysis,CHEMBL6177957,CHEMBL4086644,,ChEMBL target CHEMBL1795185 (BRDT),measured,ChEMBL supplement
chembl:CHEMBL4086644,CHEMBL4086644,CCn1c2c(c(=O)[nH]c1=O)C(c1ccc(C)cc1)C(C(=O)OCc1ccccc1)=C(C)N2,BRDT,warhead,Ki,40.0,40.0,=,7.3979400086720375,BD1,explicit,Binding affinity to N-terminal hexa histidine-tagged human BRDT BD1 extracted from Escherichia coli BL21 (DE3) cells assessed as inhibition constant incubated for 1 hrs by fluorescence polarization assay,CHEMBL6177957,CHEMBL4086644,,ChEMBL target CHEMBL1795185 (BRDT),measured,ChEMBL supplement
chembl:CHEMBL4088466,CHEMBL4088466,Cn1cc(-c2cc(S(C)(=O)=O)ccc2Oc2ccc(F)cc2F)c2cc[nH]c(=O)c21,BRDT,warhead,Ki,490.0,490.0,=,6.309803919971486,BD1_BD2,pan_unspecified,Binding affinity to BRDT BD1-BD2 (N21 to P380 residues) (unknown origin) after 1 hr by Alexa-647-conjugated probe based TR-FRET assay,CHEMBL4038268,CHEMBL4088466,,ChEMBL target CHEMBL1795185 (BRDT),measured,ChEMBL supplement
chembl:CHEMBL4159382,CHEMBL4159382,Cc1cc(/N=N/c2ccc(S(=O)(=O)NC3CCCC3)cc2)c(N)cc1O,BRDT,warhead,IC50,3292.0,3292.0,=,5.482540173459768,BD1,explicit,Inhibition of BRDT BD1 (unknown origin) after 1 hr by TR-FRET assay,CHEMBL4152207,CHEMBL4159382,,ChEMBL target CHEMBL1795185 (BRDT),measured,ChEMBL supplement
chembl:CHEMBL4159382,CHEMBL4159382,Cc1cc(/N=N/c2ccc(S(=O)(=O)NC3CCCC3)cc2)c(N)cc1O,BRDT,warhead,IC50,3082.0,3082.0,=,5.5111673656176,BD2,explicit,Inhibition of BRDT BD2 (unknown origin) after 1 hr by TR-FRET assay,CHEMBL4152207,CHEMBL4159382,,ChEMBL target CHEMBL1795185 (BRDT),measured,ChEMBL supplement
chembl:CHEMBL4176038,CHEMBL4176038,Cc1cc(/N=N/c2ccc3c(c2)CCC(=O)N3)c(N)cc1O,BRDT,warhead,IC50,3183.0,3183.0,=,5.4971633613789965,BD1,explicit,Inhibition of BRDT BD1 (unknown origin) after 1 hr by TR-FRET assay,CHEMBL4152207,CHEMBL4176038,,ChEMBL target CHEMBL1795185 (BRDT),measured,ChEMBL supplement
chembl:CHEMBL4176038,CHEMBL4176038,Cc1cc(/N=N/c2ccc3c(c2)CCC(=O)N3)c(N)cc1O,BRDT,warhead,IC50,2781.0,2781.0,=,5.555799011135841,BD2,explicit,Inhibition of BRDT BD2 (unknown origin) after 1 hr by TR-FRET assay,CHEMBL4152207,CHEMBL4176038,,ChEMBL target CHEMBL1795185 (BRDT),measured,ChEMBL supplement
chembl:CHEMBL4202678,CHEMBL4202678,COc1cc(C(=O)N2CCCCC2)ccc1Nc1ncc2c(n1)N(C1CCCC1)[C@H](C)C(=O)N2C,BRDT,warhead,IC50,369.0,369.0,=,6.432973633840939,BD1,explicit,Inhibition of BRDT-BD1 (unknown origin) incubated for 1 hr by AlphaScreen biotin-JQ1 competition assay,CHEMBL4196154,CHEMBL4202678,,ChEMBL target CHEMBL1795185 (BRDT),measured,ChEMBL supplement
chembl:CHEMBL4202820,CHEMBL4202820,COc1cc(C(=O)NC2CCN(C)CC2)ccc1Nc1ncc2c(n1)N(C1CCCCC1)[C@H](C)C(=O)N2C,BRDT,warhead,IC50,750.0,750.0,=,6.1249387366083,BD1,explicit,Inhibition of BRDT-BD1 (unknown origin) incubated for 1 hr by AlphaScreen biotin-JQ1 competition assay,CHEMBL4196154,CHEMBL4202820,,ChEMBL target CHEMBL1795185 (BRDT),measured,ChEMBL supplement
chembl:CHEMBL4203571,CHEMBL4203571,COc1cc(C(=O)NCCc2ccccc2)ccc1Nc1ncc2c(n1)N(C1CCCC1)[C@H](C)C(=O)N2C,BRDT,warhead,IC50,558.0,558.0,=,6.253365801062421,BD1,explicit,Inhibition of BRDT-BD1 (unknown origin) incubated for 1 hr by AlphaScreen biotin-JQ1 competition assay,CHEMBL4196154,CHEMBL4203571,,ChEMBL target CHEMBL1795185 (BRDT),measured,ChEMBL supplement
chembl:CHEMBL4205459,CHEMBL4205459,CN1CCC(NC(=O)c2ccc(Nc3ncc4c(n3)N(C3CCCC3)CC(=O)N4C)c(OC3CCCC3)c2)CC1,BRDT,warhead,IC50,3543.0,3543.0,=,5.450628847666823,BD1,explicit,Inhibition of BRDT-BD1 (unknown origin) incubated for 1 hr by AlphaScreen biotin-JQ1 competition assay,CHEMBL4196154,CHEMBL4205459,,ChEMBL target CHEMBL1795185 (BRDT),measured,ChEMBL supplement
chembl:CHEMBL4206052,CHEMBL4206052,COc1cc(C(=O)NC2CCN(C)CC2)ccc1Nc1ncc2c(n1)N(C(C)C)[C@H](C)C(=O)N2C,BRDT,warhead,IC50,978.0,978.0,=,6.009661145212398,BD1,explicit,Inhibition of BRDT-BD1 (unknown origin) incubated for 1 hr by AlphaScreen biotin-JQ1 competition assay,CHEMBL4196154,CHEMBL4206052,,ChEMBL target CHEMBL1795185 (BRDT),measured,ChEMBL supplement
chembl:CHEMBL4206171,CHEMBL4206171,CCC[C@@H]1C(=O)N(C)c2cnc(Nc3ccc(C(=O)NC4CCN(C)CC4)cc3OC)nc2N1C1CCCC1,BRDT,warhead,IC50,8468.0,8468.0,=,5.072219150652625,BD1,explicit,Inhibition of BRDT-BD1 (unknown origin) incubated for 1 hr by AlphaScreen biotin-JQ1 competition assay,CHEMBL4196154,CHEMBL4206171,,ChEMBL target CHEMBL1795185 (BRDT),measured,ChEMBL supplement
chembl:CHEMBL4206381,CHEMBL4206381,C[C@H]1C(=O)N(C)c2cnc(Nc3ccc(C(=O)NC4CCN(C)CC4)cc3OC3CCCC3)nc2N1C1CCCC1,BRDT,warhead,IC50,245.0,245.0,=,6.610833915635467,BD1,explicit,Inhibition of BRDT-BD1 (unknown origin) incubated for 1 hr by AlphaScreen biotin-JQ1 competition assay,CHEMBL4196154,CHEMBL4206381,,ChEMBL target CHEMBL1795185 (BRDT),measured,ChEMBL supplement
chembl:CHEMBL4207347,CHEMBL4207347,COc1cc(C(=O)NC2CCN(C)CC2)ccc1Nc1ncc2c(n1)N(C1CCOCC1)[C@H](CC(C)C)C(=O)N2C,BRDT,warhead,IC50,50000.0,50000.0,>,4.301029995663981,BD1,explicit,Inhibition of BRDT-BD1 (unknown origin) incubated for 1 hr by AlphaScreen biotin-JQ1 competition assay,CHEMBL4196154,CHEMBL4207347,,ChEMBL target CHEMBL1795185 (BRDT),measured,ChEMBL supplement
chembl:CHEMBL4207437,CHEMBL4207437,C[C@@H]1C(=O)N(C)c2cnc(Nc3ccc(C(=O)NC4CCN(C)CC4)cc3OC3CCCC3)nc2N1C1CCCC1,BRDT,warhead,IC50,102.0,102.0,=,6.991399828238082,BD1,explicit,Inhibition of BRDT-BD1 (unknown origin) incubated for 1 hr by AlphaScreen biotin-JQ1 competition assay,CHEMBL4196154,CHEMBL4207437,,ChEMBL target CHEMBL1795185 (BRDT),measured,ChEMBL supplement
chembl:CHEMBL4209192,CHEMBL4209192,CCC[C@@H]1C(=O)N(C)c2cnc(Nc3ccc(C(=O)NC4CCN(C)CC4)cc3OC3CCCC3)nc2N1C1CCCC1,BRDT,warhead,IC50,1951.0,1951.0,=,5.709742730605482,BD1,explicit,Inhibition of BRDT-BD1 (unknown origin) incubated for 1 hr by AlphaScreen biotin-JQ1 competition assay,CHEMBL4196154,CHEMBL4209192,,ChEMBL target CHEMBL1795185 (BRDT),measured,ChEMBL supplement
chembl:CHEMBL4209902,CHEMBL4209902,COc1cc(C(=O)NC2CCN(C)CC2)ccc1Nc1ncc2c(n1)N(C1CCCC1)[C@H](C)C(=O)N2C,BRDT,warhead,IC50,342.0,342.0,=,6.465973893943865,BD1,explicit,Inhibition of BRDT-BD1 (unknown origin) incubated for 1 hr by AlphaScreen biotin-JQ1 competition assay,CHEMBL4196154,CHEMBL4209902,,ChEMBL target CHEMBL1795185 (BRDT),measured,ChEMBL supplement
chembl:CHEMBL4210414,CHEMBL4210414,COc1cc(C(=O)NC2CCCCC2)ccc1Nc1ncc2c(n1)N(C1CCCC1)[C@H](C)C(=O)N2C,BRDT,warhead,IC50,378.0,378.0,=,6.422508200162775,BD1,explicit,Inhibition of BRDT-BD1 (unknown origin) incubated for 1 hr by AlphaScreen biotin-JQ1 competition assay,CHEMBL4196154,CHEMBL4210414,,ChEMBL target CHEMBL1795185 (BRDT),measured,ChEMBL supplement
chembl:CHEMBL4210571,CHEMBL4210571,COc1cc(C(=O)NCCN(C)C)ccc1Nc1ncc2c(n1)N(C1CCCC1)[C@H](C)C(=O)N2C,BRDT,warhead,IC50,392.0,392.0,=,6.406713932979542,BD1,explicit,Inhibition of BRDT-BD1 (unknown origin) incubated for 1 hr by AlphaScreen biotin-JQ1 competition assay,CHEMBL4196154,CHEMBL4210571,,ChEMBL target CHEMBL1795185 (BRDT),measured,ChEMBL supplement
chembl:CHEMBL4212346,CHEMBL4212346,COC(=O)c1ccc(Nc2ncc3c(n2)N(C2CCCC2)[C@H](C)C(=O)N3C)c(OC2CCCC2)c1,BRDT,warhead,IC50,933.0,933.0,=,6.0301183562534995,BD1,explicit,Inhibition of BRDT-BD1 (unknown origin) incubated for 1 hr by AlphaScreen biotin-JQ1 competition assay,CHEMBL4196154,CHEMBL4212346,,ChEMBL target CHEMBL1795185 (BRDT),measured,ChEMBL supplement
chembl:CHEMBL4213276,CHEMBL4213276,COc1cc(C(=O)NC2CCNCC2)ccc1Nc1ncc2c(n1)N(C1CCCC1)[C@H](C)C(=O)N2C,BRDT,warhead,IC50,560.0,560.0,=,6.251811972993799,BD1,explicit,Inhibition of BRDT-BD1 (unknown origin) incubated for 1 hr by AlphaScreen biotin-JQ1 competition assay,CHEMBL4196154,CHEMBL4213276,,ChEMBL target CHEMBL1795185 (BRDT),measured,ChEMBL supplement
chembl:CHEMBL4213809,CHEMBL4213809,CC(=O)N1c2ccc(-c3cnc(C(N)=O)nc3)cc2N(Cc2ccccc2CO)C[C@@H]1C1CC1,BRDT,warhead,IC50,501.19,501.19,=,6.299997602857746,BD1,explicit,Inhibition of BRDT BD1 (unknown origin) after 30 mins by TR-FRET assay,CHEMBL4184317,CHEMBL4213809,,ChEMBL target CHEMBL1795185 (BRDT),measured,ChEMBL supplement
chembl:CHEMBL4213809,CHEMBL4213809,CC(=O)N1c2ccc(-c3cnc(C(N)=O)nc3)cc2N(Cc2ccccc2CO)C[C@@H]1C1CC1,BRDT,warhead,IC50,100.0,100.0,=,7.0,BD2,explicit,Inhibition of BRDT BD2 (unknown origin) after 30 mins by TR-FRET assay,CHEMBL4184317,CHEMBL4213809,,ChEMBL target CHEMBL1795185 (BRDT),measured,ChEMBL supplement
chembl:CHEMBL4216442,CHEMBL4216442,COc1cc(C(=O)NC2=CCN(C)C=C2)ccc1Nc1ncc2c(n1)N(C1CCCC1)[C@H](C)C(=O)N2C,BRDT,warhead,IC50,289.0,289.0,=,6.539102157243452,BD1,explicit,Inhibition of BRDT-BD1 (unknown origin) incubated for 1 hr by AlphaScreen biotin-JQ1 competition assay,CHEMBL4196154,CHEMBL4216442,,ChEMBL target CHEMBL1795185 (BRDT),measured,ChEMBL supplement
chembl:CHEMBL4216875,CHEMBL4216875,COc1cc(C(=O)NC2CCN(C)CC2)ccc1Nc1ncc2c(n1)N(C1CCCC1)[C@@H](C)C(=O)N2C,BRDT,warhead,IC50,229.0,229.0,=,6.6401645176601125,BD1,explicit,Inhibition of BRDT-BD1 (unknown origin) incubated for 1 hr by AlphaScreen biotin-JQ1 competition assay,CHEMBL4196154,CHEMBL4216875,,ChEMBL target CHEMBL1795185 (BRDT),measured,ChEMBL supplement
chembl:CHEMBL4218735,CHEMBL4218735,CC(=O)N1c2ccc(C3=CCNCC3)cc2N(Cc2ccccc2CO)C[C@@H]1C1CC1,BRDT,warhead,IC50,1584.89,1584.89,=,5.800000874803203,BD1,explicit,Inhibition of BRDT BD1 (unknown origin) after 30 mins by TR-FRET assay,CHEMBL4184317,CHEMBL4218735,,ChEMBL target CHEMBL1795185 (BRDT),measured,ChEMBL supplement
chembl:CHEMBL4218735,CHEMBL4218735,CC(=O)N1c2ccc(C3=CCNCC3)cc2N(Cc2ccccc2CO)C[C@@H]1C1CC1,BRDT,warhead,IC50,199.53,199.53,=,6.699991797446187,BD2,explicit,Inhibition of BRDT BD2 (unknown origin) after 30 mins by TR-FRET assay,CHEMBL4184317,CHEMBL4218735,,ChEMBL target CHEMBL1795185 (BRDT),measured,ChEMBL supplement
chembl:CHEMBL4218735,CHEMBL4218735,CC(=O)N1c2ccc(C3=CCNCC3)cc2N(Cc2ccccc2CO)C[C@@H]1C1CC1,BRDT,warhead,Kd,1862.09,1862.09,=,5.7299993321845495,BD1,explicit,Binding affinity to human partial length DNA-tagged BRDT isoform b BD1 expressed in bacterial by BROMOscan method,CHEMBL4184317,CHEMBL4218735,,ChEMBL target CHEMBL1795185 (BRDT),measured,ChEMBL supplement
chembl:CHEMBL4218735,CHEMBL4218735,CC(=O)N1c2ccc(C3=CCNCC3)cc2N(Cc2ccccc2CO)C[C@@H]1C1CC1,BRDT,warhead,Kd,20.89,20.89,=,7.680061560019691,BD2,explicit,Binding affinity to human partial length DNA-tagged BRDT isoform b BD2 expressed in bacterial by BROMOscan method,CHEMBL4184317,CHEMBL4218735,,ChEMBL target CHEMBL1795185 (BRDT),measured,ChEMBL supplement
chembl:CHEMBL4297454,CHEMBL4297454,CCNC(=O)c1cc2c(-c3cc(C(C)(C)O)ccc3Oc3c(C)cc(F)cc3C)cn(C)c(=O)c2[nH]1,BRDT,warhead,IC50,1.55,1.55,=,8.809668301829708,BD2,explicit,Inhibition of N-terminal GST fused his tagged human BRDT BD2 extracted from Escherichia coli BL21 (DE3) cells using biotinylated tetraacetylated Histone H4 peptide SGRG-K(Ac)-GG-K(Ac)-GLG-K(Ac)-GGA-K(Ac)-RHRK-Biotin as substrate incubated for 1 hr by TR-FRET assay,CHEMBL6083288,CHEMBL4297454,,ChEMBL target CHEMBL1795185 (BRDT),measured,ChEMBL supplement
chembl:CHEMBL4297454,CHEMBL4297454,CCNC(=O)c1cc2c(-c3cc(C(C)(C)O)ccc3Oc3c(C)cc(F)cc3C)cn(C)c(=O)c2[nH]1,BRDT,warhead,Ki,917.0,917.0,=,6.0376306643299795,BD1,explicit,Inhibition of BRDT BD1 (unknown origin) after 1 hr by TR-FRET assay,CHEMBL4342522,CHEMBL4297454,,ChEMBL target CHEMBL1795185 (BRDT),measured,ChEMBL supplement
chembl:CHEMBL4297454,CHEMBL4297454,CCNC(=O)c1cc2c(-c3cc(C(C)(C)O)ccc3Oc3c(C)cc(F)cc3C)cn(C)c(=O)c2[nH]1,BRDT,warhead,Ki,1.0,1.0,=,9.0,BD2,explicit,Inhibition of BRDT BD2 (unknown origin) after 1 hr by TR-FRET assay,CHEMBL4342522,CHEMBL4297454,,ChEMBL target CHEMBL1795185 (BRDT),measured,ChEMBL supplement
chembl:CHEMBL4446421,CHEMBL4446421,COc1ccccc1S(=O)(=O)Nc1ccc2c3c(cc(-n4cnc(C)c4)nc13)C(=O)N2C,BRDT,warhead,IC50,357.1,357.1,=,6.447210149807217,BD1,explicit,Displacement of tetra-acetylated histone H4 peptide (1-21) from BRDT BD1 (unknown origin) incubated for 30 mins followed by further incubation with tetra-acetylated histone H4 peptide (1-21) for 30 mins by Alphascreen assay,CHEMBL4354830,CHEMBL4446421,,ChEMBL target CHEMBL1795185 (BRDT),measured,ChEMBL supplement
chembl:CHEMBL4455209,CHEMBL4455209,COc1cc(OC)c2c(=O)cc(-c3cc(C)c(OC[C@H](O)CN4CCCCC4)c(C)c3)oc2c1,BRDT,warhead,Kd,2869.0,2869.0,=,5.542269451754001,BD1,explicit,Binding affinity to recombinant BRDT BD1 (unknown origin) incubated for 1 hr by TR-FRET assay,CHEMBL4402595,CHEMBL4455209,,ChEMBL target CHEMBL1795185 (BRDT),measured,ChEMBL supplement
chembl:CHEMBL4455209,CHEMBL4455209,COc1cc(OC)c2c(=O)cc(-c3cc(C)c(OC[C@H](O)CN4CCCCC4)c(C)c3)oc2c1,BRDT,warhead,Kd,2317.0,2317.0,=,5.635073966210024,BD2,explicit,Binding affinity to recombinant BRDT BD2 (unknown origin) incubated for 1 hr by TR-FRET assay,CHEMBL4402595,CHEMBL4455209,,ChEMBL target CHEMBL1795185 (BRDT),measured,ChEMBL supplement
chembl:CHEMBL4514808,CHEMBL4514808,Cc1cc(-c2nc3sc4c(c3c(=O)[nH]2)CCN(C)C4)cc(C)c1OCCCCCC(=O)NO,BRDT,warhead,IC50,20000.0,20000.0,>,4.698970004336019,BD1,explicit,Inhibition of human recombinant His-tagged BRDT BD1 domain expressed in Escherichia coli BL21(DE3)-R3-pRARE2 cells by AlphaScreen assay,CHEMBL4342471,CHEMBL4514808,,ChEMBL target CHEMBL1795185 (BRDT),measured,ChEMBL supplement
chembl:CHEMBL4517875,CHEMBL4517875,COc1cc(OC)c2c(=O)cc(-c3cc(C)c(OC[C@@H](O)CN4CCN(C)CC4)c(C)c3)oc2c1,BRDT,warhead,Kd,2765.0,2765.0,=,5.5583048643592825,BD1,explicit,Binding affinity to recombinant BRDT BD1 (unknown origin) incubated for 1 hr by TR-FRET assay,CHEMBL4402595,CHEMBL4517875,,ChEMBL target CHEMBL1795185 (BRDT),measured,ChEMBL supplement
chembl:CHEMBL4517875,CHEMBL4517875,COc1cc(OC)c2c(=O)cc(-c3cc(C)c(OC[C@@H](O)CN4CCN(C)CC4)c(C)c3)oc2c1,BRDT,warhead,Kd,2545.0,2545.0,=,5.594312213327223,BD2,explicit,Binding affinity to recombinant BRDT BD2 (unknown origin) incubated for 1 hr by TR-FRET assay,CHEMBL4402595,CHEMBL4517875,,ChEMBL target CHEMBL1795185 (BRDT),measured,ChEMBL supplement
chembl:CHEMBL4549898,CHEMBL4549898,COc1cc(OC)c2c(=O)cc(-c3cc(C)c(OC[C@@H](O)CN4CCCCC4)c(C)c3)oc2c1,BRDT,warhead,Kd,2502.0,2502.0,=,5.601712694642599,BD1,explicit,Binding affinity to recombinant BRDT BD1 (unknown origin) incubated for 1 hr by TR-FRET assay,CHEMBL4402595,CHEMBL4549898,,ChEMBL target CHEMBL1795185 (BRDT),measured,ChEMBL supplement
chembl:CHEMBL4549898,CHEMBL4549898,COc1cc(OC)c2c(=O)cc(-c3cc(C)c(OC[C@@H](O)CN4CCCCC4)c(C)c3)oc2c1,BRDT,warhead,Kd,2411.0,2411.0,=,5.617802789622546,BD2,explicit,Binding affinity to recombinant BRDT BD2 (unknown origin) incubated for 1 hr by TR-FRET assay,CHEMBL4402595,CHEMBL4549898,,ChEMBL target CHEMBL1795185 (BRDT),measured,ChEMBL supplement
chembl:CHEMBL4557050,CHEMBL4557050,COc1cc(OC)c2c(=O)cc(-c3cc(C)c(OC[C@H](O)CN4CCN(C)CC4)c(C)c3)oc2c1,BRDT,warhead,Kd,3592.0,3592.0,=,5.444663672004733,BD1,explicit,Binding affinity to recombinant BRDT BD1 (unknown origin) incubated for 1 hr by TR-FRET assay,CHEMBL4402595,CHEMBL4557050,,ChEMBL target CHEMBL1795185 (BRDT),measured,ChEMBL supplement
chembl:CHEMBL4557050,CHEMBL4557050,COc1cc(OC)c2c(=O)cc(-c3cc(C)c(OC[C@H](O)CN4CCN(C)CC4)c(C)c3)oc2c1,BRDT,warhead,Kd,3176.0,3176.0,=,5.498119506244942,BD2,explicit,Binding affinity to recombinant BRDT BD2 (unknown origin) incubated for 1 hr by TR-FRET assay,CHEMBL4402595,CHEMBL4557050,,ChEMBL target CHEMBL1795185 (BRDT),measured,ChEMBL supplement
chembl:CHEMBL4583297,CHEMBL4583297,CC1(C2CC2)NC(=O)N(CC(=O)Nc2ccc(Br)c(S(=O)(=O)N3CCCCC3)c2)C1=O,BRDT,warhead,IC50,25118.86,25118.86,=,4.600000074606178,BD1_BD2,pan_unspecified,Displacement of Alexa Fluor 647 labelled ligand from His6/FLAG-tagged TEV fused BRDT BD1(1 to 397 residues)/BD2 Y309A mutant (unknown origin) after 30 mins by TR-FRET assay,CHEMBL4311956,CHEMBL4583297,,ChEMBL target CHEMBL1795185 (BRDT),measured,ChEMBL supplement
chembl:CHEMBL4583297,CHEMBL4583297,CC1(C2CC2)NC(=O)N(CC(=O)Nc2ccc(Br)c(S(=O)(=O)N3CCCCC3)c2)C1=O,BRDT,warhead,IC50,15848.93,15848.93,=,4.800000052738446,BD2,explicit,Displacement of Alexa Fluor 647 labelled ligand from His6/FLAG-tagged TEV fused BRDT BD2(1 to 397 residues)/BD2 Y66A mutant (unknown origin) after 30 mins by TR-FRET assay,CHEMBL4311956,CHEMBL4583297,,ChEMBL target CHEMBL1795185 (BRDT),measured,ChEMBL supplement
chembl:CHEMBL4633353,CHEMBL4633353,CNC(=O)c1cccn(Cc2ccccc2)c1=O,BRDT,warhead,IC50,1995.26,1995.26,=,5.700000503883016,BD2,explicit,Binding affinity to 6His-FLAG-Tev-BRDT (1 to 397 residues) BD2 domain Y309A or Y66A mutant (unknown origin) incubated for 30 mins by TR-FRET assay,CHEMBL4622971,CHEMBL4633353,,ChEMBL target CHEMBL1795185 (BRDT),measured,ChEMBL supplement
chembl:CHEMBL4633353,CHEMBL4633353,CNC(=O)c1cccn(Cc2ccccc2)c1=O,BRDT,warhead,IC50,10000.0,10000.0,=,5.0,BD1,explicit,Binding affinity to 6His-FLAG-Tev-BRDT (1 to 397 residues) BD1 domain (unknown origin) incubated for 30 mins by TR-FRET assay,CHEMBL4622971,CHEMBL4633353,,ChEMBL target CHEMBL1795185 (BRDT),measured,ChEMBL supplement
chembl:CHEMBL4635134,CHEMBL4635134,CNC(=O)c1cc(C(=O)NC2CC2)cn(Cc2ccccc2)c1=O,BRDT,warhead,IC50,199.53,199.53,=,6.699991797446187,BD2,explicit,Binding affinity to 6His-FLAG-Tev-BRDT (1 to 397 residues) BD2 domain Y309A or Y66A mutant (unknown origin) incubated for 30 mins by TR-FRET assay,CHEMBL4622971,CHEMBL4635134,,ChEMBL target CHEMBL1795185 (BRDT),measured,ChEMBL supplement
chembl:CHEMBL4635134,CHEMBL4635134,CNC(=O)c1cc(C(=O)NC2CC2)cn(Cc2ccccc2)c1=O,BRDT,warhead,IC50,25118.86,25118.86,=,4.600000074606178,BD1,explicit,Binding affinity to 6His-FLAG-Tev-BRDT (1 to 397 residues) BD1 domain (unknown origin) incubated for 30 mins by TR-FRET assay,CHEMBL4622971,CHEMBL4635134,,ChEMBL target CHEMBL1795185 (BRDT),measured,ChEMBL supplement
chembl:CHEMBL4635134,CHEMBL4635134,CNC(=O)c1cc(C(=O)NC2CC2)cn(Cc2ccccc2)c1=O,BRDT,warhead,IC50,22634.0,22634.0,=,4.645238688448411,BD1,explicit,TR-FRET assay (BRDT BD1),CHEMBL4630909,CHEMBL4635134,,ChEMBL target CHEMBL1795185 (BRDT),measured,ChEMBL supplement
chembl:CHEMBL4635134,CHEMBL4635134,CNC(=O)c1cc(C(=O)NC2CC2)cn(Cc2ccccc2)c1=O,BRDT,warhead,IC50,184.0,184.0,=,6.735182176990463,BD2,explicit,TR-FRET assay (BRDT BD2),CHEMBL4630909,CHEMBL4635134,,ChEMBL target CHEMBL1795185 (BRDT),measured,ChEMBL supplement
chembl:CHEMBL4635134,CHEMBL4635134,CNC(=O)c1cc(C(=O)NC2CC2)cn(Cc2ccccc2)c1=O,BRDT,warhead,IC50,25118.86,25118.86,=,4.600000074606178,BD1,explicit,BET mutant TR-FRET assay (BRDT BD1),CHEMBL4630909,CHEMBL4635134,,ChEMBL target CHEMBL1795185 (BRDT),measured,ChEMBL supplement
chembl:CHEMBL4635134,CHEMBL4635134,CNC(=O)c1cc(C(=O)NC2CC2)cn(Cc2ccccc2)c1=O,BRDT,warhead,IC50,199.53,199.53,=,6.699991797446187,BD2,explicit,BET mutant TR-FRET assay (BRDT BD2),CHEMBL4630909,CHEMBL4635134,,ChEMBL target CHEMBL1795185 (BRDT),measured,ChEMBL supplement
chembl:CHEMBL4635134,CHEMBL4635134,CNC(=O)c1cc(C(=O)NC2CC2)cn(Cc2ccccc2)c1=O,BRDT,warhead,Kd,5011.87,5011.87,=,5.300000202445418,BD1,explicit,BRDT BD1 Bromoscan (DiscoverX),CHEMBL4630909,CHEMBL4635134,,ChEMBL target CHEMBL1795185 (BRDT),measured,ChEMBL supplement
chembl:CHEMBL4635134,CHEMBL4635134,CNC(=O)c1cc(C(=O)NC2CC2)cn(Cc2ccccc2)c1=O,BRDT,warhead,Kd,15.85,15.85,=,7.79997073344623,BD2,explicit,BRDT BD2 Bromoscan (DiscoverX),CHEMBL4630909,CHEMBL4635134,,ChEMBL target CHEMBL1795185 (BRDT),measured,ChEMBL supplement
chembl:CHEMBL4635329,CHEMBL4635329,COCc1nc2cnc3cc(-c4c(C)noc4C)c(OC)cc3c2n1[C@H](C)c1ccccc1,BRDT,warhead,IC50,25.12,25.12,=,7.599980364934842,BD1_BD2,pan_unspecified,Displacement of Alexa Fluor 647 labelled I-BET762 from N-terminal His6-tagged human BRDT BD1 (1 to 397 residues)/BD2 Y309A mutant expressed in Escherichia coli after 1 hr by TR-FRET assay,CHEMBL4622984,CHEMBL4635329,,ChEMBL target CHEMBL1795185 (BRDT),measured,ChEMBL supplement
chembl:CHEMBL4635329,CHEMBL4635329,COCc1nc2cnc3cc(-c4c(C)noc4C)c(OC)cc3c2n1[C@H](C)c1ccccc1,BRDT,warhead,IC50,316.23,316.23,=,6.499996931948306,BD1_BD2,pan_unspecified,Displacement of Alexa Fluor 647 labelled I-BET762 from N-terminal His6-tagged human BRDT BD2 (1 to 397 residues)/BD1 Y66A mutant expressed in Escherichia coli after 1 hr by TR-FRET assay,CHEMBL4622984,CHEMBL4635329,,ChEMBL target CHEMBL1795185 (BRDT),measured,ChEMBL supplement
chembl:CHEMBL4635540,CHEMBL4635540,Cc1cc2c(-c3ccco3)cnc(N[C@H]3CCN(C)C[C@@H]3C(=O)NC3CCCCC3)c2[nH]c1=O,BRDT,warhead,IC50,6309.57,6309.57,=,5.200000237109354,BD1,explicit,BET mutant TR-FRET assay (BRDT BD1),CHEMBL4630905,CHEMBL4635540,,ChEMBL target CHEMBL1795185 (BRDT),measured,ChEMBL supplement
chembl:CHEMBL4635540,CHEMBL4635540,Cc1cc2c(-c3ccco3)cnc(N[C@H]3CCN(C)C[C@@H]3C(=O)NC3CCCCC3)c2[nH]c1=O,BRDT,warhead,IC50,7943.28,7943.28,=,5.100000128334196,BD2,explicit,BET mutant TR-FRET assay (BRDT BD2),CHEMBL4630905,CHEMBL4635540,,ChEMBL target CHEMBL1795185 (BRDT),measured,ChEMBL supplement
chembl:CHEMBL4636881,CHEMBL4636881,CC(=O)Nc1c(F)cc(C(=O)N[C@H]2CC[C@H](O)CC2)cc1O[C@@H](C)c1ccccc1,BRDT,warhead,IC50,50118.72,50118.72,>,4.300000029139088,BD1_BD2,pan_unspecified,Displacement of Alexa Fluor 647 labelled ligand from 6His-FLAG-Tev-tagged BRDT BD1/BD2 Y309A (1 to 397 residues) (unknown origin) measured after 30 mins by TR-FRET assay,CHEMBL4665705,CHEMBL4636881,,ChEMBL target CHEMBL1795185 (BRDT),measured,ChEMBL supplement
chembl:CHEMBL4636881,CHEMBL4636881,CC(=O)Nc1c(F)cc(C(=O)N[C@H]2CC[C@H](O)CC2)cc1O[C@@H](C)c1ccccc1,BRDT,warhead,IC50,199.53,199.53,=,6.699991797446187,BD1_BD2,pan_unspecified,Displacement of Alexa Fluor 647 labelled ligand from 6His-Thr tagged BRDT BD2/BD1 Y66A mutant (1 to 397 residues) (unknown origin) measured after 30 mins by TR-FRET assay,CHEMBL4665705,CHEMBL4636881,,ChEMBL target CHEMBL1795185 (BRDT),measured,ChEMBL supplement
chembl:CHEMBL4636881,CHEMBL4636881,CC(=O)Nc1c(F)cc(C(=O)N[C@H]2CC[C@H](O)CC2)cc1O[C@@H](C)c1ccccc1,BRDT,warhead,IC50,50119.0,50119.0,>,4.299997602857746,BD1,explicit,TR-FRET assay (BRDT BD1),CHEMBL4630908,CHEMBL4636881,,ChEMBL target CHEMBL1795185 (BRDT),measured,ChEMBL supplement
chembl:CHEMBL4636881,CHEMBL4636881,CC(=O)Nc1c(F)cc(C(=O)N[C@H]2CC[C@H](O)CC2)cc1O[C@@H](C)c1ccccc1,BRDT,warhead,IC50,214.0,214.0,=,6.669586226650809,BD2,explicit,TR-FRET assay (BRDT BD2),CHEMBL4630908,CHEMBL4636881,,ChEMBL target CHEMBL1795185 (BRDT),measured,ChEMBL supplement
chembl:CHEMBL4636881,CHEMBL4636881,CC(=O)Nc1c(F)cc(C(=O)N[C@H]2CC[C@H](O)CC2)cc1O[C@@H](C)c1ccccc1,BRDT,warhead,IC50,50118.72,50118.72,=,4.300000029139088,BD1,explicit,BET mutant TR-FRET assay (BRDT BD1),CHEMBL4630908,CHEMBL4636881,,ChEMBL target CHEMBL1795185 (BRDT),measured,ChEMBL supplement
chembl:CHEMBL4636881,CHEMBL4636881,CC(=O)Nc1c(F)cc(C(=O)N[C@H]2CC[C@H](O)CC2)cc1O[C@@H](C)c1ccccc1,BRDT,warhead,IC50,199.53,199.53,=,6.699991797446187,BD2,explicit,BET mutant TR-FRET assay (BRDT BD2),CHEMBL4630908,CHEMBL4636881,,ChEMBL target CHEMBL1795185 (BRDT),measured,ChEMBL supplement
chembl:CHEMBL4636881,CHEMBL4636881,CC(=O)Nc1c(F)cc(C(=O)N[C@H]2CC[C@H](O)CC2)cc1O[C@@H](C)c1ccccc1,BRDT,warhead,Kd,2454.0,2454.0,=,5.610125441609014,BD1,explicit,BRDT BD1 Bromoscan (DiscoverX),CHEMBL4630908,CHEMBL4636881,,ChEMBL target CHEMBL1795185 (BRDT),measured,ChEMBL supplement
chembl:CHEMBL4636881,CHEMBL4636881,CC(=O)Nc1c(F)cc(C(=O)N[C@H]2CC[C@H](O)CC2)cc1O[C@@H](C)c1ccccc1,BRDT,warhead,Kd,15.0,15.0,=,7.823908740944319,BD2,explicit,BRDT BD2 Bromoscan (DiscoverX),CHEMBL4630908,CHEMBL4636881,,ChEMBL target CHEMBL1795185 (BRDT),measured,ChEMBL supplement
chembl:CHEMBL4637208,CHEMBL4637208,CNC(=O)c1cc(C(=O)N[C@H]2[C@@H]3COC[C@@H]32)cc2c1O[C@H](CF)[C@H]2c1ccccc1,BRDT,warhead,IC50,31622.78,31622.78,=,4.499999953328896,BD1,explicit,BET mutant TR-FRET assay (BRDT BD1),CHEMBL4630902,CHEMBL4637208,,ChEMBL target CHEMBL1795185 (BRDT),measured,ChEMBL supplement
chembl:CHEMBL4637208,CHEMBL4637208,CNC(=O)c1cc(C(=O)N[C@H]2[C@@H]3COC[C@@H]32)cc2c1O[C@H](CF)[C@H]2c1ccccc1,BRDT,warhead,Kd,3981.07,3981.07,=,5.40000018605658,BD1,explicit,BRDT BD1 Bromoscan (DiscoverX),CHEMBL4630902,CHEMBL4637208,,ChEMBL target CHEMBL1795185 (BRDT),measured,ChEMBL supplement
chembl:CHEMBL4637208,CHEMBL4637208,CNC(=O)c1cc(C(=O)N[C@H]2[C@@H]3COC[C@@H]32)cc2c1O[C@H](CF)[C@H]2c1ccccc1,BRDT,warhead,Kd,5.012,5.012,=,8.299988937677888,BD2,explicit,BRDT BD2 Bromoscan (DiscoverX),CHEMBL4630902,CHEMBL4637208,,ChEMBL target CHEMBL1795185 (BRDT),measured,ChEMBL supplement
chembl:CHEMBL4637208,CHEMBL4637208,CNC(=O)c1cc(C(=O)N[C@H]2[C@@H]3COC[C@@H]32)cc2c1O[C@H](CF)[C@H]2c1ccccc1,BRDT,warhead,Kd,3981.07,3981.07,=,5.40000018605658,BD1,explicit,BRDT (BD1) DiscoverX BROMOscan,CHEMBL4630902,CHEMBL4637208,,ChEMBL target CHEMBL1795185 (BRDT),measured,ChEMBL supplement
chembl:CHEMBL4637208,CHEMBL4637208,CNC(=O)c1cc(C(=O)N[C@H]2[C@@H]3COC[C@@H]32)cc2c1O[C@H](CF)[C@H]2c1ccccc1,BRDT,warhead,Kd,5.012,5.012,=,8.299988937677888,BD2,explicit,BRDT (BD2) DiscoverX BROMOscan,CHEMBL4630902,CHEMBL4637208,,ChEMBL target CHEMBL1795185 (BRDT),measured,ChEMBL supplement
chembl:CHEMBL4637442,CHEMBL4637442,CNC(=O)c1ccc(=O)n(Cc2cc(Br)ccc2F)c1,BRDT,warhead,IC50,12589.25,12589.25,=,4.900000142057633,BD2,explicit,Binding affinity to 6His-FLAG-Tev-BRDT (1 to 397 residues) BD2 domain Y309A or Y66A mutant (unknown origin) incubated for 30 mins by TR-FRET assay,CHEMBL4622971,CHEMBL4637442,,ChEMBL target CHEMBL1795185 (BRDT),measured,ChEMBL supplement
chembl:CHEMBL4637442,CHEMBL4637442,CNC(=O)c1ccc(=O)n(Cc2cc(Br)ccc2F)c1,BRDT,warhead,IC50,39810.72,39810.72,=,4.399999967876858,BD1,explicit,Binding affinity to 6His-FLAG-Tev-BRDT (1 to 397 residues) BD1 domain (unknown origin) incubated for 30 mins by TR-FRET assay,CHEMBL4622971,CHEMBL4637442,,ChEMBL target CHEMBL1795185 (BRDT),measured,ChEMBL supplement
chembl:CHEMBL4639128,CHEMBL4639128,COCc1nc2cnc3cc(-c4c(C)noc4C)c(OC[C@H]4CCNC4)cc3c2n1[C@H](C)c1ccccc1,BRDT,warhead,IC50,158.49,158.49,=,6.799998134593398,BD1_BD2,pan_unspecified,Displacement of Alexa Fluor 647 labelled I-BET762 from N-terminal His6-tagged human BRDT BD1 (1 to 397 residues)/BD2 Y309A mutant expressed in Escherichia coli after 1 hr by TR-FRET assay,CHEMBL4622984,CHEMBL4639128,,ChEMBL target CHEMBL1795185 (BRDT),measured,ChEMBL supplement
chembl:CHEMBL4639128,CHEMBL4639128,COCc1nc2cnc3cc(-c4c(C)noc4C)c(OC[C@H]4CCNC4)cc3c2n1[C@H](C)c1ccccc1,BRDT,warhead,IC50,15848.93,15848.93,=,4.800000052738446,BD1_BD2,pan_unspecified,Displacement of Alexa Fluor 647 labelled I-BET762 from N-terminal His6-tagged human BRDT BD2 (1 to 397 residues)/BD1 Y66A mutant expressed in Escherichia coli after 1 hr by TR-FRET assay,CHEMBL4622984,CHEMBL4639128,,ChEMBL target CHEMBL1795185 (BRDT),measured,ChEMBL supplement
chembl:CHEMBL4639128,CHEMBL4639128,COCc1nc2cnc3cc(-c4c(C)noc4C)c(OC[C@H]4CCNC4)cc3c2n1[C@H](C)c1ccccc1,BRDT,warhead,IC50,143.0,143.0,=,6.844663962534938,BD1,explicit,TR-FRET assay (BRDT BD1),CHEMBL4630907,CHEMBL4639128,,ChEMBL target CHEMBL1795185 (BRDT),measured,ChEMBL supplement
chembl:CHEMBL4639128,CHEMBL4639128,COCc1nc2cnc3cc(-c4c(C)noc4C)c(OC[C@H]4CCNC4)cc3c2n1[C@H](C)c1ccccc1,BRDT,warhead,IC50,17451.0,17451.0,=,4.75817968148197,BD2,explicit,TR-FRET assay (BRDT BD2),CHEMBL4630907,CHEMBL4639128,,ChEMBL target CHEMBL1795185 (BRDT),measured,ChEMBL supplement
chembl:CHEMBL4639128,CHEMBL4639128,COCc1nc2cnc3cc(-c4c(C)noc4C)c(OC[C@H]4CCNC4)cc3c2n1[C@H](C)c1ccccc1,BRDT,warhead,IC50,158.49,158.49,=,6.799998134593398,BD1,explicit,BET mutant TR-FRET assay (BRDT BD1),CHEMBL4630907,CHEMBL4639128,,ChEMBL target CHEMBL1795185 (BRDT),measured,ChEMBL supplement
chembl:CHEMBL4639128,CHEMBL4639128,COCc1nc2cnc3cc(-c4c(C)noc4C)c(OC[C@H]4CCNC4)cc3c2n1[C@H](C)c1ccccc1,BRDT,warhead,IC50,15848.93,15848.93,=,4.800000052738446,BD2,explicit,BET mutant TR-FRET assay (BRDT BD2),CHEMBL4630907,CHEMBL4639128,,ChEMBL target CHEMBL1795185 (BRDT),measured,ChEMBL supplement
chembl:CHEMBL4639878,CHEMBL4639878,CNC(=O)c1ccc(=O)n(Cc2ccccc2)c1,BRDT,warhead,IC50,19952.62,19952.62,=,4.70000006855703,BD2,explicit,Binding affinity to 6His-FLAG-Tev-BRDT (1 to 397 residues) BD2 domain Y309A or Y66A mutant (unknown origin) incubated for 30 mins by TR-FRET assay,CHEMBL4622971,CHEMBL4639878,,ChEMBL target CHEMBL1795185 (BRDT),measured,ChEMBL supplement
chembl:CHEMBL4639878,CHEMBL4639878,CNC(=O)c1ccc(=O)n(Cc2ccccc2)c1,BRDT,warhead,IC50,31622.78,31622.78,=,4.499999953328896,BD1,explicit,Binding affinity to 6His-FLAG-Tev-BRDT (1 to 397 residues) BD1 domain (unknown origin) incubated for 30 mins by TR-FRET assay,CHEMBL4622971,CHEMBL4639878,,ChEMBL target CHEMBL1795185 (BRDT),measured,ChEMBL supplement
chembl:CHEMBL4648362,CHEMBL4648362,Cc1cc2c(-c3ccco3)cnc(N[C@@H]3CCN(C)C[C@H]3C(=O)NC3CCCCC3)c2[nH]c1=O,BRDT,warhead,IC50,630.96,630.96,=,6.199998172182031,BD1,explicit,BET mutant TR-FRET assay (BRDT BD1),CHEMBL4630905,CHEMBL4648362,,ChEMBL target CHEMBL1795185 (BRDT),measured,ChEMBL supplement
chembl:CHEMBL4648362,CHEMBL4648362,Cc1cc2c(-c3ccco3)cnc(N[C@@H]3CCN(C)C[C@H]3C(=O)NC3CCCCC3)c2[nH]c1=O,BRDT,warhead,IC50,12589.25,12589.25,=,4.900000142057633,BD2,explicit,BET mutant TR-FRET assay (BRDT BD2),CHEMBL4630905,CHEMBL4648362,,ChEMBL target CHEMBL1795185 (BRDT),measured,ChEMBL supplement
chembl:CHEMBL4648362,CHEMBL4648362,Cc1cc2c(-c3ccco3)cnc(N[C@@H]3CCN(C)C[C@H]3C(=O)NC3CCCCC3)c2[nH]c1=O,BRDT,warhead,Kd,10.0,10.0,=,8.0,BD1,explicit,Binding affinity to full length BRDT BD1 in human HuT78 cell lysates incubated for 45 mins by liquid chromatography-mass spectrometry based chemoproteomic binding assay,CHEMBL4725292,CHEMBL4648362,,ChEMBL target CHEMBL1795185 (BRDT),measured,ChEMBL supplement
chembl:CHEMBL4648362,CHEMBL4648362,Cc1cc2c(-c3ccco3)cnc(N[C@@H]3CCN(C)C[C@H]3C(=O)NC3CCCCC3)c2[nH]c1=O,BRDT,warhead,Kd,31622.78,31622.78,>,4.499999953328896,BD2,explicit,Binding affinity to full length BRDT BD2 in human HuT78 cell lysates incubated for 45 mins by liquid chromatography-mass spectrometry based chemoproteomic binding assay,CHEMBL4725292,CHEMBL4648362,,ChEMBL target CHEMBL1795185 (BRDT),measured,ChEMBL supplement
chembl:CHEMBL4648362,CHEMBL4648362,Cc1cc2c(-c3ccco3)cnc(N[C@@H]3CCN(C)C[C@H]3C(=O)NC3CCCCC3)c2[nH]c1=O,BRDT,warhead,Kd,19.95,19.95,=,7.700057099977233,BD1,explicit,BRDT BD1 Bromoscan (DiscoverX),CHEMBL4630905,CHEMBL4648362,,ChEMBL target CHEMBL1795185 (BRDT),measured,ChEMBL supplement
chembl:CHEMBL4648362,CHEMBL4648362,Cc1cc2c(-c3ccco3)cnc(N[C@@H]3CCN(C)C[C@H]3C(=O)NC3CCCCC3)c2[nH]c1=O,BRDT,warhead,Kd,19952.62,19952.62,=,4.70000006855703,BD2,explicit,BRDT BD2 Bromoscan (DiscoverX),CHEMBL4630905,CHEMBL4648362,,ChEMBL target CHEMBL1795185 (BRDT),measured,ChEMBL supplement
chembl:CHEMBL4648362,CHEMBL4648362,Cc1cc2c(-c3ccco3)cnc(N[C@@H]3CCN(C)C[C@H]3C(=O)NC3CCCCC3)c2[nH]c1=O,BRDT,warhead,Kd,10.0,10.0,=,8.0,BD1,explicit,BRDT BD1 Chemoproteomics,CHEMBL4630905,CHEMBL4648362,,ChEMBL target CHEMBL1795185 (BRDT),measured,ChEMBL supplement
chembl:CHEMBL4648362,CHEMBL4648362,Cc1cc2c(-c3ccco3)cnc(N[C@@H]3CCN(C)C[C@H]3C(=O)NC3CCCCC3)c2[nH]c1=O,BRDT,warhead,Kd,31622.78,31622.78,>,4.499999953328896,BD2,explicit,BRDT BD2 Chemoproteomics,CHEMBL4630905,CHEMBL4648362,,ChEMBL target CHEMBL1795185 (BRDT),measured,ChEMBL supplement
chembl:CHEMBL4648362,CHEMBL4648362,Cc1cc2c(-c3ccco3)cnc(N[C@@H]3CCN(C)C[C@H]3C(=O)NC3CCCCC3)c2[nH]c1=O,BRDT,warhead,Kd,19.95,19.95,=,7.700057099977233,BD1,explicit,BRDT (BD1) DiscoverX BROMOscan,CHEMBL4630905,CHEMBL4648362,,ChEMBL target CHEMBL1795185 (BRDT),measured,ChEMBL supplement
chembl:CHEMBL4648362,CHEMBL4648362,Cc1cc2c(-c3ccco3)cnc(N[C@@H]3CCN(C)C[C@H]3C(=O)NC3CCCCC3)c2[nH]c1=O,BRDT,warhead,Kd,19952.62,19952.62,=,4.70000006855703,BD2,explicit,BRDT (BD2) DiscoverX BROMOscan,CHEMBL4630905,CHEMBL4648362,,ChEMBL target CHEMBL1795185 (BRDT),measured,ChEMBL supplement
chembl:CHEMBL4648431,CHEMBL4648431,CNC(=O)c1cc(C(=O)NC2CC2)cn(Cc2cccc3[nH]ccc23)c1=O,BRDT,warhead,IC50,39.81,39.81,=,7.400007822415902,BD2,explicit,Binding affinity to 6His-FLAG-Tev-BRDT (1 to 397 residues) BD2 domain Y309A or Y66A mutant (unknown origin) incubated for 30 mins by TR-FRET assay,CHEMBL4622971,CHEMBL4648431,,ChEMBL target CHEMBL1795185 (BRDT),measured,ChEMBL supplement
chembl:CHEMBL4648431,CHEMBL4648431,CNC(=O)c1cc(C(=O)NC2CC2)cn(Cc2cccc3[nH]ccc23)c1=O,BRDT,warhead,IC50,19952.62,19952.62,=,4.70000006855703,BD1,explicit,Binding affinity to 6His-FLAG-Tev-BRDT (1 to 397 residues) BD1 domain (unknown origin) incubated for 30 mins by TR-FRET assay,CHEMBL4622971,CHEMBL4648431,,ChEMBL target CHEMBL1795185 (BRDT),measured,ChEMBL supplement
chembl:CHEMBL4749664,CHEMBL4749664,Cc1noc(C)c1-c1ccc2nc(-c3cnn(CC(C)(C)O)c3)nc(N3CCOC[C@@H]3c3ccccc3)c2c1,BRDT,warhead,Kd,76.0,76.0,=,7.119186407719209,BD1,explicit,Binding affinity to human partial length BRDT (BD1) (N21 to E137 residues) expressed in bacterial expression system by BROMOscan assay,CHEMBL4665641,CHEMBL4749664,,ChEMBL target CHEMBL1795185 (BRDT),measured,ChEMBL supplement
chembl:CHEMBL4749664,CHEMBL4749664,Cc1noc(C)c1-c1ccc2nc(-c3cnn(CC(C)(C)O)c3)nc(N3CCOC[C@@H]3c3ccccc3)c2c1,BRDT,warhead,Kd,160.0,160.0,=,6.795880017344075,BD2,explicit,Binding affinity to human partial length BRDT (BD2) (K250 to E382 residues) expressed in bacterial expression system by BROMOscan assay,CHEMBL4665641,CHEMBL4749664,,ChEMBL target CHEMBL1795185 (BRDT),measured,ChEMBL supplement
chembl:CHEMBL4749664,CHEMBL4749664,Cc1noc(C)c1-c1ccc2nc(-c3cnn(CC(C)(C)O)c3)nc(N3CCOC[C@@H]3c3ccccc3)c2c1,BRDT,warhead,Kd,170.0,170.0,=,6.769551078621726,BD1,explicit,"Binding affinity to human partial length BRDT (BD1,2) (N21 to E382 residues) expressed in bacterial expression system by BROMOscan assay",CHEMBL4665641,CHEMBL4749664,,ChEMBL target CHEMBL1795185 (BRDT),measured,ChEMBL supplement
chembl:CHEMBL4763016,CHEMBL4763016,CN1C(=O)c2c(F)cccc2Oc2cc(N[C@H]3CC[C@H](O)CC3)ncc21,BRDT,warhead,Kd,170.0,170.0,=,6.769551078621726,BD1,explicit,Binding affinity to human partial length BRDT-BD1 (N21 to E137 residues) expressed in bacterial expression system by BROMOscan method,CHEMBL4715913,CHEMBL4763016,,ChEMBL target CHEMBL1795185 (BRDT),measured,ChEMBL supplement
chembl:CHEMBL4763016,CHEMBL4763016,CN1C(=O)c2c(F)cccc2Oc2cc(N[C@H]3CC[C@H](O)CC3)ncc21,BRDT,warhead,Kd,220.0,220.0,=,6.657577319177793,BD2,explicit,Binding affinity to human partial length BRDT-BD2 (K250 to E382 residues) expressed in bacterial expression system by BROMOscan method,CHEMBL4715913,CHEMBL4763016,,ChEMBL target CHEMBL1795185 (BRDT),measured,ChEMBL supplement
chembl:CHEMBL4780530,CHEMBL4780530,Cc1nnc2n1-c1ccc(-c3ccc(N)nc3)cc1N(c1ccc(Cl)cc1)C[C@H]2C,BRDT,warhead,IC50,3.0,3.0,=,8.522878745280337,BD1,explicit,Inhibition of BRDT BD1 (unknown origin) using biotinylated JQ1 analog as substrate measured after 20 mins by AlphaLISA assay,CHEMBL4715706,CHEMBL4780530,,ChEMBL target CHEMBL1795185 (BRDT),measured,ChEMBL supplement
chembl:CHEMBL4780530,CHEMBL4780530,Cc1nnc2n1-c1ccc(-c3ccc(N)nc3)cc1N(c1ccc(Cl)cc1)C[C@H]2C,BRDT,warhead,IC50,3.0,3.0,=,8.522878745280337,BD2,explicit,Inhibition of BRDT BD2 (unknown origin) using biotinylated JQ1 analog as substrate measured after 20 mins by AlphaLISA assay,CHEMBL4715706,CHEMBL4780530,,ChEMBL target CHEMBL1795185 (BRDT),measured,ChEMBL supplement
chembl:CHEMBL4850926,CHEMBL4850926,Cc1sc2c(c1C)C(c1ccc(Cl)cc1)=N[C@@H](CC(=O)Nc1ccc(C(=O)NO)cc1)c1nnc(C)n1-2,BRDT,warhead,IC50,11.0,11.0,=,7.958607314841775,BD1,explicit,Inhibition of recombinant BRDT-BD1 (unknown origin) by TR-FRET assay,CHEMBL5096143,CHEMBL4850926,,ChEMBL target CHEMBL1795185 (BRDT),measured,ChEMBL supplement
chembl:CHEMBL4850926,CHEMBL4850926,Cc1sc2c(c1C)C(c1ccc(Cl)cc1)=N[C@@H](CC(=O)Nc1ccc(C(=O)NO)cc1)c1nnc(C)n1-2,BRDT,warhead,IC50,11.0,11.0,=,7.958607314841775,BD2,explicit,Inhibition of recombinant BRDT-BD2 (unknown origin) by TR-FRET assay,CHEMBL5096143,CHEMBL4850926,,ChEMBL target CHEMBL1795185 (BRDT),measured,ChEMBL supplement
chembl:CHEMBL4850926,CHEMBL4850926,Cc1sc2c(c1C)C(c1ccc(Cl)cc1)=N[C@@H](CC(=O)Nc1ccc(C(=O)NO)cc1)c1nnc(C)n1-2,BRDT,warhead,IC50,11.0,11.0,=,7.958607314841775,BD1,explicit,Inhibition of BRDT BD1 (unknown origin) incubated for 30 mins by fluorescence based microtiter plate reader assay,CHEMBL5096163,CHEMBL4850926,,ChEMBL target CHEMBL1795185 (BRDT),measured,ChEMBL supplement
chembl:CHEMBL4850926,CHEMBL4850926,Cc1sc2c(c1C)C(c1ccc(Cl)cc1)=N[C@@H](CC(=O)Nc1ccc(C(=O)NO)cc1)c1nnc(C)n1-2,BRDT,warhead,IC50,11.0,11.0,=,7.958607314841775,BD2,explicit,Inhibition of BRDT BD2 (unknown origin) incubated for 30 mins by fluorescence based microtiter plate reader assay,CHEMBL5096163,CHEMBL4850926,,ChEMBL target CHEMBL1795185 (BRDT),measured,ChEMBL supplement
chembl:CHEMBL4850926,CHEMBL4850926,Cc1sc2c(c1C)C(c1ccc(Cl)cc1)=N[C@@H](CC(=O)Nc1ccc(C(=O)NO)cc1)c1nnc(C)n1-2,BRDT,warhead,IC50,32200.0,32200.0,=,4.492144128304169,BD2,explicit,Inhibition of BRDT BD2 (unknown origin) by TR-FRET assay,CHEMBL5532653,CHEMBL4850926,,ChEMBL target CHEMBL1795185 (BRDT),measured,ChEMBL supplement
chembl:CHEMBL4854042,CHEMBL4854042,CNC(=O)c1cc(C(=O)N[C@H]2CC[C@H](O)CC2)n([C@@H](C)c2ccccc2)n1,BRDT,warhead,IC50,79.43,79.43,=,7.100015437450609,BD2,explicit,Binding affinity to 6His-FLAG-Tev-BRDT (1 to 397 residues) BD2 domain Y309A or Y66A mutant (unknown origin) incubated for 30 mins by TR-FRET assay,CHEMBL4834464,CHEMBL4854042,,ChEMBL target CHEMBL1795185 (BRDT),measured,ChEMBL supplement
chembl:CHEMBL4854042,CHEMBL4854042,CNC(=O)c1cc(C(=O)N[C@H]2CC[C@H](O)CC2)n([C@@H](C)c2ccccc2)n1,BRDT,warhead,IC50,50118.72,50118.72,>,4.300000029139088,BD1,explicit,Binding affinity to 6His-FLAG-Tev-BRDT (1 to 397 residues) BD1 domain (unknown origin) incubated for 30 mins by TR-FRET assay,CHEMBL4834464,CHEMBL4854042,,ChEMBL target CHEMBL1795185 (BRDT),measured,ChEMBL supplement
chembl:CHEMBL4856289,CHEMBL4856289,CCNC(=O)c1ccc(OCc2cccc(C)n2)c(-c2cn(C)nn2)c1,BRDT,warhead,IC50,398.11,398.11,=,6.399996913372259,BD2,explicit,Inhibition of 6His-FLAG-Tev-BRDT (1 to 397 residues) BD2 domain Y309A or Y66A mutant (unknown origin) incubated for 30 mins by TR-FRET assay,CHEMBL4834404,CHEMBL4856289,,ChEMBL target CHEMBL1795185 (BRDT),measured,ChEMBL supplement
chembl:CHEMBL4856289,CHEMBL4856289,CCNC(=O)c1ccc(OCc2cccc(C)n2)c(-c2cn(C)nn2)c1,BRDT,warhead,IC50,50118.72,50118.72,>,4.300000029139088,BD1,explicit,Inhibition of 6His-FLAG-Tev-BRDT (1 to 397 residues) BD1 domain (unknown origin) incubated for 30 mins by TR-FRET assay,CHEMBL4834404,CHEMBL4856289,,ChEMBL target CHEMBL1795185 (BRDT),measured,ChEMBL supplement
chembl:CHEMBL4856853,CHEMBL4856853,CCNC(=O)c1cc(Cc2cccc3[nH]ccc23)nc(-c2cn(C)nn2)c1,BRDT,warhead,IC50,50.12,50.12,=,7.299988937677888,BD2,explicit,Inhibition of 6His-FLAG-Tev-BRDT (1 to 397 residues) BD2 domain Y309A or Y66A mutant (unknown origin) incubated for 30 mins by TR-FRET assay,CHEMBL4834404,CHEMBL4856853,,ChEMBL target CHEMBL1795185 (BRDT),measured,ChEMBL supplement
chembl:CHEMBL4856853,CHEMBL4856853,CCNC(=O)c1cc(Cc2cccc3[nH]ccc23)nc(-c2cn(C)nn2)c1,BRDT,warhead,IC50,25118.86,25118.86,=,4.600000074606178,BD1,explicit,Inhibition of 6His-FLAG-Tev-BRDT (1 to 397 residues) BD1 domain (unknown origin) incubated for 30 mins by TR-FRET assay,CHEMBL4834404,CHEMBL4856853,,ChEMBL target CHEMBL1795185 (BRDT),measured,ChEMBL supplement
chembl:CHEMBL4862372,CHEMBL4862372,CNC(=O)c1cc(C(=O)N[C@H]2C[C@@H]2C)cc(C(O)c2ccccc2)n1,BRDT,warhead,IC50,25118.86,25118.86,=,4.600000074606178,BD1_BD2,pan_unspecified,Displacement of Alexa Fluor 647 labelled ligand from 6His-FLAG-Tev-tagged BRDT BD1/BD2 Y309A (1 to 397 residues) (unknown origin) measured after 30 mins by TR-FRET assay,CHEMBL4808200,CHEMBL4862372,,ChEMBL target CHEMBL1795185 (BRDT),measured,ChEMBL supplement
chembl:CHEMBL4862372,CHEMBL4862372,CNC(=O)c1cc(C(=O)N[C@H]2C[C@@H]2C)cc(C(O)c2ccccc2)n1,BRDT,warhead,IC50,25.12,25.12,=,7.599980364934842,BD1_BD2,pan_unspecified,Displacement of Alexa Fluor 647 labelled ligand from 6His-Thr tagged BRDT BD2/BD1 Y66A mutant (1 to 397 residues) (unknown origin) measured after 30 mins by TR-FRET assay,CHEMBL4808200,CHEMBL4862372,,ChEMBL target CHEMBL1795185 (BRDT),measured,ChEMBL supplement
chembl:CHEMBL4865767,CHEMBL4865767,CNC(=O)c1cc(C(=O)N[C@H]2CC[C@H](O)CC2)c([C@@H](C)c2ccccc2)o1,BRDT,warhead,IC50,25.12,25.12,=,7.599980364934842,BD2,explicit,Binding affinity to 6His-FLAG-Tev-BRDT (1 to 397 residues) BD2 domain Y309A or Y66A mutant (unknown origin) incubated for 30 mins by TR-FRET assay,CHEMBL4834464,CHEMBL4865767,,ChEMBL target CHEMBL1795185 (BRDT),measured,ChEMBL supplement
chembl:CHEMBL4865767,CHEMBL4865767,CNC(=O)c1cc(C(=O)N[C@H]2CC[C@H](O)CC2)c([C@@H](C)c2ccccc2)o1,BRDT,warhead,IC50,39810.72,39810.72,=,4.399999967876858,BD1,explicit,Binding affinity to 6His-FLAG-Tev-BRDT (1 to 397 residues) BD1 domain (unknown origin) incubated for 30 mins by TR-FRET assay,CHEMBL4834464,CHEMBL4865767,,ChEMBL target CHEMBL1795185 (BRDT),measured,ChEMBL supplement
chembl:CHEMBL4869149,CHEMBL4869149,CNC(=O)c1cc(C(=O)N[C@H]2[C@@H]3C[C@@H](O)C[C@@H]32)cc2c1OC[C@@]2(C)c1ccccc1,BRDT,warhead,IC50,1.585,1.585,=,8.79997073344623,BD2,explicit,Inhibition of recombinant human BRDT BD2 (250 to 382 residues) expressed in bacterial expression system by bromoscan assay,CHEMBL4834466,CHEMBL4869149,,ChEMBL target CHEMBL1795185 (BRDT),measured,ChEMBL supplement
chembl:CHEMBL4869149,CHEMBL4869149,CNC(=O)c1cc(C(=O)N[C@H]2[C@@H]3C[C@@H](O)C[C@@H]32)cc2c1OC[C@@]2(C)c1ccccc1,BRDT,warhead,IC50,15848.93,15848.93,=,4.800000052738446,BD1,explicit,Inhibition of recombinant human BRDT BD1 (21 to 137 residues) expressed in bacterial expression system by bromoscan assay,CHEMBL4834466,CHEMBL4869149,,ChEMBL target CHEMBL1795185 (BRDT),measured,ChEMBL supplement
chembl:CHEMBL4869149,CHEMBL4869149,CNC(=O)c1cc(C(=O)N[C@H]2[C@@H]3C[C@@H](O)C[C@@H]32)cc2c1OC[C@@]2(C)c1ccccc1,BRDT,warhead,IC50,19952.62,19952.62,=,4.70000006855703,BD1,explicit,Inhibition of 6His-FLAG-Tev-BRDT (1 to 397 residues) BD1 domain (unknown origin) incubated for 30 mins by TR-FRET assay,CHEMBL4834466,CHEMBL4869149,,ChEMBL target CHEMBL1795185 (BRDT),measured,ChEMBL supplement
chembl:CHEMBL4869149,CHEMBL4869149,CNC(=O)c1cc(C(=O)N[C@H]2[C@@H]3C[C@@H](O)C[C@@H]32)cc2c1OC[C@@]2(C)c1ccccc1,BRDT,warhead,IC50,7.943,7.943,=,8.100015437450608,BD2,explicit,Inhibition of 6His-FLAG-Tev-BRDT (1 to 397 residues) BD2 domain Y309A or Y66A mutant (unknown origin) incubated for 30 mins by TR-FRET assay,CHEMBL4834466,CHEMBL4869149,,ChEMBL target CHEMBL1795185 (BRDT),measured,ChEMBL supplement
chembl:CHEMBL5076336,CHEMBL5076336,O=C(Nc1ccc(C(F)(F)F)cc1)Nc1ccc(S(=O)(=O)N2CCC[C@H]2CN2CCC(O)CC2)cc1,BRDT,warhead,IC50,2217.0,2217.0,=,5.654234306885511,BD1,explicit,Binding affinity BRDT BD1 (unknown origin) incubated for 1 hr by TR-FRET assay,CHEMBL5042517,CHEMBL5076336,,ChEMBL target CHEMBL1795185 (BRDT),measured,ChEMBL supplement
chembl:CHEMBL5076336,CHEMBL5076336,O=C(Nc1ccc(C(F)(F)F)cc1)Nc1ccc(S(=O)(=O)N2CCC[C@H]2CN2CCC(O)CC2)cc1,BRDT,warhead,IC50,1987.0,1987.0,=,5.701802132890185,BD2,explicit,Binding affinity BRDT BD2 (unknown origin) incubated for 1 hr by TR-FRET assay,CHEMBL5042517,CHEMBL5076336,,ChEMBL target CHEMBL1795185 (BRDT),measured,ChEMBL supplement
chembl:CHEMBL5083660,CHEMBL5083660,Cc1cc(C)cc(Oc2cccc(-c3c(C)nnn3C3CCN(CCN(C)C)CC3)n2)c1,BRDT,warhead,Kd,15.0,15.0,=,7.823908740944319,BD1,explicit,Binding affinity to human partial length BRDT BD1 expressed in bacterial expression system assessed as dissociation constant by BROMOscan assay,CHEMBL5036329,CHEMBL5083660,,ChEMBL target CHEMBL1795185 (BRDT),measured,ChEMBL supplement
chembl:CHEMBL5083660,CHEMBL5083660,Cc1cc(C)cc(Oc2cccc(-c3c(C)nnn3C3CCN(CCN(C)C)CC3)n2)c1,BRDT,warhead,Kd,250.0,250.0,=,6.6020599913279625,BD2,explicit,Binding affinity to human partial length BRDT BD2 expressed in bacterial expression system assessed as dissociation constant by BROMOscan assay,CHEMBL5036329,CHEMBL5083660,,ChEMBL target CHEMBL1795185 (BRDT),measured,ChEMBL supplement
chembl:CHEMBL5084388,CHEMBL5084388,CC[C@@H]1C(=O)N(C)c2cnc(N(C)c3ccc(-c4nc5c(C(N)=O)cccc5[nH]4)cc3OC)nc2N1C1CCCC1,BRDT,warhead,IC50,1198.0,1198.0,=,5.921543181946707,BD1,explicit,Inhibition of recombinant BRDT BD1 (unknown origin) incubated for 120 mins by TR-FRET assay,CHEMBL5053549,CHEMBL5084388,,ChEMBL target CHEMBL1795185 (BRDT),measured,ChEMBL supplement
chembl:CHEMBL5084388,CHEMBL5084388,CC[C@@H]1C(=O)N(C)c2cnc(N(C)c3ccc(-c4nc5c(C(N)=O)cccc5[nH]4)cc3OC)nc2N1C1CCCC1,BRDT,warhead,IC50,1401.0,1401.0,=,5.853561864714226,BD2,explicit,Inhibition of recombinant BRDT BD2 (unknown origin) incubated for 120 mins by TR-FRET assay,CHEMBL5053549,CHEMBL5084388,,ChEMBL target CHEMBL1795185 (BRDT),measured,ChEMBL supplement
chembl:CHEMBL5090401,CHEMBL5090401,O=C(Nc1ccc(C(F)(F)F)cc1)Nc1ccc(S(=O)(=O)N2CCC[C@H]2CN2CCOCC2)cc1,BRDT,warhead,IC50,2416.0,2416.0,=,5.616903070050906,BD1,explicit,Binding affinity BRDT BD1 (unknown origin) incubated for 1 hr by TR-FRET assay,CHEMBL5042517,CHEMBL5090401,,ChEMBL target CHEMBL1795185 (BRDT),measured,ChEMBL supplement
chembl:CHEMBL5090401,CHEMBL5090401,O=C(Nc1ccc(C(F)(F)F)cc1)Nc1ccc(S(=O)(=O)N2CCC[C@H]2CN2CCOCC2)cc1,BRDT,warhead,IC50,1902.0,1902.0,=,5.720789487398605,BD2,explicit,Binding affinity BRDT BD2 (unknown origin) incubated for 1 hr by TR-FRET assay,CHEMBL5042517,CHEMBL5090401,,ChEMBL target CHEMBL1795185 (BRDT),measured,ChEMBL supplement
chembl:CHEMBL5091216,CHEMBL5091216,COc1cc(OC)c2c(=O)[nH]c(-c3ccc(OCC(=O)Nc4ccc(N5CCN(C)CC5)c(Cl)c4)cc3)nc2c1,BRDT,warhead,IC50,10000.0,10000.0,>,5.0,BD1,explicit,Inhibition of BRDT BD1 (unknown origin) incubated for 2 hrs by TR-FRET assay,CHEMBL5053557,CHEMBL5091216,,ChEMBL target CHEMBL1795185 (BRDT),measured,ChEMBL supplement
chembl:CHEMBL5091216,CHEMBL5091216,COc1cc(OC)c2c(=O)[nH]c(-c3ccc(OCC(=O)Nc4ccc(N5CCN(C)CC5)c(Cl)c4)cc3)nc2c1,BRDT,warhead,IC50,10000.0,10000.0,>,5.0,BD2,explicit,Inhibition of BRDT BD2 (unknown origin) incubated for 2 hrs by TR-FRET assay,CHEMBL5053557,CHEMBL5091216,,ChEMBL target CHEMBL1795185 (BRDT),measured,ChEMBL supplement
chembl:CHEMBL5195288,CHEMBL5195288,CC(=O)N1c2ccc(C(N)=O)cc2[C@H](Nc2ncc(Cl)cn2)C[C@@H]1C,BRDT,warhead,Kd,25.12,25.12,=,7.599980364934842,BD1,explicit,Binding affinity to BRDT BD1 (unknown origin) assessed as dissociation constant,CHEMBL5154688,CHEMBL5195288,,ChEMBL target CHEMBL1795185 (BRDT),measured,ChEMBL supplement
chembl:CHEMBL5195288,CHEMBL5195288,CC(=O)N1c2ccc(C(N)=O)cc2[C@H](Nc2ncc(Cl)cn2)C[C@@H]1C,BRDT,warhead,Kd,25.12,25.12,=,7.599980364934842,BD2,explicit,Binding affinity to BRDT BD2 (unknown origin) assessed as dissociation constant,CHEMBL5154688,CHEMBL5195288,,ChEMBL target CHEMBL1795185 (BRDT),measured,ChEMBL supplement
chembl:CHEMBL5204783,CHEMBL5204783,Cc1cc(F)cc(C)c1Oc1ccc(C(C)(C)O)cc1-c1cn(C)c(=O)c2cc(-c3cnc(C4CCCCC4)[nH]3)oc12,BRDT,warhead,Kd,3308.0,3308.0,=,5.480434499119491,BD1,explicit,Binding affinity to His6-fused BRDT BD1 (unknown origin) assessed as dissociation constant in PBS incubated for 1 hrs by biolayer interferometry analysis,CHEMBL5154816,CHEMBL5204783,,ChEMBL target CHEMBL1795185 (BRDT),measured,ChEMBL supplement
chembl:CHEMBL5204783,CHEMBL5204783,Cc1cc(F)cc(C)c1Oc1ccc(C(C)(C)O)cc1-c1cn(C)c(=O)c2cc(-c3cnc(C4CCCCC4)[nH]3)oc12,BRDT,warhead,Kd,194.9,194.9,=,6.710188160882378,BD2,explicit,Binding affinity to His6-fused BRDT BD2 (unknown origin) assessed as dissociation constant in PBS incubated for 1 hrs by biolayer interferometry analysis,CHEMBL5154816,CHEMBL5204783,,ChEMBL target CHEMBL1795185 (BRDT),measured,ChEMBL supplement
chembl:CHEMBL5206088,CHEMBL5206088,Cc1cc(F)cc(C)c1Oc1ccc(C(C)(C)O)cc1-c1cn(C)c(=O)c2cc(-c3cnc(C4CCCC4)[nH]3)oc12,BRDT,warhead,IC50,8.09,8.09,=,8.092051478387727,BD2,explicit,Inhibition of N-terminal GST fused his tagged human BRDT BD2 extracted from Escherichia coli BL21 (DE3) cells using biotinylated tetraacetylated Histone H4 peptide SGRG-K(Ac)-GG-K(Ac)-GLG-K(Ac)-GGA-K(Ac)-RHRK-Biotin as substrate incubated for 1 hr by TR-FRET assay,CHEMBL6083288,CHEMBL5206088,,ChEMBL target CHEMBL1795185 (BRDT),measured,ChEMBL supplement
chembl:CHEMBL5206088,CHEMBL5206088,Cc1cc(F)cc(C)c1Oc1ccc(C(C)(C)O)cc1-c1cn(C)c(=O)c2cc(-c3cnc(C4CCCC4)[nH]3)oc12,BRDT,warhead,Kd,3668.0,3668.0,=,5.435570673002017,BD1,explicit,Binding affinity to His6-fused BRDT BD1 (unknown origin) assessed as dissociation constant in PBS incubated for 1 hrs by biolayer interferometry analysis,CHEMBL5154816,CHEMBL5206088,,ChEMBL target CHEMBL1795185 (BRDT),measured,ChEMBL supplement
chembl:CHEMBL5206088,CHEMBL5206088,Cc1cc(F)cc(C)c1Oc1ccc(C(C)(C)O)cc1-c1cn(C)c(=O)c2cc(-c3cnc(C4CCCC4)[nH]3)oc12,BRDT,warhead,Kd,38.8,38.8,=,7.411168274405792,BD2,explicit,Binding affinity to His6-fused BRDT BD2 (unknown origin) assessed as dissociation constant in PBS incubated for 1 hrs by biolayer interferometry analysis,CHEMBL5154816,CHEMBL5206088,,ChEMBL target CHEMBL1795185 (BRDT),measured,ChEMBL supplement
chembl:CHEMBL5393744,CHEMBL5393744,CN1CCC(NC(=O)c2cccc(CN3c4ccccc4C=C4c5c(cccc53)C(=O)N4C)c2)CC1,BRDT,warhead,IC50,527.0,527.0,=,6.278189384787453,BD1,explicit,Inhibition of N-terminal his-tagged human recombinant BRDT BD1 (21 to 383 residues) expressed in Escherichia coli by AlphaScreen assay,CHEMBL5346976,CHEMBL5393744,,ChEMBL target CHEMBL1795185 (BRDT),measured,ChEMBL supplement
chembl:CHEMBL5395771,CHEMBL5395771,Cc1cc(-c2cc3c4c(c2)n(Cc2ccccc2)c(=O)n4CCO3)cn(C)c1=O,BRDT,warhead,IC50,68.0,68.0,=,7.167491087293763,BD1,explicit,"Displacement of Biotin-tagged [Lys(5,8,12,16)Ac]H4(1 to 21) peptide from GST-tagged BRDT-BD1 (unknown origin) incubated for 3 hrs by HTRF based TR-FRET assay",CHEMBL5370578,CHEMBL5395771,,ChEMBL target CHEMBL1795185 (BRDT),measured,ChEMBL supplement
chembl:CHEMBL5405343,CHEMBL5405343,Cc1cc(-c2nc3ccccc3n2C[C@@H]2CCCN(C(=O)C3CCN(C(C)C)CC3)C2)cn(C)c1=O,BRDT,warhead,IC50,50.12,50.12,=,7.299988937677888,BD1,explicit,Inhibition of BRDT BD1 (unknown origin) by TR-FRET assay,CHEMBL5375945,CHEMBL5405343,,ChEMBL target CHEMBL1795185 (BRDT),measured,ChEMBL supplement
chembl:CHEMBL5405343,CHEMBL5405343,Cc1cc(-c2nc3ccccc3n2C[C@@H]2CCCN(C(=O)C3CCN(C(C)C)CC3)C2)cn(C)c1=O,BRDT,warhead,IC50,31622.78,31622.78,=,4.499999953328896,BD2,explicit,Inhibition of BRDT BD2 (unknown origin) by TR-FRET assay,CHEMBL5375945,CHEMBL5405343,,ChEMBL target CHEMBL1795185 (BRDT),measured,ChEMBL supplement
chembl:CHEMBL5405343,CHEMBL5405343,Cc1cc(-c2nc3ccccc3n2C[C@@H]2CCCN(C(=O)C3CCN(C(C)C)CC3)C2)cn(C)c1=O,BRDT,warhead,Kd,7.943,7.943,=,8.100015437450608,BD1,explicit,Inhibition of BRDT BD1 (unknown origin) by BROMOscan assay,CHEMBL5375945,CHEMBL5405343,,ChEMBL target CHEMBL1795185 (BRDT),measured,ChEMBL supplement
chembl:CHEMBL5405343,CHEMBL5405343,Cc1cc(-c2nc3ccccc3n2C[C@@H]2CCCN(C(=O)C3CCN(C(C)C)CC3)C2)cn(C)c1=O,BRDT,warhead,Kd,3162.28,3162.28,=,5.499999678657065,BD2,explicit,Inhibition of BRDT BD2 (unknown origin) by BROMOscan assay,CHEMBL5375945,CHEMBL5405343,,ChEMBL target CHEMBL1795185 (BRDT),measured,ChEMBL supplement
chembl:CHEMBL5405779,CHEMBL5405779,COc1cc2c(cc1-c1c(C)noc1C)[nH]c1ncnc(NCCCCCCC(=O)NO)c12,BRDT,warhead,IC50,221.0,221.0,=,6.655607726314889,BD1,explicit,Inhibition of recombinant BRDT BD1 (unknown origin) incubated for 120 mins by TR-FRET assay,CHEMBL5316308,CHEMBL5405779,,ChEMBL target CHEMBL1795185 (BRDT),measured,ChEMBL supplement
chembl:CHEMBL5422534,CHEMBL5422534,COc1cc2c(cc1-c1c(C)noc1C)[nH]c1nc(C)nc(NCCCCCCC(=O)NO)c12,BRDT,warhead,IC50,1109.0,1109.0,=,5.95506845385084,BD1,explicit,Inhibition of recombinant BRDT BD1 (unknown origin) incubated for 120 mins by TR-FRET assay,CHEMBL5316308,CHEMBL5422534,,ChEMBL target CHEMBL1795185 (BRDT),measured,ChEMBL supplement
chembl:CHEMBL5434556,CHEMBL5434556,CCC(C)n1ccc2c(C(=O)NCc3c(C)cc(C)[nH]c3=O)cc(-c3cn(C)c(=O)c4[nH]ccc34)cc21,BRDT,warhead,IC50,35.0,35.0,=,7.455931955649724,BD1,explicit,Inhibition of BRDT-BD1 (unknown origin) by HTRF analysis,CHEMBL5316343,CHEMBL5434556,,ChEMBL target CHEMBL1795185 (BRDT),measured,ChEMBL supplement
chembl:CHEMBL5437856,CHEMBL5437856,Cc1cc2n3c(c[nH]c(=O)c13)CN(C(=O)c1ccc3ccccc3c1)c1ccc(CS(C)(=O)=O)cc1-2,BRDT,warhead,IC50,87.0,87.0,=,7.060480747381382,BD1,explicit,Inhibition of BRDT BD1 (unknown origin) using biotinylated H4 peptide as substrate preincubated for 15 mins followed by SA-Tb and GST-XL665 addition and measured after 60 mins by HTRF assay,CHEMBL5352482,CHEMBL5437856,,ChEMBL target CHEMBL1795185 (BRDT),measured,ChEMBL supplement
chembl:CHEMBL5437856,CHEMBL5437856,Cc1cc2n3c(c[nH]c(=O)c13)CN(C(=O)c1ccc3ccccc3c1)c1ccc(CS(C)(=O)=O)cc1-2,BRDT,warhead,IC50,43.3,43.3,=,7.363512103646634,BD2,explicit,Inhibition of BRDT BD2 (unknown origin) using biotinylated H4 peptide as substrate preincubated for 15 mins followed by SA-Tb and GST-XL665 addition and measured after 60 mins by HTRF assay,CHEMBL5352482,CHEMBL5437856,,ChEMBL target CHEMBL1795185 (BRDT),measured,ChEMBL supplement
chembl:CHEMBL5440806,CHEMBL5440806,Cc1cc2n3c(c[nH]c(=O)c13)CN(C(=O)c1cccc3ccccc13)c1ccc(CS(C)(=O)=O)cc1-2,BRDT,warhead,IC50,1428.5,1428.5,=,5.845119755281239,BD1,explicit,Inhibition of BRDT BD1 (unknown origin) using biotinylated H4 peptide as substrate preincubated for 15 mins followed by SA-Tb and GST-XL665 addition and measured after 60 mins by HTRF assay,CHEMBL5352482,CHEMBL5440806,,ChEMBL target CHEMBL1795185 (BRDT),measured,ChEMBL supplement
chembl:CHEMBL5440806,CHEMBL5440806,Cc1cc2n3c(c[nH]c(=O)c13)CN(C(=O)c1cccc3ccccc13)c1ccc(CS(C)(=O)=O)cc1-2,BRDT,warhead,IC50,59.3,59.3,=,7.226945306635738,BD2,explicit,Inhibition of BRDT BD2 (unknown origin) using biotinylated H4 peptide as substrate preincubated for 15 mins followed by SA-Tb and GST-XL665 addition and measured after 60 mins by HTRF assay,CHEMBL5352482,CHEMBL5440806,,ChEMBL target CHEMBL1795185 (BRDT),measured,ChEMBL supplement
chembl:CHEMBL5556421,CHEMBL5556421,Cc1sc2c(c1C)C(c1ccc(Cl)cc1)=N[C@@H](CC(=O)NCCCNC(=O)/C=C/c1cccnc1)c1nnc(C)n1-2,BRDT,warhead,IC50,354.0,354.0,=,6.450996737974212,BD1,explicit,Inhibition of BRDT BD1 (unknown origin) incubated for 120 mins by TR-FRET assay,CHEMBL5500370,CHEMBL5556421,,ChEMBL target CHEMBL1795185 (BRDT),measured,ChEMBL supplement
chembl:CHEMBL5570230,CHEMBL5570230,Cc1nn(CC2CC2)c(C)c1-c1cncc(-c2ccnc3nc[nH]c23)c1,BRDT,warhead,IC50,4746.0,4746.0,=,5.323672266118679,BD1,explicit,Inhibition of BRDT BD1 (unknown origin) incubated for 15 mins by HTRF method,CHEMBL5528022,CHEMBL5570230,,ChEMBL target CHEMBL1795185 (BRDT),measured,ChEMBL supplement
chembl:CHEMBL5570230,CHEMBL5570230,Cc1nn(CC2CC2)c(C)c1-c1cncc(-c2ccnc3nc[nH]c23)c1,BRDT,warhead,IC50,3043.0,3043.0,=,5.5166980476418335,BD2,explicit,Inhibition of BRDT BD2 (unknown origin) incubated for 15 mins by HTRF method,CHEMBL5528022,CHEMBL5570230,,ChEMBL target CHEMBL1795185 (BRDT),measured,ChEMBL supplement
chembl:CHEMBL5589873,CHEMBL5589873,CCS(=O)(=O)Nc1cc(-c2cc(NC3CCNCC3)c(=O)n(C)c2)cc2c1ccn2C(C)(c1ccccn1)c1ccccn1,BRDT,warhead,Kd,10.0,10.0,=,8.0,BD1,explicit,Binding affinity to BRDT BD1 (unknown origin) assessed as dissociation constant by BROMOscan analysis,CHEMBL5528036,CHEMBL5589873,,ChEMBL target CHEMBL1795185 (BRDT),measured,ChEMBL supplement
chembl:CHEMBL5589873,CHEMBL5589873,CCS(=O)(=O)Nc1cc(-c2cc(NC3CCNCC3)c(=O)n(C)c2)cc2c1ccn2C(C)(c1ccccn1)c1ccccn1,BRDT,warhead,Kd,3726.0,3726.0,=,5.428757149439776,BD2,explicit,Binding affinity to BRDT BD2 (unknown origin) assessed as dissociation constant by BROMOscan analysis,CHEMBL5528036,CHEMBL5589873,,ChEMBL target CHEMBL1795185 (BRDT),measured,ChEMBL supplement
chembl:CHEMBL5590067,CHEMBL5590067,C[C@@H]1CN(S(C)(=O)=O)CCN1Cc1cc2c(=O)n(C)cc(-c3ccccc3OCC3CC3)c2o1,BRDT,warhead,Kd,2.0,2.0,=,8.698970004336019,BD1,explicit,Binding affinity to BRDT BD1 (unknown origin) assessed as dissociation constant by BROMOscan assay,CHEMBL5576078,CHEMBL5590067,,ChEMBL target CHEMBL1795185 (BRDT),measured,ChEMBL supplement
chembl:CHEMBL5590067,CHEMBL5590067,C[C@@H]1CN(S(C)(=O)=O)CCN1Cc1cc2c(=O)n(C)cc(-c3ccccc3OCC3CC3)c2o1,BRDT,warhead,Kd,680.0,680.0,=,6.167491087293763,BD2,explicit,Binding affinity to BRDT BD2 (unknown origin) assessed as dissociation constant by BROMOscan assay,CHEMBL5576078,CHEMBL5590067,,ChEMBL target CHEMBL1795185 (BRDT),measured,ChEMBL supplement
chembl:CHEMBL5590578,CHEMBL5590578,C[C@@H]1CN(S(C)(=O)=O)CCN1Cc1cc2c(=O)n(C)cc(-c3ccn(C)n3)c2o1,BRDT,warhead,Kd,86.0,86.0,=,7.0655015487564325,BD1,explicit,Binding affinity to BRDT BD1 (unknown origin) assessed as dissociation constant by BROMOscan assay,CHEMBL5576078,CHEMBL5590578,,ChEMBL target CHEMBL1795185 (BRDT),measured,ChEMBL supplement
chembl:CHEMBL5590578,CHEMBL5590578,C[C@@H]1CN(S(C)(=O)=O)CCN1Cc1cc2c(=O)n(C)cc(-c3ccn(C)n3)c2o1,BRDT,warhead,Kd,10000.0,10000.0,=,5.0,BD2,explicit,Binding affinity to BRDT BD2 (unknown origin) assessed as dissociation constant by BROMOscan assay,CHEMBL5576078,CHEMBL5590578,,ChEMBL target CHEMBL1795185 (BRDT),measured,ChEMBL supplement
chembl:CHEMBL5590913,CHEMBL5590913,C[C@@H]1CN(S(C)(=O)=O)CCN1Cc1cc2c(=O)n(C)cc(-c3cccc(CS(C)(=O)=O)c3)c2o1,BRDT,warhead,Kd,3.0,3.0,=,8.522878745280337,BD1,explicit,Binding affinity to BRDT BD1 (unknown origin) assessed as dissociation constant by BROMOscan assay,CHEMBL5576078,CHEMBL5590913,,ChEMBL target CHEMBL1795185 (BRDT),measured,ChEMBL supplement
chembl:CHEMBL5590913,CHEMBL5590913,C[C@@H]1CN(S(C)(=O)=O)CCN1Cc1cc2c(=O)n(C)cc(-c3cccc(CS(C)(=O)=O)c3)c2o1,BRDT,warhead,Kd,2500.0,2500.0,=,5.6020599913279625,BD2,explicit,Binding affinity to BRDT BD2 (unknown origin) assessed as dissociation constant by BROMOscan assay,CHEMBL5576078,CHEMBL5590913,,ChEMBL target CHEMBL1795185 (BRDT),measured,ChEMBL supplement
chembl:CHEMBL6092038,CHEMBL6092038,Cn1cc(-c2ccc3nc(C4CCOCC4)[nH]c3c2Oc2ccccc2)ccc1=O,BRDT,warhead,IC50,22.0,22.0,=,7.657577319177793,BD1,explicit,"Displacement of [Lys(5,8,12,16)Ac]H4(1 to 21)-biotin from BRDT-BD1 (unknown origin) by TR-FRET assay",CHEMBL6071147,CHEMBL6092038,,ChEMBL target CHEMBL1795185 (BRDT),measured,ChEMBL supplement
chembl:CHEMBL6103423,CHEMBL6103423,CCc1nc(COC)c(-c2cc3c(=O)n(C)cc(-c4cc(C(C)(C)O)ccc4Oc4c(C)cc(F)cc4C)c3o2)[nH]1,BRDT,warhead,IC50,183.33,183.33,=,6.736766461560511,BD2,explicit,Inhibition of N-terminal GST fused his tagged human BRDT BD2 extracted from Escherichia coli BL21 (DE3) cells using biotinylated tetraacetylated Histone H4 peptide SGRG-K(Ac)-GG-K(Ac)-GLG-K(Ac)-GGA-K(Ac)-RHRK-Biotin as substrate incubated for 1 hr by TR-FRET assay,CHEMBL6083288,CHEMBL6103423,,ChEMBL target CHEMBL1795185 (BRDT),measured,ChEMBL supplement
chembl:CHEMBL6103423,CHEMBL6103423,CCc1nc(COC)c(-c2cc3c(=O)n(C)cc(-c4cc(C(C)(C)O)ccc4Oc4c(C)cc(F)cc4C)c3o2)[nH]1,BRDT,warhead,Kd,142.0,142.0,=,6.847711655616944,BD2,explicit,Binding affinity to N-terminal GST fused his 6 tagged human BRDT BD2 extracted from Escherichia coli BL21 (DE3) cells assessed as dissociation constant incubated for 1 hr Biolayer interferometry analysis,CHEMBL6083288,CHEMBL6103423,,ChEMBL target CHEMBL1795185 (BRDT),measured,ChEMBL supplement
chembl:CHEMBL6142668,CHEMBL6142668,CCc1nc(C23CC4CC(CC(C4)C2)C3)[nH]c1-c1cc2c(=O)n(C)cc(-c3cc(C(C)(C)O)ccc3Oc3c(C)cc(F)cc3C)c2o1,BRDT,warhead,IC50,20000.0,20000.0,>,4.698970004336019,BD2,explicit,Inhibition of N-terminal GST fused his tagged human BRDT BD2 extracted from Escherichia coli BL21 (DE3) cells using biotinylated tetraacetylated Histone H4 peptide SGRG-K(Ac)-GG-K(Ac)-GLG-K(Ac)-GGA-K(Ac)-RHRK-Biotin as substrate incubated for 1 hr by TR-FRET assay,CHEMBL6083288,CHEMBL6142668,,ChEMBL target CHEMBL1795185 (BRDT),measured,ChEMBL supplement
chembl:CHEMBL6161982,CHEMBL6161982,Cc1nn(C)c(C)c1-c1cc(OCC2COC2)cc(-c2ccnc3nc[nH]c23)c1F,BRDT,warhead,IC50,1330.0,1330.0,=,5.876148359032914,BD1,explicit,Inhibition of BRDT BD1 (unknown origin) incubated for 15 mins in presence of Kac peptide followed by incubation with GST-Tb and SA-d2 working solution for 60 mins by HTRF assay,CHEMBL6115012,CHEMBL6161982,,ChEMBL target CHEMBL1795185 (BRDT),measured,ChEMBL supplement
chembl:CHEMBL6161982,CHEMBL6161982,Cc1nn(C)c(C)c1-c1cc(OCC2COC2)cc(-c2ccnc3nc[nH]c23)c1F,BRDT,warhead,IC50,1825.0,1825.0,=,5.738737131207507,BD2,explicit,Inhibition of BRDT BD2 (unknown origin) incubated for 15 mins in presence of Kac peptide followed by incubation with GST-Tb and SA-d2 working solution for 60 mins by HTRF assay,CHEMBL6115012,CHEMBL6161982,,ChEMBL target CHEMBL1795185 (BRDT),measured,ChEMBL supplement
chembl:CHEMBL6169467,CHEMBL6169467,Cn1cc(-c2nc(N3CCOCC3)c3sc(CN4CCC(C(C)(C)O)CC4)cc3n2)c2cc[nH]c2c1=O,BRDT,warhead,IC50,46.0,46.0,=,7.337242168318426,BD1,explicit,Inhibition of His-tagged BRDT-BD1 (unknown origin) incubated for 30 mins in presence of ATP by Alphascreen assay,CHEMBL6153089,CHEMBL6169467,,ChEMBL target CHEMBL1795185 (BRDT),measured,ChEMBL supplement
chembl:CHEMBL6188825,CHEMBL6188825,CCn1c2c(c(=O)[nH]c1=O)C1C(=C(C)N2)C(=O)OCc2ccccc2OCCCOc2ccccc21,BRDT,warhead,Ki,1100.0,1100.0,=,5.958607314841775,BD1,explicit,Binding affinity to N-terminal hexa histidine-tagged human BRDT BD1 extracted from Escherichia coli BL21 (DE3) cells assessed as inhibition constant incubated for 1 hrs by fluorescence polarization assay,CHEMBL6177957,CHEMBL6188825,,ChEMBL target CHEMBL1795185 (BRDT),measured,ChEMBL supplement
chembl:CHEMBL6188863,CHEMBL6188863,CCn1c2c(c(=O)[nH]c1=O)C1C(=C(C)N2)C(=O)OCc2ccccc2OCCOc2cccc1c2,BRDT,warhead,Ki,3800.0,3800.0,>,5.42021640338319,BD1,explicit,Binding affinity to N-terminal hexa histidine-tagged human BRDT BD1 extracted from Escherichia coli BL21 (DE3) cells assessed as inhibition constant incubated for 1 hrs by fluorescence polarization assay,CHEMBL6177957,CHEMBL6188863,,ChEMBL target CHEMBL1795185 (BRDT),measured,ChEMBL supplement
chembl:CHEMBL6189353,CHEMBL6189353,CCn1c2c(c(=O)[nH]c1=O)C1C(=C(C)N2)C(=O)OCc2ccccc2OCCOc2cc(C)ccc21,BRDT,warhead,Kd,570.0,570.0,=,6.2441251443275085,BD1,explicit,Binding affinity to BRDT BD1 (unknown origin) assessed as dissociation constant by BROMOscan analysis,CHEMBL6177957,CHEMBL6189353,,ChEMBL target CHEMBL1795185 (BRDT),measured,ChEMBL supplement
chembl:CHEMBL6189353,CHEMBL6189353,CCn1c2c(c(=O)[nH]c1=O)C1C(=C(C)N2)C(=O)OCc2ccccc2OCCOc2cc(C)ccc21,BRDT,warhead,Kd,140.0,140.0,=,6.853871964321762,BD2,explicit,Binding affinity to BRDT BD2 (unknown origin) assessed as dissociation constant by BROMOscan analysis,CHEMBL6177957,CHEMBL6189353,,ChEMBL target CHEMBL1795185 (BRDT),measured,ChEMBL supplement
chembl:CHEMBL6189353,CHEMBL6189353,CCn1c2c(c(=O)[nH]c1=O)C1C(=C(C)N2)C(=O)OCc2ccccc2OCCOc2cc(C)ccc21,BRDT,warhead,Ki,860.0,860.0,=,6.065501548756432,BD1,explicit,Binding affinity to N-terminal hexa histidine-tagged human BRDT BD1 extracted from Escherichia coli BL21 (DE3) cells assessed as inhibition constant incubated for 1 hrs by fluorescence polarization assay,CHEMBL6177957,CHEMBL6189353,,ChEMBL target CHEMBL1795185 (BRDT),measured,ChEMBL supplement
chembl:CHEMBL6189458,CHEMBL6189458,CCn1c2c(c(=O)[nH]c1=O)C1C(=C(C)N2)C(=O)OCc2ccccc2OCCOc2ccccc21,BRDT,warhead,Ki,5300.0,5300.0,=,5.275724130399211,BD1,explicit,Binding affinity to N-terminal hexa histidine-tagged human BRDT BD1 extracted from Escherichia coli BL21 (DE3) cells assessed as inhibition constant incubated for 1 hrs by fluorescence polarization assay,CHEMBL6177957,CHEMBL6189458,,ChEMBL target CHEMBL1795185 (BRDT),measured,ChEMBL supplement
chembl:CHEMBL6189662,CHEMBL6189662,CCn1c2c(c(=O)[nH]c1=O)C1C(=C(C)N2)C(=O)NCc2ccccc2OCCCOc2ccccc21,BRDT,warhead,Ki,3800.0,3800.0,>,5.42021640338319,BD1,explicit,Binding affinity to N-terminal hexa histidine-tagged human BRDT BD1 extracted from Escherichia coli BL21 (DE3) cells assessed as inhibition constant incubated for 1 hrs by fluorescence polarization assay,CHEMBL6177957,CHEMBL6189662,,ChEMBL target CHEMBL1795185 (BRDT),measured,ChEMBL supplement
chembl:CHEMBL6190586,CHEMBL6190586,CCn1c2c(c(=O)[nH]c1=O)C1C(=C(C)N2)C(=O)OCc2ccccc2OCCCOc2cc(C)ccc21,BRDT,warhead,Ki,1300.0,1300.0,=,5.886056647693163,BD1,explicit,Binding affinity to N-terminal hexa histidine-tagged human BRDT BD1 extracted from Escherichia coli BL21 (DE3) cells assessed as inhibition constant incubated for 1 hrs by fluorescence polarization assay,CHEMBL6177957,CHEMBL6190586,,ChEMBL target CHEMBL1795185 (BRDT),measured,ChEMBL supplement
chembl:CHEMBL6190603,CHEMBL6190603,CCn1c2c(c(=O)[nH]c1=O)C1C(=C(C)N2)C(=O)OCCCOc2ccccc21,BRDT,warhead,Ki,9200.0,9200.0,=,5.036212172654444,BD1,explicit,Binding affinity to N-terminal hexa histidine-tagged human BRDT BD1 extracted from Escherichia coli BL21 (DE3) cells assessed as inhibition constant incubated for 1 hrs by fluorescence polarization assay,CHEMBL6177957,CHEMBL6190603,,ChEMBL target CHEMBL1795185 (BRDT),measured,ChEMBL supplement
chembl:CHEMBL6190995,CHEMBL6190995,CCn1c2c(c(=O)[nH]c1=O)C1C(=C(C)N2)C(=O)OCc2ccccc2OCCCCOc2ccccc21,BRDT,warhead,Ki,1900.0,1900.0,=,5.721246399047171,BD1,explicit,Binding affinity to N-terminal hexa histidine-tagged human BRDT BD1 extracted from Escherichia coli BL21 (DE3) cells assessed as inhibition constant incubated for 1 hrs by fluorescence polarization assay,CHEMBL6177957,CHEMBL6190995,,ChEMBL target CHEMBL1795185 (BRDT),measured,ChEMBL supplement
chembl:CHEMBL6190997,CHEMBL6190997,CCn1c2c(c(=O)[nH]c1=O)C1C(=C(C)N2)C(=O)OCCCCOc2ccccc21,BRDT,warhead,Ki,11000.0,11000.0,=,4.958607314841775,BD1,explicit,Binding affinity to N-terminal hexa histidine-tagged human BRDT BD1 extracted from Escherichia coli BL21 (DE3) cells assessed as inhibition constant incubated for 1 hrs by fluorescence polarization assay,CHEMBL6177957,CHEMBL6190997,,ChEMBL target CHEMBL1795185 (BRDT),measured,ChEMBL supplement
chembl:CHEMBL6191074,CHEMBL6191074,CCn1c2c(c(=O)[nH]c1=O)C1C(=C(C)N2)C(=O)OCCCCOc2cc(C)ccc21,BRDT,warhead,Ki,1700.0,1700.0,=,5.769551078621726,BD1,explicit,Binding affinity to N-terminal hexa histidine-tagged human BRDT BD1 extracted from Escherichia coli BL21 (DE3) cells assessed as inhibition constant incubated for 1 hrs by fluorescence polarization assay,CHEMBL6177957,CHEMBL6191074,,ChEMBL target CHEMBL1795185 (BRDT),measured,ChEMBL supplement
chembl:CHEMBL6191487,CHEMBL6191487,CCn1c2c(c(=O)[nH]c1=O)C1C(=C(C)N2)C(=O)OCc2ccccc2OCCCOc2cc1ccc2C,BRDT,warhead,Ki,12000.0,12000.0,=,4.920818753952375,BD1,explicit,Binding affinity to N-terminal hexa histidine-tagged human BRDT BD1 extracted from Escherichia coli BL21 (DE3) cells assessed as inhibition constant incubated for 1 hrs by fluorescence polarization assay,CHEMBL6177957,CHEMBL6191487,,ChEMBL target CHEMBL1795185 (BRDT),measured,ChEMBL supplement
chembl:CHEMBL6191620,CHEMBL6191620,CCn1c2c(c(=O)[nH]c1=O)C1C(=C(C)N2)C(=O)OCc2cccc(c2)OCCCOc2cc1ccc2C,BRDT,warhead,Ki,3800.0,3800.0,>,5.42021640338319,BD1,explicit,Binding affinity to N-terminal hexa histidine-tagged human BRDT BD1 extracted from Escherichia coli BL21 (DE3) cells assessed as inhibition constant incubated for 1 hrs by fluorescence polarization assay,CHEMBL6177957,CHEMBL6191620,,ChEMBL target CHEMBL1795185 (BRDT),measured,ChEMBL supplement
chembl:CHEMBL6192372,CHEMBL6192372,CCn1c2c(c(=O)[nH]c1=O)C1C(=C(C)N2)C(=O)OCc2ccccc2OCCOc2cc1ccc2C,BRDT,warhead,Ki,3800.0,3800.0,>,5.42021640338319,BD1,explicit,Binding affinity to N-terminal hexa histidine-tagged human BRDT BD1 extracted from Escherichia coli BL21 (DE3) cells assessed as inhibition constant incubated for 1 hrs by fluorescence polarization assay,CHEMBL6177957,CHEMBL6192372,,ChEMBL target CHEMBL1795185 (BRDT),measured,ChEMBL supplement
chembl:CHEMBL6193594,CHEMBL6193594,CCn1c2c(c(=O)[nH]c1=O)C1C(=C(C)N2)C(=O)OCCCOc2cc(C)ccc21,BRDT,warhead,Ki,8100.0,8100.0,=,5.0915149811213505,BD1,explicit,Binding affinity to N-terminal hexa histidine-tagged human BRDT BD1 extracted from Escherichia coli BL21 (DE3) cells assessed as inhibition constant incubated for 1 hrs by fluorescence polarization assay,CHEMBL6177957,CHEMBL6193594,,ChEMBL target CHEMBL1795185 (BRDT),measured,ChEMBL supplement
